date,actual,predicted,ticker,split,model
2024-05-16,60.98,59.98,VCB,70_30,ARIMA
2024-05-17,60.46,61.0056,VCB,70_30,ARIMA
2024-05-20,60.52,60.4023,VCB,70_30,ARIMA
2024-05-21,60.0,60.4352,VCB,70_30,ARIMA
2024-05-22,59.73,60.0292,VCB,70_30,ARIMA
2024-05-23,59.93,59.771,VCB,70_30,ARIMA
2024-05-24,59.4,59.9581,VCB,70_30,ARIMA
2024-05-27,59.4,59.4225,VCB,70_30,ARIMA
2024-05-28,59.73,59.3784,VCB,70_30,ARIMA
2024-05-29,59.14,59.7621,VCB,70_30,ARIMA
2024-05-30,58.35,59.1444,VCB,70_30,ARIMA
2024-05-31,57.43,58.3082,VCB,70_30,ARIMA
2024-06-03,58.09,57.4715,VCB,70_30,ARIMA
2024-06-04,58.42,58.1894,VCB,70_30,ARIMA
2024-06-05,58.48,58.4761,VCB,70_30,ARIMA
2024-06-06,58.61,58.4107,VCB,70_30,ARIMA
2024-06-07,58.28,58.5452,VCB,70_30,ARIMA
2024-06-10,57.95,58.2877,VCB,70_30,ARIMA
2024-06-11,57.43,57.9515,VCB,70_30,ARIMA
2024-06-12,58.42,57.455,VCB,70_30,ARIMA
2024-06-13,58.22,58.4719,VCB,70_30,ARIMA
2024-06-14,57.63,58.2381,VCB,70_30,ARIMA
2024-06-17,57.36,57.5468,VCB,70_30,ARIMA
2024-06-18,57.36,57.3511,VCB,70_30,ARIMA
2024-06-19,57.03,57.4458,VCB,70_30,ARIMA
2024-06-20,56.64,57.0491,VCB,70_30,ARIMA
2024-06-21,56.64,56.6252,VCB,70_30,ARIMA
2024-06-24,56.31,56.6625,VCB,70_30,ARIMA
2024-06-25,56.31,56.3411,VCB,70_30,ARIMA
2024-06-26,56.11,56.3091,VCB,70_30,ARIMA
2024-06-27,56.11,56.1205,VCB,70_30,ARIMA
2024-06-28,56.11,56.1172,VCB,70_30,ARIMA
2024-07-01,56.7,56.1145,VCB,70_30,ARIMA
2024-07-02,58.09,56.7085,VCB,70_30,ARIMA
2024-07-03,58.28,58.0902,VCB,70_30,ARIMA
2024-07-04,57.95,58.2162,VCB,70_30,ARIMA
2024-07-05,57.95,57.8278,VCB,70_30,ARIMA
2024-07-08,57.43,57.9415,VCB,70_30,ARIMA
2024-07-09,58.02,57.492,VCB,70_30,ARIMA
2024-07-10,58.35,58.0452,VCB,70_30,ARIMA
2024-07-11,58.02,58.374,VCB,70_30,ARIMA
2024-07-12,57.69,57.973,VCB,70_30,ARIMA
2024-07-15,57.63,57.6401,VCB,70_30,ARIMA
2024-07-16,57.89,57.6753,VCB,70_30,ARIMA
2024-07-17,57.95,57.9352,VCB,70_30,ARIMA
2024-07-18,57.95,57.9447,VCB,70_30,ARIMA
2024-07-19,57.63,57.9185,VCB,70_30,ARIMA
2024-07-22,57.76,57.6161,VCB,70_30,ARIMA
2024-07-23,57.63,57.7745,VCB,70_30,ARIMA
2024-07-24,57.63,57.6535,VCB,70_30,ARIMA
2024-07-25,57.49,57.6263,VCB,70_30,ARIMA
2024-07-26,57.49,57.4859,VCB,70_30,ARIMA
2024-07-29,57.49,57.4984,VCB,70_30,ARIMA
2024-07-30,57.63,57.4965,VCB,70_30,ARIMA
2024-07-31,58.74,57.6335,VCB,70_30,ARIMA
2024-08-01,59.73,58.7456,VCB,70_30,ARIMA
2024-08-02,58.42,59.7148,VCB,70_30,ARIMA
2024-08-05,57.23,58.2996,VCB,70_30,ARIMA
2024-08-06,57.49,57.1495,VCB,70_30,ARIMA
2024-08-07,57.76,57.6443,VCB,70_30,ARIMA
2024-08-08,57.49,57.9037,VCB,70_30,ARIMA
2024-08-09,57.76,57.4325,VCB,70_30,ARIMA
2024-08-12,57.82,57.7055,VCB,70_30,ARIMA
2024-08-13,58.94,57.8414,VCB,70_30,ARIMA
2024-08-14,57.95,58.9437,VCB,70_30,ARIMA
2024-08-15,57.69,57.9003,VCB,70_30,ARIMA
2024-08-16,58.02,57.6258,VCB,70_30,ARIMA
2024-08-19,58.48,58.095,VCB,70_30,ARIMA
2024-08-20,59.8,58.547,VCB,70_30,ARIMA
2024-08-21,61.12,59.7497,VCB,70_30,ARIMA
2024-08-22,60.85,61.0643,VCB,70_30,ARIMA
2024-08-23,60.85,60.7198,VCB,70_30,ARIMA
2024-08-26,60.59,60.7475,VCB,70_30,ARIMA
2024-08-27,60.26,60.632,VCB,70_30,ARIMA
2024-08-28,60.0,60.3066,VCB,70_30,ARIMA
2024-08-29,60.26,60.0148,VCB,70_30,ARIMA
2024-08-30,60.39,60.2988,VCB,70_30,ARIMA
2024-09-04,59.93,60.4042,VCB,70_30,ARIMA
2024-09-05,59.34,59.8938,VCB,70_30,ARIMA
2024-09-06,59.4,59.3182,VCB,70_30,ARIMA
2024-09-09,59.4,59.4555,VCB,70_30,ARIMA
2024-09-10,58.61,59.4564,VCB,70_30,ARIMA
2024-09-11,58.22,58.5874,VCB,70_30,ARIMA
2024-09-12,58.94,58.2103,VCB,70_30,ARIMA
2024-09-13,59.21,59.0226,VCB,70_30,ARIMA
2024-09-16,58.55,59.2403,VCB,70_30,ARIMA
2024-09-17,59.6,58.4585,VCB,70_30,ARIMA
2024-09-18,59.93,59.5861,VCB,70_30,ARIMA
2024-09-19,60.26,59.9806,VCB,70_30,ARIMA
2024-09-20,59.67,60.1929,VCB,70_30,ARIMA
2024-09-23,59.86,59.5963,VCB,70_30,ARIMA
2024-09-24,60.06,59.8762,VCB,70_30,ARIMA
2024-09-25,61.12,60.1106,VCB,70_30,ARIMA
2024-09-26,60.92,61.1324,VCB,70_30,ARIMA
2024-09-27,60.92,60.8592,VCB,70_30,ARIMA
2024-09-30,60.59,60.8439,VCB,70_30,ARIMA
2024-10-01,60.59,60.5953,VCB,70_30,ARIMA
2024-10-02,61.05,60.6308,VCB,70_30,ARIMA
2024-10-03,60.98,61.0764,VCB,70_30,ARIMA
2024-10-04,60.79,60.9731,VCB,70_30,ARIMA
2024-10-07,60.59,60.7423,VCB,70_30,ARIMA
2024-10-08,60.26,60.5916,VCB,70_30,ARIMA
2024-10-09,59.93,60.2896,VCB,70_30,ARIMA
2024-10-10,60.52,59.9482,VCB,70_30,ARIMA
2024-10-11,60.26,60.558,VCB,70_30,ARIMA
2024-10-14,60.19,60.2679,VCB,70_30,ARIMA
2024-10-15,60.19,60.1416,VCB,70_30,ARIMA
2024-10-16,60.26,60.1952,VCB,70_30,ARIMA
2024-10-17,60.72,60.2874,VCB,70_30,ARIMA
2024-10-18,60.85,60.7176,VCB,70_30,ARIMA
2024-10-21,60.59,60.8343,VCB,70_30,ARIMA
2024-10-22,60.19,60.5464,VCB,70_30,ARIMA
2024-10-23,60.26,60.1765,VCB,70_30,ARIMA
2024-10-24,60.39,60.3028,VCB,70_30,ARIMA
2024-10-25,60.46,60.4291,VCB,70_30,ARIMA
2024-10-28,60.59,60.4493,VCB,70_30,ARIMA
2024-10-29,60.59,60.5669,VCB,70_30,ARIMA
2024-10-30,60.39,60.5822,VCB,70_30,ARIMA
2024-10-31,61.64,60.3801,VCB,70_30,ARIMA
2024-11-01,61.58,61.6617,VCB,70_30,ARIMA
2024-11-04,60.92,61.5722,VCB,70_30,ARIMA
2024-11-05,60.98,60.816,VCB,70_30,ARIMA
2024-11-06,61.18,60.9796,VCB,70_30,ARIMA
2024-11-07,61.38,61.2722,VCB,70_30,ARIMA
2024-11-08,60.72,61.3791,VCB,70_30,ARIMA
2024-11-11,60.59,60.67,VCB,70_30,ARIMA
2024-11-12,60.52,60.5874,VCB,70_30,ARIMA
2024-11-13,60.92,60.5782,VCB,70_30,ARIMA
2024-11-14,60.59,60.9505,VCB,70_30,ARIMA
2024-11-15,60.39,60.5631,VCB,70_30,ARIMA
2024-11-18,59.93,60.36,VCB,70_30,ARIMA
2024-11-19,59.27,59.9484,VCB,70_30,ARIMA
2024-11-20,59.47,59.3033,VCB,70_30,ARIMA
2024-11-21,59.6,59.5161,VCB,70_30,ARIMA
2024-11-22,59.67,59.6483,VCB,70_30,ARIMA
2024-11-25,60.13,59.6449,VCB,70_30,ARIMA
2024-11-26,60.85,60.1016,VCB,70_30,ARIMA
2024-11-27,61.05,60.8486,VCB,70_30,ARIMA
2024-11-28,60.98,61.0033,VCB,70_30,ARIMA
2024-11-29,61.44,60.9146,VCB,70_30,ARIMA
2024-12-02,62.04,61.4387,VCB,70_30,ARIMA
2024-12-03,61.25,62.064,VCB,70_30,ARIMA
2024-12-04,61.58,61.1958,VCB,70_30,ARIMA
2024-12-05,61.91,61.5488,VCB,70_30,ARIMA
2024-12-06,62.04,61.9759,VCB,70_30,ARIMA
2024-12-09,62.76,62.0344,VCB,70_30,ARIMA
2024-12-10,62.24,62.7136,VCB,70_30,ARIMA
2024-12-11,61.44,62.2131,VCB,70_30,ARIMA
2024-12-12,61.58,61.3939,VCB,70_30,ARIMA
2024-12-13,61.31,61.6371,VCB,70_30,ARIMA
2024-12-16,61.31,61.3933,VCB,70_30,ARIMA
2024-12-17,61.25,61.299,VCB,70_30,ARIMA
2024-12-18,61.31,61.2438,VCB,70_30,ARIMA
2024-12-19,60.85,61.3197,VCB,70_30,ARIMA
2024-12-20,60.92,60.8387,VCB,70_30,ARIMA
2024-12-23,60.85,60.9278,VCB,70_30,ARIMA
2024-12-24,60.65,60.8805,VCB,70_30,ARIMA
2024-12-25,60.85,60.6507,VCB,70_30,ARIMA
2024-12-26,60.65,60.8479,VCB,70_30,ARIMA
2024-12-27,60.72,60.661,VCB,70_30,ARIMA
2024-12-30,60.59,60.7104,VCB,70_30,ARIMA
2024-12-31,60.06,60.5936,VCB,70_30,ARIMA
2025-01-02,60.52,60.0591,VCB,70_30,ARIMA
2025-01-03,60.59,60.5414,VCB,70_30,ARIMA
2025-01-06,61.18,60.6246,VCB,70_30,ARIMA
2025-01-07,60.79,61.1529,VCB,70_30,ARIMA
2025-01-08,60.85,60.744,VCB,70_30,ARIMA
2025-01-09,60.52,60.8274,VCB,70_30,ARIMA
2025-01-10,60.19,60.54,VCB,70_30,ARIMA
2025-01-13,60.52,60.2115,VCB,70_30,ARIMA
2025-01-14,60.39,60.5446,VCB,70_30,ARIMA
2025-01-15,60.19,60.4123,VCB,70_30,ARIMA
2025-01-16,61.05,60.1586,VCB,70_30,ARIMA
2025-01-17,60.92,61.0611,VCB,70_30,ARIMA
2025-01-20,60.39,60.9256,VCB,70_30,ARIMA
2025-01-21,60.19,60.319,VCB,70_30,ARIMA
2025-01-22,60.06,60.1933,VCB,70_30,ARIMA
2025-01-23,60.92,60.1319,VCB,70_30,ARIMA
2025-01-24,60.98,60.952,VCB,70_30,ARIMA
2025-02-03,60.33,60.9561,VCB,70_30,ARIMA
2025-02-04,60.59,60.2491,VCB,70_30,ARIMA
2025-02-05,60.98,60.5894,VCB,70_30,ARIMA
2025-02-06,61.18,61.0549,VCB,70_30,ARIMA
2025-02-07,61.25,61.1626,VCB,70_30,ARIMA
2025-02-10,60.72,61.1918,VCB,70_30,ARIMA
2025-02-11,60.52,60.6998,VCB,70_30,ARIMA
2025-02-12,60.26,60.5354,VCB,70_30,ARIMA
2025-02-13,60.33,60.3083,VCB,70_30,ARIMA
2025-02-14,60.33,60.3618,VCB,70_30,ARIMA
2025-02-17,60.33,60.3339,VCB,70_30,ARIMA
2025-02-18,60.33,60.3215,VCB,70_30,ARIMA
2025-02-19,60.39,60.3208,VCB,70_30,ARIMA
2025-02-20,60.39,60.393,VCB,70_30,ARIMA
2025-02-21,61.31,60.3885,VCB,70_30,ARIMA
2025-02-24,61.58,61.3168,VCB,70_30,ARIMA
2025-02-25,60.98,61.5599,VCB,70_30,ARIMA
2025-02-26,60.79,60.8963,VCB,70_30,ARIMA
2025-02-27,61.91,60.7703,VCB,70_30,ARIMA
2025-02-28,61.44,62.0017,VCB,70_30,ARIMA
2025-03-03,61.44,61.4349,VCB,70_30,ARIMA
2025-03-04,61.25,61.35,VCB,70_30,ARIMA
2025-03-05,61.25,61.265,VCB,70_30,ARIMA
2025-03-06,61.58,61.2955,VCB,70_30,ARIMA
2025-03-07,62.63,61.5835,VCB,70_30,ARIMA
2025-03-10,63.75,62.6362,VCB,70_30,ARIMA
2025-03-11,63.75,63.7067,VCB,70_30,ARIMA
2025-03-12,65.67,63.6362,VCB,70_30,ARIMA
2025-03-13,64.49,65.6126,VCB,70_30,ARIMA
2025-03-14,64.98,64.4519,VCB,70_30,ARIMA
2025-03-17,66.26,64.8996,VCB,70_30,ARIMA
2025-03-18,65.77,66.3246,VCB,70_30,ARIMA
2025-03-19,65.47,65.7809,VCB,70_30,ARIMA
2025-03-20,65.77,65.3421,VCB,70_30,ARIMA
2025-03-21,64.98,65.8144,VCB,70_30,ARIMA
2025-03-24,65.47,65.0338,VCB,70_30,ARIMA
2025-03-25,65.18,65.4609,VCB,70_30,ARIMA
2025-03-26,64.78,65.2073,VCB,70_30,ARIMA
2025-03-27,64.49,64.7706,VCB,70_30,ARIMA
2025-03-28,63.8,64.4844,VCB,70_30,ARIMA
2025-03-31,63.01,63.8491,VCB,70_30,ARIMA
2025-04-01,63.5,63.0343,VCB,70_30,ARIMA
2025-04-02,63.8,63.5628,VCB,70_30,ARIMA
2025-04-03,59.37,63.8471,VCB,70_30,ARIMA
2025-04-04,59.07,59.2774,VCB,70_30,ARIMA
2025-04-08,54.94,59.1347,VCB,70_30,ARIMA
2025-04-09,51.69,55.2072,VCB,70_30,ARIMA
2025-04-10,55.23,51.6774,VCB,70_30,ARIMA
2025-04-11,58.88,55.3749,VCB,70_30,ARIMA
2025-04-14,58.38,59.2155,VCB,70_30,ARIMA
2025-04-15,59.07,58.0323,VCB,70_30,ARIMA
2025-04-16,58.38,58.7286,VCB,70_30,ARIMA
2025-04-17,57.2,58.2857,VCB,70_30,ARIMA
2025-04-18,57.2,57.2108,VCB,70_30,ARIMA
2025-04-21,57.3,57.2486,VCB,70_30,ARIMA
2025-04-22,57.6,57.4065,VCB,70_30,ARIMA
2025-04-23,57.1,57.6466,VCB,70_30,ARIMA
2025-04-24,57.3,57.0587,VCB,70_30,ARIMA
2025-04-25,56.61,57.3012,VCB,70_30,ARIMA
2025-04-28,56.61,56.6037,VCB,70_30,ARIMA
2025-04-29,56.42,56.6461,VCB,70_30,ARIMA
2025-05-05,56.22,56.4427,VCB,70_30,ARIMA
2025-05-06,56.12,56.2519,VCB,70_30,ARIMA
2025-05-07,56.12,56.1288,VCB,70_30,ARIMA
2025-05-08,56.22,56.143,VCB,70_30,ARIMA
2025-05-09,55.73,56.2347,VCB,70_30,ARIMA
2025-05-12,55.73,55.7163,VCB,70_30,ARIMA
2025-05-13,55.92,55.7403,VCB,70_30,ARIMA
2025-05-14,57.79,55.9494,VCB,70_30,ARIMA
2025-05-15,57.79,57.8517,VCB,70_30,ARIMA
2025-05-16,56.61,57.7082,VCB,70_30,ARIMA
2025-05-19,56.12,56.4605,VCB,70_30,ARIMA
2025-05-20,56.22,56.0779,VCB,70_30,ARIMA
2025-05-21,56.22,56.3322,VCB,70_30,ARIMA
2025-05-22,56.02,56.2933,VCB,70_30,ARIMA
2025-05-23,55.92,56.0163,VCB,70_30,ARIMA
2025-05-26,56.12,55.9159,VCB,70_30,ARIMA
2025-05-27,55.92,56.142,VCB,70_30,ARIMA
2025-05-28,55.92,55.9213,VCB,70_30,ARIMA
2025-05-29,55.82,55.9174,VCB,70_30,ARIMA
2025-05-30,55.53,55.8205,VCB,70_30,ARIMA
2025-06-02,55.33,55.5363,VCB,70_30,ARIMA
2025-06-03,55.92,55.3398,VCB,70_30,ARIMA
2025-06-04,55.73,55.9643,VCB,70_30,ARIMA
2025-06-05,55.43,55.7253,VCB,70_30,ARIMA
2025-06-06,55.23,55.3991,VCB,70_30,ARIMA
2025-06-09,55.04,55.2223,VCB,70_30,ARIMA
2025-06-10,55.04,55.0744,VCB,70_30,ARIMA
2025-06-11,54.84,55.0693,VCB,70_30,ARIMA
2025-06-12,55.14,54.8511,VCB,70_30,ARIMA
2025-06-13,55.33,55.1608,VCB,70_30,ARIMA
2025-06-16,55.73,55.3336,VCB,70_30,ARIMA
2025-06-17,56.32,55.723,VCB,70_30,ARIMA
2025-06-18,55.82,56.2949,VCB,70_30,ARIMA
2025-06-19,55.73,55.756,VCB,70_30,ARIMA
2025-06-20,56.22,55.6971,VCB,70_30,ARIMA
2025-06-23,55.73,56.2466,VCB,70_30,ARIMA
2025-06-24,55.73,55.7301,VCB,70_30,ARIMA
2025-06-25,55.73,55.7182,VCB,70_30,ARIMA
2025-06-26,55.53,55.7385,VCB,70_30,ARIMA
2025-06-27,55.82,55.5496,VCB,70_30,ARIMA
2025-06-30,56.12,55.83,VCB,70_30,ARIMA
2025-07-01,57.3,56.1284,VCB,70_30,ARIMA
2025-07-02,57.1,57.31,VCB,70_30,ARIMA
2025-07-03,57.01,57.0183,VCB,70_30,ARIMA
2025-07-04,57.5,56.9356,VCB,70_30,ARIMA
2025-07-07,57.7,57.4833,VCB,70_30,ARIMA
2025-07-08,58.09,57.7119,VCB,70_30,ARIMA
2025-07-09,60.55,58.065,VCB,70_30,ARIMA
2025-07-10,60.45,60.5698,VCB,70_30,ARIMA
2025-07-11,61.73,60.3296,VCB,70_30,ARIMA
2025-07-14,61.44,61.6139,VCB,70_30,ARIMA
2025-07-15,60.45,61.3017,VCB,70_30,ARIMA
2025-07-16,60.85,60.3921,VCB,70_30,ARIMA
2025-07-17,61.24,60.8551,VCB,70_30,ARIMA
2025-07-18,60.94,61.3202,VCB,70_30,ARIMA
2025-07-21,60.35,60.9342,VCB,70_30,ARIMA
2025-07-22,61.24,60.2949,VCB,70_30,ARIMA
2025-07-23,61.14,61.2891,VCB,70_30,ARIMA
2025-07-24,61.14,61.155,VCB,70_30,ARIMA
2025-07-25,61.04,61.1147,VCB,70_30,ARIMA
2025-07-28,61.83,61.0004,VCB,70_30,ARIMA
2025-07-29,60.06,61.8665,VCB,70_30,ARIMA
2025-07-30,59.96,59.9951,VCB,70_30,ARIMA
2025-07-31,59.27,59.9805,VCB,70_30,ARIMA
2025-08-01,59.27,59.3262,VCB,70_30,ARIMA
2025-08-04,60.16,59.376,VCB,70_30,ARIMA
2025-08-05,60.55,60.2088,VCB,70_30,ARIMA
2025-08-06,61.34,60.556,VCB,70_30,ARIMA
2025-08-07,60.75,61.2892,VCB,70_30,ARIMA
2025-08-08,60.94,60.6489,VCB,70_30,ARIMA
2025-08-11,61.53,60.9102,VCB,70_30,ARIMA
2025-08-12,62.03,61.5419,VCB,70_30,ARIMA
2025-08-13,61.53,62.0425,VCB,70_30,ARIMA
2025-08-14,64.19,61.4538,VCB,70_30,ARIMA
2025-08-15,63.31,64.2149,VCB,70_30,ARIMA
2025-08-18,63.5,63.2183,VCB,70_30,ARIMA
2025-08-19,63.21,63.4043,VCB,70_30,ARIMA
2025-08-20,62.03,63.1379,VCB,70_30,ARIMA
2025-08-21,63.21,62.0651,VCB,70_30,ARIMA
2025-08-22,63.6,63.266,VCB,70_30,ARIMA
2025-08-25,62.62,63.6498,VCB,70_30,ARIMA
2025-08-26,63.6,62.5757,VCB,70_30,ARIMA
2025-08-27,68.03,63.5611,VCB,70_30,ARIMA
2025-08-28,67.93,68.1264,VCB,70_30,ARIMA
2025-08-29,67.54,67.7453,VCB,70_30,ARIMA
2025-09-03,65.97,67.268,VCB,70_30,ARIMA
2025-09-04,67.84,65.7794,VCB,70_30,ARIMA
2025-09-05,66.46,67.9916,VCB,70_30,ARIMA
2025-09-08,64.29,66.4722,VCB,70_30,ARIMA
2025-09-09,63.9,64.2566,VCB,70_30,ARIMA
2025-09-10,64.78,64.006,VCB,70_30,ARIMA
2025-09-11,64.69,64.9678,VCB,70_30,ARIMA
2025-09-12,64.78,64.7342,VCB,70_30,ARIMA
2025-09-15,64.78,64.7546,VCB,70_30,ARIMA
2025-09-16,64.59,64.7583,VCB,70_30,ARIMA
2025-09-17,63.8,64.5812,VCB,70_30,ARIMA
2025-09-18,62.91,63.7916,VCB,70_30,ARIMA
2025-09-19,62.03,62.9375,VCB,70_30,ARIMA
2025-09-22,61.04,62.0989,VCB,70_30,ARIMA
2025-09-23,61.24,61.1257,VCB,70_30,ARIMA
2025-09-24,61.73,61.3604,VCB,70_30,ARIMA
2025-09-25,62.03,61.8136,VCB,70_30,ARIMA
2025-09-26,62.03,62.0358,VCB,70_30,ARIMA
2025-09-29,61.63,61.9892,VCB,70_30,ARIMA
2025-09-30,61.04,61.5906,VCB,70_30,ARIMA
2025-10-01,61.44,61.0339,VCB,70_30,ARIMA
2025-10-02,61.14,61.4946,VCB,70_30,ARIMA
2025-10-03,61.19,61.1601,VCB,70_30,ARIMA
2025-10-06,63.47,61.1999,VCB,70_30,ARIMA
2025-10-07,63.17,63.5236,VCB,70_30,ARIMA
2025-10-08,64.06,63.0692,VCB,70_30,ARIMA
2025-10-09,63.27,63.9673,VCB,70_30,ARIMA
2025-10-10,63.67,63.1669,VCB,70_30,ARIMA
2025-10-13,62.58,63.659,VCB,70_30,ARIMA
2025-10-14,62.58,62.5665,VCB,70_30,ARIMA
2025-10-15,61.98,62.6161,VCB,70_30,ARIMA
2025-10-16,62.38,62.0265,VCB,70_30,ARIMA
2025-10-17,61.39,62.437,VCB,70_30,ARIMA
2025-10-20,58.91,61.4014,VCB,70_30,ARIMA
2025-10-21,58.81,58.8908,VCB,70_30,ARIMA
2025-10-22,59.11,58.9518,VCB,70_30,ARIMA
2025-10-23,59.3,59.2831,VCB,70_30,ARIMA
2025-10-24,59.01,59.3674,VCB,70_30,ARIMA
2025-10-27,58.71,58.9942,VCB,70_30,ARIMA
2025-10-28,59.5,58.6973,VCB,70_30,ARIMA
2025-10-29,60.2,59.5384,VCB,70_30,ARIMA
2025-10-30,60.1,60.2068,VCB,70_30,ARIMA
2025-10-31,59.11,60.0342,VCB,70_30,ARIMA
2025-11-03,58.81,59.0352,VCB,70_30,ARIMA
2025-11-04,59.6,58.8292,VCB,70_30,ARIMA
2025-11-05,60.3,59.686,VCB,70_30,ARIMA
2025-11-06,59.8,60.3239,VCB,70_30,ARIMA
2025-11-07,58.81,59.7241,VCB,70_30,ARIMA
2025-11-10,58.31,58.7508,VCB,70_30,ARIMA
2025-11-11,58.41,58.3524,VCB,70_30,ARIMA
2025-11-12,59.01,58.5022,VCB,70_30,ARIMA
2025-11-13,59.3,59.0728,VCB,70_30,ARIMA
2025-11-14,59.5,59.2882,VCB,70_30,ARIMA
2025-11-17,59.7,59.4549,VCB,70_30,ARIMA
2025-11-18,59.4,59.6644,VCB,70_30,ARIMA
2025-11-19,58.91,59.365,VCB,70_30,ARIMA
2025-11-20,58.91,58.8943,VCB,70_30,ARIMA
2025-11-21,58.51,58.9434,VCB,70_30,ARIMA
2025-11-24,58.31,58.537,VCB,70_30,ARIMA
2025-11-25,57.72,58.3348,VCB,70_30,ARIMA
2025-11-26,57.62,57.7394,VCB,70_30,ARIMA
2025-11-27,57.42,57.6638,VCB,70_30,ARIMA
2025-11-28,56.92,57.4599,VCB,70_30,ARIMA
2025-12-01,57.02,56.9369,VCB,70_30,ARIMA
2025-12-02,57.12,57.0581,VCB,70_30,ARIMA
2025-12-03,58.41,57.1524,VCB,70_30,ARIMA
2025-12-04,58.41,58.4421,VCB,70_30,ARIMA
2025-12-05,57.82,58.3489,VCB,70_30,ARIMA
2025-12-08,57.42,57.727,VCB,70_30,ARIMA
2025-12-09,57.52,57.4044,VCB,70_30,ARIMA
2025-12-10,57.72,57.5728,VCB,70_30,ARIMA
2025-12-11,57.12,57.7586,VCB,70_30,ARIMA
2025-12-12,56.33,57.1017,VCB,70_30,ARIMA
2025-12-15,56.33,56.3228,VCB,70_30,ARIMA
2025-12-16,56.43,56.3948,VCB,70_30,ARIMA
2025-12-17,56.23,56.4934,VCB,70_30,ARIMA
2025-12-18,56.33,56.2396,VCB,70_30,ARIMA
2025-12-19,57.02,56.3356,VCB,70_30,ARIMA
2025-12-22,57.32,57.0418,VCB,70_30,ARIMA
2025-12-23,56.73,57.2962,VCB,70_30,ARIMA
2025-12-24,56.53,56.6598,VCB,70_30,ARIMA
2025-12-25,56.63,56.5169,VCB,70_30,ARIMA
2025-12-26,56.63,56.6684,VCB,70_30,ARIMA
2025-12-29,56.63,56.6506,VCB,70_30,ARIMA
2025-12-30,56.82,56.6295,VCB,70_30,ARIMA
2025-12-31,57.02,56.8226,VCB,70_30,ARIMA
2026-01-05,56.63,57.0164,VCB,70_30,ARIMA
2026-01-06,56.82,56.6007,VCB,70_30,ARIMA
2026-01-07,59.11,56.8252,VCB,70_30,ARIMA
2026-01-08,63.17,59.1755,VCB,70_30,ARIMA
2026-01-09,67.44,63.2064,VCB,70_30,ARIMA
2026-01-12,72.1,67.3895,VCB,70_30,ARIMA
2026-01-13,73.39,72.1484,VCB,70_30,ARIMA
2026-01-14,75.37,73.2143,VCB,70_30,ARIMA
2026-01-15,71.3,75.3861,VCB,70_30,ARIMA
2026-01-16,72.39,70.7836,VCB,70_30,ARIMA
2026-01-19,72.1,72.3299,VCB,70_30,ARIMA
2026-01-20,72.89,72.2528,VCB,70_30,ARIMA
2026-01-21,72.2,72.9365,VCB,70_30,ARIMA
2026-01-22,70.41,72.1786,VCB,70_30,ARIMA
2026-01-23,68.03,70.2529,VCB,70_30,ARIMA
2026-01-26,69.02,67.8841,VCB,70_30,ARIMA
2026-01-27,70.01,69.1955,VCB,70_30,ARIMA
2026-01-28,69.02,70.2369,VCB,70_30,ARIMA
2026-01-29,69.22,68.9174,VCB,70_30,ARIMA
2026-01-30,69.91,69.1693,VCB,70_30,ARIMA
2026-02-02,70.91,69.9989,VCB,70_30,ARIMA
2026-02-03,71.2,70.9751,VCB,70_30,ARIMA
2026-02-04,70.21,71.1779,VCB,70_30,ARIMA
2026-02-05,67.83,70.0785,VCB,70_30,ARIMA
2026-02-06,64.56,67.6369,VCB,70_30,ARIMA
2026-02-09,64.46,64.3606,VCB,70_30,ARIMA
2026-02-10,62.58,64.6105,VCB,70_30,ARIMA
2026-02-11,64.16,62.6401,VCB,70_30,ARIMA
2026-02-12,63.67,64.3307,VCB,70_30,ARIMA
2026-02-13,63.87,63.7602,VCB,70_30,ARIMA
2026-02-23,65.85,63.8124,VCB,70_30,ARIMA
2026-02-24,64.46,66.0012,VCB,70_30,ARIMA
2026-02-25,64.56,64.3722,VCB,70_30,ARIMA
2026-02-26,64.86,64.4461,VCB,70_30,ARIMA
2026-02-27,64.36,64.9178,VCB,70_30,ARIMA
2026-03-02,62.38,64.3527,VCB,70_30,ARIMA
2026-03-03,61.09,62.2222,VCB,70_30,ARIMA
2026-03-04,62.48,61.0077,VCB,70_30,ARIMA
2026-03-05,61.98,62.6944,VCB,70_30,ARIMA
2026-03-06,61.09,62.0517,VCB,70_30,ARIMA
2026-03-09,56.82,60.9756,VCB,70_30,ARIMA
2026-03-10,59.9,56.4996,VCB,70_30,ARIMA
2026-03-11,59.9,60.1435,VCB,70_30,ARIMA
2026-03-12,59.3,60.168,VCB,70_30,ARIMA
2026-03-13,58.51,59.1127,VCB,70_30,ARIMA
2026-03-16,58.31,58.4422,VCB,70_30,ARIMA
2026-03-17,60.0,58.3405,VCB,70_30,ARIMA
2026-03-18,60.0,60.1537,VCB,70_30,ARIMA
2026-03-19,59.3,60.009,VCB,70_30,ARIMA
2026-03-20,57.52,59.1523,VCB,70_30,ARIMA
2026-03-23,57.12,57.4026,VCB,70_30,ARIMA
2026-03-24,57.72,57.1553,VCB,70_30,ARIMA
2026-03-25,57.92,57.8705,VCB,70_30,ARIMA
2026-03-26,57.42,57.9548,VCB,70_30,ARIMA
2026-03-27,58.31,57.334,VCB,70_30,ARIMA
2026-03-30,57.52,58.3499,VCB,70_30,ARIMA
2026-03-31,57.62,57.5043,VCB,70_30,ARIMA
2026-04-01,58.51,57.5768,VCB,70_30,ARIMA
2026-04-02,57.72,58.6046,VCB,70_30,ARIMA
2026-04-03,57.22,57.6753,VCB,70_30,ARIMA
2026-04-06,57.52,57.1311,VCB,70_30,ARIMA
2026-04-07,57.52,57.5842,VCB,70_30,ARIMA
2026-04-08,59.7,57.5597,VCB,70_30,ARIMA
2026-04-09,58.91,59.8102,VCB,70_30,ARIMA
2026-04-10,59.3,58.85,VCB,70_30,ARIMA
2026-04-13,58.71,59.196,VCB,70_30,ARIMA
2026-04-14,58.81,58.7115,VCB,70_30,ARIMA
2026-04-15,59.4,58.8209,VCB,70_30,ARIMA
2026-04-16,58.91,59.4589,VCB,70_30,ARIMA
2026-04-17,59.01,58.8827,VCB,70_30,ARIMA
2026-04-20,59.6,58.9725,VCB,70_30,ARIMA
2026-04-21,59.11,59.6619,VCB,70_30,ARIMA
2026-04-22,58.91,59.0847,VCB,70_30,ARIMA
2026-04-23,62.28,58.857,VCB,70_30,ARIMA
2026-04-24,60.1,62.5022,VCB,70_30,ARIMA
2026-04-28,59.3,60.002,VCB,70_30,ARIMA
2026-04-29,59.3,59.0739,VCB,70_30,ARIMA
2026-05-04,60.2,59.4003,VCB,70_30,ARIMA
2026-05-05,59.4,60.3356,VCB,70_30,ARIMA
2026-05-06,60.0,59.3416,VCB,70_30,ARIMA
2026-05-07,59.8,59.9792,VCB,70_30,ARIMA
2026-05-08,60.2,59.8296,VCB,70_30,ARIMA
2026-05-11,59.8,60.1938,VCB,70_30,ARIMA
2026-05-12,59.4,59.7837,VCB,70_30,ARIMA
2026-05-13,59.6,59.3625,VCB,70_30,ARIMA
2026-05-14,60.49,59.6332,VCB,70_30,ARIMA
2026-05-15,60.2,60.5604,VCB,70_30,ARIMA
2026-05-18,62.68,60.1675,VCB,70_30,ARIMA
2026-05-19,63.87,62.7503,VCB,70_30,ARIMA
2026-05-20,64.06,63.9356,VCB,70_30,ARIMA
2026-05-21,64.36,63.9283,VCB,70_30,ARIMA
2026-05-22,62.97,64.2991,VCB,70_30,ARIMA
2026-05-25,63.17,62.8905,VCB,70_30,ARIMA
2026-05-26,63.87,63.1735,VCB,70_30,ARIMA
2026-05-27,63.67,63.9838,VCB,70_30,ARIMA
2026-05-28,62.28,63.6553,VCB,70_30,ARIMA
2026-05-29,61.49,62.1607,VCB,70_30,ARIMA
2026-06-01,61.68,61.4655,VCB,70_30,ARIMA
2026-06-02,61.09,61.7793,VCB,70_30,ARIMA
2026-06-03,61.39,61.1072,VCB,70_30,ARIMA
2026-06-04,61.68,61.3931,VCB,70_30,ARIMA
2026-06-05,61.19,61.7217,VCB,70_30,ARIMA
2026-06-08,60.79,61.1499,VCB,70_30,ARIMA
2026-06-09,60.99,60.7505,VCB,70_30,ARIMA
2026-06-10,61.19,61.0307,VCB,70_30,ARIMA
2026-06-11,61.09,61.2257,VCB,70_30,ARIMA
2026-06-12,61.09,61.0713,VCB,70_30,ARIMA
2026-06-15,61.09,61.0761,VCB,70_30,ARIMA
2026-06-16,61.29,61.0959,VCB,70_30,ARIMA
2026-06-17,61.68,61.3021,VCB,70_30,ARIMA
2026-06-18,61.09,61.6987,VCB,70_30,ARIMA
2026-06-19,61.19,61.0457,VCB,70_30,ARIMA
2026-06-22,60.79,61.1757,VCB,70_30,ARIMA
2026-06-23,60.79,60.8014,VCB,70_30,ARIMA
2026-06-24,60.49,60.7915,VCB,70_30,ARIMA
2026-06-25,60.3,60.4931,VCB,70_30,ARIMA
2026-06-26,60.89,60.2941,VCB,70_30,ARIMA
2026-06-29,61.49,60.9363,VCB,70_30,ARIMA
2026-06-30,61.68,61.5301,VCB,70_30,ARIMA
2026-07-01,62.48,61.6523,VCB,70_30,ARIMA
2026-07-02,61.58,62.4834,VCB,70_30,ARIMA
2026-07-03,61.49,61.5187,VCB,70_30,ARIMA
2026-07-06,60.69,61.4473,VCB,70_30,ARIMA
2026-07-07,60.79,60.6972,VCB,70_30,ARIMA
2026-07-08,61.09,60.8131,VCB,70_30,ARIMA
2026-07-09,60.59,61.1463,VCB,70_30,ARIMA
2026-07-10,60.0,60.5608,VCB,70_30,ARIMA
2026-07-13,58.41,59.9495,VCB,70_30,ARIMA
2026-07-14,58.71,58.3566,VCB,70_30,ARIMA
2026-07-15,58.71,58.7715,VCB,70_30,ARIMA
2026-07-16,58.91,58.7995,VCB,70_30,ARIMA
2026-07-17,58.01,58.907,VCB,70_30,ARIMA
2026-07-20,56.23,57.9491,VCB,70_30,ARIMA
2026-07-21,56.23,56.1303,VCB,70_30,ARIMA
2026-07-22,54.05,56.2895,VCB,70_30,ARIMA
2026-07-23,54.0,54.0407,VCB,70_30,ARIMA
2026-07-24,54.1,53.9993,VCB,70_30,ARIMA
2026-07-27,54.0,54.2097,VCB,70_30,ARIMA
2026-07-28,54.1,54.0083,VCB,70_30,ARIMA
2026-07-29,54.6,54.0772,VCB,70_30,ARIMA
2026-07-30,56.5,54.631,VCB,70_30,ARIMA
2026-07-31,59.3,56.5978,VCB,70_30,ARIMA
2026-08-03,60.8,59.4337,VCB,70_30,ARIMA
2026-08-04,60.0,60.791,VCB,70_30,ARIMA
2026-08-05,59.3,59.7885,VCB,70_30,ARIMA
2026-08-06,59.0,59.1734,VCB,70_30,ARIMA
2026-08-07,59.7,59.0447,VCB,70_30,ARIMA
2026-08-10,60.3,59.8041,VCB,70_30,ARIMA
2026-08-11,59.8,60.3486,VCB,70_30,ARIMA
2026-08-12,59.7,59.7212,VCB,70_30,ARIMA
2026-08-13,59.5,59.6522,VCB,70_30,ARIMA
2026-08-14,58.5,59.522,VCB,70_30,ARIMA
2026-08-17,58.2,58.4544,VCB,70_30,ARIMA
2026-08-18,58.0,58.1894,VCB,70_30,ARIMA
2026-08-19,57.4,58.046,VCB,70_30,ARIMA
2026-08-20,57.8,57.3839,VCB,70_30,ARIMA
2026-08-21,59.1,57.8274,VCB,70_30,ARIMA
2026-08-24,59.2,59.2126,VCB,70_30,ARIMA
2026-08-25,59.4,59.1827,VCB,70_30,ARIMA
2026-08-26,60.3,59.3288,VCB,70_30,ARIMA
2026-08-27,60.1,60.3457,VCB,70_30,ARIMA
2026-08-28,60.1,60.0865,VCB,70_30,ARIMA
2026-09-03,58.7,60.0491,VCB,70_30,ARIMA
2026-09-04,58.9,58.6209,VCB,70_30,ARIMA
2026-09-07,58.0,58.9237,VCB,70_30,ARIMA
2026-09-08,58.1,58.0239,VCB,70_30,ARIMA
2026-09-09,58.7,58.1033,VCB,70_30,ARIMA
2026-09-10,59.0,58.775,VCB,70_30,ARIMA
2026-09-11,58.2,59.0202,VCB,70_30,ARIMA
2026-09-14,58.5,58.108,VCB,70_30,ARIMA
2026-09-15,60.0,58.4988,VCB,70_30,ARIMA
2026-09-16,59.3,60.1405,VCB,70_30,ARIMA
2026-09-17,59.6,59.2443,VCB,70_30,ARIMA
2024-05-16,97.74,96.8969,FPT,70_30,ARIMA
2024-05-17,97.09,97.6663,FPT,70_30,ARIMA
2024-05-20,96.01,97.0252,FPT,70_30,ARIMA
2024-05-21,98.18,96.0161,FPT,70_30,ARIMA
2024-05-22,99.62,98.3761,FPT,70_30,ARIMA
2024-05-23,99.26,99.577,FPT,70_30,ARIMA
2024-05-24,95.22,99.1465,FPT,70_30,ARIMA
2024-05-27,95.87,95.0538,FPT,70_30,ARIMA
2024-05-28,98.9,96.2187,FPT,70_30,ARIMA
2024-05-29,97.96,99.0503,FPT,70_30,ARIMA
2024-05-30,97.46,97.5622,FPT,70_30,ARIMA
2024-05-31,97.17,97.4378,FPT,70_30,ARIMA
2024-06-03,98.83,97.2994,FPT,70_30,ARIMA
2024-06-04,100.42,98.9694,FPT,70_30,ARIMA
2024-06-05,101.14,100.3265,FPT,70_30,ARIMA
2024-06-06,100.78,101.0262,FPT,70_30,ARIMA
2024-06-07,102.51,100.7468,FPT,70_30,ARIMA
2024-06-10,103.95,102.7264,FPT,70_30,ARIMA
2024-06-11,105.76,103.9732,FPT,70_30,ARIMA
2024-06-12,110.34,105.7673,FPT,70_30,ARIMA
2024-06-13,108.67,110.5944,FPT,70_30,ARIMA
2024-06-14,109.5,108.4021,FPT,70_30,ARIMA
2024-06-17,107.67,109.8122,FPT,70_30,ARIMA
2024-06-18,107.0,107.7598,FPT,70_30,ARIMA
2024-06-19,109.92,107.1891,FPT,70_30,ARIMA
2024-06-20,111.43,110.0306,FPT,70_30,ARIMA
2024-06-21,113.77,111.3216,FPT,70_30,ARIMA
2024-06-24,110.42,113.7048,FPT,70_30,ARIMA
2024-06-25,108.67,110.1171,FPT,70_30,ARIMA
2024-06-26,110.17,108.9571,FPT,70_30,ARIMA
2024-06-27,111.01,110.5473,FPT,70_30,ARIMA
2024-06-28,109.09,111.0621,FPT,70_30,ARIMA
2024-07-01,107.5,108.6705,FPT,70_30,ARIMA
2024-07-02,107.0,107.4802,FPT,70_30,ARIMA
2024-07-03,109.5,107.2343,FPT,70_30,ARIMA
2024-07-04,113.52,109.6986,FPT,70_30,ARIMA
2024-07-05,115.94,113.413,FPT,70_30,ARIMA
2024-07-08,116.69,115.6475,FPT,70_30,ARIMA
2024-07-09,114.94,116.5049,FPT,70_30,ARIMA
2024-07-10,112.01,114.8986,FPT,70_30,ARIMA
2024-07-11,111.18,112.1116,FPT,70_30,ARIMA
2024-07-12,111.85,111.5212,FPT,70_30,ARIMA
2024-07-15,110.93,112.1166,FPT,70_30,ARIMA
2024-07-16,112.01,110.7361,FPT,70_30,ARIMA
2024-07-17,110.26,112.0005,FPT,70_30,ARIMA
2024-07-18,106.91,110.0295,FPT,70_30,ARIMA
2024-07-19,105.33,106.7716,FPT,70_30,ARIMA
2024-07-22,103.74,105.4407,FPT,70_30,ARIMA
2024-07-23,104.91,103.8714,FPT,70_30,ARIMA
2024-07-24,105.33,105.0942,FPT,70_30,ARIMA
2024-07-25,104.49,105.1464,FPT,70_30,ARIMA
2024-07-26,107.0,104.2575,FPT,70_30,ARIMA
2024-07-29,107.83,107.1632,FPT,70_30,ARIMA
2024-07-30,107.0,107.8103,FPT,70_30,ARIMA
2024-07-31,107.5,106.8285,FPT,70_30,ARIMA
2024-08-01,104.32,107.5087,FPT,70_30,ARIMA
2024-08-02,102.98,104.1671,FPT,70_30,ARIMA
2024-08-05,99.14,103.1405,FPT,70_30,ARIMA
2024-08-06,100.98,98.896,FPT,70_30,ARIMA
2024-08-07,101.98,101.4911,FPT,70_30,ARIMA
2024-08-08,101.48,101.9554,FPT,70_30,ARIMA
2024-08-09,106.08,101.2953,FPT,70_30,ARIMA
2024-08-12,108.67,106.2196,FPT,70_30,ARIMA
2024-08-13,108.42,108.6825,FPT,70_30,ARIMA
2024-08-14,108.25,108.1768,FPT,70_30,ARIMA
2024-08-15,107.58,108.0345,FPT,70_30,ARIMA
2024-08-16,109.17,107.6292,FPT,70_30,ARIMA
2024-08-19,109.09,109.4922,FPT,70_30,ARIMA
2024-08-20,109.92,108.9918,FPT,70_30,ARIMA
2024-08-21,111.59,109.974,FPT,70_30,ARIMA
2024-08-22,111.85,111.6219,FPT,70_30,ARIMA
2024-08-23,111.26,111.8252,FPT,70_30,ARIMA
2024-08-26,109.92,111.1219,FPT,70_30,ARIMA
2024-08-27,110.76,109.8087,FPT,70_30,ARIMA
2024-08-28,111.43,111.0053,FPT,70_30,ARIMA
2024-08-29,111.76,111.5011,FPT,70_30,ARIMA
2024-08-30,112.68,111.7393,FPT,70_30,ARIMA
2024-09-04,111.18,112.6463,FPT,70_30,ARIMA
2024-09-05,109.17,110.99,FPT,70_30,ARIMA
2024-09-06,110.42,109.0703,FPT,70_30,ARIMA
2024-09-09,109.76,110.6955,FPT,70_30,ARIMA
2024-09-10,108.67,109.753,FPT,70_30,ARIMA
2024-09-11,109.17,108.583,FPT,70_30,ARIMA
2024-09-12,110.59,109.1748,FPT,70_30,ARIMA
2024-09-13,111.18,110.783,FPT,70_30,ARIMA
2024-09-16,109.59,111.1336,FPT,70_30,ARIMA
2024-09-17,111.09,109.3068,FPT,70_30,ARIMA
2024-09-18,112.51,111.3062,FPT,70_30,ARIMA
2024-09-19,113.02,112.6061,FPT,70_30,ARIMA
2024-09-20,113.1,113.0039,FPT,70_30,ARIMA
2024-09-23,112.01,112.9376,FPT,70_30,ARIMA
2024-09-24,112.43,111.9151,FPT,70_30,ARIMA
2024-09-25,112.68,112.5931,FPT,70_30,ARIMA
2024-09-26,112.26,112.7152,FPT,70_30,ARIMA
2024-09-27,112.18,112.2283,FPT,70_30,ARIMA
2024-09-30,112.43,112.139,FPT,70_30,ARIMA
2024-10-01,113.6,112.4785,FPT,70_30,ARIMA
2024-10-02,113.18,113.7155,FPT,70_30,ARIMA
2024-10-03,112.01,113.0354,FPT,70_30,ARIMA
2024-10-04,112.1,111.8974,FPT,70_30,ARIMA
2024-10-07,112.1,112.1819,FPT,70_30,ARIMA
2024-10-08,111.85,112.1792,FPT,70_30,ARIMA
2024-10-09,113.18,111.8385,FPT,70_30,ARIMA
2024-10-10,118.45,113.2695,FPT,70_30,ARIMA
2024-10-11,116.69,118.8834,FPT,70_30,ARIMA
2024-10-14,115.02,116.1064,FPT,70_30,ARIMA
2024-10-15,114.52,114.8618,FPT,70_30,ARIMA
2024-10-16,113.94,114.5496,FPT,70_30,ARIMA
2024-10-17,114.52,114.2059,FPT,70_30,ARIMA
2024-10-18,114.52,114.6185,FPT,70_30,ARIMA
2024-10-21,113.27,114.4378,FPT,70_30,ARIMA
2024-10-22,111.26,113.1423,FPT,70_30,ARIMA
2024-10-23,112.18,111.1334,FPT,70_30,ARIMA
2024-10-24,112.26,112.4817,FPT,70_30,ARIMA
2024-10-25,112.01,112.2703,FPT,70_30,ARIMA
2024-10-28,112.76,111.9719,FPT,70_30,ARIMA
2024-10-29,113.18,112.7417,FPT,70_30,ARIMA
2024-10-30,113.6,113.1932,FPT,70_30,ARIMA
2024-10-31,113.6,113.5996,FPT,70_30,ARIMA
2024-11-01,112.51,113.5242,FPT,70_30,ARIMA
2024-11-04,111.01,112.4168,FPT,70_30,ARIMA
2024-11-05,110.84,110.9636,FPT,70_30,ARIMA
2024-11-06,112.51,110.9877,FPT,70_30,ARIMA
2024-11-07,112.93,112.7482,FPT,70_30,ARIMA
2024-11-08,113.52,112.8367,FPT,70_30,ARIMA
2024-11-11,115.61,113.4523,FPT,70_30,ARIMA
2024-11-12,114.35,115.6898,FPT,70_30,ARIMA
2024-11-13,115.19,114.0874,FPT,70_30,ARIMA
2024-11-14,113.68,115.3257,FPT,70_30,ARIMA
2024-11-15,111.93,113.4532,FPT,70_30,ARIMA
2024-11-18,112.01,111.9994,FPT,70_30,ARIMA
2024-11-19,108.67,112.115,FPT,70_30,ARIMA
2024-11-20,110.68,108.4823,FPT,70_30,ARIMA
2024-11-21,111.18,111.118,FPT,70_30,ARIMA
2024-11-22,111.93,111.0556,FPT,70_30,ARIMA
2024-11-25,111.93,112.0628,FPT,70_30,ARIMA
2024-11-26,113.02,111.6414,FPT,70_30,ARIMA
2024-11-27,116.11,113.146,FPT,70_30,ARIMA
2024-11-28,116.53,116.2904,FPT,70_30,ARIMA
2024-11-29,120.62,116.3488,FPT,70_30,ARIMA
2024-12-02,119.69,120.8657,FPT,70_30,ARIMA
2024-12-03,122.05,119.2727,FPT,70_30,ARIMA
2024-12-04,120.79,122.3395,FPT,70_30,ARIMA
2024-12-05,125.0,120.4856,FPT,70_30,ARIMA
2024-12-06,125.84,125.4643,FPT,70_30,ARIMA
2024-12-09,123.73,125.7014,FPT,70_30,ARIMA
2024-12-10,125.84,123.5503,FPT,70_30,ARIMA
2024-12-11,126.68,125.8984,FPT,70_30,ARIMA
2024-12-12,126.43,126.8747,FPT,70_30,ARIMA
2024-12-13,125.84,126.4193,FPT,70_30,ARIMA
2024-12-16,126.17,125.6502,FPT,70_30,ARIMA
2024-12-17,124.57,126.3082,FPT,70_30,ARIMA
2024-12-18,125.16,124.4959,FPT,70_30,ARIMA
2024-12-19,124.66,125.2696,FPT,70_30,ARIMA
2024-12-20,125.84,124.598,FPT,70_30,ARIMA
2024-12-23,126.09,125.9755,FPT,70_30,ARIMA
2024-12-24,126.6,125.9837,FPT,70_30,ARIMA
2024-12-25,126.93,126.6325,FPT,70_30,ARIMA
2024-12-26,126.09,126.8801,FPT,70_30,ARIMA
2024-12-27,125.92,126.0529,FPT,70_30,ARIMA
2024-12-30,126.68,125.939,FPT,70_30,ARIMA
2024-12-31,128.36,126.7729,FPT,70_30,ARIMA
2025-01-02,127.94,128.4764,FPT,70_30,ARIMA
2025-01-03,125.42,127.7842,FPT,70_30,ARIMA
2025-01-06,125.67,125.2034,FPT,70_30,ARIMA
2025-01-07,126.34,125.8229,FPT,70_30,ARIMA
2025-01-08,124.83,126.5162,FPT,70_30,ARIMA
2025-01-09,125.25,124.7152,FPT,70_30,ARIMA
2025-01-10,123.99,125.2283,FPT,70_30,ARIMA
2025-01-13,124.24,123.9152,FPT,70_30,ARIMA
2025-01-14,122.13,124.368,FPT,70_30,ARIMA
2025-01-15,122.47,121.935,FPT,70_30,ARIMA
2025-01-16,123.31,122.6205,FPT,70_30,ARIMA
2025-01-17,125.42,123.3372,FPT,70_30,ARIMA
2025-01-20,126.26,125.5547,FPT,70_30,ARIMA
2025-01-21,126.17,126.1043,FPT,70_30,ARIMA
2025-01-22,126.01,126.0704,FPT,70_30,ARIMA
2025-01-23,129.88,125.9808,FPT,70_30,ARIMA
2025-01-24,129.12,130.2333,FPT,70_30,ARIMA
2025-02-03,122.47,128.9352,FPT,70_30,ARIMA
2025-02-04,123.06,121.9769,FPT,70_30,ARIMA
2025-02-05,123.14,123.5091,FPT,70_30,ARIMA
2025-02-06,123.31,123.3814,FPT,70_30,ARIMA
2025-02-07,122.98,123.361,FPT,70_30,ARIMA
2025-02-10,119.52,122.6948,FPT,70_30,ARIMA
2025-02-11,122.39,119.3477,FPT,70_30,ARIMA
2025-02-12,122.05,122.7861,FPT,70_30,ARIMA
2025-02-13,120.45,121.9219,FPT,70_30,ARIMA
2025-02-14,121.97,120.376,FPT,70_30,ARIMA
2025-02-17,120.87,121.92,FPT,70_30,ARIMA
2025-02-18,121.12,120.8996,FPT,70_30,ARIMA
2025-02-19,121.21,121.2054,FPT,70_30,ARIMA
2025-02-20,120.37,121.0826,FPT,70_30,ARIMA
2025-02-21,119.52,120.433,FPT,70_30,ARIMA
2025-02-24,118.26,119.4614,FPT,70_30,ARIMA
2025-02-25,117.0,118.2697,FPT,70_30,ARIMA
2025-02-26,119.36,117.0436,FPT,70_30,ARIMA
2025-02-27,118.94,119.5484,FPT,70_30,ARIMA
2025-02-28,118.09,118.7485,FPT,70_30,ARIMA
2025-03-03,118.26,118.0075,FPT,70_30,ARIMA
2025-03-04,117.84,118.2022,FPT,70_30,ARIMA
2025-03-05,117.08,117.9658,FPT,70_30,ARIMA
2025-03-06,119.19,117.0627,FPT,70_30,ARIMA
2025-03-07,119.02,119.2972,FPT,70_30,ARIMA
2025-03-10,117.25,118.8913,FPT,70_30,ARIMA
2025-03-11,115.74,117.1555,FPT,70_30,ARIMA
2025-03-12,114.39,115.6971,FPT,70_30,ARIMA
2025-03-13,114.9,114.5662,FPT,70_30,ARIMA
2025-03-14,110.6,115.0665,FPT,70_30,ARIMA
2025-03-17,109.42,110.2706,FPT,70_30,ARIMA
2025-03-18,109.42,109.5673,FPT,70_30,ARIMA
2025-03-19,104.88,109.4131,FPT,70_30,ARIMA
2025-03-20,105.22,104.7351,FPT,70_30,ARIMA
2025-03-21,107.74,105.2519,FPT,70_30,ARIMA
2025-03-24,108.58,107.7248,FPT,70_30,ARIMA
2025-03-25,106.48,108.5607,FPT,70_30,ARIMA
2025-03-26,103.53,106.0528,FPT,70_30,ARIMA
2025-03-27,106.23,103.4978,FPT,70_30,ARIMA
2025-03-28,104.37,106.7511,FPT,70_30,ARIMA
2025-03-31,101.85,104.1373,FPT,70_30,ARIMA
2025-04-01,101.43,101.8064,FPT,70_30,ARIMA
2025-04-02,102.69,101.3652,FPT,70_30,ARIMA
2025-04-03,95.54,102.9351,FPT,70_30,ARIMA
2025-04-04,95.11,95.0129,FPT,70_30,ARIMA
2025-04-08,88.47,95.5542,FPT,70_30,ARIMA
2025-04-09,88.63,88.0587,FPT,70_30,ARIMA
2025-04-10,94.78,88.922,FPT,70_30,ARIMA
2025-04-11,99.74,94.5058,FPT,70_30,ARIMA
2025-04-14,99.74,99.7697,FPT,70_30,ARIMA
2025-04-15,97.64,99.0965,FPT,70_30,ARIMA
2025-04-16,90.82,97.3021,FPT,70_30,ARIMA
2025-04-17,92.08,90.5167,FPT,70_30,ARIMA
2025-04-18,93.94,92.9772,FPT,70_30,ARIMA
2025-04-21,94.02,94.2881,FPT,70_30,ARIMA
2025-04-22,92.93,94.0252,FPT,70_30,ARIMA
2025-04-23,92.93,92.3847,FPT,70_30,ARIMA
2025-04-24,94.27,93.0057,FPT,70_30,ARIMA
2025-04-25,94.61,94.4854,FPT,70_30,ARIMA
2025-04-28,92.17,94.5689,FPT,70_30,ARIMA
2025-04-29,92.08,91.8831,FPT,70_30,ARIMA
2025-05-05,91.41,92.2156,FPT,70_30,ARIMA
2025-05-06,92.34,91.5117,FPT,70_30,ARIMA
2025-05-07,92.34,92.5614,FPT,70_30,ARIMA
2025-05-08,96.21,92.1675,FPT,70_30,ARIMA
2025-05-09,97.64,96.4409,FPT,70_30,ARIMA
2025-05-12,99.58,97.368,FPT,70_30,ARIMA
2025-05-13,100.59,99.5058,FPT,70_30,ARIMA
2025-05-14,106.31,100.3407,FPT,70_30,ARIMA
2025-05-15,105.22,106.7553,FPT,70_30,ARIMA
2025-05-16,101.85,104.7562,FPT,70_30,ARIMA
2025-05-19,99.49,101.5546,FPT,70_30,ARIMA
2025-05-20,100.33,99.5082,FPT,70_30,ARIMA
2025-05-21,99.58,100.9371,FPT,70_30,ARIMA
2025-05-22,98.31,99.5894,FPT,70_30,ARIMA
2025-05-23,98.57,98.1764,FPT,70_30,ARIMA
2025-05-26,98.73,98.6229,FPT,70_30,ARIMA
2025-05-27,100.16,98.8091,FPT,70_30,ARIMA
2025-05-28,99.66,100.2431,FPT,70_30,ARIMA
2025-05-29,98.57,99.4647,FPT,70_30,ARIMA
2025-05-30,98.06,98.4795,FPT,70_30,ARIMA
2025-06-02,97.72,98.1026,FPT,70_30,ARIMA
2025-06-03,98.82,97.8314,FPT,70_30,ARIMA
2025-06-04,98.57,98.9505,FPT,70_30,ARIMA
2025-06-05,98.31,98.4551,FPT,70_30,ARIMA
2025-06-06,96.8,98.2569,FPT,70_30,ARIMA
2025-06-09,97.81,96.6869,FPT,70_30,ARIMA
2025-06-10,97.39,98.0486,FPT,70_30,ARIMA
2025-06-11,99.24,97.341,FPT,70_30,ARIMA
2025-06-12,99.33,99.3787,FPT,70_30,ARIMA
2025-06-13,97.97,99.1501,FPT,70_30,ARIMA
2025-06-16,101.02,97.8327,FPT,70_30,ARIMA
2025-06-17,100.85,101.2748,FPT,70_30,ARIMA
2025-06-18,99.33,100.7283,FPT,70_30,ARIMA
2025-06-19,98.48,99.1596,FPT,70_30,ARIMA
2025-06-20,98.56,98.436,FPT,70_30,ARIMA
2025-06-23,98.39,98.7969,FPT,70_30,ARIMA
2025-06-24,98.9,98.4288,FPT,70_30,ARIMA
2025-06-25,99.41,98.9111,FPT,70_30,ARIMA
2025-06-26,99.33,99.3823,FPT,70_30,ARIMA
2025-06-27,99.58,99.2722,FPT,70_30,ARIMA
2025-06-30,100.34,99.5679,FPT,70_30,ARIMA
2025-07-01,100.85,100.3826,FPT,70_30,ARIMA
2025-07-02,100.68,100.8361,FPT,70_30,ARIMA
2025-07-03,100.17,100.5928,FPT,70_30,ARIMA
2025-07-04,103.99,100.1216,FPT,70_30,ARIMA
2025-07-07,105.1,104.3116,FPT,70_30,ARIMA
2025-07-08,105.69,104.9203,FPT,70_30,ARIMA
2025-07-09,104.25,105.5101,FPT,70_30,ARIMA
2025-07-10,105.18,103.9745,FPT,70_30,ARIMA
2025-07-11,107.48,105.4423,FPT,70_30,ARIMA
2025-07-14,107.9,107.6581,FPT,70_30,ARIMA
2025-07-15,106.97,107.7597,FPT,70_30,ARIMA
2025-07-16,107.22,106.7153,FPT,70_30,ARIMA
2025-07-17,107.82,107.2983,FPT,70_30,ARIMA
2025-07-18,106.97,107.9596,FPT,70_30,ARIMA
2025-07-21,107.68,106.8816,FPT,70_30,ARIMA
2025-07-22,109.44,107.7358,FPT,70_30,ARIMA
2025-07-23,109.14,109.5397,FPT,70_30,ARIMA
2025-07-24,108.46,108.9862,FPT,70_30,ARIMA
2025-07-25,108.07,108.332,FPT,70_30,ARIMA
2025-07-28,108.66,108.1102,FPT,70_30,ARIMA
2025-07-29,103.48,108.8249,FPT,70_30,ARIMA
2025-07-30,103.58,103.0926,FPT,70_30,ARIMA
2025-07-31,101.53,103.9572,FPT,70_30,ARIMA
2025-08-01,104.46,101.5621,FPT,70_30,ARIMA
2025-08-04,104.07,104.8467,FPT,70_30,ARIMA
2025-08-05,103.29,103.7839,FPT,70_30,ARIMA
2025-08-06,102.41,103.1524,FPT,70_30,ARIMA
2025-08-07,103.68,102.3473,FPT,70_30,ARIMA
2025-08-08,103.09,103.9439,FPT,70_30,ARIMA
2025-08-11,103.87,102.9996,FPT,70_30,ARIMA
2025-08-12,104.95,103.878,FPT,70_30,ARIMA
2025-08-13,102.6,104.959,FPT,70_30,ARIMA
2025-08-14,101.33,102.3891,FPT,70_30,ARIMA
2025-08-15,98.99,101.3497,FPT,70_30,ARIMA
2025-08-18,98.11,99.0608,FPT,70_30,ARIMA
2025-08-19,97.92,98.3205,FPT,70_30,ARIMA
2025-08-20,95.38,98.0181,FPT,70_30,ARIMA
2025-08-21,99.28,95.2397,FPT,70_30,ARIMA
2025-08-22,96.65,99.6228,FPT,70_30,ARIMA
2025-08-25,96.45,96.3634,FPT,70_30,ARIMA
2025-08-26,97.62,96.44,FPT,70_30,ARIMA
2025-08-27,102.51,97.6778,FPT,70_30,ARIMA
2025-08-28,102.02,102.8089,FPT,70_30,ARIMA
2025-08-29,99.19,101.5607,FPT,70_30,ARIMA
2025-09-03,100.75,98.8169,FPT,70_30,ARIMA
2025-09-04,102.51,101.0916,FPT,70_30,ARIMA
2025-09-05,100.94,102.7526,FPT,70_30,ARIMA
2025-09-08,99.48,100.6323,FPT,70_30,ARIMA
2025-09-09,99.67,99.3901,FPT,70_30,ARIMA
2025-09-10,98.8,99.9098,FPT,70_30,ARIMA
2025-09-11,99.58,98.8332,FPT,70_30,ARIMA
2025-09-12,99.19,99.632,FPT,70_30,ARIMA
2025-09-15,99.48,99.1203,FPT,70_30,ARIMA
2025-09-16,101.04,99.4864,FPT,70_30,ARIMA
2025-09-17,102.99,101.1003,FPT,70_30,ARIMA
2025-09-18,100.55,102.9774,FPT,70_30,ARIMA
2025-09-19,100.55,100.2024,FPT,70_30,ARIMA
2025-09-22,97.33,100.6633,FPT,70_30,ARIMA
2025-09-23,95.67,97.3329,FPT,70_30,ARIMA
2025-09-24,97.14,95.8436,FPT,70_30,ARIMA
2025-09-25,95.67,97.4386,FPT,70_30,ARIMA
2025-09-26,95.18,95.5591,FPT,70_30,ARIMA
2025-09-29,93.23,95.1235,FPT,70_30,ARIMA
2025-09-30,90.79,93.1948,FPT,70_30,ARIMA
2025-10-01,91.18,90.8587,FPT,70_30,ARIMA
2025-10-02,89.91,91.4139,FPT,70_30,ARIMA
2025-10-03,91.18,89.8989,FPT,70_30,ARIMA
2025-10-06,93.23,91.2574,FPT,70_30,ARIMA
2025-10-07,93.23,93.2336,FPT,70_30,ARIMA
2025-10-08,92.25,93.0457,FPT,70_30,ARIMA
2025-10-09,91.96,92.0753,FPT,70_30,ARIMA
2025-10-10,93.82,92.0457,FPT,70_30,ARIMA
2025-10-13,91.77,94.0375,FPT,70_30,ARIMA
2025-10-14,90.2,91.546,FPT,70_30,ARIMA
2025-10-15,87.47,90.166,FPT,70_30,ARIMA
2025-10-16,87.67,87.5189,FPT,70_30,ARIMA
2025-10-17,86.01,87.988,FPT,70_30,ARIMA
2025-10-20,84.93,85.9675,FPT,70_30,ARIMA
2025-10-21,90.79,84.9207,FPT,70_30,ARIMA
2025-10-22,94.7,91.1741,FPT,70_30,ARIMA
2025-10-23,92.74,94.551,FPT,70_30,ARIMA
2025-10-24,95.38,92.0382,FPT,70_30,ARIMA
2025-10-27,95.67,95.5068,FPT,70_30,ARIMA
2025-10-28,99.77,95.6234,FPT,70_30,ARIMA
2025-10-29,99.28,99.9747,FPT,70_30,ARIMA
2025-10-30,100.26,98.9295,FPT,70_30,ARIMA
2025-10-31,101.43,100.2534,FPT,70_30,ARIMA
2025-11-03,102.51,101.4853,FPT,70_30,ARIMA
2025-11-04,100.85,102.5563,FPT,70_30,ARIMA
2025-11-05,98.5,100.6447,FPT,70_30,ARIMA
2025-11-06,97.82,98.4715,FPT,70_30,ARIMA
2025-11-07,98.6,98.0368,FPT,70_30,ARIMA
2025-11-10,93.91,98.7887,FPT,70_30,ARIMA
2025-11-11,93.82,93.5587,FPT,70_30,ARIMA
2025-11-12,98.21,94.0438,FPT,70_30,ARIMA
2025-11-13,96.55,98.6062,FPT,70_30,ARIMA
2025-11-14,97.62,96.1013,FPT,70_30,ARIMA
2025-11-17,98.6,97.5972,FPT,70_30,ARIMA
2025-11-18,97.62,98.6389,FPT,70_30,ARIMA
2025-11-19,95.67,97.5284,FPT,70_30,ARIMA
2025-11-20,96.65,95.609,FPT,70_30,ARIMA
2025-11-21,98.4,96.8874,FPT,70_30,ARIMA
2025-11-24,97.82,98.4662,FPT,70_30,ARIMA
2025-11-25,97.33,97.6073,FPT,70_30,ARIMA
2025-11-26,96.65,97.2942,FPT,70_30,ARIMA
2025-11-27,97.14,96.6913,FPT,70_30,ARIMA
2025-11-28,94.79,97.2442,FPT,70_30,ARIMA
2025-12-01,95.29,94.6441,FPT,70_30,ARIMA
2025-12-02,95.29,95.4718,FPT,70_30,ARIMA
2025-12-03,95.29,95.3111,FPT,70_30,ARIMA
2025-12-04,96.17,95.2619,FPT,70_30,ARIMA
2025-12-05,94.89,96.196,FPT,70_30,ARIMA
2025-12-08,94.2,94.7662,FPT,70_30,ARIMA
2025-12-09,95.58,94.242,FPT,70_30,ARIMA
2025-12-10,94.3,95.7377,FPT,70_30,ARIMA
2025-12-11,94.69,94.1511,FPT,70_30,ARIMA
2025-12-12,92.43,94.7555,FPT,70_30,ARIMA
2025-12-15,92.52,92.3301,FPT,70_30,ARIMA
2025-12-16,93.61,92.6908,FPT,70_30,ARIMA
2025-12-17,94.6,93.6982,FPT,70_30,ARIMA
2025-12-18,93.12,94.5513,FPT,70_30,ARIMA
2025-12-19,92.62,92.922,FPT,70_30,ARIMA
2025-12-22,92.43,92.6931,FPT,70_30,ARIMA
2025-12-23,92.72,92.5198,FPT,70_30,ARIMA
2025-12-24,92.33,92.7617,FPT,70_30,ARIMA
2025-12-25,91.74,92.2739,FPT,70_30,ARIMA
2025-12-26,91.24,91.7272,FPT,70_30,ARIMA
2025-12-29,93.02,91.2725,FPT,70_30,ARIMA
2025-12-30,95.19,93.1567,FPT,70_30,ARIMA
2025-12-31,94.5,95.1603,FPT,70_30,ARIMA
2026-01-05,93.71,94.2379,FPT,70_30,ARIMA
2026-01-06,92.72,93.6744,FPT,70_30,ARIMA
2026-01-07,96.17,92.7933,FPT,70_30,ARIMA
2026-01-08,95.19,96.4555,FPT,70_30,ARIMA
2026-01-09,96.08,94.8884,FPT,70_30,ARIMA
2026-01-12,98.15,96.0657,FPT,70_30,ARIMA
2026-01-13,97.55,98.2207,FPT,70_30,ARIMA
2026-01-14,98.44,97.3759,FPT,70_30,ARIMA
2026-01-15,97.16,98.4627,FPT,70_30,ARIMA
2026-01-16,103.87,97.0836,FPT,70_30,ARIMA
2026-01-19,104.36,104.2239,FPT,70_30,ARIMA
2026-01-20,102.68,103.9304,FPT,70_30,ARIMA
2026-01-21,103.57,102.3817,FPT,70_30,ARIMA
2026-01-22,102.09,103.7795,FPT,70_30,ARIMA
2026-01-23,99.63,102.1525,FPT,70_30,ARIMA
2026-01-26,97.16,99.6208,FPT,70_30,ARIMA
2026-01-27,100.71,97.2663,FPT,70_30,ARIMA
2026-01-28,103.08,101.1013,FPT,70_30,ARIMA
2026-01-29,104.66,102.9249,FPT,70_30,ARIMA
2026-01-30,103.08,104.3894,FPT,70_30,ARIMA
2026-02-02,102.88,102.8154,FPT,70_30,ARIMA
2026-02-03,102.49,103.0012,FPT,70_30,ARIMA
2026-02-04,100.51,102.5781,FPT,70_30,ARIMA
2026-02-05,97.65,100.4643,FPT,70_30,ARIMA
2026-02-06,96.27,97.6816,FPT,70_30,ARIMA
2026-02-09,97.65,96.4867,FPT,70_30,ARIMA
2026-02-10,96.47,97.896,FPT,70_30,ARIMA
2026-02-11,97.26,96.31,FPT,70_30,ARIMA
2026-02-12,97.46,97.3145,FPT,70_30,ARIMA
2026-02-13,94.99,97.4503,FPT,70_30,ARIMA
2026-02-23,93.21,94.8418,FPT,70_30,ARIMA
2026-02-24,91.24,93.3169,FPT,70_30,ARIMA
2026-02-25,87.89,91.3664,FPT,70_30,ARIMA
2026-02-26,89.27,87.8968,FPT,70_30,ARIMA
2026-02-27,91.64,89.6196,FPT,70_30,ARIMA
2026-03-02,88.38,91.7333,FPT,70_30,ARIMA
2026-03-03,85.82,87.9657,FPT,70_30,ARIMA
2026-03-04,83.94,85.8863,FPT,70_30,ARIMA
2026-03-05,83.25,84.1731,FPT,70_30,ARIMA
2026-03-06,80.49,83.4282,FPT,70_30,ARIMA
2026-03-09,74.87,80.3813,FPT,70_30,ARIMA
2026-03-10,78.42,74.6733,FPT,70_30,ARIMA
2026-03-11,79.11,79.0715,FPT,70_30,ARIMA
2026-03-12,76.64,78.9275,FPT,70_30,ARIMA
2026-03-13,75.95,76.274,FPT,70_30,ARIMA
2026-03-16,77.14,76.1,FPT,70_30,ARIMA
2026-03-17,78.32,77.3454,FPT,70_30,ARIMA
2026-03-18,77.53,78.2522,FPT,70_30,ARIMA
2026-03-19,75.76,77.3292,FPT,70_30,ARIMA
2026-03-20,73.59,75.7308,FPT,70_30,ARIMA
2026-03-23,72.11,73.6743,FPT,70_30,ARIMA
2026-03-24,74.37,72.2373,FPT,70_30,ARIMA
2026-03-25,75.95,74.6141,FPT,70_30,ARIMA
2026-03-26,73.19,75.8103,FPT,70_30,ARIMA
2026-03-27,75.07,72.8016,FPT,70_30,ARIMA
2026-03-30,72.99,75.4031,FPT,70_30,ARIMA
2026-03-31,73.68,72.8355,FPT,70_30,ARIMA
2026-04-01,74.28,73.8316,FPT,70_30,ARIMA
2026-04-02,73.68,74.2741,FPT,70_30,ARIMA
2026-04-03,72.99,73.5883,FPT,70_30,ARIMA
2026-04-06,72.89,72.9739,FPT,70_30,ARIMA
2026-04-07,72.99,72.9743,FPT,70_30,ARIMA
2026-04-08,78.02,73.0155,FPT,70_30,ARIMA
2026-04-09,77.24,78.2371,FPT,70_30,ARIMA
2026-04-10,76.64,76.7644,FPT,70_30,ARIMA
2026-04-13,74.97,76.5833,FPT,70_30,ARIMA
2026-04-14,75.16,75.0366,FPT,70_30,ARIMA
2026-04-15,74.08,75.3984,FPT,70_30,ARIMA
2026-04-16,73.09,74.0301,FPT,70_30,ARIMA
2026-04-17,74.97,73.0934,FPT,70_30,ARIMA
2026-04-20,75.85,75.1413,FPT,70_30,ARIMA
2026-04-21,74.08,75.7409,FPT,70_30,ARIMA
2026-04-22,73.59,73.853,FPT,70_30,ARIMA
2026-04-23,73.29,73.7151,FPT,70_30,ARIMA
2026-04-24,72.4,73.3958,FPT,70_30,ARIMA
2026-04-28,73.39,72.38,FPT,70_30,ARIMA
2026-04-29,74.47,73.4864,FPT,70_30,ARIMA
2026-05-04,72.7,74.4434,FPT,70_30,ARIMA
2026-05-05,73.29,72.4886,FPT,70_30,ARIMA
2026-05-06,72.3,73.449,FPT,70_30,ARIMA
2026-05-07,72.01,72.2696,FPT,70_30,ARIMA
2026-05-08,70.92,72.0614,FPT,70_30,ARIMA
2026-05-11,69.05,70.9002,FPT,70_30,ARIMA
2026-05-12,69.64,69.0571,FPT,70_30,ARIMA
2026-05-13,69.74,69.8287,FPT,70_30,ARIMA
2026-05-14,72.89,69.7127,FPT,70_30,ARIMA
2026-05-15,71.91,72.9736,FPT,70_30,ARIMA
2026-05-18,73.88,71.5794,FPT,70_30,ARIMA
2026-05-19,73.49,73.9815,FPT,70_30,ARIMA
2026-05-20,76.64,73.3817,FPT,70_30,ARIMA
2026-05-21,75.46,76.7762,FPT,70_30,ARIMA
2026-05-22,74.08,75.205,FPT,70_30,ARIMA
2026-05-25,72.5,74.0501,FPT,70_30,ARIMA
2026-05-26,73.49,72.6288,FPT,70_30,ARIMA
2026-05-27,72.6,73.7034,FPT,70_30,ARIMA
2026-05-28,71.2,72.4939,FPT,70_30,ARIMA
2026-05-29,71.6,71.1394,FPT,70_30,ARIMA
2026-06-01,72.9,71.7562,FPT,70_30,ARIMA
2026-06-02,74.8,72.9507,FPT,70_30,ARIMA
2026-06-03,76.5,74.7299,FPT,70_30,ARIMA
2026-06-04,76.1,76.3845,FPT,70_30,ARIMA
2026-06-05,75.0,75.9238,FPT,70_30,ARIMA
2026-06-08,72.9,74.9806,FPT,70_30,ARIMA
2026-06-09,73.7,72.9491,FPT,70_30,ARIMA
2026-06-10,74.2,73.9404,FPT,70_30,ARIMA
2026-06-11,73.1,74.2005,FPT,70_30,ARIMA
2026-06-12,73.5,72.9419,FPT,70_30,ARIMA
2026-06-15,73.6,73.5872,FPT,70_30,ARIMA
2026-06-16,73.2,73.6202,FPT,70_30,ARIMA
2026-06-17,72.3,73.1477,FPT,70_30,ARIMA
2026-06-18,71.6,72.2886,FPT,70_30,ARIMA
2026-06-19,71.5,71.6578,FPT,70_30,ARIMA
2026-06-22,70.6,71.5716,FPT,70_30,ARIMA
2026-06-23,70.8,70.5699,FPT,70_30,ARIMA
2026-06-24,70.8,70.8634,FPT,70_30,ARIMA
2026-06-25,71.0,70.8033,FPT,70_30,ARIMA
2026-06-26,70.8,70.986,FPT,70_30,ARIMA
2026-06-29,70.4,70.772,FPT,70_30,ARIMA
2026-06-30,70.2,70.3941,FPT,70_30,ARIMA
2026-07-01,72.9,70.2324,FPT,70_30,ARIMA
2026-07-02,72.5,73.0429,FPT,70_30,ARIMA
2026-07-03,72.3,72.2655,FPT,70_30,ARIMA
2026-07-06,73.0,72.2365,FPT,70_30,ARIMA
2026-07-07,73.2,73.1043,FPT,70_30,ARIMA
2026-07-08,72.1,73.1724,FPT,70_30,ARIMA
2026-07-09,72.1,72.0105,FPT,70_30,ARIMA
2026-07-10,70.6,72.1936,FPT,70_30,ARIMA
2026-07-13,70.5,70.576,FPT,70_30,ARIMA
2026-07-14,70.3,70.5963,FPT,70_30,ARIMA
2026-07-15,66.8,70.3353,FPT,70_30,ARIMA
2026-07-16,68.0,66.6405,FPT,70_30,ARIMA
2026-07-17,67.0,68.317,FPT,70_30,ARIMA
2026-07-20,67.1,66.9561,FPT,70_30,ARIMA
2026-07-21,64.8,67.087,FPT,70_30,ARIMA
2026-07-22,64.6,64.7197,FPT,70_30,ARIMA
2026-07-23,64.7,64.7546,FPT,70_30,ARIMA
2026-07-24,62.9,64.7766,FPT,70_30,ARIMA
2026-07-27,62.2,62.7794,FPT,70_30,ARIMA
2026-07-28,63.0,62.2772,FPT,70_30,ARIMA
2026-07-29,65.1,63.1336,FPT,70_30,ARIMA
2026-07-30,67.0,65.1083,FPT,70_30,ARIMA
2026-07-31,67.1,66.8679,FPT,70_30,ARIMA
2026-08-03,71.7,66.9099,FPT,70_30,ARIMA
2026-08-04,71.5,71.8971,FPT,70_30,ARIMA
2026-08-05,70.3,71.2116,FPT,70_30,ARIMA
2026-08-06,70.7,70.1662,FPT,70_30,ARIMA
2026-08-07,70.8,70.904,FPT,70_30,ARIMA
2026-08-10,71.8,70.8351,FPT,70_30,ARIMA
2026-08-11,71.2,71.7999,FPT,70_30,ARIMA
2026-08-12,70.8,71.0945,FPT,70_30,ARIMA
2026-08-13,69.2,70.8094,FPT,70_30,ARIMA
2026-08-14,68.3,69.1973,FPT,70_30,ARIMA
2026-08-17,68.8,68.3868,FPT,70_30,ARIMA
2026-08-18,69.0,68.9138,FPT,70_30,ARIMA
2026-08-19,68.9,68.9587,FPT,70_30,ARIMA
2026-08-20,69.8,68.8357,FPT,70_30,ARIMA
2026-08-21,72.0,69.8427,FPT,70_30,ARIMA
2026-08-24,71.4,72.0399,FPT,70_30,ARIMA
2026-08-25,70.7,71.1882,FPT,70_30,ARIMA
2026-08-26,72.6,70.6777,FPT,70_30,ARIMA
2026-08-27,72.2,72.7996,FPT,70_30,ARIMA
2026-08-28,73.2,72.0617,FPT,70_30,ARIMA
2026-09-03,72.2,73.2094,FPT,70_30,ARIMA
2026-09-04,72.8,72.1248,FPT,70_30,ARIMA
2026-09-07,72.4,72.8835,FPT,70_30,ARIMA
2026-09-08,72.2,72.3804,FPT,70_30,ARIMA
2026-09-09,72.4,72.195,FPT,70_30,ARIMA
2026-09-10,74.5,72.4361,FPT,70_30,ARIMA
2026-09-11,72.7,74.5739,FPT,70_30,ARIMA
2026-09-14,72.4,72.4607,FPT,70_30,ARIMA
2026-09-15,72.7,72.4724,FPT,70_30,ARIMA
2026-09-16,73.8,72.8233,FPT,70_30,ARIMA
2026-09-17,74.3,73.8058,FPT,70_30,ARIMA
2024-05-16,21.37,21.1287,HPG,70_30,ARIMA
2024-05-17,21.37,21.3376,HPG,70_30,ARIMA
2024-05-20,21.64,21.3482,HPG,70_30,ARIMA
2024-05-21,21.54,21.6649,HPG,70_30,ARIMA
2024-05-22,21.17,21.5311,HPG,70_30,ARIMA
2024-05-23,21.95,21.1602,HPG,70_30,ARIMA
2024-05-24,21.5,22.0113,HPG,70_30,ARIMA
2024-05-27,21.5,21.4375,HPG,70_30,ARIMA
2024-05-28,21.69,21.5157,HPG,70_30,ARIMA
2024-05-29,21.28,21.71,HPG,70_30,ARIMA
2024-05-30,21.02,21.2529,HPG,70_30,ARIMA
2024-05-31,21.28,21.0298,HPG,70_30,ARIMA
2024-06-03,21.57,21.3099,HPG,70_30,ARIMA
2024-06-04,21.8,21.5608,HPG,70_30,ARIMA
2024-06-05,21.76,21.7833,HPG,70_30,ARIMA
2024-06-06,21.8,21.7459,HPG,70_30,ARIMA
2024-06-07,21.8,21.8106,HPG,70_30,ARIMA
2024-06-10,21.8,21.804,HPG,70_30,ARIMA
2024-06-11,21.65,21.8012,HPG,70_30,ARIMA
2024-06-12,22.02,21.6443,HPG,70_30,ARIMA
2024-06-13,21.95,22.0443,HPG,70_30,ARIMA
2024-06-14,21.65,21.9252,HPG,70_30,ARIMA
2024-06-17,21.91,21.6389,HPG,70_30,ARIMA
2024-06-18,21.87,21.9437,HPG,70_30,ARIMA
2024-06-19,21.83,21.8549,HPG,70_30,ARIMA
2024-06-20,21.83,21.825,HPG,70_30,ARIMA
2024-06-21,21.61,21.8344,HPG,70_30,ARIMA
2024-06-24,21.35,21.6029,HPG,70_30,ARIMA
2024-06-25,21.35,21.3521,HPG,70_30,ARIMA
2024-06-26,21.5,21.3659,HPG,70_30,ARIMA
2024-06-27,21.46,21.5028,HPG,70_30,ARIMA
2024-06-28,21.05,21.4432,HPG,70_30,ARIMA
2024-07-01,21.09,21.0336,HPG,70_30,ARIMA
2024-07-02,21.35,21.1195,HPG,70_30,ARIMA
2024-07-03,21.39,21.359,HPG,70_30,ARIMA
2024-07-04,21.35,21.368,HPG,70_30,ARIMA
2024-07-05,21.31,21.3427,HPG,70_30,ARIMA
2024-07-08,21.42,21.3156,HPG,70_30,ARIMA
2024-07-09,21.57,21.4299,HPG,70_30,ARIMA
2024-07-10,21.54,21.5689,HPG,70_30,ARIMA
2024-07-11,21.46,21.5282,HPG,70_30,ARIMA
2024-07-12,21.2,21.46,HPG,70_30,ARIMA
2024-07-15,21.16,21.1982,HPG,70_30,ARIMA
2024-07-16,21.16,21.1756,HPG,70_30,ARIMA
2024-07-17,20.98,21.1613,HPG,70_30,ARIMA
2024-07-18,21.13,20.9677,HPG,70_30,ARIMA
2024-07-19,20.98,21.1442,HPG,70_30,ARIMA
2024-07-22,20.87,20.9646,HPG,70_30,ARIMA
2024-07-23,20.68,20.8717,HPG,70_30,ARIMA
2024-07-24,20.61,20.6804,HPG,70_30,ARIMA
2024-07-25,20.35,20.6179,HPG,70_30,ARIMA
2024-07-26,20.42,20.3408,HPG,70_30,ARIMA
2024-07-29,20.76,20.4347,HPG,70_30,ARIMA
2024-07-30,20.76,20.7669,HPG,70_30,ARIMA
2024-07-31,20.23,20.7337,HPG,70_30,ARIMA
2024-08-01,19.86,20.207,HPG,70_30,ARIMA
2024-08-02,20.27,19.8848,HPG,70_30,ARIMA
2024-08-05,19.3,20.3149,HPG,70_30,ARIMA
2024-08-06,19.57,19.2276,HPG,70_30,ARIMA
2024-08-07,19.38,19.6286,HPG,70_30,ARIMA
2024-08-08,19.04,19.3623,HPG,70_30,ARIMA
2024-08-09,19.38,19.0268,HPG,70_30,ARIMA
2024-08-12,19.23,19.4065,HPG,70_30,ARIMA
2024-08-13,18.9,19.2038,HPG,70_30,ARIMA
2024-08-14,18.93,18.8912,HPG,70_30,ARIMA
2024-08-15,18.75,18.9522,HPG,70_30,ARIMA
2024-08-16,19.04,18.7426,HPG,70_30,ARIMA
2024-08-19,19.23,19.0547,HPG,70_30,ARIMA
2024-08-20,19.19,19.2151,HPG,70_30,ARIMA
2024-08-21,19.45,19.1755,HPG,70_30,ARIMA
2024-08-22,19.16,19.4639,HPG,70_30,ARIMA
2024-08-23,19.38,19.14,HPG,70_30,ARIMA
2024-08-26,19.34,19.4075,HPG,70_30,ARIMA
2024-08-27,19.16,19.3277,HPG,70_30,ARIMA
2024-08-28,19.12,19.1563,HPG,70_30,ARIMA
2024-08-29,19.04,19.1286,HPG,70_30,ARIMA
2024-08-30,18.97,19.0415,HPG,70_30,ARIMA
2024-09-04,18.78,18.9695,HPG,70_30,ARIMA
2024-09-05,18.64,18.7747,HPG,70_30,ARIMA
2024-09-06,18.9,18.6448,HPG,70_30,ARIMA
2024-09-09,19.04,18.915,HPG,70_30,ARIMA
2024-09-10,18.71,19.0254,HPG,70_30,ARIMA
2024-09-11,18.86,18.6866,HPG,70_30,ARIMA
2024-09-12,18.67,18.8873,HPG,70_30,ARIMA
2024-09-13,18.6,18.6587,HPG,70_30,ARIMA
2024-09-16,18.49,18.6071,HPG,70_30,ARIMA
2024-09-17,18.78,18.4878,HPG,70_30,ARIMA
2024-09-18,18.67,18.7955,HPG,70_30,ARIMA
2024-09-19,18.78,18.6453,HPG,70_30,ARIMA
2024-09-20,19.08,18.7887,HPG,70_30,ARIMA
2024-09-23,19.12,19.0857,HPG,70_30,ARIMA
2024-09-24,19.23,19.1055,HPG,70_30,ARIMA
2024-09-25,19.49,19.2323,HPG,70_30,ARIMA
2024-09-26,19.38,19.4976,HPG,70_30,ARIMA
2024-09-27,19.38,19.365,HPG,70_30,ARIMA
2024-09-30,19.6,19.3894,HPG,70_30,ARIMA
2024-10-01,19.9,19.6117,HPG,70_30,ARIMA
2024-10-02,19.57,19.8985,HPG,70_30,ARIMA
2024-10-03,19.49,19.5403,HPG,70_30,ARIMA
2024-10-04,19.49,19.5114,HPG,70_30,ARIMA
2024-10-07,19.64,19.5004,HPG,70_30,ARIMA
2024-10-08,20.05,19.6436,HPG,70_30,ARIMA
2024-10-09,20.46,20.0497,HPG,70_30,ARIMA
2024-10-10,20.27,20.449,HPG,70_30,ARIMA
2024-10-11,20.31,20.2416,HPG,70_30,ARIMA
2024-10-14,20.12,20.3313,HPG,70_30,ARIMA
2024-10-15,20.2,20.1205,HPG,70_30,ARIMA
2024-10-16,20.16,20.2166,HPG,70_30,ARIMA
2024-10-17,20.27,20.1517,HPG,70_30,ARIMA
2024-10-18,20.05,20.2743,HPG,70_30,ARIMA
2024-10-21,19.9,20.0348,HPG,70_30,ARIMA
2024-10-22,19.83,19.9088,HPG,70_30,ARIMA
2024-10-23,19.68,19.8372,HPG,70_30,ARIMA
2024-10-24,19.68,19.6771,HPG,70_30,ARIMA
2024-10-25,19.68,19.6844,HPG,70_30,ARIMA
2024-10-28,19.9,19.677,HPG,70_30,ARIMA
2024-10-29,20.12,19.9048,HPG,70_30,ARIMA
2024-10-30,20.09,20.1127,HPG,70_30,ARIMA
2024-10-31,20.01,20.0762,HPG,70_30,ARIMA
2024-11-01,19.75,20.0123,HPG,70_30,ARIMA
2024-11-04,19.57,19.751,HPG,70_30,ARIMA
2024-11-05,19.71,19.5812,HPG,70_30,ARIMA
2024-11-06,20.05,19.724,HPG,70_30,ARIMA
2024-11-07,20.05,20.0492,HPG,70_30,ARIMA
2024-11-08,20.09,20.0245,HPG,70_30,ARIMA
2024-11-11,20.61,20.0916,HPG,70_30,ARIMA
2024-11-12,20.46,20.6316,HPG,70_30,ARIMA
2024-11-13,20.12,20.4268,HPG,70_30,ARIMA
2024-11-14,19.57,20.1189,HPG,70_30,ARIMA
2024-11-15,19.27,19.5776,HPG,70_30,ARIMA
2024-11-18,19.19,19.2952,HPG,70_30,ARIMA
2024-11-19,18.93,19.1993,HPG,70_30,ARIMA
2024-11-20,19.04,18.9148,HPG,70_30,ARIMA
2024-11-21,19.23,19.051,HPG,70_30,ARIMA
2024-11-22,19.42,19.2266,HPG,70_30,ARIMA
2024-11-25,19.57,19.4123,HPG,70_30,ARIMA
2024-11-26,19.6,19.5636,HPG,70_30,ARIMA
2024-11-27,19.57,19.5954,HPG,70_30,ARIMA
2024-11-28,19.64,19.5709,HPG,70_30,ARIMA
2024-11-29,19.9,19.6477,HPG,70_30,ARIMA
2024-12-02,20.01,19.9072,HPG,70_30,ARIMA
2024-12-03,20.09,19.9986,HPG,70_30,ARIMA
2024-12-04,19.86,20.0874,HPG,70_30,ARIMA
2024-12-05,20.72,19.8501,HPG,70_30,ARIMA
2024-12-06,20.53,20.769,HPG,70_30,ARIMA
2024-12-09,20.57,20.4741,HPG,70_30,ARIMA
2024-12-10,20.76,20.5815,HPG,70_30,ARIMA
2024-12-11,20.64,20.7723,HPG,70_30,ARIMA
2024-12-12,20.46,20.6303,HPG,70_30,ARIMA
2024-12-13,20.23,20.4601,HPG,70_30,ARIMA
2024-12-16,20.09,20.2347,HPG,70_30,ARIMA
2024-12-17,20.09,20.0983,HPG,70_30,ARIMA
2024-12-18,20.35,20.0947,HPG,70_30,ARIMA
2024-12-19,19.97,20.355,HPG,70_30,ARIMA
2024-12-20,19.86,19.9377,HPG,70_30,ARIMA
2024-12-23,20.09,19.8779,HPG,70_30,ARIMA
2024-12-24,19.86,20.1067,HPG,70_30,ARIMA
2024-12-25,20.2,19.8359,HPG,70_30,ARIMA
2024-12-26,20.09,20.2213,HPG,70_30,ARIMA
2024-12-27,19.97,20.0671,HPG,70_30,ARIMA
2024-12-30,19.9,19.9731,HPG,70_30,ARIMA
2024-12-31,19.83,19.9058,HPG,70_30,ARIMA
2025-01-02,20.09,19.8335,HPG,70_30,ARIMA
2025-01-03,19.79,20.1005,HPG,70_30,ARIMA
2025-01-06,19.38,19.7625,HPG,70_30,ARIMA
2025-01-07,19.38,19.3829,HPG,70_30,ARIMA
2025-01-08,19.53,19.4055,HPG,70_30,ARIMA
2025-01-09,19.34,19.5336,HPG,70_30,ARIMA
2025-01-10,19.01,19.317,HPG,70_30,ARIMA
2025-01-13,19.27,19.006,HPG,70_30,ARIMA
2025-01-14,19.23,19.2999,HPG,70_30,ARIMA
2025-01-15,19.49,19.2112,HPG,70_30,ARIMA
2025-01-16,19.57,19.4963,HPG,70_30,ARIMA
2025-01-17,19.71,19.5567,HPG,70_30,ARIMA
2025-01-20,19.68,19.7129,HPG,70_30,ARIMA
2025-01-21,19.57,19.6735,HPG,70_30,ARIMA
2025-01-22,19.45,19.5719,HPG,70_30,ARIMA
2025-01-23,19.83,19.4547,HPG,70_30,ARIMA
2025-01-24,19.75,19.8508,HPG,70_30,ARIMA
2025-02-03,19.64,19.7228,HPG,70_30,ARIMA
2025-02-04,19.97,19.6396,HPG,70_30,ARIMA
2025-02-05,19.94,19.9906,HPG,70_30,ARIMA
2025-02-06,19.94,19.9216,HPG,70_30,ARIMA
2025-02-07,19.83,19.9409,HPG,70_30,ARIMA
2025-02-10,18.9,19.8289,HPG,70_30,ARIMA
2025-02-11,19.42,18.8779,HPG,70_30,ARIMA
2025-02-12,19.23,19.4915,HPG,70_30,ARIMA
2025-02-13,19.27,19.1894,HPG,70_30,ARIMA
2025-02-14,19.42,19.2739,HPG,70_30,ARIMA
2025-02-17,19.45,19.4154,HPG,70_30,ARIMA
2025-02-18,19.75,19.4464,HPG,70_30,ARIMA
2025-02-19,19.71,19.756,HPG,70_30,ARIMA
2025-02-20,19.75,19.6931,HPG,70_30,ARIMA
2025-02-21,19.68,19.7567,HPG,70_30,ARIMA
2025-02-24,20.61,19.6783,HPG,70_30,ARIMA
2025-02-25,20.46,20.6453,HPG,70_30,ARIMA
2025-02-26,20.64,20.4015,HPG,70_30,ARIMA
2025-02-27,21.16,20.6561,HPG,70_30,ARIMA
2025-02-28,20.83,21.1726,HPG,70_30,ARIMA
2025-03-03,20.87,20.802,HPG,70_30,ARIMA
2025-03-04,20.72,20.8927,HPG,70_30,ARIMA
2025-03-05,20.49,20.7181,HPG,70_30,ARIMA
2025-03-06,20.79,20.4965,HPG,70_30,ARIMA
2025-03-07,20.87,20.8066,HPG,70_30,ARIMA
2025-03-10,20.79,20.8531,HPG,70_30,ARIMA
2025-03-11,20.94,20.7814,HPG,70_30,ARIMA
2025-03-12,20.68,20.9482,HPG,70_30,ARIMA
2025-03-13,20.61,20.6682,HPG,70_30,ARIMA
2025-03-14,20.49,20.6246,HPG,70_30,ARIMA
2025-03-17,20.72,20.4889,HPG,70_30,ARIMA
2025-03-18,20.53,20.7333,HPG,70_30,ARIMA
2025-03-19,20.27,20.507,HPG,70_30,ARIMA
2025-03-20,20.2,20.2733,HPG,70_30,ARIMA
2025-03-21,20.2,20.2118,HPG,70_30,ARIMA
2025-03-24,20.2,20.2043,HPG,70_30,ARIMA
2025-03-25,20.23,20.1953,HPG,70_30,ARIMA
2025-03-26,20.49,20.2269,HPG,70_30,ARIMA
2025-03-27,20.46,20.4946,HPG,70_30,ARIMA
2025-03-28,20.2,20.4444,HPG,70_30,ARIMA
2025-03-31,19.9,20.1962,HPG,70_30,ARIMA
2025-04-01,20.09,19.9084,HPG,70_30,ARIMA
2025-04-02,20.27,20.1146,HPG,70_30,ARIMA
2025-04-03,18.86,20.2603,HPG,70_30,ARIMA
2025-04-04,18.3,18.8065,HPG,70_30,ARIMA
2025-04-08,17.04,18.3665,HPG,70_30,ARIMA
2025-04-09,15.85,17.0205,HPG,70_30,ARIMA
2025-04-10,16.92,15.8417,HPG,70_30,ARIMA
2025-04-11,18.08,16.9852,HPG,70_30,ARIMA
2025-04-14,18.86,18.0587,HPG,70_30,ARIMA
2025-04-15,19.23,18.8351,HPG,70_30,ARIMA
2025-04-16,18.97,19.1914,HPG,70_30,ARIMA
2025-04-17,18.97,18.9268,HPG,70_30,ARIMA
2025-04-18,18.93,18.9802,HPG,70_30,ARIMA
2025-04-21,18.56,18.9262,HPG,70_30,ARIMA
2025-04-22,18.64,18.549,HPG,70_30,ARIMA
2025-04-23,19.01,18.6637,HPG,70_30,ARIMA
2025-04-24,19.04,19.0234,HPG,70_30,ARIMA
2025-04-25,19.12,19.0258,HPG,70_30,ARIMA
2025-04-28,19.08,19.1207,HPG,70_30,ARIMA
2025-04-29,18.97,19.0685,HPG,70_30,ARIMA
2025-05-05,19.12,18.9676,HPG,70_30,ARIMA
2025-05-06,18.93,19.1323,HPG,70_30,ARIMA
2025-05-07,18.9,18.913,HPG,70_30,ARIMA
2025-05-08,19.12,18.911,HPG,70_30,ARIMA
2025-05-09,19.08,19.1294,HPG,70_30,ARIMA
2025-05-12,18.9,19.0688,HPG,70_30,ARIMA
2025-05-13,19.19,18.8939,HPG,70_30,ARIMA
2025-05-14,19.45,19.2107,HPG,70_30,ARIMA
2025-05-15,19.45,19.4467,HPG,70_30,ARIMA
2025-05-16,19.19,19.4383,HPG,70_30,ARIMA
2025-05-19,19.08,19.1734,HPG,70_30,ARIMA
2025-05-20,19.08,19.0866,HPG,70_30,ARIMA
2025-05-21,19.16,19.0865,HPG,70_30,ARIMA
2025-05-22,19.08,19.1674,HPG,70_30,ARIMA
2025-05-23,19.04,19.0724,HPG,70_30,ARIMA
2025-05-26,19.01,19.0425,HPG,70_30,ARIMA
2025-05-27,19.01,19.0096,HPG,70_30,ARIMA
2025-05-28,19.04,19.013,HPG,70_30,ARIMA
2025-05-29,19.01,19.0418,HPG,70_30,ARIMA
2025-05-30,19.16,19.0071,HPG,70_30,ARIMA
2025-06-02,19.01,19.169,HPG,70_30,ARIMA
2025-06-03,19.34,18.9937,HPG,70_30,ARIMA
2025-06-04,19.3,19.3651,HPG,70_30,ARIMA
2025-06-05,19.16,19.2768,HPG,70_30,ARIMA
2025-06-06,19.38,19.1587,HPG,70_30,ARIMA
2025-06-09,19.57,19.3932,HPG,70_30,ARIMA
2025-06-10,19.49,19.5677,HPG,70_30,ARIMA
2025-06-11,19.42,19.4775,HPG,70_30,ARIMA
2025-06-12,19.94,19.4182,HPG,70_30,ARIMA
2025-06-13,19.64,19.9666,HPG,70_30,ARIMA
2025-06-16,19.9,19.5972,HPG,70_30,ARIMA
2025-06-17,19.97,19.9311,HPG,70_30,ARIMA
2025-06-18,20.2,19.9503,HPG,70_30,ARIMA
2025-06-19,20.01,20.2122,HPG,70_30,ARIMA
2025-06-20,20.09,19.9846,HPG,70_30,ARIMA
2025-06-23,19.97,20.1042,HPG,70_30,ARIMA
2025-06-24,20.09,19.9569,HPG,70_30,ARIMA
2025-06-25,20.23,20.105,HPG,70_30,ARIMA
2025-06-26,20.35,20.2283,HPG,70_30,ARIMA
2025-06-27,20.4,20.3494,HPG,70_30,ARIMA
2025-06-30,20.27,20.3941,HPG,70_30,ARIMA
2025-07-01,20.22,20.2597,HPG,70_30,ARIMA
2025-07-02,20.44,20.2237,HPG,70_30,ARIMA
2025-07-03,20.62,20.4523,HPG,70_30,ARIMA
2025-07-04,20.76,20.6176,HPG,70_30,ARIMA
2025-07-07,21.07,20.7571,HPG,70_30,ARIMA
2025-07-08,22.05,21.074,HPG,70_30,ARIMA
2025-07-09,22.1,22.0786,HPG,70_30,ARIMA
2025-07-10,22.45,22.0476,HPG,70_30,ARIMA
2025-07-11,23.21,22.464,HPG,70_30,ARIMA
2025-07-14,22.99,23.2204,HPG,70_30,ARIMA
2025-07-15,22.76,22.9421,HPG,70_30,ARIMA
2025-07-16,23.3,22.7617,HPG,70_30,ARIMA
2025-07-17,23.21,23.3295,HPG,70_30,ARIMA
2025-07-18,23.12,23.1771,HPG,70_30,ARIMA
2025-07-21,23.39,23.1278,HPG,70_30,ARIMA
2025-07-22,23.61,23.401,HPG,70_30,ARIMA
2025-07-23,23.57,23.606,HPG,70_30,ARIMA
2025-07-24,23.21,23.5594,HPG,70_30,ARIMA
2025-07-25,23.26,23.1938,HPG,70_30,ARIMA
2025-07-28,23.52,23.2799,HPG,70_30,ARIMA
2025-07-29,22.63,23.5271,HPG,70_30,ARIMA
2025-07-30,22.68,22.5772,HPG,70_30,ARIMA
2025-07-31,22.27,22.7349,HPG,70_30,ARIMA
2025-08-01,22.45,22.2365,HPG,70_30,ARIMA
2025-08-04,22.59,22.4897,HPG,70_30,ARIMA
2025-08-05,23.57,22.5821,HPG,70_30,ARIMA
2025-08-06,24.19,23.6135,HPG,70_30,ARIMA
2025-08-07,25.44,24.1697,HPG,70_30,ARIMA
2025-08-08,25.0,25.4835,HPG,70_30,ARIMA
2025-08-11,25.13,24.9108,HPG,70_30,ARIMA
2025-08-12,25.44,25.1522,HPG,70_30,ARIMA
2025-08-13,25.09,25.4327,HPG,70_30,ARIMA
2025-08-14,25.18,25.0551,HPG,70_30,ARIMA
2025-08-15,25.0,25.205,HPG,70_30,ARIMA
2025-08-18,25.35,24.9799,HPG,70_30,ARIMA
2025-08-19,25.13,25.3781,HPG,70_30,ARIMA
2025-08-20,24.46,25.1028,HPG,70_30,ARIMA
2025-08-21,24.46,24.4417,HPG,70_30,ARIMA
2025-08-22,23.21,24.4874,HPG,70_30,ARIMA
2025-08-25,23.17,23.1434,HPG,70_30,ARIMA
2025-08-26,24.28,23.2311,HPG,70_30,ARIMA
2025-08-27,23.88,24.3265,HPG,70_30,ARIMA
2025-08-28,24.19,23.8251,HPG,70_30,ARIMA
2025-08-29,24.55,24.2415,HPG,70_30,ARIMA
2025-09-03,25.13,24.5255,HPG,70_30,ARIMA
2025-09-04,26.65,25.1455,HPG,70_30,ARIMA
2025-09-05,25.71,26.7011,HPG,70_30,ARIMA
2025-09-08,25.8,25.5978,HPG,70_30,ARIMA
2025-09-09,25.76,25.8614,HPG,70_30,ARIMA
2025-09-10,25.76,25.7144,HPG,70_30,ARIMA
2025-09-11,26.02,25.791,HPG,70_30,ARIMA
2025-09-12,26.78,26.0213,HPG,70_30,ARIMA
2025-09-15,27.09,26.8031,HPG,70_30,ARIMA
2025-09-16,26.74,27.0727,HPG,70_30,ARIMA
2025-09-17,26.07,26.7146,HPG,70_30,ARIMA
2025-09-18,26.02,26.0446,HPG,70_30,ARIMA
2025-09-19,26.11,26.043,HPG,70_30,ARIMA
2025-09-22,25.35,26.1181,HPG,70_30,ARIMA
2025-09-23,25.58,25.3219,HPG,70_30,ARIMA
2025-09-24,25.93,25.6267,HPG,70_30,ARIMA
2025-09-25,25.71,25.9224,HPG,70_30,ARIMA
2025-09-26,25.49,25.7021,HPG,70_30,ARIMA
2025-09-29,25.53,25.4894,HPG,70_30,ARIMA
2025-09-30,25.13,25.5332,HPG,70_30,ARIMA
2025-10-01,25.26,25.1119,HPG,70_30,ARIMA
2025-10-02,25.09,25.2902,HPG,70_30,ARIMA
2025-10-03,24.68,25.069,HPG,70_30,ARIMA
2025-10-06,26.07,24.6802,HPG,70_30,ARIMA
2025-10-07,25.89,26.1427,HPG,70_30,ARIMA
2025-10-08,26.07,25.8112,HPG,70_30,ARIMA
2025-10-09,25.84,26.1167,HPG,70_30,ARIMA
2025-10-10,26.42,25.7861,HPG,70_30,ARIMA
2025-10-13,25.89,26.4625,HPG,70_30,ARIMA
2025-10-14,25.31,25.8376,HPG,70_30,ARIMA
2025-10-15,25.22,25.3241,HPG,70_30,ARIMA
2025-10-16,25.22,25.2269,HPG,70_30,ARIMA
2025-10-17,25.0,25.2261,HPG,70_30,ARIMA
2025-10-20,23.26,25.0015,HPG,70_30,ARIMA
2025-10-21,23.93,23.1984,HPG,70_30,ARIMA
2025-10-22,23.84,24.0336,HPG,70_30,ARIMA
2025-10-23,23.66,23.7851,HPG,70_30,ARIMA
2025-10-24,23.57,23.6907,HPG,70_30,ARIMA
2025-10-27,23.43,23.5646,HPG,70_30,ARIMA
2025-10-28,23.93,23.429,HPG,70_30,ARIMA
2025-10-29,24.33,23.9545,HPG,70_30,ARIMA
2025-10-30,24.01,24.3193,HPG,70_30,ARIMA
2025-10-31,23.84,23.9885,HPG,70_30,ARIMA
2025-11-03,23.26,23.8479,HPG,70_30,ARIMA
2025-11-04,23.88,23.2395,HPG,70_30,ARIMA
2025-11-05,23.48,23.9327,HPG,70_30,ARIMA
2025-11-06,23.3,23.4323,HPG,70_30,ARIMA
2025-11-07,23.26,23.3268,HPG,70_30,ARIMA
2025-11-10,23.61,23.2519,HPG,70_30,ARIMA
2025-11-11,23.75,23.6279,HPG,70_30,ARIMA
2025-11-12,24.1,23.7382,HPG,70_30,ARIMA
2025-11-13,23.7,24.1089,HPG,70_30,ARIMA
2025-11-14,24.01,23.6682,HPG,70_30,ARIMA
2025-11-17,24.37,24.0415,HPG,70_30,ARIMA
2025-11-18,24.55,24.3594,HPG,70_30,ARIMA
2025-11-19,24.64,24.5483,HPG,70_30,ARIMA
2025-11-20,24.33,24.6336,HPG,70_30,ARIMA
2025-11-21,24.46,24.3153,HPG,70_30,ARIMA
2025-11-24,24.19,24.4793,HPG,70_30,ARIMA
2025-11-25,24.01,24.172,HPG,70_30,ARIMA
2025-11-26,24.19,24.0218,HPG,70_30,ARIMA
2025-11-27,24.01,24.1982,HPG,70_30,ARIMA
2025-11-28,23.7,23.9977,HPG,70_30,ARIMA
2025-12-01,23.66,23.7011,HPG,70_30,ARIMA
2025-12-02,23.66,23.6681,HPG,70_30,ARIMA
2025-12-03,23.93,23.6611,HPG,70_30,ARIMA
2025-12-04,24.37,23.9409,HPG,70_30,ARIMA
2025-12-05,24.1,24.371,HPG,70_30,ARIMA
2025-12-08,23.88,24.0737,HPG,70_30,ARIMA
2025-12-09,23.57,23.8871,HPG,70_30,ARIMA
2025-12-10,23.79,23.5633,HPG,70_30,ARIMA
2025-12-11,23.7,23.8149,HPG,70_30,ARIMA
2025-12-12,23.21,23.685,HPG,70_30,ARIMA
2025-12-15,23.43,23.2029,HPG,70_30,ARIMA
2025-12-16,23.84,23.4549,HPG,70_30,ARIMA
2025-12-17,23.57,23.8395,HPG,70_30,ARIMA
2025-12-18,23.57,23.5492,HPG,70_30,ARIMA
2025-12-19,23.84,23.5829,HPG,70_30,ARIMA
2025-12-22,24.01,23.8418,HPG,70_30,ARIMA
2025-12-23,23.88,24.007,HPG,70_30,ARIMA
2025-12-24,23.7,23.8696,HPG,70_30,ARIMA
2025-12-25,23.43,23.6997,HPG,70_30,ARIMA
2025-12-26,24.01,23.4279,HPG,70_30,ARIMA
2025-12-29,23.84,24.0418,HPG,70_30,ARIMA
2025-12-30,23.66,23.8047,HPG,70_30,ARIMA
2025-12-31,23.57,23.6711,HPG,70_30,ARIMA
2026-01-05,23.17,23.5671,HPG,70_30,ARIMA
2026-01-06,23.17,23.1648,HPG,70_30,ARIMA
2026-01-07,23.75,23.1896,HPG,70_30,ARIMA
2026-01-08,23.57,23.7639,HPG,70_30,ARIMA
2026-01-09,23.39,23.5396,HPG,70_30,ARIMA
2026-01-12,24.55,23.398,HPG,70_30,ARIMA
2026-01-13,24.33,24.5852,HPG,70_30,ARIMA
2026-01-14,24.33,24.2659,HPG,70_30,ARIMA
2026-01-15,24.64,24.3596,HPG,70_30,ARIMA
2026-01-16,24.64,24.6306,HPG,70_30,ARIMA
2026-01-19,24.73,24.6307,HPG,70_30,ARIMA
2026-01-20,24.33,24.7367,HPG,70_30,ARIMA
2026-01-21,23.93,24.3101,HPG,70_30,ARIMA
2026-01-22,23.97,23.9414,HPG,70_30,ARIMA
2026-01-23,23.88,23.9843,HPG,70_30,ARIMA
2026-01-26,23.48,23.8746,HPG,70_30,ARIMA
2026-01-27,23.61,23.4767,HPG,70_30,ARIMA
2026-01-28,23.84,23.6307,HPG,70_30,ARIMA
2026-01-29,24.19,23.8348,HPG,70_30,ARIMA
2026-01-30,23.93,24.1954,HPG,70_30,ARIMA
2026-02-02,23.7,23.9049,HPG,70_30,ARIMA
2026-02-03,23.88,23.7098,HPG,70_30,ARIMA
2026-02-04,25.26,23.8899,HPG,70_30,ARIMA
2026-02-05,24.59,25.2938,HPG,70_30,ARIMA
2026-02-06,23.93,24.5019,HPG,70_30,ARIMA
2026-02-09,23.88,23.967,HPG,70_30,ARIMA
2026-02-10,23.7,23.8959,HPG,70_30,ARIMA
2026-02-11,23.97,23.7018,HPG,70_30,ARIMA
2026-02-12,24.01,23.9898,HPG,70_30,ARIMA
2026-02-13,23.97,23.9895,HPG,70_30,ARIMA
2026-02-23,24.55,23.9719,HPG,70_30,ARIMA
2026-02-24,25.26,24.5648,HPG,70_30,ARIMA
2026-02-25,26.16,25.2488,HPG,70_30,ARIMA
2026-02-26,26.25,26.1598,HPG,70_30,ARIMA
2026-02-27,25.71,26.2084,HPG,70_30,ARIMA
2026-03-02,25.44,25.6951,HPG,70_30,ARIMA
2026-03-03,24.73,25.456,HPG,70_30,ARIMA
2026-03-04,24.73,24.7165,HPG,70_30,ARIMA
2026-03-05,24.33,24.7743,HPG,70_30,ARIMA
2026-03-06,24.33,24.3091,HPG,70_30,ARIMA
2026-03-09,22.63,24.3602,HPG,70_30,ARIMA
2026-03-10,24.19,22.5633,HPG,70_30,ARIMA
2026-03-11,24.46,24.3108,HPG,70_30,ARIMA
2026-03-12,23.93,24.3727,HPG,70_30,ARIMA
2026-03-13,23.79,23.9369,HPG,70_30,ARIMA
2026-03-16,23.88,23.8041,HPG,70_30,ARIMA
2026-03-17,24.01,23.8832,HPG,70_30,ARIMA
2026-03-18,23.93,24.0107,HPG,70_30,ARIMA
2026-03-19,23.84,23.9222,HPG,70_30,ARIMA
2026-03-20,23.12,23.8428,HPG,70_30,ARIMA
2026-03-23,22.76,23.1069,HPG,70_30,ARIMA
2026-03-24,23.17,22.79,HPG,70_30,ARIMA
2026-03-25,23.52,23.1924,HPG,70_30,ARIMA
2026-03-26,23.12,23.5075,HPG,70_30,ARIMA
2026-03-27,23.66,23.0957,HPG,70_30,ARIMA
2026-03-30,24.01,23.6948,HPG,70_30,ARIMA
2026-03-31,24.01,23.9812,HPG,70_30,ARIMA
2026-04-01,24.24,23.9993,HPG,70_30,ARIMA
2026-04-02,24.42,24.2455,HPG,70_30,ARIMA
2026-04-03,23.79,24.4093,HPG,70_30,ARIMA
2026-04-06,23.97,23.7678,HPG,70_30,ARIMA
2026-04-07,23.93,24.0096,HPG,70_30,ARIMA
2026-04-08,25.0,23.9099,HPG,70_30,ARIMA
2026-04-09,25.22,25.0315,HPG,70_30,ARIMA
2026-04-10,25.0,25.1647,HPG,70_30,ARIMA
2026-04-13,24.82,24.9933,HPG,70_30,ARIMA
2026-04-14,25.49,24.8222,HPG,70_30,ARIMA
2026-04-15,25.04,25.5125,HPG,70_30,ARIMA
2026-04-16,24.95,24.9922,HPG,70_30,ARIMA
2026-04-17,25.0,24.9808,HPG,70_30,ARIMA
2026-04-20,25.4,24.999,HPG,70_30,ARIMA
2026-04-21,25.49,25.4049,HPG,70_30,ARIMA
2026-04-22,25.18,25.4712,HPG,70_30,ARIMA
2026-04-23,24.82,25.1718,HPG,70_30,ARIMA
2026-04-24,24.91,24.829,HPG,70_30,ARIMA
2026-04-28,24.77,24.929,HPG,70_30,ARIMA
2026-04-29,24.77,24.7599,HPG,70_30,ARIMA
2026-05-04,24.64,24.7804,HPG,70_30,ARIMA
2026-05-05,24.37,24.6363,HPG,70_30,ARIMA
2026-05-06,24.64,24.3719,HPG,70_30,ARIMA
2026-05-07,24.77,24.66,HPG,70_30,ARIMA
2026-05-08,24.86,24.7557,HPG,70_30,ARIMA
2026-05-11,24.55,24.8579,HPG,70_30,ARIMA
2026-05-12,24.45,24.5387,HPG,70_30,ARIMA
2026-05-13,24.64,24.4655,HPG,70_30,ARIMA
2026-05-14,24.59,24.6469,HPG,70_30,ARIMA
2026-05-15,24.14,24.5783,HPG,70_30,ARIMA
2026-05-18,24.05,24.1353,HPG,70_30,ARIMA
2026-05-19,23.86,24.0729,HPG,70_30,ARIMA
2026-05-20,23.82,23.8574,HPG,70_30,ARIMA
2026-05-21,24.14,23.8305,HPG,70_30,ARIMA
2026-05-22,23.95,24.1482,HPG,70_30,ARIMA
2026-05-25,24.1,23.928,HPG,70_30,ARIMA
2026-05-26,24.25,24.1168,HPG,70_30,ARIMA
2026-05-27,24.15,24.2419,HPG,70_30,ARIMA
2026-05-28,24.0,24.1412,HPG,70_30,ARIMA
2026-05-29,24.0,24.0033,HPG,70_30,ARIMA
2026-06-01,24.05,24.0071,HPG,70_30,ARIMA
2026-06-02,23.7,24.0501,HPG,70_30,ARIMA
2026-06-03,24.15,23.6903,HPG,70_30,ARIMA
2026-06-04,23.95,24.1798,HPG,70_30,ARIMA
2026-06-05,23.75,23.9173,HPG,70_30,ARIMA
2026-06-08,23.3,23.7626,HPG,70_30,ARIMA
2026-06-09,23.55,23.2994,HPG,70_30,ARIMA
2026-06-10,23.6,23.5789,HPG,70_30,ARIMA
2026-06-11,23.3,23.5842,HPG,70_30,ARIMA
2026-06-12,23.2,23.2944,HPG,70_30,ARIMA
2026-06-15,24.35,23.2154,HPG,70_30,ARIMA
2026-06-16,24.2,24.3753,HPG,70_30,ARIMA
2026-06-17,24.0,24.1294,HPG,70_30,ARIMA
2026-06-18,23.65,24.0157,HPG,70_30,ARIMA
2026-06-19,23.6,23.6535,HPG,70_30,ARIMA
2026-06-22,23.6,23.6151,HPG,70_30,ARIMA
2026-06-23,23.3,23.6012,HPG,70_30,ARIMA
2026-06-24,23.5,23.2946,HPG,70_30,ARIMA
2026-06-25,23.4,23.5224,HPG,70_30,ARIMA
2026-06-26,23.5,23.3844,HPG,70_30,ARIMA
2026-06-29,23.65,23.5094,HPG,70_30,ARIMA
2026-06-30,23.3,23.6469,HPG,70_30,ARIMA
2026-07-01,23.45,23.2851,HPG,70_30,ARIMA
2026-07-02,23.4,23.4744,HPG,70_30,ARIMA
2026-07-03,23.25,23.3874,HPG,70_30,ARIMA
2026-07-06,23.1,23.2515,HPG,70_30,ARIMA
2026-07-07,23.1,23.1062,HPG,70_30,ARIMA
2026-07-08,23.2,23.1074,HPG,70_30,ARIMA
2026-07-09,23.2,23.2011,HPG,70_30,ARIMA
2026-07-10,22.95,23.1947,HPG,70_30,ARIMA
2026-07-13,22.4,22.9464,HPG,70_30,ARIMA
2026-07-14,22.5,22.404,HPG,70_30,ARIMA
2026-07-15,22.4,22.5322,HPG,70_30,ARIMA
2026-07-16,22.2,22.3886,HPG,70_30,ARIMA
2026-07-17,21.85,22.2038,HPG,70_30,ARIMA
2026-07-20,20.6,21.8549,HPG,70_30,ARIMA
2026-07-21,20.8,20.5922,HPG,70_30,ARIMA
2026-07-22,20.7,20.8731,HPG,70_30,ARIMA
2026-07-23,20.8,20.6762,HPG,70_30,ARIMA
2026-07-24,20.8,20.8097,HPG,70_30,ARIMA
2026-07-27,20.35,20.7915,HPG,70_30,ARIMA
2026-07-28,21.0,20.3428,HPG,70_30,ARIMA
2026-07-29,21.65,21.037,HPG,70_30,ARIMA
2026-07-30,21.8,21.6222,HPG,70_30,ARIMA
2026-07-31,21.7,21.7716,HPG,70_30,ARIMA
2026-08-03,22.55,21.6917,HPG,70_30,ARIMA
2026-08-04,22.15,22.5771,HPG,70_30,ARIMA
2026-08-05,22.0,22.0942,HPG,70_30,ARIMA
2026-08-06,21.85,22.0284,HPG,70_30,ARIMA
2026-08-07,22.0,21.852,HPG,70_30,ARIMA
2026-08-10,22.1,22.0108,HPG,70_30,ARIMA
2026-08-11,22.05,22.0914,HPG,70_30,ARIMA
2026-08-12,22.1,22.0444,HPG,70_30,ARIMA
2026-08-13,21.7,22.1045,HPG,70_30,ARIMA
2026-08-14,21.25,21.6894,HPG,70_30,ARIMA
2026-08-17,21.2,21.2645,HPG,70_30,ARIMA
2026-08-18,21.0,21.2211,HPG,70_30,ARIMA
2026-08-19,21.2,20.9948,HPG,70_30,ARIMA
2026-08-20,21.15,21.2144,HPG,70_30,ARIMA
2026-08-21,21.7,21.1353,HPG,70_30,ARIMA
2026-08-24,22.25,21.7152,HPG,70_30,ARIMA
2026-08-25,21.8,22.2298,HPG,70_30,ARIMA
2026-08-26,22.05,21.7647,HPG,70_30,ARIMA
2026-08-27,22.2,22.0847,HPG,70_30,ARIMA
2026-08-28,22.1,22.1845,HPG,70_30,ARIMA
2026-09-03,21.6,22.093,HPG,70_30,ARIMA
2026-09-04,21.7,21.5974,HPG,70_30,ARIMA
2026-09-07,21.55,21.7294,HPG,70_30,ARIMA
2026-09-08,21.85,21.5367,HPG,70_30,ARIMA
2026-09-09,22.05,21.8653,HPG,70_30,ARIMA
2026-09-10,21.85,22.0357,HPG,70_30,ARIMA
2026-09-11,21.3,21.8376,HPG,70_30,ARIMA
2026-09-14,20.9,21.3023,HPG,70_30,ARIMA
2026-09-15,21.2,20.9214,HPG,70_30,ARIMA
2026-09-16,20.95,21.225,HPG,70_30,ARIMA
2026-09-17,21.2,20.9249,HPG,70_30,ARIMA
2024-05-16,23.38,23.195,VIC,70_30,ARIMA
2024-05-17,23.42,23.3742,VIC,70_30,ARIMA
2024-05-20,23.35,23.4154,VIC,70_30,ARIMA
2024-05-21,23.22,23.3664,VIC,70_30,ARIMA
2024-05-22,22.75,23.2181,VIC,70_30,ARIMA
2024-05-23,22.78,22.739,VIC,70_30,ARIMA
2024-05-24,22.48,22.7799,VIC,70_30,ARIMA
2024-05-27,22.52,22.4729,VIC,70_30,ARIMA
2024-05-28,22.52,22.5177,VIC,70_30,ARIMA
2024-05-29,22.2,22.503,VIC,70_30,ARIMA
2024-05-30,21.58,22.1919,VIC,70_30,ARIMA
2024-05-31,21.78,21.5372,VIC,70_30,ARIMA
2024-06-03,21.98,21.7864,VIC,70_30,ARIMA
2024-06-04,22.05,22.0024,VIC,70_30,ARIMA
2024-06-05,22.1,22.046,VIC,70_30,ARIMA
2024-06-06,21.85,22.07,VIC,70_30,ARIMA
2024-06-07,21.75,21.8461,VIC,70_30,ARIMA
2024-06-10,21.72,21.7505,VIC,70_30,ARIMA
2024-06-11,21.6,21.7234,VIC,70_30,ARIMA
2024-06-12,21.65,21.6015,VIC,70_30,ARIMA
2024-06-13,21.6,21.641,VIC,70_30,ARIMA
2024-06-14,21.0,21.596,VIC,70_30,ARIMA
2024-06-17,21.0,20.9748,VIC,70_30,ARIMA
2024-06-18,21.05,20.9875,VIC,70_30,ARIMA
2024-06-19,20.75,21.0626,VIC,70_30,ARIMA
2024-06-20,20.72,20.7439,VIC,70_30,ARIMA
2024-06-21,20.82,20.6877,VIC,70_30,ARIMA
2024-06-24,20.55,20.8268,VIC,70_30,ARIMA
2024-06-25,20.6,20.5468,VIC,70_30,ARIMA
2024-06-26,20.6,20.5845,VIC,70_30,ARIMA
2024-06-27,20.5,20.6013,VIC,70_30,ARIMA
2024-06-28,20.6,20.5033,VIC,70_30,ARIMA
2024-07-01,20.68,20.5901,VIC,70_30,ARIMA
2024-07-02,20.8,20.6879,VIC,70_30,ARIMA
2024-07-03,20.68,20.8058,VIC,70_30,ARIMA
2024-07-04,20.7,20.6699,VIC,70_30,ARIMA
2024-07-05,20.7,20.7014,VIC,70_30,ARIMA
2024-07-08,20.2,20.7038,VIC,70_30,ARIMA
2024-07-09,20.4,20.1866,VIC,70_30,ARIMA
2024-07-10,20.3,20.3965,VIC,70_30,ARIMA
2024-07-11,20.55,20.3054,VIC,70_30,ARIMA
2024-07-12,20.88,20.5627,VIC,70_30,ARIMA
2024-07-15,20.68,20.8724,VIC,70_30,ARIMA
2024-07-16,20.52,20.6831,VIC,70_30,ARIMA
2024-07-17,20.3,20.4994,VIC,70_30,ARIMA
2024-07-18,20.27,20.2988,VIC,70_30,ARIMA
2024-07-19,20.38,20.2857,VIC,70_30,ARIMA
2024-07-22,20.38,20.3799,VIC,70_30,ARIMA
2024-07-23,20.42,20.3774,VIC,70_30,ARIMA
2024-07-24,20.45,20.4107,VIC,70_30,ARIMA
2024-07-25,20.8,20.4489,VIC,70_30,ARIMA
2024-07-26,20.8,20.8188,VIC,70_30,ARIMA
2024-07-29,20.8,20.8032,VIC,70_30,ARIMA
2024-07-30,21.1,20.797,VIC,70_30,ARIMA
2024-07-31,21.15,21.1088,VIC,70_30,ARIMA
2024-08-01,21.05,21.1713,VIC,70_30,ARIMA
2024-08-02,21.0,21.0429,VIC,70_30,ARIMA
2024-08-05,20.65,20.9923,VIC,70_30,ARIMA
2024-08-06,20.65,20.6495,VIC,70_30,ARIMA
2024-08-07,21.18,20.6501,VIC,70_30,ARIMA
2024-08-08,20.9,21.2018,VIC,70_30,ARIMA
2024-08-09,20.6,20.8973,VIC,70_30,ARIMA
2024-08-12,20.3,20.5626,VIC,70_30,ARIMA
2024-08-13,20.35,20.2811,VIC,70_30,ARIMA
2024-08-14,20.4,20.3799,VIC,70_30,ARIMA
2024-08-15,20.4,20.3976,VIC,70_30,ARIMA
2024-08-16,20.58,20.3903,VIC,70_30,ARIMA
2024-08-19,20.58,20.5724,VIC,70_30,ARIMA
2024-08-20,20.85,20.5836,VIC,70_30,ARIMA
2024-08-21,20.92,20.8608,VIC,70_30,ARIMA
2024-08-22,20.78,20.9235,VIC,70_30,ARIMA
2024-08-23,20.78,20.7799,VIC,70_30,ARIMA
2024-08-26,21.08,20.774,VIC,70_30,ARIMA
2024-08-27,22.55,21.105,VIC,70_30,ARIMA
2024-08-28,22.2,22.6181,VIC,70_30,ARIMA
2024-08-29,22.1,22.1923,VIC,70_30,ARIMA
2024-08-30,22.1,22.0695,VIC,70_30,ARIMA
2024-09-04,22.0,22.0981,VIC,70_30,ARIMA
2024-09-05,22.52,22.0688,VIC,70_30,ARIMA
2024-09-06,22.32,22.5247,VIC,70_30,ARIMA
2024-09-09,21.85,22.3144,VIC,70_30,ARIMA
2024-09-10,21.5,21.8239,VIC,70_30,ARIMA
2024-09-11,21.5,21.472,VIC,70_30,ARIMA
2024-09-12,21.45,21.5291,VIC,70_30,ARIMA
2024-09-13,21.45,21.4494,VIC,70_30,ARIMA
2024-09-16,21.02,21.4322,VIC,70_30,ARIMA
2024-09-17,21.45,20.9871,VIC,70_30,ARIMA
2024-09-18,21.32,21.4631,VIC,70_30,ARIMA
2024-09-19,21.45,21.3228,VIC,70_30,ARIMA
2024-09-20,21.15,21.4537,VIC,70_30,ARIMA
2024-09-23,21.18,21.1158,VIC,70_30,ARIMA
2024-09-24,21.28,21.1978,VIC,70_30,ARIMA
2024-09-25,21.3,21.2805,VIC,70_30,ARIMA
2024-09-26,21.3,21.3114,VIC,70_30,ARIMA
2024-09-27,21.25,21.2846,VIC,70_30,ARIMA
2024-09-30,21.0,21.2479,VIC,70_30,ARIMA
2024-10-01,21.15,20.994,VIC,70_30,ARIMA
2024-10-02,21.02,21.1548,VIC,70_30,ARIMA
2024-10-03,20.68,21.0205,VIC,70_30,ARIMA
2024-10-04,20.5,20.664,VIC,70_30,ARIMA
2024-10-07,20.42,20.4773,VIC,70_30,ARIMA
2024-10-08,20.45,20.4279,VIC,70_30,ARIMA
2024-10-09,20.8,20.4509,VIC,70_30,ARIMA
2024-10-10,20.7,20.8018,VIC,70_30,ARIMA
2024-10-11,20.9,20.6922,VIC,70_30,ARIMA
2024-10-14,21.08,20.8981,VIC,70_30,ARIMA
2024-10-15,20.82,21.0875,VIC,70_30,ARIMA
2024-10-16,20.75,20.8267,VIC,70_30,ARIMA
2024-10-17,20.78,20.7348,VIC,70_30,ARIMA
2024-10-18,20.9,20.7908,VIC,70_30,ARIMA
2024-10-21,21.12,20.9177,VIC,70_30,ARIMA
2024-10-22,21.1,21.1185,VIC,70_30,ARIMA
2024-10-23,21.6,21.0964,VIC,70_30,ARIMA
2024-10-24,21.02,21.6165,VIC,70_30,ARIMA
2024-10-25,20.78,21.0058,VIC,70_30,ARIMA
2024-10-28,20.72,20.7681,VIC,70_30,ARIMA
2024-10-29,20.68,20.7151,VIC,70_30,ARIMA
2024-10-30,20.5,20.7118,VIC,70_30,ARIMA
2024-10-31,20.78,20.4695,VIC,70_30,ARIMA
2024-11-01,20.6,20.7793,VIC,70_30,ARIMA
2024-11-04,20.6,20.5962,VIC,70_30,ARIMA
2024-11-05,20.65,20.5948,VIC,70_30,ARIMA
2024-11-06,20.9,20.6424,VIC,70_30,ARIMA
2024-11-07,20.85,20.9256,VIC,70_30,ARIMA
2024-11-08,20.52,20.8419,VIC,70_30,ARIMA
2024-11-11,20.4,20.5025,VIC,70_30,ARIMA
2024-11-12,20.27,20.3914,VIC,70_30,ARIMA
2024-11-13,20.3,20.2801,VIC,70_30,ARIMA
2024-11-14,20.35,20.3033,VIC,70_30,ARIMA
2024-11-15,20.27,20.3404,VIC,70_30,ARIMA
2024-11-18,20.2,20.2632,VIC,70_30,ARIMA
2024-11-19,20.18,20.1893,VIC,70_30,ARIMA
2024-11-20,20.18,20.1802,VIC,70_30,ARIMA
2024-11-21,20.18,20.1841,VIC,70_30,ARIMA
2024-11-22,20.23,20.1775,VIC,70_30,ARIMA
2024-11-25,20.5,20.229,VIC,70_30,ARIMA
2024-11-26,20.52,20.5103,VIC,70_30,ARIMA
2024-11-27,20.38,20.5231,VIC,70_30,ARIMA
2024-11-28,20.35,20.3705,VIC,70_30,ARIMA
2024-11-29,20.25,20.3458,VIC,70_30,ARIMA
2024-12-02,20.18,20.2598,VIC,70_30,ARIMA
2024-12-03,20.2,20.1793,VIC,70_30,ARIMA
2024-12-04,20.0,20.1953,VIC,70_30,ARIMA
2024-12-05,20.42,19.9932,VIC,70_30,ARIMA
2024-12-06,20.92,20.4303,VIC,70_30,ARIMA
2024-12-09,20.92,20.9435,VIC,70_30,ARIMA
2024-12-10,20.6,20.9234,VIC,70_30,ARIMA
2024-12-11,20.65,20.566,VIC,70_30,ARIMA
2024-12-12,20.45,20.6614,VIC,70_30,ARIMA
2024-12-13,20.4,20.4698,VIC,70_30,ARIMA
2024-12-16,20.35,20.3994,VIC,70_30,ARIMA
2024-12-17,20.27,20.3348,VIC,70_30,ARIMA
2024-12-18,20.3,20.2719,VIC,70_30,ARIMA
2024-12-19,20.15,20.2925,VIC,70_30,ARIMA
2024-12-20,20.25,20.1438,VIC,70_30,ARIMA
2024-12-23,20.3,20.2507,VIC,70_30,ARIMA
2024-12-24,20.3,20.301,VIC,70_30,ARIMA
2024-12-25,20.32,20.3026,VIC,70_30,ARIMA
2024-12-26,20.32,20.3119,VIC,70_30,ARIMA
2024-12-27,20.27,20.3241,VIC,70_30,ARIMA
2024-12-30,20.27,20.2701,VIC,70_30,ARIMA
2024-12-31,20.27,20.2692,VIC,70_30,ARIMA
2025-01-02,20.27,20.2716,VIC,70_30,ARIMA
2025-01-03,20.25,20.2707,VIC,70_30,ARIMA
2025-01-06,20.25,20.2469,VIC,70_30,ARIMA
2025-01-07,20.25,20.2498,VIC,70_30,ARIMA
2025-01-08,20.25,20.2503,VIC,70_30,ARIMA
2025-01-09,20.38,20.2503,VIC,70_30,ARIMA
2025-01-10,20.25,20.3842,VIC,70_30,ARIMA
2025-01-13,20.15,20.2463,VIC,70_30,ARIMA
2025-01-14,20.1,20.1429,VIC,70_30,ARIMA
2025-01-15,20.12,20.097,VIC,70_30,ARIMA
2025-01-16,20.23,20.1293,VIC,70_30,ARIMA
2025-01-17,20.23,20.2306,VIC,70_30,ARIMA
2025-01-20,20.2,20.227,VIC,70_30,ARIMA
2025-01-21,20.23,20.1948,VIC,70_30,ARIMA
2025-01-22,20.2,20.2303,VIC,70_30,ARIMA
2025-01-23,20.2,20.2046,VIC,70_30,ARIMA
2025-01-24,20.2,20.1997,VIC,70_30,ARIMA
2025-02-03,20.02,20.1986,VIC,70_30,ARIMA
2025-02-04,20.05,20.0147,VIC,70_30,ARIMA
2025-02-05,20.02,20.0479,VIC,70_30,ARIMA
2025-02-06,20.23,20.0215,VIC,70_30,ARIMA
2025-02-07,20.32,20.2399,VIC,70_30,ARIMA
2025-02-10,20.0,20.3175,VIC,70_30,ARIMA
2025-02-11,19.98,19.9873,VIC,70_30,ARIMA
2025-02-12,19.95,19.9704,VIC,70_30,ARIMA
2025-02-13,20.12,19.9613,VIC,70_30,ARIMA
2025-02-14,20.12,20.135,VIC,70_30,ARIMA
2025-02-17,20.05,20.1077,VIC,70_30,ARIMA
2025-02-18,20.1,20.0444,VIC,70_30,ARIMA
2025-02-19,20.2,20.0976,VIC,70_30,ARIMA
2025-02-20,20.48,20.2133,VIC,70_30,ARIMA
2025-02-21,20.32,20.4924,VIC,70_30,ARIMA
2025-02-24,20.3,20.3114,VIC,70_30,ARIMA
2025-02-25,20.35,20.2947,VIC,70_30,ARIMA
2025-02-26,20.5,20.3548,VIC,70_30,ARIMA
2025-02-27,20.52,20.5217,VIC,70_30,ARIMA
2025-02-28,20.6,20.5146,VIC,70_30,ARIMA
2025-03-03,21.02,20.5998,VIC,70_30,ARIMA
2025-03-04,20.98,21.0375,VIC,70_30,ARIMA
2025-03-05,21.12,20.9885,VIC,70_30,ARIMA
2025-03-06,21.18,21.1194,VIC,70_30,ARIMA
2025-03-07,22.65,21.1826,VIC,70_30,ARIMA
2025-03-10,23.65,22.7269,VIC,70_30,ARIMA
2025-03-11,23.65,23.7031,VIC,70_30,ARIMA
2025-03-12,24.05,23.6472,VIC,70_30,ARIMA
2025-03-13,25.7,24.0386,VIC,70_30,ARIMA
2025-03-14,26.1,25.8337,VIC,70_30,ARIMA
2025-03-17,26.05,26.179,VIC,70_30,ARIMA
2025-03-18,25.65,26.0313,VIC,70_30,ARIMA
2025-03-19,25.95,25.6317,VIC,70_30,ARIMA
2025-03-20,25.75,26.0338,VIC,70_30,ARIMA
2025-03-21,26.5,25.7685,VIC,70_30,ARIMA
2025-03-24,28.35,26.527,VIC,70_30,ARIMA
2025-03-25,28.45,28.4199,VIC,70_30,ARIMA
2025-03-26,28.5,28.4823,VIC,70_30,ARIMA
2025-03-27,28.55,28.4666,VIC,70_30,ARIMA
2025-03-28,29.0,28.5695,VIC,70_30,ARIMA
2025-03-31,29.0,29.1068,VIC,70_30,ARIMA
2025-04-01,29.85,29.0086,VIC,70_30,ARIMA
2025-04-02,30.2,29.8846,VIC,70_30,ARIMA
2025-04-03,28.1,30.2237,VIC,70_30,ARIMA
2025-04-04,29.15,28.0243,VIC,70_30,ARIMA
2025-04-08,27.55,29.1608,VIC,70_30,ARIMA
2025-04-09,28.5,27.5613,VIC,70_30,ARIMA
2025-04-10,30.45,28.5367,VIC,70_30,ARIMA
2025-04-11,32.55,30.4294,VIC,70_30,ARIMA
2025-04-14,34.8,32.7228,VIC,70_30,ARIMA
2025-04-15,35.25,34.8345,VIC,70_30,ARIMA
2025-04-16,33.95,35.3056,VIC,70_30,ARIMA
2025-04-17,35.5,33.9071,VIC,70_30,ARIMA
2025-04-18,33.05,35.6116,VIC,70_30,ARIMA
2025-04-21,30.75,33.0801,VIC,70_30,ARIMA
2025-04-22,29.5,30.6348,VIC,70_30,ARIMA
2025-04-23,29.3,29.3322,VIC,70_30,ARIMA
2025-04-24,31.35,29.3954,VIC,70_30,ARIMA
2025-04-25,33.5,31.4387,VIC,70_30,ARIMA
2025-04-28,34.0,33.6243,VIC,70_30,ARIMA
2025-04-29,34.0,33.9975,VIC,70_30,ARIMA
2025-05-05,35.0,33.8956,VIC,70_30,ARIMA
2025-05-06,35.25,35.0483,VIC,70_30,ARIMA
2025-05-07,36.7,35.3371,VIC,70_30,ARIMA
2025-05-08,39.25,36.7925,VIC,70_30,ARIMA
2025-05-09,38.25,39.4048,VIC,70_30,ARIMA
2025-05-12,39.7,38.2503,VIC,70_30,ARIMA
2025-05-13,39.8,39.6987,VIC,70_30,ARIMA
2025-05-14,39.9,39.8244,VIC,70_30,ARIMA
2025-05-15,39.9,40.026,VIC,70_30,ARIMA
2025-05-16,40.0,39.8171,VIC,70_30,ARIMA
2025-05-19,42.8,40.0579,VIC,70_30,ARIMA
2025-05-20,45.75,42.9647,VIC,70_30,ARIMA
2025-05-21,46.75,46.0138,VIC,70_30,ARIMA
2025-05-22,46.25,46.862,VIC,70_30,ARIMA
2025-05-23,46.5,46.1233,VIC,70_30,ARIMA
2025-05-26,47.25,46.5326,VIC,70_30,ARIMA
2025-05-27,47.25,47.4222,VIC,70_30,ARIMA
2025-05-28,48.5,47.324,VIC,70_30,ARIMA
2025-05-29,48.5,48.5479,VIC,70_30,ARIMA
2025-05-30,49.2,48.5206,VIC,70_30,ARIMA
2025-06-02,49.0,49.2714,VIC,70_30,ARIMA
2025-06-03,49.05,48.9696,VIC,70_30,ARIMA
2025-06-04,49.05,49.1004,VIC,70_30,ARIMA
2025-06-05,49.0,49.0342,VIC,70_30,ARIMA
2025-06-06,48.5,49.0345,VIC,70_30,ARIMA
2025-06-09,45.15,48.454,VIC,70_30,ARIMA
2025-06-10,45.3,44.9056,VIC,70_30,ARIMA
2025-06-11,45.1,45.2336,VIC,70_30,ARIMA
2025-06-12,43.4,45.1352,VIC,70_30,ARIMA
2025-06-13,42.75,43.3436,VIC,70_30,ARIMA
2025-06-16,42.7,42.5003,VIC,70_30,ARIMA
2025-06-17,43.85,42.699,VIC,70_30,ARIMA
2025-06-18,44.0,43.9652,VIC,70_30,ARIMA
2025-06-19,44.7,43.9736,VIC,70_30,ARIMA
2025-06-20,43.4,44.7173,VIC,70_30,ARIMA
2025-06-23,46.4,43.2953,VIC,70_30,ARIMA
2025-06-24,47.9,46.602,VIC,70_30,ARIMA
2025-06-25,47.9,48.0785,VIC,70_30,ARIMA
2025-06-26,47.5,47.9785,VIC,70_30,ARIMA
2025-06-27,47.75,47.3391,VIC,70_30,ARIMA
2025-06-30,47.8,47.87,VIC,70_30,ARIMA
2025-07-01,47.8,47.8819,VIC,70_30,ARIMA
2025-07-02,47.7,47.8069,VIC,70_30,ARIMA
2025-07-03,47.25,47.6696,VIC,70_30,ARIMA
2025-07-04,45.95,47.2276,VIC,70_30,ARIMA
2025-07-07,46.5,45.8528,VIC,70_30,ARIMA
2025-07-08,46.65,46.5123,VIC,70_30,ARIMA
2025-07-09,47.5,46.6862,VIC,70_30,ARIMA
2025-07-10,50.8,47.5611,VIC,70_30,ARIMA
2025-07-11,54.0,50.9829,VIC,70_30,ARIMA
2025-07-14,56.5,54.362,VIC,70_30,ARIMA
2025-07-15,55.8,56.7999,VIC,70_30,ARIMA
2025-07-16,58.7,55.75,VIC,70_30,ARIMA
2025-07-17,61.0,59.0212,VIC,70_30,ARIMA
2025-07-18,59.5,61.4467,VIC,70_30,ARIMA
2025-07-21,56.0,59.5798,VIC,70_30,ARIMA
2025-07-22,58.75,55.5973,VIC,70_30,ARIMA
2025-07-23,57.5,59.0063,VIC,70_30,ARIMA
2025-07-24,58.0,57.4983,VIC,70_30,ARIMA
2025-07-25,57.05,57.9886,VIC,70_30,ARIMA
2025-07-28,57.8,56.892,VIC,70_30,ARIMA
2025-07-29,56.6,57.896,VIC,70_30,ARIMA
2025-07-30,54.75,56.5086,VIC,70_30,ARIMA
2025-07-31,52.75,54.59,VIC,70_30,ARIMA
2025-08-01,52.0,52.5273,VIC,70_30,ARIMA
2025-08-04,55.6,51.8917,VIC,70_30,ARIMA
2025-08-05,58.75,55.8347,VIC,70_30,ARIMA
2025-08-06,59.25,59.0617,VIC,70_30,ARIMA
2025-08-07,57.5,59.2698,VIC,70_30,ARIMA
2025-08-08,58.5,57.2763,VIC,70_30,ARIMA
2025-08-11,57.75,58.659,VIC,70_30,ARIMA
2025-08-12,57.75,57.7981,VIC,70_30,ARIMA
2025-08-13,58.0,57.7333,VIC,70_30,ARIMA
2025-08-14,59.1,57.9926,VIC,70_30,ARIMA
2025-08-15,59.1,59.2171,VIC,70_30,ARIMA
2025-08-18,59.1,59.0984,VIC,70_30,ARIMA
2025-08-19,59.1,59.0847,VIC,70_30,ARIMA
2025-08-20,62.1,59.1075,VIC,70_30,ARIMA
2025-08-21,62.5,62.3797,VIC,70_30,ARIMA
2025-08-22,62.05,62.5813,VIC,70_30,ARIMA
2025-08-25,65.5,61.9734,VIC,70_30,ARIMA
2025-08-26,67.75,65.7953,VIC,70_30,ARIMA
2025-08-27,66.0,68.0662,VIC,70_30,ARIMA
2025-08-28,65.05,65.8566,VIC,70_30,ARIMA
2025-08-29,64.15,64.9785,VIC,70_30,ARIMA
2025-09-03,62.5,64.143,VIC,70_30,ARIMA
2025-09-04,62.5,62.3597,VIC,70_30,ARIMA
2025-09-05,62.5,62.4702,VIC,70_30,ARIMA
2025-09-08,62.5,62.4927,VIC,70_30,ARIMA
2025-09-09,64.6,62.4843,VIC,70_30,ARIMA
2025-09-10,65.45,64.7764,VIC,70_30,ARIMA
2025-09-11,68.0,65.5428,VIC,70_30,ARIMA
2025-09-12,68.9,68.2403,VIC,70_30,ARIMA
2025-09-15,68.9,69.0169,VIC,70_30,ARIMA
2025-09-16,67.5,68.9199,VIC,70_30,ARIMA
2025-09-17,71.55,67.3663,VIC,70_30,ARIMA
2025-09-18,72.5,71.921,VIC,70_30,ARIMA
2025-09-19,76.6,72.6392,VIC,70_30,ARIMA
2025-09-22,74.4,76.9546,VIC,70_30,ARIMA
2025-09-23,74.6,74.3427,VIC,70_30,ARIMA
2025-09-24,74.5,74.5385,VIC,70_30,ARIMA
2025-09-25,79.0,74.614,VIC,70_30,ARIMA
2025-09-26,82.0,79.3502,VIC,70_30,ARIMA
2025-09-29,86.4,82.3586,VIC,70_30,ARIMA
2025-09-30,87.45,86.8415,VIC,70_30,ARIMA
2025-10-01,85.0,87.788,VIC,70_30,ARIMA
2025-10-02,85.5,84.7534,VIC,70_30,ARIMA
2025-10-03,88.25,85.5747,VIC,70_30,ARIMA
2025-10-06,89.85,88.7673,VIC,70_30,ARIMA
2025-10-07,90.0,90.0414,VIC,70_30,ARIMA
2025-10-08,89.05,89.9132,VIC,70_30,ARIMA
2025-10-09,89.75,88.9925,VIC,70_30,ARIMA
2025-10-10,96.0,89.9294,VIC,70_30,ARIMA
2025-10-13,102.7,96.8163,VIC,70_30,ARIMA
2025-10-14,105.95,103.7315,VIC,70_30,ARIMA
2025-10-15,104.75,106.3885,VIC,70_30,ARIMA
2025-10-16,106.55,104.6058,VIC,70_30,ARIMA
2025-10-17,102.0,107.2975,VIC,70_30,ARIMA
2025-10-20,97.45,101.7722,VIC,70_30,ARIMA
2025-10-21,101.7,96.5503,VIC,70_30,ARIMA
2025-10-22,101.5,102.3642,VIC,70_30,ARIMA
2025-10-23,107.5,101.6851,VIC,70_30,ARIMA
2025-10-24,109.5,107.9885,VIC,70_30,ARIMA
2025-10-27,107.0,109.7687,VIC,70_30,ARIMA
2025-10-28,110.05,106.6504,VIC,70_30,ARIMA
2025-10-29,106.0,110.091,VIC,70_30,ARIMA
2025-10-30,102.05,105.9381,VIC,70_30,ARIMA
2025-10-31,95.5,101.5902,VIC,70_30,ARIMA
2025-11-03,97.7,94.3234,VIC,70_30,ARIMA
2025-11-04,100.5,98.1349,VIC,70_30,ARIMA
2025-11-05,103.25,101.3321,VIC,70_30,ARIMA
2025-11-06,103.9,103.7872,VIC,70_30,ARIMA
2025-11-07,99.85,103.6549,VIC,70_30,ARIMA
2025-11-10,99.5,99.0653,VIC,70_30,ARIMA
2025-11-11,100.5,99.2752,VIC,70_30,ARIMA
2025-11-12,105.6,100.9824,VIC,70_30,ARIMA
2025-11-13,105.6,106.6015,VIC,70_30,ARIMA
2025-11-14,105.5,105.4473,VIC,70_30,ARIMA
2025-11-17,108.5,105.0216,VIC,70_30,ARIMA
2025-11-18,110.0,108.7419,VIC,70_30,ARIMA
2025-11-19,110.25,110.5409,VIC,70_30,ARIMA
2025-11-20,114.0,110.1182,VIC,70_30,ARIMA
2025-11-21,114.85,114.3198,VIC,70_30,ARIMA
2025-11-24,119.75,115.1338,VIC,70_30,ARIMA
2025-11-25,121.5,120.336,VIC,70_30,ARIMA
2025-11-26,122.5,121.7597,VIC,70_30,ARIMA
2025-11-27,124.0,122.6221,VIC,70_30,ARIMA
2025-11-28,130.2,124.0499,VIC,70_30,ARIMA
2025-12-01,134.95,131.4596,VIC,70_30,ARIMA
2025-12-02,137.5,136.0513,VIC,70_30,ARIMA
2025-12-03,134.7,137.9045,VIC,70_30,ARIMA
2025-12-04,133.5,134.0643,VIC,70_30,ARIMA
2025-12-05,142.8,133.4207,VIC,70_30,ARIMA
2025-12-08,152.7,144.9906,VIC,70_30,ARIMA
2025-12-09,160.0,155.2473,VIC,70_30,ARIMA
2025-12-10,148.8,160.9532,VIC,70_30,ARIMA
2025-12-11,146.0,145.231,VIC,70_30,ARIMA
2025-12-12,144.0,146.3336,VIC,70_30,ARIMA
2025-12-15,142.9,146.6996,VIC,70_30,ARIMA
2025-12-16,142.9,143.8792,VIC,70_30,ARIMA
2025-12-17,142.9,141.7175,VIC,70_30,ARIMA
2025-12-18,142.7,142.6789,VIC,70_30,ARIMA
2025-12-19,148.5,142.4171,VIC,70_30,ARIMA
2025-12-22,158.8,149.5233,VIC,70_30,ARIMA
2025-12-23,169.9,161.1086,VIC,70_30,ARIMA
2025-12-24,169.8,172.2672,VIC,70_30,ARIMA
2025-12-25,158.0,168.6305,VIC,70_30,ARIMA
2025-12-26,155.0,153.7117,VIC,70_30,ARIMA
2025-12-29,159.7,155.8455,VIC,70_30,ARIMA
2025-12-30,163.0,164.222,VIC,70_30,ARIMA
2025-12-31,169.6,163.8089,VIC,70_30,ARIMA
2026-01-05,173.1,169.0613,VIC,70_30,ARIMA
2026-01-06,173.1,172.8821,VIC,70_30,ARIMA
2026-01-07,179.0,172.4375,VIC,70_30,ARIMA
2026-01-08,176.6,180.4711,VIC,70_30,ARIMA
2026-01-09,176.0,176.4262,VIC,70_30,ARIMA
2026-01-12,163.7,175.5737,VIC,70_30,ARIMA
2026-01-13,167.9,160.8949,VIC,70_30,ARIMA
2026-01-14,160.2,169.6234,VIC,70_30,ARIMA
2026-01-15,153.0,160.9712,VIC,70_30,ARIMA
2026-01-16,159.9,150.426,VIC,70_30,ARIMA
2026-01-19,162.0,161.1113,VIC,70_30,ARIMA
2026-01-20,161.0,163.776,VIC,70_30,ARIMA
2026-01-21,160.5,159.6157,VIC,70_30,ARIMA
2026-01-22,161.1,159.4769,VIC,70_30,ARIMA
2026-01-23,165.4,161.7371,VIC,70_30,ARIMA
2026-01-26,159.9,166.5022,VIC,70_30,ARIMA
2026-01-27,151.0,158.5794,VIC,70_30,ARIMA
2026-01-28,140.5,148.8182,VIC,70_30,ARIMA
2026-01-29,140.5,138.9386,VIC,70_30,ARIMA
2026-01-30,140.5,142.3432,VIC,70_30,ARIMA
2026-02-02,130.7,141.5185,VIC,70_30,ARIMA
2026-02-03,130.7,127.5293,VIC,70_30,ARIMA
2026-02-04,121.6,130.1953,VIC,70_30,ARIMA
2026-02-05,130.1,120.5423,VIC,70_30,ARIMA
2026-02-06,131.0,131.5996,VIC,70_30,ARIMA
2026-02-09,132.3,131.3914,VIC,70_30,ARIMA
2026-02-10,141.5,131.4366,VIC,70_30,ARIMA
2026-02-11,150.8,141.8382,VIC,70_30,ARIMA
2026-02-12,159.0,153.4691,VIC,70_30,ARIMA
2026-02-13,160.0,160.2305,VIC,70_30,ARIMA
2026-02-23,162.3,159.5765,VIC,70_30,ARIMA
2026-02-24,162.9,162.99,VIC,70_30,ARIMA
2026-02-25,158.0,163.9529,VIC,70_30,ARIMA
2026-02-26,168.9,157.3932,VIC,70_30,ARIMA
2026-02-27,172.0,171.0293,VIC,70_30,ARIMA
2026-03-02,167.2,173.6587,VIC,70_30,ARIMA
2026-03-03,155.5,165.5475,VIC,70_30,ARIMA
2026-03-04,155.6,152.1131,VIC,70_30,ARIMA
2026-03-05,164.8,157.232,VIC,70_30,ARIMA
2026-03-06,156.5,168.3862,VIC,70_30,ARIMA
2026-03-09,145.6,153.7971,VIC,70_30,ARIMA
2026-03-10,141.8,141.6918,VIC,70_30,ARIMA
2026-03-11,146.0,142.6612,VIC,70_30,ARIMA
2026-03-12,145.0,148.4409,VIC,70_30,ARIMA
2026-03-13,144.6,143.3136,VIC,70_30,ARIMA
2026-03-16,144.7,142.9887,VIC,70_30,ARIMA
2026-03-17,146.2,144.7763,VIC,70_30,ARIMA
2026-03-18,146.0,146.8327,VIC,70_30,ARIMA
2026-03-19,145.0,145.7576,VIC,70_30,ARIMA
2026-03-20,135.0,144.6531,VIC,70_30,ARIMA
2026-03-23,125.6,133.0182,VIC,70_30,ARIMA
2026-03-24,124.0,124.1437,VIC,70_30,ARIMA
2026-03-25,128.7,124.8537,VIC,70_30,ARIMA
2026-03-26,130.0,129.9386,VIC,70_30,ARIMA
2026-03-27,132.6,128.6783,VIC,70_30,ARIMA
2026-03-30,129.5,131.9145,VIC,70_30,ARIMA
2026-03-31,135.0,128.6829,VIC,70_30,ARIMA
2026-04-01,141.0,136.6292,VIC,70_30,ARIMA
2026-04-02,139.9,142.6521,VIC,70_30,ARIMA
2026-04-03,141.0,138.8098,VIC,70_30,ARIMA
2026-04-06,141.6,140.928,VIC,70_30,ARIMA
2026-04-07,143.4,142.6126,VIC,70_30,ARIMA
2026-04-08,153.4,144.1108,VIC,70_30,ARIMA
2026-04-09,149.2,155.5394,VIC,70_30,ARIMA
2026-04-10,151.7,147.7212,VIC,70_30,ARIMA
2026-04-13,160.0,151.795,VIC,70_30,ARIMA
2026-04-14,165.5,162.6809,VIC,70_30,ARIMA
2026-04-15,177.0,166.8381,VIC,70_30,ARIMA
2026-04-16,189.3,178.5478,VIC,70_30,ARIMA
2026-04-17,187.9,192.5434,VIC,70_30,ARIMA
2026-04-20,191.0,187.7027,VIC,70_30,ARIMA
2026-04-21,193.7,192.598,VIC,70_30,ARIMA
2026-04-22,207.2,196.3062,VIC,70_30,ARIMA
2026-04-23,214.5,211.9568,VIC,70_30,ARIMA
2026-04-24,212.1,215.8263,VIC,70_30,ARIMA
2026-04-28,225.5,211.2835,VIC,70_30,ARIMA
2026-04-29,214.0,230.0495,VIC,70_30,ARIMA
2026-05-04,212.0,214.1872,VIC,70_30,ARIMA
2026-05-05,219.5,212.5447,VIC,70_30,ARIMA
2026-05-06,219.5,220.8446,VIC,70_30,ARIMA
2026-05-07,224.0,221.4661,VIC,70_30,ARIMA
2026-05-08,226.0,222.8446,VIC,70_30,ARIMA
2026-05-11,223.0,225.9539,VIC,70_30,ARIMA
2026-05-12,222.0,223.7051,VIC,70_30,ARIMA
2026-05-13,221.0,221.9043,VIC,70_30,ARIMA
2026-05-14,229.8,221.5805,VIC,70_30,ARIMA
2026-05-15,228.0,231.9505,VIC,70_30,ARIMA
2026-05-18,225.0,226.8582,VIC,70_30,ARIMA
2026-05-19,225.1,224.3301,VIC,70_30,ARIMA
2026-05-20,226.7,225.0531,VIC,70_30,ARIMA
2026-05-21,218.7,228.5523,VIC,70_30,ARIMA
2026-05-22,216.5,216.7718,VIC,70_30,ARIMA
2026-05-25,218.8,215.8696,VIC,70_30,ARIMA
2026-05-26,213.0,219.2732,VIC,70_30,ARIMA
2026-05-27,210.8,211.9573,VIC,70_30,ARIMA
2026-05-28,210.8,209.3313,VIC,70_30,ARIMA
2026-05-29,211.3,210.4323,VIC,70_30,ARIMA
2026-06-01,204.9,211.6585,VIC,70_30,ARIMA
2026-06-02,204.9,202.7183,VIC,70_30,ARIMA
2026-06-03,197.6,204.8207,VIC,70_30,ARIMA
2026-06-04,200.2,196.1133,VIC,70_30,ARIMA
2026-06-05,207.0,200.8419,VIC,70_30,ARIMA
2026-06-08,195.0,207.0398,VIC,70_30,ARIMA
2026-06-09,193.2,192.6781,VIC,70_30,ARIMA
2026-06-10,196.0,192.3841,VIC,70_30,ARIMA
2026-06-11,196.0,196.5727,VIC,70_30,ARIMA
2026-06-12,195.5,196.8682,VIC,70_30,ARIMA
2026-06-15,192.6,193.5308,VIC,70_30,ARIMA
2026-06-16,194.0,191.8445,VIC,70_30,ARIMA
2026-06-17,192.0,194.832,VIC,70_30,ARIMA
2026-06-18,205.4,191.4689,VIC,70_30,ARIMA
2026-06-19,205.5,207.6421,VIC,70_30,ARIMA
2026-06-22,219.8,204.43,VIC,70_30,ARIMA
2026-06-23,229.0,222.4668,VIC,70_30,ARIMA
2026-06-24,230.5,230.264,VIC,70_30,ARIMA
2026-06-25,225.0,233.2543,VIC,70_30,ARIMA
2026-06-26,228.0,224.4773,VIC,70_30,ARIMA
2026-06-29,217.2,230.8666,VIC,70_30,ARIMA
2026-06-30,220.0,216.3914,VIC,70_30,ARIMA
2026-07-01,217.1,220.6008,VIC,70_30,ARIMA
2026-07-02,220.3,215.9533,VIC,70_30,ARIMA
2026-07-03,220.3,220.8838,VIC,70_30,ARIMA
2026-07-06,220.3,219.1725,VIC,70_30,ARIMA
2026-07-07,220.3,220.5516,VIC,70_30,ARIMA
2026-07-08,220.7,220.0551,VIC,70_30,ARIMA
2026-07-09,221.0,221.1093,VIC,70_30,ARIMA
2026-07-10,223.0,221.0487,VIC,70_30,ARIMA
2026-07-13,221.5,223.3048,VIC,70_30,ARIMA
2026-07-14,219.0,221.3033,VIC,70_30,ARIMA
2026-07-15,217.0,218.6675,VIC,70_30,ARIMA
2026-07-16,223.0,216.7512,VIC,70_30,ARIMA
2026-07-17,220.0,224.0623,VIC,70_30,ARIMA
2026-07-20,220.0,219.3812,VIC,70_30,ARIMA
2026-07-21,217.3,219.6644,VIC,70_30,ARIMA
2026-07-22,202.1,216.8513,VIC,70_30,ARIMA
2026-07-23,214.0,200.4349,VIC,70_30,ARIMA
2026-07-24,213.1,214.9247,VIC,70_30,ARIMA
2026-07-27,213.5,212.9718,VIC,70_30,ARIMA
2026-07-28,213.8,213.2344,VIC,70_30,ARIMA
2026-07-29,219.4,211.8983,VIC,70_30,ARIMA
2026-07-30,220.0,221.3851,VIC,70_30,ARIMA
2026-07-31,214.1,220.0569,VIC,70_30,ARIMA
2026-08-03,213.0,213.5028,VIC,70_30,ARIMA
2026-08-04,218.0,212.952,VIC,70_30,ARIMA
2026-08-05,220.0,219.1661,VIC,70_30,ARIMA
2026-08-06,218.8,220.193,VIC,70_30,ARIMA
2026-08-07,215.0,218.0277,VIC,70_30,ARIMA
2026-08-10,208.5,214.5454,VIC,70_30,ARIMA
2026-08-11,208.5,208.295,VIC,70_30,ARIMA
2026-08-12,215.5,208.6661,VIC,70_30,ARIMA
2026-08-13,207.9,216.1411,VIC,70_30,ARIMA
2026-08-14,200.4,206.4325,VIC,70_30,ARIMA
2026-08-17,198.0,198.8362,VIC,70_30,ARIMA
2026-08-18,200.0,197.8898,VIC,70_30,ARIMA
2026-08-19,200.0,200.8505,VIC,70_30,ARIMA
2026-08-20,202.0,198.8446,VIC,70_30,ARIMA
2026-08-21,205.0,201.3184,VIC,70_30,ARIMA
2026-08-24,214.5,205.1317,VIC,70_30,ARIMA
2026-08-25,220.5,215.9082,VIC,70_30,ARIMA
2026-08-26,230.0,221.3143,VIC,70_30,ARIMA
2026-08-27,236.0,231.7162,VIC,70_30,ARIMA
2026-08-28,236.0,237.6128,VIC,70_30,ARIMA
2026-09-03,244.5,237.3663,VIC,70_30,ARIMA
2026-09-04,256.1,246.8198,VIC,70_30,ARIMA
2026-09-07,245.0,259.2986,VIC,70_30,ARIMA
2026-09-08,249.6,244.3718,VIC,70_30,ARIMA
2026-09-09,247.7,250.8183,VIC,70_30,ARIMA
2026-09-10,247.7,248.4854,VIC,70_30,ARIMA
2026-09-11,243.3,248.8164,VIC,70_30,ARIMA
2026-09-14,241.4,241.7417,VIC,70_30,ARIMA
2026-09-15,241.3,241.5406,VIC,70_30,ARIMA
2026-09-16,241.2,240.9586,VIC,70_30,ARIMA
2026-09-17,241.2,240.9714,VIC,70_30,ARIMA
2024-05-16,57.56,57.4184,VNM,70_30,ARIMA
2024-05-17,57.39,57.5756,VNM,70_30,ARIMA
2024-05-20,56.87,57.3048,VNM,70_30,ARIMA
2024-05-21,56.7,56.8519,VNM,70_30,ARIMA
2024-05-22,56.36,56.6953,VNM,70_30,ARIMA
2024-05-23,57.39,56.4253,VNM,70_30,ARIMA
2024-05-24,56.53,57.3846,VNM,70_30,ARIMA
2024-05-27,56.62,56.6363,VNM,70_30,ARIMA
2024-05-28,57.22,56.5287,VNM,70_30,ARIMA
2024-05-29,56.79,57.1626,VNM,70_30,ARIMA
2024-05-30,56.27,56.9293,VNM,70_30,ARIMA
2024-05-31,56.02,56.2007,VNM,70_30,ARIMA
2024-06-03,56.62,55.992,VNM,70_30,ARIMA
2024-06-04,56.53,56.6749,VNM,70_30,ARIMA
2024-06-05,58.67,56.61,VNM,70_30,ARIMA
2024-06-06,57.56,58.5357,VNM,70_30,ARIMA
2024-06-07,58.07,57.6474,VNM,70_30,ARIMA
2024-06-10,57.56,57.8641,VNM,70_30,ARIMA
2024-06-11,56.96,57.5003,VNM,70_30,ARIMA
2024-06-12,57.39,57.0809,VNM,70_30,ARIMA
2024-06-13,57.3,57.3087,VNM,70_30,ARIMA
2024-06-14,56.7,57.4251,VNM,70_30,ARIMA
2024-06-17,56.53,56.7312,VNM,70_30,ARIMA
2024-06-18,56.45,56.466,VNM,70_30,ARIMA
2024-06-19,55.93,56.5102,VNM,70_30,ARIMA
2024-06-20,56.53,56.0132,VNM,70_30,ARIMA
2024-06-21,56.53,56.4857,VNM,70_30,ARIMA
2024-06-24,56.1,56.5961,VNM,70_30,ARIMA
2024-06-25,56.1,56.1191,VNM,70_30,ARIMA
2024-06-26,55.85,56.016,VNM,70_30,ARIMA
2024-06-27,55.93,55.9089,VNM,70_30,ARIMA
2024-06-28,56.1,55.9536,VNM,70_30,ARIMA
2024-07-01,56.53,56.1027,VNM,70_30,ARIMA
2024-07-02,56.7,56.5333,VNM,70_30,ARIMA
2024-07-03,56.7,56.6841,VNM,70_30,ARIMA
2024-07-04,56.87,56.6625,VNM,70_30,ARIMA
2024-07-05,57.56,56.8163,VNM,70_30,ARIMA
2024-07-08,57.9,57.5318,VNM,70_30,ARIMA
2024-07-09,57.82,57.9053,VNM,70_30,ARIMA
2024-07-10,57.22,57.7722,VNM,70_30,ARIMA
2024-07-11,56.79,57.1631,VNM,70_30,ARIMA
2024-07-12,56.79,56.7788,VNM,70_30,ARIMA
2024-07-15,56.7,56.8324,VNM,70_30,ARIMA
2024-07-16,56.62,56.7864,VNM,70_30,ARIMA
2024-07-17,56.27,56.6418,VNM,70_30,ARIMA
2024-07-18,56.45,56.2779,VNM,70_30,ARIMA
2024-07-19,55.93,56.441,VNM,70_30,ARIMA
2024-07-22,56.02,55.9917,VNM,70_30,ARIMA
2024-07-23,56.45,56.0093,VNM,70_30,ARIMA
2024-07-24,56.19,56.4476,VNM,70_30,ARIMA
2024-07-25,56.19,56.2634,VNM,70_30,ARIMA
2024-07-26,56.36,56.1259,VNM,70_30,ARIMA
2024-07-29,57.56,56.3361,VNM,70_30,ARIMA
2024-07-30,57.99,57.5465,VNM,70_30,ARIMA
2024-07-31,61.33,58.0012,VNM,70_30,ARIMA
2024-08-01,60.21,61.0997,VNM,70_30,ARIMA
2024-08-02,61.24,60.2774,VNM,70_30,ARIMA
2024-08-05,59.44,60.8876,VNM,70_30,ARIMA
2024-08-06,62.27,59.38,VNM,70_30,ARIMA
2024-08-07,63.21,62.1334,VNM,70_30,ARIMA
2024-08-08,62.27,63.3266,VNM,70_30,ARIMA
2024-08-09,62.78,62.319,VNM,70_30,ARIMA
2024-08-12,62.53,62.352,VNM,70_30,ARIMA
2024-08-13,63.21,62.6445,VNM,70_30,ARIMA
2024-08-14,63.38,63.2311,VNM,70_30,ARIMA
2024-08-15,63.21,63.3517,VNM,70_30,ARIMA
2024-08-16,63.21,63.2106,VNM,70_30,ARIMA
2024-08-19,65.1,63.1257,VNM,70_30,ARIMA
2024-08-20,64.75,65.0262,VNM,70_30,ARIMA
2024-08-21,64.5,64.8741,VNM,70_30,ARIMA
2024-08-22,63.56,64.3473,VNM,70_30,ARIMA
2024-08-23,64.15,63.4698,VNM,70_30,ARIMA
2024-08-26,62.87,64.1826,VNM,70_30,ARIMA
2024-08-27,62.96,63.0448,VNM,70_30,ARIMA
2024-08-28,63.3,62.9181,VNM,70_30,ARIMA
2024-08-29,62.96,63.3111,VNM,70_30,ARIMA
2024-08-30,63.3,63.1056,VNM,70_30,ARIMA
2024-09-04,63.64,63.1966,VNM,70_30,ARIMA
2024-09-05,63.98,63.6396,VNM,70_30,ARIMA
2024-09-06,64.58,63.9894,VNM,70_30,ARIMA
2024-09-09,64.07,64.5024,VNM,70_30,ARIMA
2024-09-10,64.15,64.0802,VNM,70_30,ARIMA
2024-09-11,63.9,64.059,VNM,70_30,ARIMA
2024-09-12,63.98,63.917,VNM,70_30,ARIMA
2024-09-13,62.44,64.0165,VNM,70_30,ARIMA
2024-09-16,61.59,62.5206,VNM,70_30,ARIMA
2024-09-17,62.87,61.5768,VNM,70_30,ARIMA
2024-09-18,62.78,62.8707,VNM,70_30,ARIMA
2024-09-19,62.78,63.0327,VNM,70_30,ARIMA
2024-09-20,62.27,62.7024,VNM,70_30,ARIMA
2024-09-23,62.44,62.1765,VNM,70_30,ARIMA
2024-09-24,62.31,62.4525,VNM,70_30,ARIMA
2024-09-25,61.69,62.3607,VNM,70_30,ARIMA
2024-09-26,62.66,61.7431,VNM,70_30,ARIMA
2024-09-27,62.93,62.5642,VNM,70_30,ARIMA
2024-09-30,62.13,63.0219,VNM,70_30,ARIMA
2024-10-01,62.13,62.1549,VNM,70_30,ARIMA
2024-10-02,62.13,61.9798,VNM,70_30,ARIMA
2024-10-03,62.31,62.1967,VNM,70_30,ARIMA
2024-10-04,60.71,62.3718,VNM,70_30,ARIMA
2024-10-07,59.47,60.7778,VNM,70_30,ARIMA
2024-10-08,60.45,59.4481,VNM,70_30,ARIMA
2024-10-09,60.09,60.4546,VNM,70_30,ARIMA
2024-10-10,60.0,60.374,VNM,70_30,ARIMA
2024-10-11,60.0,59.966,VNM,70_30,ARIMA
2024-10-14,59.56,59.9114,VNM,70_30,ARIMA
2024-10-15,59.21,59.6457,VNM,70_30,ARIMA
2024-10-16,59.83,59.2057,VNM,70_30,ARIMA
2024-10-17,59.92,59.8138,VNM,70_30,ARIMA
2024-10-18,59.74,60.0022,VNM,70_30,ARIMA
2024-10-21,59.65,59.7213,VNM,70_30,ARIMA
2024-10-22,59.65,59.582,VNM,70_30,ARIMA
2024-10-23,59.65,59.6704,VNM,70_30,ARIMA
2024-10-24,60.62,59.6733,VNM,70_30,ARIMA
2024-10-25,60.27,60.5723,VNM,70_30,ARIMA
2024-10-28,59.56,60.3264,VNM,70_30,ARIMA
2024-10-29,59.38,59.509,VNM,70_30,ARIMA
2024-10-30,58.76,59.3103,VNM,70_30,ARIMA
2024-10-31,58.59,58.8924,VNM,70_30,ARIMA
2024-11-01,58.32,58.6315,VNM,70_30,ARIMA
2024-11-04,58.14,58.3666,VNM,70_30,ARIMA
2024-11-05,58.05,58.1935,VNM,70_30,ARIMA
2024-11-06,58.32,58.0625,VNM,70_30,ARIMA
2024-11-07,58.41,58.3321,VNM,70_30,ARIMA
2024-11-08,58.23,58.4299,VNM,70_30,ARIMA
2024-11-11,57.79,58.2247,VNM,70_30,ARIMA
2024-11-12,57.52,57.7744,VNM,70_30,ARIMA
2024-11-13,57.61,57.5293,VNM,70_30,ARIMA
2024-11-14,57.61,57.6435,VNM,70_30,ARIMA
2024-11-15,56.46,57.6631,VNM,70_30,ARIMA
2024-11-18,56.02,56.5197,VNM,70_30,ARIMA
2024-11-19,55.84,55.9787,VNM,70_30,ARIMA
2024-11-20,56.37,55.9187,VNM,70_30,ARIMA
2024-11-21,56.64,56.4578,VNM,70_30,ARIMA
2024-11-22,56.99,56.6629,VNM,70_30,ARIMA
2024-11-25,56.99,56.9454,VNM,70_30,ARIMA
2024-11-26,57.43,56.9382,VNM,70_30,ARIMA
2024-11-27,57.26,57.3761,VNM,70_30,ARIMA
2024-11-28,57.17,57.2678,VNM,70_30,ARIMA
2024-11-29,57.26,57.1444,VNM,70_30,ARIMA
2024-12-02,57.17,57.2303,VNM,70_30,ARIMA
2024-12-03,56.64,57.2109,VNM,70_30,ARIMA
2024-12-04,56.1,56.6581,VNM,70_30,ARIMA
2024-12-05,56.99,56.1016,VNM,70_30,ARIMA
2024-12-06,56.81,56.9719,VNM,70_30,ARIMA
2024-12-09,56.81,56.9353,VNM,70_30,ARIMA
2024-12-10,56.64,56.7625,VNM,70_30,ARIMA
2024-12-11,56.9,56.5778,VNM,70_30,ARIMA
2024-12-12,57.26,56.919,VNM,70_30,ARIMA
2024-12-13,56.9,57.2604,VNM,70_30,ARIMA
2024-12-16,57.61,56.9268,VNM,70_30,ARIMA
2024-12-17,57.26,57.5072,VNM,70_30,ARIMA
2024-12-18,57.34,57.3142,VNM,70_30,ARIMA
2024-12-19,56.64,57.3063,VNM,70_30,ARIMA
2024-12-20,57.61,56.6401,VNM,70_30,ARIMA
2024-12-23,57.08,57.5718,VNM,70_30,ARIMA
2024-12-24,56.99,57.1852,VNM,70_30,ARIMA
2024-12-25,57.08,56.9551,VNM,70_30,ARIMA
2024-12-26,56.99,57.0174,VNM,70_30,ARIMA
2024-12-27,56.99,57.0731,VNM,70_30,ARIMA
2024-12-30,56.55,56.9714,VNM,70_30,ARIMA
2024-12-31,56.63,56.5699,VNM,70_30,ARIMA
2025-01-02,56.37,56.6167,VNM,70_30,ARIMA
2025-01-03,56.28,56.4173,VNM,70_30,ARIMA
2025-01-06,55.83,56.3013,VNM,70_30,ARIMA
2025-01-07,55.12,55.8503,VNM,70_30,ARIMA
2025-01-08,55.12,55.166,VNM,70_30,ARIMA
2025-01-09,55.21,55.123,VNM,70_30,ARIMA
2025-01-10,54.76,55.2905,VNM,70_30,ARIMA
2025-01-13,54.85,54.8281,VNM,70_30,ARIMA
2025-01-14,55.03,54.7993,VNM,70_30,ARIMA
2025-01-15,55.12,55.0514,VNM,70_30,ARIMA
2025-01-16,55.29,55.1532,VNM,70_30,ARIMA
2025-01-17,55.38,55.252,VNM,70_30,ARIMA
2025-01-20,55.29,55.3647,VNM,70_30,ARIMA
2025-01-21,55.21,55.284,VNM,70_30,ARIMA
2025-01-22,55.03,55.1931,VNM,70_30,ARIMA
2025-01-23,55.38,55.0405,VNM,70_30,ARIMA
2025-01-24,55.56,55.3699,VNM,70_30,ARIMA
2025-02-03,54.04,55.5827,VNM,70_30,ARIMA
2025-02-04,53.78,54.1108,VNM,70_30,ARIMA
2025-02-05,54.94,53.6842,VNM,70_30,ARIMA
2025-02-06,54.22,54.9796,VNM,70_30,ARIMA
2025-02-07,54.31,54.4441,VNM,70_30,ARIMA
2025-02-10,54.13,54.1679,VNM,70_30,ARIMA
2025-02-11,53.95,54.1009,VNM,70_30,ARIMA
2025-02-12,54.49,54.0325,VNM,70_30,ARIMA
2025-02-13,54.22,54.4407,VNM,70_30,ARIMA
2025-02-14,53.87,54.2855,VNM,70_30,ARIMA
2025-02-17,53.6,53.8461,VNM,70_30,ARIMA
2025-02-18,53.87,53.5735,VNM,70_30,ARIMA
2025-02-19,54.31,53.9067,VNM,70_30,ARIMA
2025-02-20,54.22,54.3369,VNM,70_30,ARIMA
2025-02-21,54.85,54.233,VNM,70_30,ARIMA
2025-02-24,56.99,54.7531,VNM,70_30,ARIMA
2025-02-25,56.19,56.8875,VNM,70_30,ARIMA
2025-02-26,56.37,56.2905,VNM,70_30,ARIMA
2025-02-27,55.56,56.1224,VNM,70_30,ARIMA
2025-02-28,55.56,55.5231,VNM,70_30,ARIMA
2025-03-03,56.46,55.6347,VNM,70_30,ARIMA
2025-03-04,56.72,56.4357,VNM,70_30,ARIMA
2025-03-05,56.01,56.8097,VNM,70_30,ARIMA
2025-03-06,56.19,55.9673,VNM,70_30,ARIMA
2025-03-07,56.01,56.065,VNM,70_30,ARIMA
2025-03-10,55.83,56.085,VNM,70_30,ARIMA
2025-03-11,55.74,55.8805,VNM,70_30,ARIMA
2025-03-12,55.56,55.7168,VNM,70_30,ARIMA
2025-03-13,55.38,55.5979,VNM,70_30,ARIMA
2025-03-14,55.47,55.3974,VNM,70_30,ARIMA
2025-03-17,56.28,55.4731,VNM,70_30,ARIMA
2025-03-18,55.83,56.2658,VNM,70_30,ARIMA
2025-03-19,55.65,55.8874,VNM,70_30,ARIMA
2025-03-20,55.21,55.5701,VNM,70_30,ARIMA
2025-03-21,54.76,55.2001,VNM,70_30,ARIMA
2025-03-24,54.85,54.8368,VNM,70_30,ARIMA
2025-03-25,54.85,54.8608,VNM,70_30,ARIMA
2025-03-26,54.67,54.9151,VNM,70_30,ARIMA
2025-03-27,54.58,54.6944,VNM,70_30,ARIMA
2025-03-28,53.87,54.5578,VNM,70_30,ARIMA
2025-03-31,54.13,53.9192,VNM,70_30,ARIMA
2025-04-01,54.31,54.1087,VNM,70_30,ARIMA
2025-04-02,54.04,54.3649,VNM,70_30,ARIMA
2025-04-03,50.47,54.0935,VNM,70_30,ARIMA
2025-04-04,52.26,50.5889,VNM,70_30,ARIMA
2025-04-08,48.68,52.0376,VNM,70_30,ARIMA
2025-04-09,46.45,49.2608,VNM,70_30,ARIMA
2025-04-10,49.67,46.5492,VNM,70_30,ARIMA
2025-04-11,51.36,49.3867,VNM,70_30,ARIMA
2025-04-14,50.83,51.8431,VNM,70_30,ARIMA
2025-04-15,50.29,50.8019,VNM,70_30,ARIMA
2025-04-16,50.02,49.9015,VNM,70_30,ARIMA
2025-04-17,50.02,49.9924,VNM,70_30,ARIMA
2025-04-18,50.56,50.1226,VNM,70_30,ARIMA
2025-04-21,50.65,50.5777,VNM,70_30,ARIMA
2025-04-22,50.02,50.67,VNM,70_30,ARIMA
2025-04-23,50.38,50.016,VNM,70_30,ARIMA
2025-04-24,50.29,50.2946,VNM,70_30,ARIMA
2025-04-25,52.08,50.3522,VNM,70_30,ARIMA
2025-04-28,51.36,52.0024,VNM,70_30,ARIMA
2025-04-29,51.45,51.4192,VNM,70_30,ARIMA
2025-05-05,50.83,51.3172,VNM,70_30,ARIMA
2025-05-06,50.83,50.7803,VNM,70_30,ARIMA
2025-05-07,51.1,50.8982,VNM,70_30,ARIMA
2025-05-08,51.27,51.1044,VNM,70_30,ARIMA
2025-05-09,51.54,51.317,VNM,70_30,ARIMA
2025-05-12,52.35,51.4978,VNM,70_30,ARIMA
2025-05-13,52.26,52.2803,VNM,70_30,ARIMA
2025-05-14,51.98,52.2639,VNM,70_30,ARIMA
2025-05-15,52.54,51.9212,VNM,70_30,ARIMA
2025-05-16,51.98,52.4508,VNM,70_30,ARIMA
2025-05-19,51.8,52.0716,VNM,70_30,ARIMA
2025-05-20,51.7,51.7749,VNM,70_30,ARIMA
2025-05-21,51.24,51.69,VNM,70_30,ARIMA
2025-05-22,50.87,51.3296,VNM,70_30,ARIMA
2025-05-23,51.15,50.8858,VNM,70_30,ARIMA
2025-05-26,51.52,51.1579,VNM,70_30,ARIMA
2025-05-27,51.24,51.565,VNM,70_30,ARIMA
2025-05-28,51.06,51.2662,VNM,70_30,ARIMA
2025-05-29,50.96,51.008,VNM,70_30,ARIMA
2025-05-30,50.78,50.9573,VNM,70_30,ARIMA
2025-06-02,50.5,50.8283,VNM,70_30,ARIMA
2025-06-03,51.33,50.525,VNM,70_30,ARIMA
2025-06-04,52.63,51.2906,VNM,70_30,ARIMA
2025-06-05,52.07,52.6119,VNM,70_30,ARIMA
2025-06-06,51.15,52.1006,VNM,70_30,ARIMA
2025-06-09,51.15,51.0289,VNM,70_30,ARIMA
2025-06-10,51.15,51.0817,VNM,70_30,ARIMA
2025-06-11,51.06,51.2818,VNM,70_30,ARIMA
2025-06-12,51.7,51.1227,VNM,70_30,ARIMA
2025-06-13,51.33,51.6427,VNM,70_30,ARIMA
2025-06-16,52.07,51.3749,VNM,70_30,ARIMA
2025-06-17,51.98,51.9808,VNM,70_30,ARIMA
2025-06-18,51.8,51.981,VNM,70_30,ARIMA
2025-06-19,51.89,51.7984,VNM,70_30,ARIMA
2025-06-20,52.35,51.8224,VNM,70_30,ARIMA
2025-06-23,51.7,52.3606,VNM,70_30,ARIMA
2025-06-24,52.17,51.7555,VNM,70_30,ARIMA
2025-06-25,52.54,52.0832,VNM,70_30,ARIMA
2025-06-26,52.17,52.5432,VNM,70_30,ARIMA
2025-06-27,53.46,52.2279,VNM,70_30,ARIMA
2025-06-30,53.65,53.3018,VNM,70_30,ARIMA
2025-07-01,53.18,53.6816,VNM,70_30,ARIMA
2025-07-02,53.37,53.1612,VNM,70_30,ARIMA
2025-07-03,53.18,53.2279,VNM,70_30,ARIMA
2025-07-04,53.46,53.2388,VNM,70_30,ARIMA
2025-07-07,53.55,53.4655,VNM,70_30,ARIMA
2025-07-08,54.57,53.5414,VNM,70_30,ARIMA
2025-07-09,55.68,54.5136,VNM,70_30,ARIMA
2025-07-10,55.22,55.6149,VNM,70_30,ARIMA
2025-07-11,55.31,55.2075,VNM,70_30,ARIMA
2025-07-14,55.77,55.1421,VNM,70_30,ARIMA
2025-07-15,55.59,55.7134,VNM,70_30,ARIMA
2025-07-16,55.59,55.6641,VNM,70_30,ARIMA
2025-07-17,55.59,55.5385,VNM,70_30,ARIMA
2025-07-18,55.68,55.5689,VNM,70_30,ARIMA
2025-07-21,55.5,55.6977,VNM,70_30,ARIMA
2025-07-22,55.68,55.5091,VNM,70_30,ARIMA
2025-07-23,57.07,55.6588,VNM,70_30,ARIMA
2025-07-24,58.92,57.0013,VNM,70_30,ARIMA
2025-07-25,58.45,58.8608,VNM,70_30,ARIMA
2025-07-28,58.55,58.417,VNM,70_30,ARIMA
2025-07-29,58.45,58.3075,VNM,70_30,ARIMA
2025-07-30,58.18,58.3779,VNM,70_30,ARIMA
2025-07-31,56.61,58.2576,VNM,70_30,ARIMA
2025-08-01,55.5,56.68,VNM,70_30,ARIMA
2025-08-04,55.87,55.5433,VNM,70_30,ARIMA
2025-08-05,55.59,55.9419,VNM,70_30,ARIMA
2025-08-06,56.7,55.8013,VNM,70_30,ARIMA
2025-08-07,56.33,56.6634,VNM,70_30,ARIMA
2025-08-08,56.24,56.3515,VNM,70_30,ARIMA
2025-08-11,56.88,56.1888,VNM,70_30,ARIMA
2025-08-12,57.16,56.7775,VNM,70_30,ARIMA
2025-08-13,56.51,57.217,VNM,70_30,ARIMA
2025-08-14,57.07,56.511,VNM,70_30,ARIMA
2025-08-15,56.42,56.953,VNM,70_30,ARIMA
2025-08-18,56.14,56.5043,VNM,70_30,ARIMA
2025-08-19,55.96,56.1549,VNM,70_30,ARIMA
2025-08-20,55.5,55.951,VNM,70_30,ARIMA
2025-08-21,55.59,55.5979,VNM,70_30,ARIMA
2025-08-22,54.29,55.5938,VNM,70_30,ARIMA
2025-08-25,54.29,54.4024,VNM,70_30,ARIMA
2025-08-26,55.22,54.2789,VNM,70_30,ARIMA
2025-08-27,55.96,55.2388,VNM,70_30,ARIMA
2025-08-28,56.42,56.0455,VNM,70_30,ARIMA
2025-08-29,55.77,56.3305,VNM,70_30,ARIMA
2025-09-03,56.88,55.6978,VNM,70_30,ARIMA
2025-09-04,57.16,56.7324,VNM,70_30,ARIMA
2025-09-05,56.33,57.1974,VNM,70_30,ARIMA
2025-09-08,56.05,56.368,VNM,70_30,ARIMA
2025-09-09,55.77,55.9292,VNM,70_30,ARIMA
2025-09-10,55.31,55.8315,VNM,70_30,ARIMA
2025-09-11,56.61,55.4135,VNM,70_30,ARIMA
2025-09-12,58.45,56.551,VNM,70_30,ARIMA
2025-09-15,58.36,58.4329,VNM,70_30,ARIMA
2025-09-16,59.84,58.3575,VNM,70_30,ARIMA
2025-09-17,60.21,59.5317,VNM,70_30,ARIMA
2025-09-18,58.82,60.119,VNM,70_30,ARIMA
2025-09-19,57.35,58.8451,VNM,70_30,ARIMA
2025-09-22,56.79,57.2493,VNM,70_30,ARIMA
2025-09-23,56.98,56.8618,VNM,70_30,ARIMA
2025-09-24,57.35,57.1657,VNM,70_30,ARIMA
2025-09-25,56.88,57.469,VNM,70_30,ARIMA
2025-09-26,56.51,56.9241,VNM,70_30,ARIMA
2025-09-29,55.77,56.4694,VNM,70_30,ARIMA
2025-09-30,55.5,55.8031,VNM,70_30,ARIMA
2025-10-01,57.44,55.5606,VNM,70_30,ARIMA
2025-10-02,56.61,57.4037,VNM,70_30,ARIMA
2025-10-03,56.7,56.7737,VNM,70_30,ARIMA
2025-10-06,57.72,56.556,VNM,70_30,ARIMA
2025-10-07,56.79,57.5655,VNM,70_30,ARIMA
2025-10-08,58.64,56.9546,VNM,70_30,ARIMA
2025-10-09,58.18,58.4289,VNM,70_30,ARIMA
2025-10-10,57.72,58.233,VNM,70_30,ARIMA
2025-10-13,59.19,57.7081,VNM,70_30,ARIMA
2025-10-14,58.73,58.9583,VNM,70_30,ARIMA
2025-10-15,58.82,58.8928,VNM,70_30,ARIMA
2025-10-16,59.26,58.7418,VNM,70_30,ARIMA
2025-10-17,56.94,59.1375,VNM,70_30,ARIMA
2025-10-20,53.26,57.1409,VNM,70_30,ARIMA
2025-10-21,54.71,53.3465,VNM,70_30,ARIMA
2025-10-22,54.52,54.6566,VNM,70_30,ARIMA
2025-10-23,54.81,54.9835,VNM,70_30,ARIMA
2025-10-24,56.26,54.9745,VNM,70_30,ARIMA
2025-10-27,55.19,56.0312,VNM,70_30,ARIMA
2025-10-28,55.58,55.2998,VNM,70_30,ARIMA
2025-10-29,55.68,55.4218,VNM,70_30,ARIMA
2025-10-30,55.29,55.6245,VNM,70_30,ARIMA
2025-10-31,55.77,55.404,VNM,70_30,ARIMA
2025-11-03,55.48,55.68,VNM,70_30,ARIMA
2025-11-04,55.48,55.5262,VNM,70_30,ARIMA
2025-11-05,56.16,55.481,VNM,70_30,ARIMA
2025-11-06,56.16,56.092,VNM,70_30,ARIMA
2025-11-07,55.77,56.2072,VNM,70_30,ARIMA
2025-11-10,55.19,55.7477,VNM,70_30,ARIMA
2025-11-11,57.03,55.1539,VNM,70_30,ARIMA
2025-11-12,57.9,56.9484,VNM,70_30,ARIMA
2025-11-13,59.84,57.9592,VNM,70_30,ARIMA
2025-11-14,60.81,59.693,VNM,70_30,ARIMA
2025-11-17,60.13,60.5875,VNM,70_30,ARIMA
2025-11-18,58.78,60.0267,VNM,70_30,ARIMA
2025-11-19,58.97,58.6163,VNM,70_30,ARIMA
2025-11-20,58.78,58.9116,VNM,70_30,ARIMA
2025-11-21,58.0,58.9476,VNM,70_30,ARIMA
2025-11-24,61.0,58.1345,VNM,70_30,ARIMA
2025-11-25,59.94,60.8009,VNM,70_30,ARIMA
2025-11-26,60.81,60.1305,VNM,70_30,ARIMA
2025-11-27,60.03,60.6294,VNM,70_30,ARIMA
2025-11-28,61.97,59.8768,VNM,70_30,ARIMA
2025-12-01,62.84,61.9137,VNM,70_30,ARIMA
2025-12-02,62.94,62.7971,VNM,70_30,ARIMA
2025-12-03,62.55,62.9181,VNM,70_30,ARIMA
2025-12-04,61.39,62.3427,VNM,70_30,ARIMA
2025-12-05,61.39,61.3877,VNM,70_30,ARIMA
2025-12-08,61.49,61.3884,VNM,70_30,ARIMA
2025-12-09,60.52,61.5915,VNM,70_30,ARIMA
2025-12-10,61.1,60.6724,VNM,70_30,ARIMA
2025-12-11,59.55,61.0226,VNM,70_30,ARIMA
2025-12-12,58.29,59.7015,VNM,70_30,ARIMA
2025-12-15,60.03,58.3717,VNM,70_30,ARIMA
2025-12-16,62.16,59.9298,VNM,70_30,ARIMA
2025-12-17,60.91,62.3053,VNM,70_30,ARIMA
2025-12-18,61.87,61.0067,VNM,70_30,ARIMA
2025-12-19,61.97,61.4961,VNM,70_30,ARIMA
2025-12-22,61.2,61.8917,VNM,70_30,ARIMA
2025-12-23,60.62,61.3208,VNM,70_30,ARIMA
2025-12-24,59.55,60.5356,VNM,70_30,ARIMA
2025-12-25,59.36,59.6437,VNM,70_30,ARIMA
2025-12-26,59.55,59.4511,VNM,70_30,ARIMA
2025-12-29,60.13,59.6419,VNM,70_30,ARIMA
2025-12-30,59.84,60.2019,VNM,70_30,ARIMA
2025-12-31,59.26,59.8631,VNM,70_30,ARIMA
2026-01-05,58.39,59.2332,VNM,70_30,ARIMA
2026-01-06,58.87,58.3941,VNM,70_30,ARIMA
2026-01-07,58.97,58.8918,VNM,70_30,ARIMA
2026-01-08,60.23,59.074,VNM,70_30,ARIMA
2026-01-09,59.07,60.2045,VNM,70_30,ARIMA
2026-01-12,60.71,59.1035,VNM,70_30,ARIMA
2026-01-13,61.29,60.5109,VNM,70_30,ARIMA
2026-01-14,65.55,61.2524,VNM,70_30,ARIMA
2026-01-15,68.75,65.3422,VNM,70_30,ARIMA
2026-01-16,67.39,68.5326,VNM,70_30,ARIMA
2026-01-19,68.36,67.2517,VNM,70_30,ARIMA
2026-01-20,71.07,67.7365,VNM,70_30,ARIMA
2026-01-21,68.07,70.866,VNM,70_30,ARIMA
2026-01-22,68.65,68.3809,VNM,70_30,ARIMA
2026-01-23,65.07,68.3293,VNM,70_30,ARIMA
2026-01-26,66.72,65.2149,VNM,70_30,ARIMA
2026-01-27,65.55,66.778,VNM,70_30,ARIMA
2026-01-28,65.55,65.7852,VNM,70_30,ARIMA
2026-01-29,68.85,65.7196,VNM,70_30,ARIMA
2026-01-30,68.36,68.5335,VNM,70_30,ARIMA
2026-02-02,70.3,68.6088,VNM,70_30,ARIMA
2026-02-03,69.33,69.9827,VNM,70_30,ARIMA
2026-02-04,69.72,69.1827,VNM,70_30,ARIMA
2026-02-05,66.91,69.6539,VNM,70_30,ARIMA
2026-02-06,66.91,66.9702,VNM,70_30,ARIMA
2026-02-09,67.39,66.8951,VNM,70_30,ARIMA
2026-02-10,66.23,67.4755,VNM,70_30,ARIMA
2026-02-11,66.91,66.5678,VNM,70_30,ARIMA
2026-02-12,66.81,66.7729,VNM,70_30,ARIMA
2026-02-13,67.3,66.8594,VNM,70_30,ARIMA
2026-02-23,68.36,67.3382,VNM,70_30,ARIMA
2026-02-24,67.97,68.2451,VNM,70_30,ARIMA
2026-02-25,70.01,68.0196,VNM,70_30,ARIMA
2026-02-26,68.36,69.7713,VNM,70_30,ARIMA
2026-02-27,66.04,68.4665,VNM,70_30,ARIMA
2026-03-02,64.49,66.0621,VNM,70_30,ARIMA
2026-03-03,61.39,64.4018,VNM,70_30,ARIMA
2026-03-04,62.84,61.8027,VNM,70_30,ARIMA
2026-03-05,61.2,62.9265,VNM,70_30,ARIMA
2026-03-06,60.42,61.6293,VNM,70_30,ARIMA
2026-03-09,56.26,60.5845,VNM,70_30,ARIMA
2026-03-10,60.13,56.3485,VNM,70_30,ARIMA
2026-03-11,61.0,59.912,VNM,70_30,ARIMA
2026-03-12,59.65,61.3787,VNM,70_30,ARIMA
2026-03-13,61.1,59.8822,VNM,70_30,ARIMA
2026-03-16,59.84,60.5274,VNM,70_30,ARIMA
2026-03-17,59.55,60.0322,VNM,70_30,ARIMA
2026-03-18,59.74,59.5779,VNM,70_30,ARIMA
2026-03-19,59.07,59.636,VNM,70_30,ARIMA
2026-03-20,58.1,59.2661,VNM,70_30,ARIMA
2026-03-23,58.87,58.1332,VNM,70_30,ARIMA
2026-03-24,59.26,58.7995,VNM,70_30,ARIMA
2026-03-25,60.13,59.372,VNM,70_30,ARIMA
2026-03-26,59.07,60.1239,VNM,70_30,ARIMA
2026-03-27,59.55,59.068,VNM,70_30,ARIMA
2026-03-30,58.68,59.4147,VNM,70_30,ARIMA
2026-03-31,58.58,58.7388,VNM,70_30,ARIMA
2026-04-01,59.36,58.6333,VNM,70_30,ARIMA
2026-04-02,58.87,59.2944,VNM,70_30,ARIMA
2026-04-03,58.1,59.0167,VNM,70_30,ARIMA
2026-04-06,58.97,58.0879,VNM,70_30,ARIMA
2026-04-07,59.07,58.8433,VNM,70_30,ARIMA
2026-04-08,60.62,59.1861,VNM,70_30,ARIMA
2026-04-09,59.84,60.5387,VNM,70_30,ARIMA
2026-04-10,60.81,59.8547,VNM,70_30,ARIMA
2026-04-13,60.81,60.6426,VNM,70_30,ARIMA
2026-04-14,60.03,60.7546,VNM,70_30,ARIMA
2026-04-15,59.36,60.1206,VNM,70_30,ARIMA
2026-04-16,59.16,59.2812,VNM,70_30,ARIMA
2026-04-17,59.36,59.2023,VNM,70_30,ARIMA
2026-04-20,59.55,59.4413,VNM,70_30,ARIMA
2026-04-21,59.65,59.6019,VNM,70_30,ARIMA
2026-04-22,59.84,59.6479,VNM,70_30,ARIMA
2026-04-23,60.03,59.8016,VNM,70_30,ARIMA
2026-04-24,59.45,60.0059,VNM,70_30,ARIMA
2026-04-28,59.26,59.4786,VNM,70_30,ARIMA
2026-04-29,58.97,59.2266,VNM,70_30,ARIMA
2026-05-04,58.97,58.9981,VNM,70_30,ARIMA
2026-05-05,59.16,59.0218,VNM,70_30,ARIMA
2026-05-06,59.55,59.1711,VNM,70_30,ARIMA
2026-05-07,59.55,59.5541,VNM,70_30,ARIMA
2026-05-08,58.97,59.5503,VNM,70_30,ARIMA
2026-05-11,58.68,58.9709,VNM,70_30,ARIMA
2026-05-12,58.19,58.6468,VNM,70_30,ARIMA
2026-05-13,57.42,58.2465,VNM,70_30,ARIMA
2026-05-14,58.19,57.5166,VNM,70_30,ARIMA
2026-05-15,57.9,58.1551,VNM,70_30,ARIMA
2026-05-18,58.58,58.0248,VNM,70_30,ARIMA
2026-05-19,57.9,58.5456,VNM,70_30,ARIMA
2026-05-20,57.23,57.9071,VNM,70_30,ARIMA
2026-05-21,57.13,57.249,VNM,70_30,ARIMA
2026-05-22,57.61,57.0846,VNM,70_30,ARIMA
2026-05-25,57.23,57.6785,VNM,70_30,ARIMA
2026-05-26,57.23,57.3256,VNM,70_30,ARIMA
2026-05-27,56.94,57.1907,VNM,70_30,ARIMA
2026-05-28,57.13,56.9359,VNM,70_30,ARIMA
2026-05-29,57.32,57.1465,VNM,70_30,ARIMA
2026-06-01,57.23,57.3245,VNM,70_30,ARIMA
2026-06-02,56.74,57.2577,VNM,70_30,ARIMA
2026-06-03,56.45,56.7382,VNM,70_30,ARIMA
2026-06-04,56.74,56.442,VNM,70_30,ARIMA
2026-06-05,56.55,56.7468,VNM,70_30,ARIMA
2026-06-08,56.16,56.6288,VNM,70_30,ARIMA
2026-06-09,56.45,56.1813,VNM,70_30,ARIMA
2026-06-10,57.03,56.3982,VNM,70_30,ARIMA
2026-06-11,57.32,57.0435,VNM,70_30,ARIMA
2026-06-12,57.13,57.3378,VNM,70_30,ARIMA
2026-06-15,57.81,57.092,VNM,70_30,ARIMA
2026-06-16,57.23,57.6984,VNM,70_30,ARIMA
2026-06-17,57.13,57.2849,VNM,70_30,ARIMA
2026-06-18,57.32,57.1005,VNM,70_30,ARIMA
2026-06-19,57.13,57.2733,VNM,70_30,ARIMA
2026-06-22,56.74,57.2134,VNM,70_30,ARIMA
2026-06-23,56.55,56.7494,VNM,70_30,ARIMA
2026-06-24,56.45,56.5406,VNM,70_30,ARIMA
2026-06-25,56.45,56.4888,VNM,70_30,ARIMA
2026-06-26,56.3,56.4872,VNM,70_30,ARIMA
2026-06-29,56.1,56.3259,VNM,70_30,ARIMA
2026-06-30,54.8,56.1136,VNM,70_30,ARIMA
2026-07-01,55.2,54.8831,VNM,70_30,ARIMA
2026-07-02,55.5,55.1506,VNM,70_30,ARIMA
2026-07-03,54.9,55.5775,VNM,70_30,ARIMA
2026-07-06,55.3,55.0374,VNM,70_30,ARIMA
2026-07-07,55.1,55.1852,VNM,70_30,ARIMA
2026-07-08,55.7,55.1378,VNM,70_30,ARIMA
2026-07-09,55.7,55.6888,VNM,70_30,ARIMA
2026-07-10,56.6,55.6892,VNM,70_30,ARIMA
2026-07-13,55.4,56.533,VNM,70_30,ARIMA
2026-07-14,56.0,55.4571,VNM,70_30,ARIMA
2026-07-15,56.2,55.8782,VNM,70_30,ARIMA
2026-07-16,56.2,56.1939,VNM,70_30,ARIMA
2026-07-17,59.0,56.2904,VNM,70_30,ARIMA
2026-07-20,58.5,58.7359,VNM,70_30,ARIMA
2026-07-21,58.4,58.6265,VNM,70_30,ARIMA
2026-07-22,59.1,58.2484,VNM,70_30,ARIMA
2026-07-23,57.8,58.8314,VNM,70_30,ARIMA
2026-07-24,58.9,58.0018,VNM,70_30,ARIMA
2026-07-27,57.9,58.7449,VNM,70_30,ARIMA
2026-07-28,59.6,58.0095,VNM,70_30,ARIMA
2026-07-29,60.0,59.5158,VNM,70_30,ARIMA
2026-07-30,61.2,59.9688,VNM,70_30,ARIMA
2026-07-31,60.9,61.1521,VNM,70_30,ARIMA
2026-08-03,60.3,60.7813,VNM,70_30,ARIMA
2026-08-04,59.5,60.2583,VNM,70_30,ARIMA
2026-08-05,58.6,59.4463,VNM,70_30,ARIMA
2026-08-06,59.0,58.7051,VNM,70_30,ARIMA
2026-08-07,62.0,59.0291,VNM,70_30,ARIMA
2026-08-10,62.1,61.9262,VNM,70_30,ARIMA
2026-08-11,62.0,62.253,VNM,70_30,ARIMA
2026-08-12,61.8,61.7996,VNM,70_30,ARIMA
2026-08-13,61.6,61.5394,VNM,70_30,ARIMA
2026-08-14,61.6,61.6456,VNM,70_30,ARIMA
2026-08-17,62.2,61.6139,VNM,70_30,ARIMA
2026-08-18,62.1,62.1874,VNM,70_30,ARIMA
2026-08-19,63.1,62.1438,VNM,70_30,ARIMA
2026-08-20,64.0,62.9944,VNM,70_30,ARIMA
2026-08-21,63.8,63.9286,VNM,70_30,ARIMA
2026-08-24,63.2,63.8103,VNM,70_30,ARIMA
2026-08-25,62.6,63.0922,VNM,70_30,ARIMA
2026-08-26,62.8,62.561,VNM,70_30,ARIMA
2026-08-27,62.5,62.8283,VNM,70_30,ARIMA
2026-08-28,62.3,62.6111,VNM,70_30,ARIMA
2026-09-03,61.2,62.3372,VNM,70_30,ARIMA
2026-09-04,61.9,61.2547,VNM,70_30,ARIMA
2026-09-07,60.7,61.8539,VNM,70_30,ARIMA
2026-09-08,61.0,60.8792,VNM,70_30,ARIMA
2026-09-09,61.3,60.9932,VNM,70_30,ARIMA
2026-09-10,61.6,61.2776,VNM,70_30,ARIMA
2026-09-11,59.9,61.6923,VNM,70_30,ARIMA
2026-09-14,59.3,59.9662,VNM,70_30,ARIMA
2026-09-15,59.7,59.2385,VNM,70_30,ARIMA
2026-09-16,59.6,59.7218,VNM,70_30,ARIMA
2026-09-17,60.2,59.8086,VNM,70_30,ARIMA
2025-02-25,60.98,61.5599,VCB,80_20,ARIMA
2025-02-26,60.79,60.8963,VCB,80_20,ARIMA
2025-02-27,61.91,60.7703,VCB,80_20,ARIMA
2025-02-28,61.44,62.0017,VCB,80_20,ARIMA
2025-03-03,61.44,61.4349,VCB,80_20,ARIMA
2025-03-04,61.25,61.35,VCB,80_20,ARIMA
2025-03-05,61.25,61.265,VCB,80_20,ARIMA
2025-03-06,61.58,61.2955,VCB,80_20,ARIMA
2025-03-07,62.63,61.5835,VCB,80_20,ARIMA
2025-03-10,63.75,62.6362,VCB,80_20,ARIMA
2025-03-11,63.75,63.7067,VCB,80_20,ARIMA
2025-03-12,65.67,63.6362,VCB,80_20,ARIMA
2025-03-13,64.49,65.6126,VCB,80_20,ARIMA
2025-03-14,64.98,64.4519,VCB,80_20,ARIMA
2025-03-17,66.26,64.8996,VCB,80_20,ARIMA
2025-03-18,65.77,66.3246,VCB,80_20,ARIMA
2025-03-19,65.47,65.7809,VCB,80_20,ARIMA
2025-03-20,65.77,65.3421,VCB,80_20,ARIMA
2025-03-21,64.98,65.8144,VCB,80_20,ARIMA
2025-03-24,65.47,65.0338,VCB,80_20,ARIMA
2025-03-25,65.18,65.4609,VCB,80_20,ARIMA
2025-03-26,64.78,65.2073,VCB,80_20,ARIMA
2025-03-27,64.49,64.7706,VCB,80_20,ARIMA
2025-03-28,63.8,64.4844,VCB,80_20,ARIMA
2025-03-31,63.01,63.8491,VCB,80_20,ARIMA
2025-04-01,63.5,63.0343,VCB,80_20,ARIMA
2025-04-02,63.8,63.5628,VCB,80_20,ARIMA
2025-04-03,59.37,63.8471,VCB,80_20,ARIMA
2025-04-04,59.07,59.2774,VCB,80_20,ARIMA
2025-04-08,54.94,59.1347,VCB,80_20,ARIMA
2025-04-09,51.69,55.2072,VCB,80_20,ARIMA
2025-04-10,55.23,51.6774,VCB,80_20,ARIMA
2025-04-11,58.88,55.3749,VCB,80_20,ARIMA
2025-04-14,58.38,59.2155,VCB,80_20,ARIMA
2025-04-15,59.07,58.0323,VCB,80_20,ARIMA
2025-04-16,58.38,58.7286,VCB,80_20,ARIMA
2025-04-17,57.2,58.2857,VCB,80_20,ARIMA
2025-04-18,57.2,57.2108,VCB,80_20,ARIMA
2025-04-21,57.3,57.2486,VCB,80_20,ARIMA
2025-04-22,57.6,57.4065,VCB,80_20,ARIMA
2025-04-23,57.1,57.6466,VCB,80_20,ARIMA
2025-04-24,57.3,57.0587,VCB,80_20,ARIMA
2025-04-25,56.61,57.3012,VCB,80_20,ARIMA
2025-04-28,56.61,56.6037,VCB,80_20,ARIMA
2025-04-29,56.42,56.6461,VCB,80_20,ARIMA
2025-05-05,56.22,56.4427,VCB,80_20,ARIMA
2025-05-06,56.12,56.2519,VCB,80_20,ARIMA
2025-05-07,56.12,56.1288,VCB,80_20,ARIMA
2025-05-08,56.22,56.143,VCB,80_20,ARIMA
2025-05-09,55.73,56.2347,VCB,80_20,ARIMA
2025-05-12,55.73,55.7163,VCB,80_20,ARIMA
2025-05-13,55.92,55.7403,VCB,80_20,ARIMA
2025-05-14,57.79,55.9494,VCB,80_20,ARIMA
2025-05-15,57.79,57.8517,VCB,80_20,ARIMA
2025-05-16,56.61,57.7082,VCB,80_20,ARIMA
2025-05-19,56.12,56.4605,VCB,80_20,ARIMA
2025-05-20,56.22,56.0779,VCB,80_20,ARIMA
2025-05-21,56.22,56.3322,VCB,80_20,ARIMA
2025-05-22,56.02,56.2933,VCB,80_20,ARIMA
2025-05-23,55.92,56.0163,VCB,80_20,ARIMA
2025-05-26,56.12,55.9159,VCB,80_20,ARIMA
2025-05-27,55.92,56.142,VCB,80_20,ARIMA
2025-05-28,55.92,55.9213,VCB,80_20,ARIMA
2025-05-29,55.82,55.9174,VCB,80_20,ARIMA
2025-05-30,55.53,55.8205,VCB,80_20,ARIMA
2025-06-02,55.33,55.5363,VCB,80_20,ARIMA
2025-06-03,55.92,55.3398,VCB,80_20,ARIMA
2025-06-04,55.73,55.9643,VCB,80_20,ARIMA
2025-06-05,55.43,55.7253,VCB,80_20,ARIMA
2025-06-06,55.23,55.3991,VCB,80_20,ARIMA
2025-06-09,55.04,55.2223,VCB,80_20,ARIMA
2025-06-10,55.04,55.0744,VCB,80_20,ARIMA
2025-06-11,54.84,55.0693,VCB,80_20,ARIMA
2025-06-12,55.14,54.8511,VCB,80_20,ARIMA
2025-06-13,55.33,55.1608,VCB,80_20,ARIMA
2025-06-16,55.73,55.3336,VCB,80_20,ARIMA
2025-06-17,56.32,55.723,VCB,80_20,ARIMA
2025-06-18,55.82,56.2949,VCB,80_20,ARIMA
2025-06-19,55.73,55.756,VCB,80_20,ARIMA
2025-06-20,56.22,55.6971,VCB,80_20,ARIMA
2025-06-23,55.73,56.2466,VCB,80_20,ARIMA
2025-06-24,55.73,55.7301,VCB,80_20,ARIMA
2025-06-25,55.73,55.7182,VCB,80_20,ARIMA
2025-06-26,55.53,55.7385,VCB,80_20,ARIMA
2025-06-27,55.82,55.5496,VCB,80_20,ARIMA
2025-06-30,56.12,55.83,VCB,80_20,ARIMA
2025-07-01,57.3,56.1284,VCB,80_20,ARIMA
2025-07-02,57.1,57.31,VCB,80_20,ARIMA
2025-07-03,57.01,57.0183,VCB,80_20,ARIMA
2025-07-04,57.5,56.9356,VCB,80_20,ARIMA
2025-07-07,57.7,57.4833,VCB,80_20,ARIMA
2025-07-08,58.09,57.7119,VCB,80_20,ARIMA
2025-07-09,60.55,58.065,VCB,80_20,ARIMA
2025-07-10,60.45,60.5698,VCB,80_20,ARIMA
2025-07-11,61.73,60.3296,VCB,80_20,ARIMA
2025-07-14,61.44,61.6139,VCB,80_20,ARIMA
2025-07-15,60.45,61.3017,VCB,80_20,ARIMA
2025-07-16,60.85,60.3921,VCB,80_20,ARIMA
2025-07-17,61.24,60.8551,VCB,80_20,ARIMA
2025-07-18,60.94,61.3202,VCB,80_20,ARIMA
2025-07-21,60.35,60.9342,VCB,80_20,ARIMA
2025-07-22,61.24,60.2949,VCB,80_20,ARIMA
2025-07-23,61.14,61.2891,VCB,80_20,ARIMA
2025-07-24,61.14,61.155,VCB,80_20,ARIMA
2025-07-25,61.04,61.1147,VCB,80_20,ARIMA
2025-07-28,61.83,61.0004,VCB,80_20,ARIMA
2025-07-29,60.06,61.8665,VCB,80_20,ARIMA
2025-07-30,59.96,59.9951,VCB,80_20,ARIMA
2025-07-31,59.27,59.9805,VCB,80_20,ARIMA
2025-08-01,59.27,59.3262,VCB,80_20,ARIMA
2025-08-04,60.16,59.376,VCB,80_20,ARIMA
2025-08-05,60.55,60.2088,VCB,80_20,ARIMA
2025-08-06,61.34,60.556,VCB,80_20,ARIMA
2025-08-07,60.75,61.2892,VCB,80_20,ARIMA
2025-08-08,60.94,60.6489,VCB,80_20,ARIMA
2025-08-11,61.53,60.9102,VCB,80_20,ARIMA
2025-08-12,62.03,61.5419,VCB,80_20,ARIMA
2025-08-13,61.53,62.0425,VCB,80_20,ARIMA
2025-08-14,64.19,61.4538,VCB,80_20,ARIMA
2025-08-15,63.31,64.2149,VCB,80_20,ARIMA
2025-08-18,63.5,63.2183,VCB,80_20,ARIMA
2025-08-19,63.21,63.4043,VCB,80_20,ARIMA
2025-08-20,62.03,63.1379,VCB,80_20,ARIMA
2025-08-21,63.21,62.0651,VCB,80_20,ARIMA
2025-08-22,63.6,63.266,VCB,80_20,ARIMA
2025-08-25,62.62,63.6498,VCB,80_20,ARIMA
2025-08-26,63.6,62.5757,VCB,80_20,ARIMA
2025-08-27,68.03,63.5611,VCB,80_20,ARIMA
2025-08-28,67.93,68.1264,VCB,80_20,ARIMA
2025-08-29,67.54,67.7453,VCB,80_20,ARIMA
2025-09-03,65.97,67.268,VCB,80_20,ARIMA
2025-09-04,67.84,65.7794,VCB,80_20,ARIMA
2025-09-05,66.46,67.9916,VCB,80_20,ARIMA
2025-09-08,64.29,66.4722,VCB,80_20,ARIMA
2025-09-09,63.9,64.2566,VCB,80_20,ARIMA
2025-09-10,64.78,64.006,VCB,80_20,ARIMA
2025-09-11,64.69,64.9678,VCB,80_20,ARIMA
2025-09-12,64.78,64.7342,VCB,80_20,ARIMA
2025-09-15,64.78,64.7546,VCB,80_20,ARIMA
2025-09-16,64.59,64.7583,VCB,80_20,ARIMA
2025-09-17,63.8,64.5812,VCB,80_20,ARIMA
2025-09-18,62.91,63.7916,VCB,80_20,ARIMA
2025-09-19,62.03,62.9375,VCB,80_20,ARIMA
2025-09-22,61.04,62.0989,VCB,80_20,ARIMA
2025-09-23,61.24,61.1257,VCB,80_20,ARIMA
2025-09-24,61.73,61.3604,VCB,80_20,ARIMA
2025-09-25,62.03,61.8136,VCB,80_20,ARIMA
2025-09-26,62.03,62.0358,VCB,80_20,ARIMA
2025-09-29,61.63,61.9892,VCB,80_20,ARIMA
2025-09-30,61.04,61.5906,VCB,80_20,ARIMA
2025-10-01,61.44,61.0339,VCB,80_20,ARIMA
2025-10-02,61.14,61.4946,VCB,80_20,ARIMA
2025-10-03,61.19,61.1601,VCB,80_20,ARIMA
2025-10-06,63.47,61.1999,VCB,80_20,ARIMA
2025-10-07,63.17,63.5236,VCB,80_20,ARIMA
2025-10-08,64.06,63.0692,VCB,80_20,ARIMA
2025-10-09,63.27,63.9673,VCB,80_20,ARIMA
2025-10-10,63.67,63.1669,VCB,80_20,ARIMA
2025-10-13,62.58,63.659,VCB,80_20,ARIMA
2025-10-14,62.58,62.5665,VCB,80_20,ARIMA
2025-10-15,61.98,62.6161,VCB,80_20,ARIMA
2025-10-16,62.38,62.0265,VCB,80_20,ARIMA
2025-10-17,61.39,62.437,VCB,80_20,ARIMA
2025-10-20,58.91,61.4014,VCB,80_20,ARIMA
2025-10-21,58.81,58.8908,VCB,80_20,ARIMA
2025-10-22,59.11,58.9518,VCB,80_20,ARIMA
2025-10-23,59.3,59.2831,VCB,80_20,ARIMA
2025-10-24,59.01,59.3674,VCB,80_20,ARIMA
2025-10-27,58.71,58.9942,VCB,80_20,ARIMA
2025-10-28,59.5,58.6973,VCB,80_20,ARIMA
2025-10-29,60.2,59.5384,VCB,80_20,ARIMA
2025-10-30,60.1,60.2068,VCB,80_20,ARIMA
2025-10-31,59.11,60.0342,VCB,80_20,ARIMA
2025-11-03,58.81,59.0352,VCB,80_20,ARIMA
2025-11-04,59.6,58.8292,VCB,80_20,ARIMA
2025-11-05,60.3,59.686,VCB,80_20,ARIMA
2025-11-06,59.8,60.3239,VCB,80_20,ARIMA
2025-11-07,58.81,59.7241,VCB,80_20,ARIMA
2025-11-10,58.31,58.7508,VCB,80_20,ARIMA
2025-11-11,58.41,58.3524,VCB,80_20,ARIMA
2025-11-12,59.01,58.5022,VCB,80_20,ARIMA
2025-11-13,59.3,59.0728,VCB,80_20,ARIMA
2025-11-14,59.5,59.2882,VCB,80_20,ARIMA
2025-11-17,59.7,59.4549,VCB,80_20,ARIMA
2025-11-18,59.4,59.6644,VCB,80_20,ARIMA
2025-11-19,58.91,59.365,VCB,80_20,ARIMA
2025-11-20,58.91,58.8943,VCB,80_20,ARIMA
2025-11-21,58.51,58.9434,VCB,80_20,ARIMA
2025-11-24,58.31,58.537,VCB,80_20,ARIMA
2025-11-25,57.72,58.3348,VCB,80_20,ARIMA
2025-11-26,57.62,57.7394,VCB,80_20,ARIMA
2025-11-27,57.42,57.6638,VCB,80_20,ARIMA
2025-11-28,56.92,57.4599,VCB,80_20,ARIMA
2025-12-01,57.02,56.9369,VCB,80_20,ARIMA
2025-12-02,57.12,57.0581,VCB,80_20,ARIMA
2025-12-03,58.41,57.1524,VCB,80_20,ARIMA
2025-12-04,58.41,58.4421,VCB,80_20,ARIMA
2025-12-05,57.82,58.3489,VCB,80_20,ARIMA
2025-12-08,57.42,57.727,VCB,80_20,ARIMA
2025-12-09,57.52,57.4044,VCB,80_20,ARIMA
2025-12-10,57.72,57.5728,VCB,80_20,ARIMA
2025-12-11,57.12,57.7586,VCB,80_20,ARIMA
2025-12-12,56.33,57.1017,VCB,80_20,ARIMA
2025-12-15,56.33,56.3228,VCB,80_20,ARIMA
2025-12-16,56.43,56.3948,VCB,80_20,ARIMA
2025-12-17,56.23,56.4934,VCB,80_20,ARIMA
2025-12-18,56.33,56.2396,VCB,80_20,ARIMA
2025-12-19,57.02,56.3356,VCB,80_20,ARIMA
2025-12-22,57.32,57.0418,VCB,80_20,ARIMA
2025-12-23,56.73,57.2962,VCB,80_20,ARIMA
2025-12-24,56.53,56.6598,VCB,80_20,ARIMA
2025-12-25,56.63,56.5169,VCB,80_20,ARIMA
2025-12-26,56.63,56.6684,VCB,80_20,ARIMA
2025-12-29,56.63,56.6506,VCB,80_20,ARIMA
2025-12-30,56.82,56.6295,VCB,80_20,ARIMA
2025-12-31,57.02,56.8226,VCB,80_20,ARIMA
2026-01-05,56.63,57.0164,VCB,80_20,ARIMA
2026-01-06,56.82,56.6007,VCB,80_20,ARIMA
2026-01-07,59.11,56.8252,VCB,80_20,ARIMA
2026-01-08,63.17,59.1755,VCB,80_20,ARIMA
2026-01-09,67.44,63.2064,VCB,80_20,ARIMA
2026-01-12,72.1,67.3895,VCB,80_20,ARIMA
2026-01-13,73.39,72.1484,VCB,80_20,ARIMA
2026-01-14,75.37,73.2143,VCB,80_20,ARIMA
2026-01-15,71.3,75.3861,VCB,80_20,ARIMA
2026-01-16,72.39,70.7836,VCB,80_20,ARIMA
2026-01-19,72.1,72.3299,VCB,80_20,ARIMA
2026-01-20,72.89,72.2528,VCB,80_20,ARIMA
2026-01-21,72.2,72.9365,VCB,80_20,ARIMA
2026-01-22,70.41,72.1786,VCB,80_20,ARIMA
2026-01-23,68.03,70.2529,VCB,80_20,ARIMA
2026-01-26,69.02,67.8841,VCB,80_20,ARIMA
2026-01-27,70.01,69.1955,VCB,80_20,ARIMA
2026-01-28,69.02,70.2369,VCB,80_20,ARIMA
2026-01-29,69.22,68.9174,VCB,80_20,ARIMA
2026-01-30,69.91,69.1693,VCB,80_20,ARIMA
2026-02-02,70.91,69.9989,VCB,80_20,ARIMA
2026-02-03,71.2,70.9751,VCB,80_20,ARIMA
2026-02-04,70.21,71.1779,VCB,80_20,ARIMA
2026-02-05,67.83,70.0785,VCB,80_20,ARIMA
2026-02-06,64.56,67.6369,VCB,80_20,ARIMA
2026-02-09,64.46,64.3606,VCB,80_20,ARIMA
2026-02-10,62.58,64.6105,VCB,80_20,ARIMA
2026-02-11,64.16,62.6401,VCB,80_20,ARIMA
2026-02-12,63.67,64.3307,VCB,80_20,ARIMA
2026-02-13,63.87,63.7602,VCB,80_20,ARIMA
2026-02-23,65.85,63.8124,VCB,80_20,ARIMA
2026-02-24,64.46,66.0012,VCB,80_20,ARIMA
2026-02-25,64.56,64.3722,VCB,80_20,ARIMA
2026-02-26,64.86,64.4461,VCB,80_20,ARIMA
2026-02-27,64.36,64.9178,VCB,80_20,ARIMA
2026-03-02,62.38,64.3527,VCB,80_20,ARIMA
2026-03-03,61.09,62.2222,VCB,80_20,ARIMA
2026-03-04,62.48,61.0077,VCB,80_20,ARIMA
2026-03-05,61.98,62.6944,VCB,80_20,ARIMA
2026-03-06,61.09,62.0517,VCB,80_20,ARIMA
2026-03-09,56.82,60.9756,VCB,80_20,ARIMA
2026-03-10,59.9,56.4996,VCB,80_20,ARIMA
2026-03-11,59.9,60.1435,VCB,80_20,ARIMA
2026-03-12,59.3,60.168,VCB,80_20,ARIMA
2026-03-13,58.51,59.1127,VCB,80_20,ARIMA
2026-03-16,58.31,58.4422,VCB,80_20,ARIMA
2026-03-17,60.0,58.3405,VCB,80_20,ARIMA
2026-03-18,60.0,60.1537,VCB,80_20,ARIMA
2026-03-19,59.3,60.009,VCB,80_20,ARIMA
2026-03-20,57.52,59.1523,VCB,80_20,ARIMA
2026-03-23,57.12,57.4026,VCB,80_20,ARIMA
2026-03-24,57.72,57.1553,VCB,80_20,ARIMA
2026-03-25,57.92,57.8705,VCB,80_20,ARIMA
2026-03-26,57.42,57.9548,VCB,80_20,ARIMA
2026-03-27,58.31,57.334,VCB,80_20,ARIMA
2026-03-30,57.52,58.3499,VCB,80_20,ARIMA
2026-03-31,57.62,57.5043,VCB,80_20,ARIMA
2026-04-01,58.51,57.5768,VCB,80_20,ARIMA
2026-04-02,57.72,58.6046,VCB,80_20,ARIMA
2026-04-03,57.22,57.6753,VCB,80_20,ARIMA
2026-04-06,57.52,57.1311,VCB,80_20,ARIMA
2026-04-07,57.52,57.5842,VCB,80_20,ARIMA
2026-04-08,59.7,57.5597,VCB,80_20,ARIMA
2026-04-09,58.91,59.8102,VCB,80_20,ARIMA
2026-04-10,59.3,58.85,VCB,80_20,ARIMA
2026-04-13,58.71,59.196,VCB,80_20,ARIMA
2026-04-14,58.81,58.7115,VCB,80_20,ARIMA
2026-04-15,59.4,58.8209,VCB,80_20,ARIMA
2026-04-16,58.91,59.4589,VCB,80_20,ARIMA
2026-04-17,59.01,58.8827,VCB,80_20,ARIMA
2026-04-20,59.6,58.9725,VCB,80_20,ARIMA
2026-04-21,59.11,59.6619,VCB,80_20,ARIMA
2026-04-22,58.91,59.0847,VCB,80_20,ARIMA
2026-04-23,62.28,58.857,VCB,80_20,ARIMA
2026-04-24,60.1,62.5022,VCB,80_20,ARIMA
2026-04-28,59.3,60.002,VCB,80_20,ARIMA
2026-04-29,59.3,59.0739,VCB,80_20,ARIMA
2026-05-04,60.2,59.4003,VCB,80_20,ARIMA
2026-05-05,59.4,60.3356,VCB,80_20,ARIMA
2026-05-06,60.0,59.3416,VCB,80_20,ARIMA
2026-05-07,59.8,59.9792,VCB,80_20,ARIMA
2026-05-08,60.2,59.8296,VCB,80_20,ARIMA
2026-05-11,59.8,60.1938,VCB,80_20,ARIMA
2026-05-12,59.4,59.7837,VCB,80_20,ARIMA
2026-05-13,59.6,59.3625,VCB,80_20,ARIMA
2026-05-14,60.49,59.6332,VCB,80_20,ARIMA
2026-05-15,60.2,60.5604,VCB,80_20,ARIMA
2026-05-18,62.68,60.1675,VCB,80_20,ARIMA
2026-05-19,63.87,62.7503,VCB,80_20,ARIMA
2026-05-20,64.06,63.9356,VCB,80_20,ARIMA
2026-05-21,64.36,63.9283,VCB,80_20,ARIMA
2026-05-22,62.97,64.2991,VCB,80_20,ARIMA
2026-05-25,63.17,62.8905,VCB,80_20,ARIMA
2026-05-26,63.87,63.1735,VCB,80_20,ARIMA
2026-05-27,63.67,63.9838,VCB,80_20,ARIMA
2026-05-28,62.28,63.6553,VCB,80_20,ARIMA
2026-05-29,61.49,62.1607,VCB,80_20,ARIMA
2026-06-01,61.68,61.4655,VCB,80_20,ARIMA
2026-06-02,61.09,61.7793,VCB,80_20,ARIMA
2026-06-03,61.39,61.1072,VCB,80_20,ARIMA
2026-06-04,61.68,61.3931,VCB,80_20,ARIMA
2026-06-05,61.19,61.7217,VCB,80_20,ARIMA
2026-06-08,60.79,61.1499,VCB,80_20,ARIMA
2026-06-09,60.99,60.7505,VCB,80_20,ARIMA
2026-06-10,61.19,61.0307,VCB,80_20,ARIMA
2026-06-11,61.09,61.2257,VCB,80_20,ARIMA
2026-06-12,61.09,61.0713,VCB,80_20,ARIMA
2026-06-15,61.09,61.0761,VCB,80_20,ARIMA
2026-06-16,61.29,61.0959,VCB,80_20,ARIMA
2026-06-17,61.68,61.3021,VCB,80_20,ARIMA
2026-06-18,61.09,61.6987,VCB,80_20,ARIMA
2026-06-19,61.19,61.0457,VCB,80_20,ARIMA
2026-06-22,60.79,61.1757,VCB,80_20,ARIMA
2026-06-23,60.79,60.8014,VCB,80_20,ARIMA
2026-06-24,60.49,60.7915,VCB,80_20,ARIMA
2026-06-25,60.3,60.4931,VCB,80_20,ARIMA
2026-06-26,60.89,60.2941,VCB,80_20,ARIMA
2026-06-29,61.49,60.9363,VCB,80_20,ARIMA
2026-06-30,61.68,61.5301,VCB,80_20,ARIMA
2026-07-01,62.48,61.6523,VCB,80_20,ARIMA
2026-07-02,61.58,62.4834,VCB,80_20,ARIMA
2026-07-03,61.49,61.5187,VCB,80_20,ARIMA
2026-07-06,60.69,61.4473,VCB,80_20,ARIMA
2026-07-07,60.79,60.6972,VCB,80_20,ARIMA
2026-07-08,61.09,60.8131,VCB,80_20,ARIMA
2026-07-09,60.59,61.1463,VCB,80_20,ARIMA
2026-07-10,60.0,60.5608,VCB,80_20,ARIMA
2026-07-13,58.41,59.9495,VCB,80_20,ARIMA
2026-07-14,58.71,58.3566,VCB,80_20,ARIMA
2026-07-15,58.71,58.7715,VCB,80_20,ARIMA
2026-07-16,58.91,58.7995,VCB,80_20,ARIMA
2026-07-17,58.01,58.907,VCB,80_20,ARIMA
2026-07-20,56.23,57.9491,VCB,80_20,ARIMA
2026-07-21,56.23,56.1303,VCB,80_20,ARIMA
2026-07-22,54.05,56.2895,VCB,80_20,ARIMA
2026-07-23,54.0,54.0407,VCB,80_20,ARIMA
2026-07-24,54.1,53.9993,VCB,80_20,ARIMA
2026-07-27,54.0,54.2097,VCB,80_20,ARIMA
2026-07-28,54.1,54.0083,VCB,80_20,ARIMA
2026-07-29,54.6,54.0772,VCB,80_20,ARIMA
2026-07-30,56.5,54.631,VCB,80_20,ARIMA
2026-07-31,59.3,56.5978,VCB,80_20,ARIMA
2026-08-03,60.8,59.4337,VCB,80_20,ARIMA
2026-08-04,60.0,60.791,VCB,80_20,ARIMA
2026-08-05,59.3,59.7885,VCB,80_20,ARIMA
2026-08-06,59.0,59.1734,VCB,80_20,ARIMA
2026-08-07,59.7,59.0447,VCB,80_20,ARIMA
2026-08-10,60.3,59.8041,VCB,80_20,ARIMA
2026-08-11,59.8,60.3486,VCB,80_20,ARIMA
2026-08-12,59.7,59.7212,VCB,80_20,ARIMA
2026-08-13,59.5,59.6522,VCB,80_20,ARIMA
2026-08-14,58.5,59.522,VCB,80_20,ARIMA
2026-08-17,58.2,58.4544,VCB,80_20,ARIMA
2026-08-18,58.0,58.1894,VCB,80_20,ARIMA
2026-08-19,57.4,58.046,VCB,80_20,ARIMA
2026-08-20,57.8,57.3839,VCB,80_20,ARIMA
2026-08-21,59.1,57.8274,VCB,80_20,ARIMA
2026-08-24,59.2,59.2126,VCB,80_20,ARIMA
2026-08-25,59.4,59.1827,VCB,80_20,ARIMA
2026-08-26,60.3,59.3288,VCB,80_20,ARIMA
2026-08-27,60.1,60.3457,VCB,80_20,ARIMA
2026-08-28,60.1,60.0865,VCB,80_20,ARIMA
2026-09-03,58.7,60.0491,VCB,80_20,ARIMA
2026-09-04,58.9,58.6209,VCB,80_20,ARIMA
2026-09-07,58.0,58.9237,VCB,80_20,ARIMA
2026-09-08,58.1,58.0239,VCB,80_20,ARIMA
2026-09-09,58.7,58.1033,VCB,80_20,ARIMA
2026-09-10,59.0,58.775,VCB,80_20,ARIMA
2026-09-11,58.2,59.0202,VCB,80_20,ARIMA
2026-09-14,58.5,58.108,VCB,80_20,ARIMA
2026-09-15,60.0,58.4988,VCB,80_20,ARIMA
2026-09-16,59.3,60.1405,VCB,80_20,ARIMA
2026-09-17,59.6,59.2443,VCB,80_20,ARIMA
2025-02-25,117.0,118.2697,FPT,80_20,ARIMA
2025-02-26,119.36,117.0436,FPT,80_20,ARIMA
2025-02-27,118.94,119.5484,FPT,80_20,ARIMA
2025-02-28,118.09,118.7485,FPT,80_20,ARIMA
2025-03-03,118.26,118.0075,FPT,80_20,ARIMA
2025-03-04,117.84,118.2022,FPT,80_20,ARIMA
2025-03-05,117.08,117.9658,FPT,80_20,ARIMA
2025-03-06,119.19,117.0627,FPT,80_20,ARIMA
2025-03-07,119.02,119.2972,FPT,80_20,ARIMA
2025-03-10,117.25,118.8913,FPT,80_20,ARIMA
2025-03-11,115.74,117.1555,FPT,80_20,ARIMA
2025-03-12,114.39,115.6971,FPT,80_20,ARIMA
2025-03-13,114.9,114.5662,FPT,80_20,ARIMA
2025-03-14,110.6,115.0665,FPT,80_20,ARIMA
2025-03-17,109.42,110.2706,FPT,80_20,ARIMA
2025-03-18,109.42,109.5673,FPT,80_20,ARIMA
2025-03-19,104.88,109.4131,FPT,80_20,ARIMA
2025-03-20,105.22,104.7351,FPT,80_20,ARIMA
2025-03-21,107.74,105.2519,FPT,80_20,ARIMA
2025-03-24,108.58,107.7248,FPT,80_20,ARIMA
2025-03-25,106.48,108.5607,FPT,80_20,ARIMA
2025-03-26,103.53,106.0528,FPT,80_20,ARIMA
2025-03-27,106.23,103.4978,FPT,80_20,ARIMA
2025-03-28,104.37,106.7511,FPT,80_20,ARIMA
2025-03-31,101.85,104.1373,FPT,80_20,ARIMA
2025-04-01,101.43,101.8064,FPT,80_20,ARIMA
2025-04-02,102.69,101.3652,FPT,80_20,ARIMA
2025-04-03,95.54,102.9351,FPT,80_20,ARIMA
2025-04-04,95.11,95.0129,FPT,80_20,ARIMA
2025-04-08,88.47,95.5542,FPT,80_20,ARIMA
2025-04-09,88.63,88.0587,FPT,80_20,ARIMA
2025-04-10,94.78,88.922,FPT,80_20,ARIMA
2025-04-11,99.74,94.5058,FPT,80_20,ARIMA
2025-04-14,99.74,99.7697,FPT,80_20,ARIMA
2025-04-15,97.64,99.0965,FPT,80_20,ARIMA
2025-04-16,90.82,97.3021,FPT,80_20,ARIMA
2025-04-17,92.08,90.5167,FPT,80_20,ARIMA
2025-04-18,93.94,92.9772,FPT,80_20,ARIMA
2025-04-21,94.02,94.2881,FPT,80_20,ARIMA
2025-04-22,92.93,94.0252,FPT,80_20,ARIMA
2025-04-23,92.93,92.3847,FPT,80_20,ARIMA
2025-04-24,94.27,93.0057,FPT,80_20,ARIMA
2025-04-25,94.61,94.4854,FPT,80_20,ARIMA
2025-04-28,92.17,94.5689,FPT,80_20,ARIMA
2025-04-29,92.08,91.8831,FPT,80_20,ARIMA
2025-05-05,91.41,92.2156,FPT,80_20,ARIMA
2025-05-06,92.34,91.5117,FPT,80_20,ARIMA
2025-05-07,92.34,92.5614,FPT,80_20,ARIMA
2025-05-08,96.21,92.1675,FPT,80_20,ARIMA
2025-05-09,97.64,96.4409,FPT,80_20,ARIMA
2025-05-12,99.58,97.368,FPT,80_20,ARIMA
2025-05-13,100.59,99.5058,FPT,80_20,ARIMA
2025-05-14,106.31,100.3407,FPT,80_20,ARIMA
2025-05-15,105.22,106.7553,FPT,80_20,ARIMA
2025-05-16,101.85,104.7562,FPT,80_20,ARIMA
2025-05-19,99.49,101.5546,FPT,80_20,ARIMA
2025-05-20,100.33,99.5082,FPT,80_20,ARIMA
2025-05-21,99.58,100.9371,FPT,80_20,ARIMA
2025-05-22,98.31,99.5894,FPT,80_20,ARIMA
2025-05-23,98.57,98.1764,FPT,80_20,ARIMA
2025-05-26,98.73,98.6229,FPT,80_20,ARIMA
2025-05-27,100.16,98.8091,FPT,80_20,ARIMA
2025-05-28,99.66,100.2431,FPT,80_20,ARIMA
2025-05-29,98.57,99.4647,FPT,80_20,ARIMA
2025-05-30,98.06,98.4795,FPT,80_20,ARIMA
2025-06-02,97.72,98.1026,FPT,80_20,ARIMA
2025-06-03,98.82,97.8314,FPT,80_20,ARIMA
2025-06-04,98.57,98.9505,FPT,80_20,ARIMA
2025-06-05,98.31,98.4551,FPT,80_20,ARIMA
2025-06-06,96.8,98.2569,FPT,80_20,ARIMA
2025-06-09,97.81,96.6869,FPT,80_20,ARIMA
2025-06-10,97.39,98.0486,FPT,80_20,ARIMA
2025-06-11,99.24,97.341,FPT,80_20,ARIMA
2025-06-12,99.33,99.3787,FPT,80_20,ARIMA
2025-06-13,97.97,99.1501,FPT,80_20,ARIMA
2025-06-16,101.02,97.8327,FPT,80_20,ARIMA
2025-06-17,100.85,101.2748,FPT,80_20,ARIMA
2025-06-18,99.33,100.7283,FPT,80_20,ARIMA
2025-06-19,98.48,99.1596,FPT,80_20,ARIMA
2025-06-20,98.56,98.436,FPT,80_20,ARIMA
2025-06-23,98.39,98.7969,FPT,80_20,ARIMA
2025-06-24,98.9,98.4288,FPT,80_20,ARIMA
2025-06-25,99.41,98.9111,FPT,80_20,ARIMA
2025-06-26,99.33,99.3823,FPT,80_20,ARIMA
2025-06-27,99.58,99.2722,FPT,80_20,ARIMA
2025-06-30,100.34,99.5679,FPT,80_20,ARIMA
2025-07-01,100.85,100.3826,FPT,80_20,ARIMA
2025-07-02,100.68,100.8361,FPT,80_20,ARIMA
2025-07-03,100.17,100.5928,FPT,80_20,ARIMA
2025-07-04,103.99,100.1216,FPT,80_20,ARIMA
2025-07-07,105.1,104.3116,FPT,80_20,ARIMA
2025-07-08,105.69,104.9203,FPT,80_20,ARIMA
2025-07-09,104.25,105.5101,FPT,80_20,ARIMA
2025-07-10,105.18,103.9745,FPT,80_20,ARIMA
2025-07-11,107.48,105.4423,FPT,80_20,ARIMA
2025-07-14,107.9,107.6581,FPT,80_20,ARIMA
2025-07-15,106.97,107.7597,FPT,80_20,ARIMA
2025-07-16,107.22,106.7153,FPT,80_20,ARIMA
2025-07-17,107.82,107.2983,FPT,80_20,ARIMA
2025-07-18,106.97,107.9596,FPT,80_20,ARIMA
2025-07-21,107.68,106.8816,FPT,80_20,ARIMA
2025-07-22,109.44,107.7358,FPT,80_20,ARIMA
2025-07-23,109.14,109.5397,FPT,80_20,ARIMA
2025-07-24,108.46,108.9862,FPT,80_20,ARIMA
2025-07-25,108.07,108.332,FPT,80_20,ARIMA
2025-07-28,108.66,108.1102,FPT,80_20,ARIMA
2025-07-29,103.48,108.8249,FPT,80_20,ARIMA
2025-07-30,103.58,103.0926,FPT,80_20,ARIMA
2025-07-31,101.53,103.9572,FPT,80_20,ARIMA
2025-08-01,104.46,101.5621,FPT,80_20,ARIMA
2025-08-04,104.07,104.8467,FPT,80_20,ARIMA
2025-08-05,103.29,103.7839,FPT,80_20,ARIMA
2025-08-06,102.41,103.1524,FPT,80_20,ARIMA
2025-08-07,103.68,102.3473,FPT,80_20,ARIMA
2025-08-08,103.09,103.9439,FPT,80_20,ARIMA
2025-08-11,103.87,102.9996,FPT,80_20,ARIMA
2025-08-12,104.95,103.878,FPT,80_20,ARIMA
2025-08-13,102.6,104.959,FPT,80_20,ARIMA
2025-08-14,101.33,102.3891,FPT,80_20,ARIMA
2025-08-15,98.99,101.3497,FPT,80_20,ARIMA
2025-08-18,98.11,99.0608,FPT,80_20,ARIMA
2025-08-19,97.92,98.3205,FPT,80_20,ARIMA
2025-08-20,95.38,98.0181,FPT,80_20,ARIMA
2025-08-21,99.28,95.2397,FPT,80_20,ARIMA
2025-08-22,96.65,99.6228,FPT,80_20,ARIMA
2025-08-25,96.45,96.3634,FPT,80_20,ARIMA
2025-08-26,97.62,96.44,FPT,80_20,ARIMA
2025-08-27,102.51,97.6778,FPT,80_20,ARIMA
2025-08-28,102.02,102.8089,FPT,80_20,ARIMA
2025-08-29,99.19,101.5607,FPT,80_20,ARIMA
2025-09-03,100.75,98.8169,FPT,80_20,ARIMA
2025-09-04,102.51,101.0916,FPT,80_20,ARIMA
2025-09-05,100.94,102.7526,FPT,80_20,ARIMA
2025-09-08,99.48,100.6323,FPT,80_20,ARIMA
2025-09-09,99.67,99.3901,FPT,80_20,ARIMA
2025-09-10,98.8,99.9098,FPT,80_20,ARIMA
2025-09-11,99.58,98.8332,FPT,80_20,ARIMA
2025-09-12,99.19,99.632,FPT,80_20,ARIMA
2025-09-15,99.48,99.1203,FPT,80_20,ARIMA
2025-09-16,101.04,99.4864,FPT,80_20,ARIMA
2025-09-17,102.99,101.1003,FPT,80_20,ARIMA
2025-09-18,100.55,102.9774,FPT,80_20,ARIMA
2025-09-19,100.55,100.2024,FPT,80_20,ARIMA
2025-09-22,97.33,100.6633,FPT,80_20,ARIMA
2025-09-23,95.67,97.3329,FPT,80_20,ARIMA
2025-09-24,97.14,95.8436,FPT,80_20,ARIMA
2025-09-25,95.67,97.4386,FPT,80_20,ARIMA
2025-09-26,95.18,95.5591,FPT,80_20,ARIMA
2025-09-29,93.23,95.1235,FPT,80_20,ARIMA
2025-09-30,90.79,93.1948,FPT,80_20,ARIMA
2025-10-01,91.18,90.8587,FPT,80_20,ARIMA
2025-10-02,89.91,91.4139,FPT,80_20,ARIMA
2025-10-03,91.18,89.8989,FPT,80_20,ARIMA
2025-10-06,93.23,91.2574,FPT,80_20,ARIMA
2025-10-07,93.23,93.2336,FPT,80_20,ARIMA
2025-10-08,92.25,93.0457,FPT,80_20,ARIMA
2025-10-09,91.96,92.0753,FPT,80_20,ARIMA
2025-10-10,93.82,92.0457,FPT,80_20,ARIMA
2025-10-13,91.77,94.0375,FPT,80_20,ARIMA
2025-10-14,90.2,91.546,FPT,80_20,ARIMA
2025-10-15,87.47,90.166,FPT,80_20,ARIMA
2025-10-16,87.67,87.5189,FPT,80_20,ARIMA
2025-10-17,86.01,87.988,FPT,80_20,ARIMA
2025-10-20,84.93,85.9675,FPT,80_20,ARIMA
2025-10-21,90.79,84.9207,FPT,80_20,ARIMA
2025-10-22,94.7,91.1741,FPT,80_20,ARIMA
2025-10-23,92.74,94.551,FPT,80_20,ARIMA
2025-10-24,95.38,92.0382,FPT,80_20,ARIMA
2025-10-27,95.67,95.5068,FPT,80_20,ARIMA
2025-10-28,99.77,95.6234,FPT,80_20,ARIMA
2025-10-29,99.28,99.9747,FPT,80_20,ARIMA
2025-10-30,100.26,98.9295,FPT,80_20,ARIMA
2025-10-31,101.43,100.2534,FPT,80_20,ARIMA
2025-11-03,102.51,101.4853,FPT,80_20,ARIMA
2025-11-04,100.85,102.5563,FPT,80_20,ARIMA
2025-11-05,98.5,100.6447,FPT,80_20,ARIMA
2025-11-06,97.82,98.4715,FPT,80_20,ARIMA
2025-11-07,98.6,98.0368,FPT,80_20,ARIMA
2025-11-10,93.91,98.7887,FPT,80_20,ARIMA
2025-11-11,93.82,93.5587,FPT,80_20,ARIMA
2025-11-12,98.21,94.0438,FPT,80_20,ARIMA
2025-11-13,96.55,98.6062,FPT,80_20,ARIMA
2025-11-14,97.62,96.1013,FPT,80_20,ARIMA
2025-11-17,98.6,97.5972,FPT,80_20,ARIMA
2025-11-18,97.62,98.6389,FPT,80_20,ARIMA
2025-11-19,95.67,97.5284,FPT,80_20,ARIMA
2025-11-20,96.65,95.609,FPT,80_20,ARIMA
2025-11-21,98.4,96.8874,FPT,80_20,ARIMA
2025-11-24,97.82,98.4662,FPT,80_20,ARIMA
2025-11-25,97.33,97.6073,FPT,80_20,ARIMA
2025-11-26,96.65,97.2942,FPT,80_20,ARIMA
2025-11-27,97.14,96.6913,FPT,80_20,ARIMA
2025-11-28,94.79,97.2442,FPT,80_20,ARIMA
2025-12-01,95.29,94.6441,FPT,80_20,ARIMA
2025-12-02,95.29,95.4718,FPT,80_20,ARIMA
2025-12-03,95.29,95.3111,FPT,80_20,ARIMA
2025-12-04,96.17,95.2619,FPT,80_20,ARIMA
2025-12-05,94.89,96.196,FPT,80_20,ARIMA
2025-12-08,94.2,94.7662,FPT,80_20,ARIMA
2025-12-09,95.58,94.242,FPT,80_20,ARIMA
2025-12-10,94.3,95.7377,FPT,80_20,ARIMA
2025-12-11,94.69,94.1511,FPT,80_20,ARIMA
2025-12-12,92.43,94.7555,FPT,80_20,ARIMA
2025-12-15,92.52,92.3301,FPT,80_20,ARIMA
2025-12-16,93.61,92.6908,FPT,80_20,ARIMA
2025-12-17,94.6,93.6982,FPT,80_20,ARIMA
2025-12-18,93.12,94.5513,FPT,80_20,ARIMA
2025-12-19,92.62,92.922,FPT,80_20,ARIMA
2025-12-22,92.43,92.6931,FPT,80_20,ARIMA
2025-12-23,92.72,92.5198,FPT,80_20,ARIMA
2025-12-24,92.33,92.7617,FPT,80_20,ARIMA
2025-12-25,91.74,92.2739,FPT,80_20,ARIMA
2025-12-26,91.24,91.7272,FPT,80_20,ARIMA
2025-12-29,93.02,91.2725,FPT,80_20,ARIMA
2025-12-30,95.19,93.1567,FPT,80_20,ARIMA
2025-12-31,94.5,95.1603,FPT,80_20,ARIMA
2026-01-05,93.71,94.2379,FPT,80_20,ARIMA
2026-01-06,92.72,93.6744,FPT,80_20,ARIMA
2026-01-07,96.17,92.7933,FPT,80_20,ARIMA
2026-01-08,95.19,96.4555,FPT,80_20,ARIMA
2026-01-09,96.08,94.8884,FPT,80_20,ARIMA
2026-01-12,98.15,96.0657,FPT,80_20,ARIMA
2026-01-13,97.55,98.2207,FPT,80_20,ARIMA
2026-01-14,98.44,97.3759,FPT,80_20,ARIMA
2026-01-15,97.16,98.4627,FPT,80_20,ARIMA
2026-01-16,103.87,97.0836,FPT,80_20,ARIMA
2026-01-19,104.36,104.2239,FPT,80_20,ARIMA
2026-01-20,102.68,103.9304,FPT,80_20,ARIMA
2026-01-21,103.57,102.3817,FPT,80_20,ARIMA
2026-01-22,102.09,103.7795,FPT,80_20,ARIMA
2026-01-23,99.63,102.1525,FPT,80_20,ARIMA
2026-01-26,97.16,99.6208,FPT,80_20,ARIMA
2026-01-27,100.71,97.2663,FPT,80_20,ARIMA
2026-01-28,103.08,101.1013,FPT,80_20,ARIMA
2026-01-29,104.66,102.9249,FPT,80_20,ARIMA
2026-01-30,103.08,104.3894,FPT,80_20,ARIMA
2026-02-02,102.88,102.8154,FPT,80_20,ARIMA
2026-02-03,102.49,103.0012,FPT,80_20,ARIMA
2026-02-04,100.51,102.5781,FPT,80_20,ARIMA
2026-02-05,97.65,100.4643,FPT,80_20,ARIMA
2026-02-06,96.27,97.6816,FPT,80_20,ARIMA
2026-02-09,97.65,96.4867,FPT,80_20,ARIMA
2026-02-10,96.47,97.896,FPT,80_20,ARIMA
2026-02-11,97.26,96.31,FPT,80_20,ARIMA
2026-02-12,97.46,97.3145,FPT,80_20,ARIMA
2026-02-13,94.99,97.4503,FPT,80_20,ARIMA
2026-02-23,93.21,94.8418,FPT,80_20,ARIMA
2026-02-24,91.24,93.3169,FPT,80_20,ARIMA
2026-02-25,87.89,91.3664,FPT,80_20,ARIMA
2026-02-26,89.27,87.8968,FPT,80_20,ARIMA
2026-02-27,91.64,89.6196,FPT,80_20,ARIMA
2026-03-02,88.38,91.7333,FPT,80_20,ARIMA
2026-03-03,85.82,87.9657,FPT,80_20,ARIMA
2026-03-04,83.94,85.8863,FPT,80_20,ARIMA
2026-03-05,83.25,84.1731,FPT,80_20,ARIMA
2026-03-06,80.49,83.4282,FPT,80_20,ARIMA
2026-03-09,74.87,80.3813,FPT,80_20,ARIMA
2026-03-10,78.42,74.6733,FPT,80_20,ARIMA
2026-03-11,79.11,79.0715,FPT,80_20,ARIMA
2026-03-12,76.64,78.9275,FPT,80_20,ARIMA
2026-03-13,75.95,76.274,FPT,80_20,ARIMA
2026-03-16,77.14,76.1,FPT,80_20,ARIMA
2026-03-17,78.32,77.3454,FPT,80_20,ARIMA
2026-03-18,77.53,78.2522,FPT,80_20,ARIMA
2026-03-19,75.76,77.3292,FPT,80_20,ARIMA
2026-03-20,73.59,75.7308,FPT,80_20,ARIMA
2026-03-23,72.11,73.6743,FPT,80_20,ARIMA
2026-03-24,74.37,72.2373,FPT,80_20,ARIMA
2026-03-25,75.95,74.6141,FPT,80_20,ARIMA
2026-03-26,73.19,75.8103,FPT,80_20,ARIMA
2026-03-27,75.07,72.8016,FPT,80_20,ARIMA
2026-03-30,72.99,75.4031,FPT,80_20,ARIMA
2026-03-31,73.68,72.8355,FPT,80_20,ARIMA
2026-04-01,74.28,73.8316,FPT,80_20,ARIMA
2026-04-02,73.68,74.2741,FPT,80_20,ARIMA
2026-04-03,72.99,73.5883,FPT,80_20,ARIMA
2026-04-06,72.89,72.9739,FPT,80_20,ARIMA
2026-04-07,72.99,72.9743,FPT,80_20,ARIMA
2026-04-08,78.02,73.0155,FPT,80_20,ARIMA
2026-04-09,77.24,78.2371,FPT,80_20,ARIMA
2026-04-10,76.64,76.7644,FPT,80_20,ARIMA
2026-04-13,74.97,76.5833,FPT,80_20,ARIMA
2026-04-14,75.16,75.0366,FPT,80_20,ARIMA
2026-04-15,74.08,75.3984,FPT,80_20,ARIMA
2026-04-16,73.09,74.0301,FPT,80_20,ARIMA
2026-04-17,74.97,73.0934,FPT,80_20,ARIMA
2026-04-20,75.85,75.1413,FPT,80_20,ARIMA
2026-04-21,74.08,75.7409,FPT,80_20,ARIMA
2026-04-22,73.59,73.853,FPT,80_20,ARIMA
2026-04-23,73.29,73.7151,FPT,80_20,ARIMA
2026-04-24,72.4,73.3958,FPT,80_20,ARIMA
2026-04-28,73.39,72.38,FPT,80_20,ARIMA
2026-04-29,74.47,73.4864,FPT,80_20,ARIMA
2026-05-04,72.7,74.4434,FPT,80_20,ARIMA
2026-05-05,73.29,72.4886,FPT,80_20,ARIMA
2026-05-06,72.3,73.449,FPT,80_20,ARIMA
2026-05-07,72.01,72.2696,FPT,80_20,ARIMA
2026-05-08,70.92,72.0614,FPT,80_20,ARIMA
2026-05-11,69.05,70.9002,FPT,80_20,ARIMA
2026-05-12,69.64,69.0571,FPT,80_20,ARIMA
2026-05-13,69.74,69.8287,FPT,80_20,ARIMA
2026-05-14,72.89,69.7127,FPT,80_20,ARIMA
2026-05-15,71.91,72.9736,FPT,80_20,ARIMA
2026-05-18,73.88,71.5794,FPT,80_20,ARIMA
2026-05-19,73.49,73.9815,FPT,80_20,ARIMA
2026-05-20,76.64,73.3817,FPT,80_20,ARIMA
2026-05-21,75.46,76.7762,FPT,80_20,ARIMA
2026-05-22,74.08,75.205,FPT,80_20,ARIMA
2026-05-25,72.5,74.0501,FPT,80_20,ARIMA
2026-05-26,73.49,72.6288,FPT,80_20,ARIMA
2026-05-27,72.6,73.7034,FPT,80_20,ARIMA
2026-05-28,71.2,72.4939,FPT,80_20,ARIMA
2026-05-29,71.6,71.1394,FPT,80_20,ARIMA
2026-06-01,72.9,71.7562,FPT,80_20,ARIMA
2026-06-02,74.8,72.9507,FPT,80_20,ARIMA
2026-06-03,76.5,74.7299,FPT,80_20,ARIMA
2026-06-04,76.1,76.3845,FPT,80_20,ARIMA
2026-06-05,75.0,75.9238,FPT,80_20,ARIMA
2026-06-08,72.9,74.9806,FPT,80_20,ARIMA
2026-06-09,73.7,72.9491,FPT,80_20,ARIMA
2026-06-10,74.2,73.9404,FPT,80_20,ARIMA
2026-06-11,73.1,74.2005,FPT,80_20,ARIMA
2026-06-12,73.5,72.9419,FPT,80_20,ARIMA
2026-06-15,73.6,73.5872,FPT,80_20,ARIMA
2026-06-16,73.2,73.6202,FPT,80_20,ARIMA
2026-06-17,72.3,73.1477,FPT,80_20,ARIMA
2026-06-18,71.6,72.2886,FPT,80_20,ARIMA
2026-06-19,71.5,71.6578,FPT,80_20,ARIMA
2026-06-22,70.6,71.5716,FPT,80_20,ARIMA
2026-06-23,70.8,70.5699,FPT,80_20,ARIMA
2026-06-24,70.8,70.8634,FPT,80_20,ARIMA
2026-06-25,71.0,70.8033,FPT,80_20,ARIMA
2026-06-26,70.8,70.986,FPT,80_20,ARIMA
2026-06-29,70.4,70.772,FPT,80_20,ARIMA
2026-06-30,70.2,70.3941,FPT,80_20,ARIMA
2026-07-01,72.9,70.2324,FPT,80_20,ARIMA
2026-07-02,72.5,73.0429,FPT,80_20,ARIMA
2026-07-03,72.3,72.2655,FPT,80_20,ARIMA
2026-07-06,73.0,72.2365,FPT,80_20,ARIMA
2026-07-07,73.2,73.1043,FPT,80_20,ARIMA
2026-07-08,72.1,73.1724,FPT,80_20,ARIMA
2026-07-09,72.1,72.0105,FPT,80_20,ARIMA
2026-07-10,70.6,72.1936,FPT,80_20,ARIMA
2026-07-13,70.5,70.576,FPT,80_20,ARIMA
2026-07-14,70.3,70.5963,FPT,80_20,ARIMA
2026-07-15,66.8,70.3353,FPT,80_20,ARIMA
2026-07-16,68.0,66.6405,FPT,80_20,ARIMA
2026-07-17,67.0,68.317,FPT,80_20,ARIMA
2026-07-20,67.1,66.9561,FPT,80_20,ARIMA
2026-07-21,64.8,67.087,FPT,80_20,ARIMA
2026-07-22,64.6,64.7197,FPT,80_20,ARIMA
2026-07-23,64.7,64.7546,FPT,80_20,ARIMA
2026-07-24,62.9,64.7766,FPT,80_20,ARIMA
2026-07-27,62.2,62.7794,FPT,80_20,ARIMA
2026-07-28,63.0,62.2772,FPT,80_20,ARIMA
2026-07-29,65.1,63.1336,FPT,80_20,ARIMA
2026-07-30,67.0,65.1083,FPT,80_20,ARIMA
2026-07-31,67.1,66.8679,FPT,80_20,ARIMA
2026-08-03,71.7,66.9099,FPT,80_20,ARIMA
2026-08-04,71.5,71.8971,FPT,80_20,ARIMA
2026-08-05,70.3,71.2116,FPT,80_20,ARIMA
2026-08-06,70.7,70.1662,FPT,80_20,ARIMA
2026-08-07,70.8,70.904,FPT,80_20,ARIMA
2026-08-10,71.8,70.8351,FPT,80_20,ARIMA
2026-08-11,71.2,71.7999,FPT,80_20,ARIMA
2026-08-12,70.8,71.0945,FPT,80_20,ARIMA
2026-08-13,69.2,70.8094,FPT,80_20,ARIMA
2026-08-14,68.3,69.1973,FPT,80_20,ARIMA
2026-08-17,68.8,68.3868,FPT,80_20,ARIMA
2026-08-18,69.0,68.9138,FPT,80_20,ARIMA
2026-08-19,68.9,68.9587,FPT,80_20,ARIMA
2026-08-20,69.8,68.8357,FPT,80_20,ARIMA
2026-08-21,72.0,69.8427,FPT,80_20,ARIMA
2026-08-24,71.4,72.0399,FPT,80_20,ARIMA
2026-08-25,70.7,71.1882,FPT,80_20,ARIMA
2026-08-26,72.6,70.6777,FPT,80_20,ARIMA
2026-08-27,72.2,72.7996,FPT,80_20,ARIMA
2026-08-28,73.2,72.0617,FPT,80_20,ARIMA
2026-09-03,72.2,73.2094,FPT,80_20,ARIMA
2026-09-04,72.8,72.1248,FPT,80_20,ARIMA
2026-09-07,72.4,72.8835,FPT,80_20,ARIMA
2026-09-08,72.2,72.3804,FPT,80_20,ARIMA
2026-09-09,72.4,72.195,FPT,80_20,ARIMA
2026-09-10,74.5,72.4361,FPT,80_20,ARIMA
2026-09-11,72.7,74.5739,FPT,80_20,ARIMA
2026-09-14,72.4,72.4607,FPT,80_20,ARIMA
2026-09-15,72.7,72.4724,FPT,80_20,ARIMA
2026-09-16,73.8,72.8233,FPT,80_20,ARIMA
2026-09-17,74.3,73.8058,FPT,80_20,ARIMA
2025-02-25,20.46,20.6453,HPG,80_20,ARIMA
2025-02-26,20.64,20.4015,HPG,80_20,ARIMA
2025-02-27,21.16,20.6561,HPG,80_20,ARIMA
2025-02-28,20.83,21.1726,HPG,80_20,ARIMA
2025-03-03,20.87,20.802,HPG,80_20,ARIMA
2025-03-04,20.72,20.8927,HPG,80_20,ARIMA
2025-03-05,20.49,20.7181,HPG,80_20,ARIMA
2025-03-06,20.79,20.4965,HPG,80_20,ARIMA
2025-03-07,20.87,20.8066,HPG,80_20,ARIMA
2025-03-10,20.79,20.8531,HPG,80_20,ARIMA
2025-03-11,20.94,20.7814,HPG,80_20,ARIMA
2025-03-12,20.68,20.9482,HPG,80_20,ARIMA
2025-03-13,20.61,20.6682,HPG,80_20,ARIMA
2025-03-14,20.49,20.6246,HPG,80_20,ARIMA
2025-03-17,20.72,20.4889,HPG,80_20,ARIMA
2025-03-18,20.53,20.7333,HPG,80_20,ARIMA
2025-03-19,20.27,20.507,HPG,80_20,ARIMA
2025-03-20,20.2,20.2733,HPG,80_20,ARIMA
2025-03-21,20.2,20.2118,HPG,80_20,ARIMA
2025-03-24,20.2,20.2043,HPG,80_20,ARIMA
2025-03-25,20.23,20.1953,HPG,80_20,ARIMA
2025-03-26,20.49,20.2269,HPG,80_20,ARIMA
2025-03-27,20.46,20.4946,HPG,80_20,ARIMA
2025-03-28,20.2,20.4444,HPG,80_20,ARIMA
2025-03-31,19.9,20.1962,HPG,80_20,ARIMA
2025-04-01,20.09,19.9084,HPG,80_20,ARIMA
2025-04-02,20.27,20.1146,HPG,80_20,ARIMA
2025-04-03,18.86,20.2603,HPG,80_20,ARIMA
2025-04-04,18.3,18.8065,HPG,80_20,ARIMA
2025-04-08,17.04,18.3665,HPG,80_20,ARIMA
2025-04-09,15.85,17.0205,HPG,80_20,ARIMA
2025-04-10,16.92,15.8417,HPG,80_20,ARIMA
2025-04-11,18.08,16.9852,HPG,80_20,ARIMA
2025-04-14,18.86,18.0587,HPG,80_20,ARIMA
2025-04-15,19.23,18.8351,HPG,80_20,ARIMA
2025-04-16,18.97,19.1914,HPG,80_20,ARIMA
2025-04-17,18.97,18.9268,HPG,80_20,ARIMA
2025-04-18,18.93,18.9802,HPG,80_20,ARIMA
2025-04-21,18.56,18.9262,HPG,80_20,ARIMA
2025-04-22,18.64,18.549,HPG,80_20,ARIMA
2025-04-23,19.01,18.6637,HPG,80_20,ARIMA
2025-04-24,19.04,19.0234,HPG,80_20,ARIMA
2025-04-25,19.12,19.0258,HPG,80_20,ARIMA
2025-04-28,19.08,19.1207,HPG,80_20,ARIMA
2025-04-29,18.97,19.0685,HPG,80_20,ARIMA
2025-05-05,19.12,18.9676,HPG,80_20,ARIMA
2025-05-06,18.93,19.1323,HPG,80_20,ARIMA
2025-05-07,18.9,18.913,HPG,80_20,ARIMA
2025-05-08,19.12,18.911,HPG,80_20,ARIMA
2025-05-09,19.08,19.1294,HPG,80_20,ARIMA
2025-05-12,18.9,19.0688,HPG,80_20,ARIMA
2025-05-13,19.19,18.8939,HPG,80_20,ARIMA
2025-05-14,19.45,19.2107,HPG,80_20,ARIMA
2025-05-15,19.45,19.4467,HPG,80_20,ARIMA
2025-05-16,19.19,19.4383,HPG,80_20,ARIMA
2025-05-19,19.08,19.1734,HPG,80_20,ARIMA
2025-05-20,19.08,19.0866,HPG,80_20,ARIMA
2025-05-21,19.16,19.0865,HPG,80_20,ARIMA
2025-05-22,19.08,19.1674,HPG,80_20,ARIMA
2025-05-23,19.04,19.0724,HPG,80_20,ARIMA
2025-05-26,19.01,19.0425,HPG,80_20,ARIMA
2025-05-27,19.01,19.0096,HPG,80_20,ARIMA
2025-05-28,19.04,19.013,HPG,80_20,ARIMA
2025-05-29,19.01,19.0418,HPG,80_20,ARIMA
2025-05-30,19.16,19.0071,HPG,80_20,ARIMA
2025-06-02,19.01,19.169,HPG,80_20,ARIMA
2025-06-03,19.34,18.9937,HPG,80_20,ARIMA
2025-06-04,19.3,19.3651,HPG,80_20,ARIMA
2025-06-05,19.16,19.2768,HPG,80_20,ARIMA
2025-06-06,19.38,19.1587,HPG,80_20,ARIMA
2025-06-09,19.57,19.3932,HPG,80_20,ARIMA
2025-06-10,19.49,19.5677,HPG,80_20,ARIMA
2025-06-11,19.42,19.4775,HPG,80_20,ARIMA
2025-06-12,19.94,19.4182,HPG,80_20,ARIMA
2025-06-13,19.64,19.9666,HPG,80_20,ARIMA
2025-06-16,19.9,19.5972,HPG,80_20,ARIMA
2025-06-17,19.97,19.9311,HPG,80_20,ARIMA
2025-06-18,20.2,19.9503,HPG,80_20,ARIMA
2025-06-19,20.01,20.2122,HPG,80_20,ARIMA
2025-06-20,20.09,19.9846,HPG,80_20,ARIMA
2025-06-23,19.97,20.1042,HPG,80_20,ARIMA
2025-06-24,20.09,19.9569,HPG,80_20,ARIMA
2025-06-25,20.23,20.105,HPG,80_20,ARIMA
2025-06-26,20.35,20.2283,HPG,80_20,ARIMA
2025-06-27,20.4,20.3494,HPG,80_20,ARIMA
2025-06-30,20.27,20.3941,HPG,80_20,ARIMA
2025-07-01,20.22,20.2597,HPG,80_20,ARIMA
2025-07-02,20.44,20.2237,HPG,80_20,ARIMA
2025-07-03,20.62,20.4523,HPG,80_20,ARIMA
2025-07-04,20.76,20.6176,HPG,80_20,ARIMA
2025-07-07,21.07,20.7571,HPG,80_20,ARIMA
2025-07-08,22.05,21.074,HPG,80_20,ARIMA
2025-07-09,22.1,22.0786,HPG,80_20,ARIMA
2025-07-10,22.45,22.0476,HPG,80_20,ARIMA
2025-07-11,23.21,22.464,HPG,80_20,ARIMA
2025-07-14,22.99,23.2204,HPG,80_20,ARIMA
2025-07-15,22.76,22.9421,HPG,80_20,ARIMA
2025-07-16,23.3,22.7617,HPG,80_20,ARIMA
2025-07-17,23.21,23.3295,HPG,80_20,ARIMA
2025-07-18,23.12,23.1771,HPG,80_20,ARIMA
2025-07-21,23.39,23.1278,HPG,80_20,ARIMA
2025-07-22,23.61,23.401,HPG,80_20,ARIMA
2025-07-23,23.57,23.606,HPG,80_20,ARIMA
2025-07-24,23.21,23.5594,HPG,80_20,ARIMA
2025-07-25,23.26,23.1938,HPG,80_20,ARIMA
2025-07-28,23.52,23.2799,HPG,80_20,ARIMA
2025-07-29,22.63,23.5271,HPG,80_20,ARIMA
2025-07-30,22.68,22.5772,HPG,80_20,ARIMA
2025-07-31,22.27,22.7349,HPG,80_20,ARIMA
2025-08-01,22.45,22.2365,HPG,80_20,ARIMA
2025-08-04,22.59,22.4897,HPG,80_20,ARIMA
2025-08-05,23.57,22.5821,HPG,80_20,ARIMA
2025-08-06,24.19,23.6135,HPG,80_20,ARIMA
2025-08-07,25.44,24.1697,HPG,80_20,ARIMA
2025-08-08,25.0,25.4835,HPG,80_20,ARIMA
2025-08-11,25.13,24.9108,HPG,80_20,ARIMA
2025-08-12,25.44,25.1522,HPG,80_20,ARIMA
2025-08-13,25.09,25.4327,HPG,80_20,ARIMA
2025-08-14,25.18,25.0551,HPG,80_20,ARIMA
2025-08-15,25.0,25.205,HPG,80_20,ARIMA
2025-08-18,25.35,24.9799,HPG,80_20,ARIMA
2025-08-19,25.13,25.3781,HPG,80_20,ARIMA
2025-08-20,24.46,25.1028,HPG,80_20,ARIMA
2025-08-21,24.46,24.4417,HPG,80_20,ARIMA
2025-08-22,23.21,24.4874,HPG,80_20,ARIMA
2025-08-25,23.17,23.1434,HPG,80_20,ARIMA
2025-08-26,24.28,23.2311,HPG,80_20,ARIMA
2025-08-27,23.88,24.3265,HPG,80_20,ARIMA
2025-08-28,24.19,23.8251,HPG,80_20,ARIMA
2025-08-29,24.55,24.2415,HPG,80_20,ARIMA
2025-09-03,25.13,24.5255,HPG,80_20,ARIMA
2025-09-04,26.65,25.1455,HPG,80_20,ARIMA
2025-09-05,25.71,26.7011,HPG,80_20,ARIMA
2025-09-08,25.8,25.5978,HPG,80_20,ARIMA
2025-09-09,25.76,25.8614,HPG,80_20,ARIMA
2025-09-10,25.76,25.7144,HPG,80_20,ARIMA
2025-09-11,26.02,25.791,HPG,80_20,ARIMA
2025-09-12,26.78,26.0213,HPG,80_20,ARIMA
2025-09-15,27.09,26.8031,HPG,80_20,ARIMA
2025-09-16,26.74,27.0727,HPG,80_20,ARIMA
2025-09-17,26.07,26.7146,HPG,80_20,ARIMA
2025-09-18,26.02,26.0446,HPG,80_20,ARIMA
2025-09-19,26.11,26.043,HPG,80_20,ARIMA
2025-09-22,25.35,26.1181,HPG,80_20,ARIMA
2025-09-23,25.58,25.3219,HPG,80_20,ARIMA
2025-09-24,25.93,25.6267,HPG,80_20,ARIMA
2025-09-25,25.71,25.9224,HPG,80_20,ARIMA
2025-09-26,25.49,25.7021,HPG,80_20,ARIMA
2025-09-29,25.53,25.4894,HPG,80_20,ARIMA
2025-09-30,25.13,25.5332,HPG,80_20,ARIMA
2025-10-01,25.26,25.1119,HPG,80_20,ARIMA
2025-10-02,25.09,25.2902,HPG,80_20,ARIMA
2025-10-03,24.68,25.069,HPG,80_20,ARIMA
2025-10-06,26.07,24.6802,HPG,80_20,ARIMA
2025-10-07,25.89,26.1427,HPG,80_20,ARIMA
2025-10-08,26.07,25.8112,HPG,80_20,ARIMA
2025-10-09,25.84,26.1167,HPG,80_20,ARIMA
2025-10-10,26.42,25.7861,HPG,80_20,ARIMA
2025-10-13,25.89,26.4625,HPG,80_20,ARIMA
2025-10-14,25.31,25.8376,HPG,80_20,ARIMA
2025-10-15,25.22,25.3241,HPG,80_20,ARIMA
2025-10-16,25.22,25.2269,HPG,80_20,ARIMA
2025-10-17,25.0,25.2261,HPG,80_20,ARIMA
2025-10-20,23.26,25.0015,HPG,80_20,ARIMA
2025-10-21,23.93,23.1984,HPG,80_20,ARIMA
2025-10-22,23.84,24.0336,HPG,80_20,ARIMA
2025-10-23,23.66,23.7851,HPG,80_20,ARIMA
2025-10-24,23.57,23.6907,HPG,80_20,ARIMA
2025-10-27,23.43,23.5646,HPG,80_20,ARIMA
2025-10-28,23.93,23.429,HPG,80_20,ARIMA
2025-10-29,24.33,23.9545,HPG,80_20,ARIMA
2025-10-30,24.01,24.3193,HPG,80_20,ARIMA
2025-10-31,23.84,23.9885,HPG,80_20,ARIMA
2025-11-03,23.26,23.8479,HPG,80_20,ARIMA
2025-11-04,23.88,23.2395,HPG,80_20,ARIMA
2025-11-05,23.48,23.9327,HPG,80_20,ARIMA
2025-11-06,23.3,23.4323,HPG,80_20,ARIMA
2025-11-07,23.26,23.3268,HPG,80_20,ARIMA
2025-11-10,23.61,23.2519,HPG,80_20,ARIMA
2025-11-11,23.75,23.6279,HPG,80_20,ARIMA
2025-11-12,24.1,23.7382,HPG,80_20,ARIMA
2025-11-13,23.7,24.1089,HPG,80_20,ARIMA
2025-11-14,24.01,23.6682,HPG,80_20,ARIMA
2025-11-17,24.37,24.0415,HPG,80_20,ARIMA
2025-11-18,24.55,24.3594,HPG,80_20,ARIMA
2025-11-19,24.64,24.5483,HPG,80_20,ARIMA
2025-11-20,24.33,24.6336,HPG,80_20,ARIMA
2025-11-21,24.46,24.3153,HPG,80_20,ARIMA
2025-11-24,24.19,24.4793,HPG,80_20,ARIMA
2025-11-25,24.01,24.172,HPG,80_20,ARIMA
2025-11-26,24.19,24.0218,HPG,80_20,ARIMA
2025-11-27,24.01,24.1982,HPG,80_20,ARIMA
2025-11-28,23.7,23.9977,HPG,80_20,ARIMA
2025-12-01,23.66,23.7011,HPG,80_20,ARIMA
2025-12-02,23.66,23.6681,HPG,80_20,ARIMA
2025-12-03,23.93,23.6611,HPG,80_20,ARIMA
2025-12-04,24.37,23.9409,HPG,80_20,ARIMA
2025-12-05,24.1,24.371,HPG,80_20,ARIMA
2025-12-08,23.88,24.0737,HPG,80_20,ARIMA
2025-12-09,23.57,23.8871,HPG,80_20,ARIMA
2025-12-10,23.79,23.5633,HPG,80_20,ARIMA
2025-12-11,23.7,23.8149,HPG,80_20,ARIMA
2025-12-12,23.21,23.685,HPG,80_20,ARIMA
2025-12-15,23.43,23.2029,HPG,80_20,ARIMA
2025-12-16,23.84,23.4549,HPG,80_20,ARIMA
2025-12-17,23.57,23.8395,HPG,80_20,ARIMA
2025-12-18,23.57,23.5492,HPG,80_20,ARIMA
2025-12-19,23.84,23.5829,HPG,80_20,ARIMA
2025-12-22,24.01,23.8418,HPG,80_20,ARIMA
2025-12-23,23.88,24.007,HPG,80_20,ARIMA
2025-12-24,23.7,23.8696,HPG,80_20,ARIMA
2025-12-25,23.43,23.6997,HPG,80_20,ARIMA
2025-12-26,24.01,23.4279,HPG,80_20,ARIMA
2025-12-29,23.84,24.0418,HPG,80_20,ARIMA
2025-12-30,23.66,23.8047,HPG,80_20,ARIMA
2025-12-31,23.57,23.6711,HPG,80_20,ARIMA
2026-01-05,23.17,23.5671,HPG,80_20,ARIMA
2026-01-06,23.17,23.1648,HPG,80_20,ARIMA
2026-01-07,23.75,23.1896,HPG,80_20,ARIMA
2026-01-08,23.57,23.7639,HPG,80_20,ARIMA
2026-01-09,23.39,23.5396,HPG,80_20,ARIMA
2026-01-12,24.55,23.398,HPG,80_20,ARIMA
2026-01-13,24.33,24.5852,HPG,80_20,ARIMA
2026-01-14,24.33,24.2659,HPG,80_20,ARIMA
2026-01-15,24.64,24.3596,HPG,80_20,ARIMA
2026-01-16,24.64,24.6306,HPG,80_20,ARIMA
2026-01-19,24.73,24.6307,HPG,80_20,ARIMA
2026-01-20,24.33,24.7367,HPG,80_20,ARIMA
2026-01-21,23.93,24.3101,HPG,80_20,ARIMA
2026-01-22,23.97,23.9414,HPG,80_20,ARIMA
2026-01-23,23.88,23.9843,HPG,80_20,ARIMA
2026-01-26,23.48,23.8746,HPG,80_20,ARIMA
2026-01-27,23.61,23.4767,HPG,80_20,ARIMA
2026-01-28,23.84,23.6307,HPG,80_20,ARIMA
2026-01-29,24.19,23.8348,HPG,80_20,ARIMA
2026-01-30,23.93,24.1954,HPG,80_20,ARIMA
2026-02-02,23.7,23.9049,HPG,80_20,ARIMA
2026-02-03,23.88,23.7098,HPG,80_20,ARIMA
2026-02-04,25.26,23.8899,HPG,80_20,ARIMA
2026-02-05,24.59,25.2938,HPG,80_20,ARIMA
2026-02-06,23.93,24.5019,HPG,80_20,ARIMA
2026-02-09,23.88,23.967,HPG,80_20,ARIMA
2026-02-10,23.7,23.8959,HPG,80_20,ARIMA
2026-02-11,23.97,23.7018,HPG,80_20,ARIMA
2026-02-12,24.01,23.9898,HPG,80_20,ARIMA
2026-02-13,23.97,23.9895,HPG,80_20,ARIMA
2026-02-23,24.55,23.9719,HPG,80_20,ARIMA
2026-02-24,25.26,24.5648,HPG,80_20,ARIMA
2026-02-25,26.16,25.2488,HPG,80_20,ARIMA
2026-02-26,26.25,26.1598,HPG,80_20,ARIMA
2026-02-27,25.71,26.2084,HPG,80_20,ARIMA
2026-03-02,25.44,25.6951,HPG,80_20,ARIMA
2026-03-03,24.73,25.456,HPG,80_20,ARIMA
2026-03-04,24.73,24.7165,HPG,80_20,ARIMA
2026-03-05,24.33,24.7743,HPG,80_20,ARIMA
2026-03-06,24.33,24.3091,HPG,80_20,ARIMA
2026-03-09,22.63,24.3602,HPG,80_20,ARIMA
2026-03-10,24.19,22.5633,HPG,80_20,ARIMA
2026-03-11,24.46,24.3108,HPG,80_20,ARIMA
2026-03-12,23.93,24.3727,HPG,80_20,ARIMA
2026-03-13,23.79,23.9369,HPG,80_20,ARIMA
2026-03-16,23.88,23.8041,HPG,80_20,ARIMA
2026-03-17,24.01,23.8832,HPG,80_20,ARIMA
2026-03-18,23.93,24.0107,HPG,80_20,ARIMA
2026-03-19,23.84,23.9222,HPG,80_20,ARIMA
2026-03-20,23.12,23.8428,HPG,80_20,ARIMA
2026-03-23,22.76,23.1069,HPG,80_20,ARIMA
2026-03-24,23.17,22.79,HPG,80_20,ARIMA
2026-03-25,23.52,23.1924,HPG,80_20,ARIMA
2026-03-26,23.12,23.5075,HPG,80_20,ARIMA
2026-03-27,23.66,23.0957,HPG,80_20,ARIMA
2026-03-30,24.01,23.6948,HPG,80_20,ARIMA
2026-03-31,24.01,23.9812,HPG,80_20,ARIMA
2026-04-01,24.24,23.9993,HPG,80_20,ARIMA
2026-04-02,24.42,24.2455,HPG,80_20,ARIMA
2026-04-03,23.79,24.4093,HPG,80_20,ARIMA
2026-04-06,23.97,23.7678,HPG,80_20,ARIMA
2026-04-07,23.93,24.0096,HPG,80_20,ARIMA
2026-04-08,25.0,23.9099,HPG,80_20,ARIMA
2026-04-09,25.22,25.0315,HPG,80_20,ARIMA
2026-04-10,25.0,25.1647,HPG,80_20,ARIMA
2026-04-13,24.82,24.9933,HPG,80_20,ARIMA
2026-04-14,25.49,24.8222,HPG,80_20,ARIMA
2026-04-15,25.04,25.5125,HPG,80_20,ARIMA
2026-04-16,24.95,24.9922,HPG,80_20,ARIMA
2026-04-17,25.0,24.9808,HPG,80_20,ARIMA
2026-04-20,25.4,24.999,HPG,80_20,ARIMA
2026-04-21,25.49,25.4049,HPG,80_20,ARIMA
2026-04-22,25.18,25.4712,HPG,80_20,ARIMA
2026-04-23,24.82,25.1718,HPG,80_20,ARIMA
2026-04-24,24.91,24.829,HPG,80_20,ARIMA
2026-04-28,24.77,24.929,HPG,80_20,ARIMA
2026-04-29,24.77,24.7599,HPG,80_20,ARIMA
2026-05-04,24.64,24.7804,HPG,80_20,ARIMA
2026-05-05,24.37,24.6363,HPG,80_20,ARIMA
2026-05-06,24.64,24.3719,HPG,80_20,ARIMA
2026-05-07,24.77,24.66,HPG,80_20,ARIMA
2026-05-08,24.86,24.7557,HPG,80_20,ARIMA
2026-05-11,24.55,24.8579,HPG,80_20,ARIMA
2026-05-12,24.45,24.5387,HPG,80_20,ARIMA
2026-05-13,24.64,24.4655,HPG,80_20,ARIMA
2026-05-14,24.59,24.6469,HPG,80_20,ARIMA
2026-05-15,24.14,24.5783,HPG,80_20,ARIMA
2026-05-18,24.05,24.1353,HPG,80_20,ARIMA
2026-05-19,23.86,24.0729,HPG,80_20,ARIMA
2026-05-20,23.82,23.8574,HPG,80_20,ARIMA
2026-05-21,24.14,23.8305,HPG,80_20,ARIMA
2026-05-22,23.95,24.1482,HPG,80_20,ARIMA
2026-05-25,24.1,23.928,HPG,80_20,ARIMA
2026-05-26,24.25,24.1168,HPG,80_20,ARIMA
2026-05-27,24.15,24.2419,HPG,80_20,ARIMA
2026-05-28,24.0,24.1412,HPG,80_20,ARIMA
2026-05-29,24.0,24.0033,HPG,80_20,ARIMA
2026-06-01,24.05,24.0071,HPG,80_20,ARIMA
2026-06-02,23.7,24.0501,HPG,80_20,ARIMA
2026-06-03,24.15,23.6903,HPG,80_20,ARIMA
2026-06-04,23.95,24.1798,HPG,80_20,ARIMA
2026-06-05,23.75,23.9173,HPG,80_20,ARIMA
2026-06-08,23.3,23.7626,HPG,80_20,ARIMA
2026-06-09,23.55,23.2994,HPG,80_20,ARIMA
2026-06-10,23.6,23.5789,HPG,80_20,ARIMA
2026-06-11,23.3,23.5842,HPG,80_20,ARIMA
2026-06-12,23.2,23.2944,HPG,80_20,ARIMA
2026-06-15,24.35,23.2154,HPG,80_20,ARIMA
2026-06-16,24.2,24.3753,HPG,80_20,ARIMA
2026-06-17,24.0,24.1294,HPG,80_20,ARIMA
2026-06-18,23.65,24.0157,HPG,80_20,ARIMA
2026-06-19,23.6,23.6535,HPG,80_20,ARIMA
2026-06-22,23.6,23.6151,HPG,80_20,ARIMA
2026-06-23,23.3,23.6012,HPG,80_20,ARIMA
2026-06-24,23.5,23.2946,HPG,80_20,ARIMA
2026-06-25,23.4,23.5224,HPG,80_20,ARIMA
2026-06-26,23.5,23.3844,HPG,80_20,ARIMA
2026-06-29,23.65,23.5094,HPG,80_20,ARIMA
2026-06-30,23.3,23.6469,HPG,80_20,ARIMA
2026-07-01,23.45,23.2851,HPG,80_20,ARIMA
2026-07-02,23.4,23.4744,HPG,80_20,ARIMA
2026-07-03,23.25,23.3874,HPG,80_20,ARIMA
2026-07-06,23.1,23.2515,HPG,80_20,ARIMA
2026-07-07,23.1,23.1062,HPG,80_20,ARIMA
2026-07-08,23.2,23.1074,HPG,80_20,ARIMA
2026-07-09,23.2,23.2011,HPG,80_20,ARIMA
2026-07-10,22.95,23.1947,HPG,80_20,ARIMA
2026-07-13,22.4,22.9464,HPG,80_20,ARIMA
2026-07-14,22.5,22.404,HPG,80_20,ARIMA
2026-07-15,22.4,22.5322,HPG,80_20,ARIMA
2026-07-16,22.2,22.3886,HPG,80_20,ARIMA
2026-07-17,21.85,22.2038,HPG,80_20,ARIMA
2026-07-20,20.6,21.8549,HPG,80_20,ARIMA
2026-07-21,20.8,20.5922,HPG,80_20,ARIMA
2026-07-22,20.7,20.8731,HPG,80_20,ARIMA
2026-07-23,20.8,20.6762,HPG,80_20,ARIMA
2026-07-24,20.8,20.8097,HPG,80_20,ARIMA
2026-07-27,20.35,20.7915,HPG,80_20,ARIMA
2026-07-28,21.0,20.3428,HPG,80_20,ARIMA
2026-07-29,21.65,21.037,HPG,80_20,ARIMA
2026-07-30,21.8,21.6222,HPG,80_20,ARIMA
2026-07-31,21.7,21.7716,HPG,80_20,ARIMA
2026-08-03,22.55,21.6917,HPG,80_20,ARIMA
2026-08-04,22.15,22.5771,HPG,80_20,ARIMA
2026-08-05,22.0,22.0942,HPG,80_20,ARIMA
2026-08-06,21.85,22.0284,HPG,80_20,ARIMA
2026-08-07,22.0,21.852,HPG,80_20,ARIMA
2026-08-10,22.1,22.0108,HPG,80_20,ARIMA
2026-08-11,22.05,22.0914,HPG,80_20,ARIMA
2026-08-12,22.1,22.0444,HPG,80_20,ARIMA
2026-08-13,21.7,22.1045,HPG,80_20,ARIMA
2026-08-14,21.25,21.6894,HPG,80_20,ARIMA
2026-08-17,21.2,21.2645,HPG,80_20,ARIMA
2026-08-18,21.0,21.2211,HPG,80_20,ARIMA
2026-08-19,21.2,20.9948,HPG,80_20,ARIMA
2026-08-20,21.15,21.2144,HPG,80_20,ARIMA
2026-08-21,21.7,21.1353,HPG,80_20,ARIMA
2026-08-24,22.25,21.7152,HPG,80_20,ARIMA
2026-08-25,21.8,22.2298,HPG,80_20,ARIMA
2026-08-26,22.05,21.7647,HPG,80_20,ARIMA
2026-08-27,22.2,22.0847,HPG,80_20,ARIMA
2026-08-28,22.1,22.1845,HPG,80_20,ARIMA
2026-09-03,21.6,22.093,HPG,80_20,ARIMA
2026-09-04,21.7,21.5974,HPG,80_20,ARIMA
2026-09-07,21.55,21.7294,HPG,80_20,ARIMA
2026-09-08,21.85,21.5367,HPG,80_20,ARIMA
2026-09-09,22.05,21.8653,HPG,80_20,ARIMA
2026-09-10,21.85,22.0357,HPG,80_20,ARIMA
2026-09-11,21.3,21.8376,HPG,80_20,ARIMA
2026-09-14,20.9,21.3023,HPG,80_20,ARIMA
2026-09-15,21.2,20.9214,HPG,80_20,ARIMA
2026-09-16,20.95,21.225,HPG,80_20,ARIMA
2026-09-17,21.2,20.9249,HPG,80_20,ARIMA
2025-02-25,20.35,20.2947,VIC,80_20,ARIMA
2025-02-26,20.5,20.3548,VIC,80_20,ARIMA
2025-02-27,20.52,20.5217,VIC,80_20,ARIMA
2025-02-28,20.6,20.5146,VIC,80_20,ARIMA
2025-03-03,21.02,20.5998,VIC,80_20,ARIMA
2025-03-04,20.98,21.0375,VIC,80_20,ARIMA
2025-03-05,21.12,20.9885,VIC,80_20,ARIMA
2025-03-06,21.18,21.1194,VIC,80_20,ARIMA
2025-03-07,22.65,21.1826,VIC,80_20,ARIMA
2025-03-10,23.65,22.7269,VIC,80_20,ARIMA
2025-03-11,23.65,23.7031,VIC,80_20,ARIMA
2025-03-12,24.05,23.6472,VIC,80_20,ARIMA
2025-03-13,25.7,24.0386,VIC,80_20,ARIMA
2025-03-14,26.1,25.8337,VIC,80_20,ARIMA
2025-03-17,26.05,26.179,VIC,80_20,ARIMA
2025-03-18,25.65,26.0313,VIC,80_20,ARIMA
2025-03-19,25.95,25.6317,VIC,80_20,ARIMA
2025-03-20,25.75,26.0338,VIC,80_20,ARIMA
2025-03-21,26.5,25.7685,VIC,80_20,ARIMA
2025-03-24,28.35,26.527,VIC,80_20,ARIMA
2025-03-25,28.45,28.4199,VIC,80_20,ARIMA
2025-03-26,28.5,28.4823,VIC,80_20,ARIMA
2025-03-27,28.55,28.4666,VIC,80_20,ARIMA
2025-03-28,29.0,28.5695,VIC,80_20,ARIMA
2025-03-31,29.0,29.1068,VIC,80_20,ARIMA
2025-04-01,29.85,29.0086,VIC,80_20,ARIMA
2025-04-02,30.2,29.8846,VIC,80_20,ARIMA
2025-04-03,28.1,30.2237,VIC,80_20,ARIMA
2025-04-04,29.15,28.0243,VIC,80_20,ARIMA
2025-04-08,27.55,29.1608,VIC,80_20,ARIMA
2025-04-09,28.5,27.5613,VIC,80_20,ARIMA
2025-04-10,30.45,28.5367,VIC,80_20,ARIMA
2025-04-11,32.55,30.4294,VIC,80_20,ARIMA
2025-04-14,34.8,32.7228,VIC,80_20,ARIMA
2025-04-15,35.25,34.8345,VIC,80_20,ARIMA
2025-04-16,33.95,35.3056,VIC,80_20,ARIMA
2025-04-17,35.5,33.9071,VIC,80_20,ARIMA
2025-04-18,33.05,35.6116,VIC,80_20,ARIMA
2025-04-21,30.75,33.0801,VIC,80_20,ARIMA
2025-04-22,29.5,30.6348,VIC,80_20,ARIMA
2025-04-23,29.3,29.3322,VIC,80_20,ARIMA
2025-04-24,31.35,29.3954,VIC,80_20,ARIMA
2025-04-25,33.5,31.4387,VIC,80_20,ARIMA
2025-04-28,34.0,33.6243,VIC,80_20,ARIMA
2025-04-29,34.0,33.9975,VIC,80_20,ARIMA
2025-05-05,35.0,33.8956,VIC,80_20,ARIMA
2025-05-06,35.25,35.0483,VIC,80_20,ARIMA
2025-05-07,36.7,35.3371,VIC,80_20,ARIMA
2025-05-08,39.25,36.7925,VIC,80_20,ARIMA
2025-05-09,38.25,39.4048,VIC,80_20,ARIMA
2025-05-12,39.7,38.2503,VIC,80_20,ARIMA
2025-05-13,39.8,39.6987,VIC,80_20,ARIMA
2025-05-14,39.9,39.8244,VIC,80_20,ARIMA
2025-05-15,39.9,40.026,VIC,80_20,ARIMA
2025-05-16,40.0,39.8171,VIC,80_20,ARIMA
2025-05-19,42.8,40.0579,VIC,80_20,ARIMA
2025-05-20,45.75,42.9647,VIC,80_20,ARIMA
2025-05-21,46.75,46.0138,VIC,80_20,ARIMA
2025-05-22,46.25,46.862,VIC,80_20,ARIMA
2025-05-23,46.5,46.1233,VIC,80_20,ARIMA
2025-05-26,47.25,46.5326,VIC,80_20,ARIMA
2025-05-27,47.25,47.4222,VIC,80_20,ARIMA
2025-05-28,48.5,47.324,VIC,80_20,ARIMA
2025-05-29,48.5,48.5479,VIC,80_20,ARIMA
2025-05-30,49.2,48.5206,VIC,80_20,ARIMA
2025-06-02,49.0,49.2714,VIC,80_20,ARIMA
2025-06-03,49.05,48.9696,VIC,80_20,ARIMA
2025-06-04,49.05,49.1004,VIC,80_20,ARIMA
2025-06-05,49.0,49.0342,VIC,80_20,ARIMA
2025-06-06,48.5,49.0345,VIC,80_20,ARIMA
2025-06-09,45.15,48.454,VIC,80_20,ARIMA
2025-06-10,45.3,44.9056,VIC,80_20,ARIMA
2025-06-11,45.1,45.2336,VIC,80_20,ARIMA
2025-06-12,43.4,45.1352,VIC,80_20,ARIMA
2025-06-13,42.75,43.3436,VIC,80_20,ARIMA
2025-06-16,42.7,42.5003,VIC,80_20,ARIMA
2025-06-17,43.85,42.699,VIC,80_20,ARIMA
2025-06-18,44.0,43.9652,VIC,80_20,ARIMA
2025-06-19,44.7,43.9736,VIC,80_20,ARIMA
2025-06-20,43.4,44.7173,VIC,80_20,ARIMA
2025-06-23,46.4,43.2953,VIC,80_20,ARIMA
2025-06-24,47.9,46.602,VIC,80_20,ARIMA
2025-06-25,47.9,48.0785,VIC,80_20,ARIMA
2025-06-26,47.5,47.9785,VIC,80_20,ARIMA
2025-06-27,47.75,47.3391,VIC,80_20,ARIMA
2025-06-30,47.8,47.87,VIC,80_20,ARIMA
2025-07-01,47.8,47.8819,VIC,80_20,ARIMA
2025-07-02,47.7,47.8069,VIC,80_20,ARIMA
2025-07-03,47.25,47.6696,VIC,80_20,ARIMA
2025-07-04,45.95,47.2276,VIC,80_20,ARIMA
2025-07-07,46.5,45.8528,VIC,80_20,ARIMA
2025-07-08,46.65,46.5123,VIC,80_20,ARIMA
2025-07-09,47.5,46.6862,VIC,80_20,ARIMA
2025-07-10,50.8,47.5611,VIC,80_20,ARIMA
2025-07-11,54.0,50.9829,VIC,80_20,ARIMA
2025-07-14,56.5,54.362,VIC,80_20,ARIMA
2025-07-15,55.8,56.7999,VIC,80_20,ARIMA
2025-07-16,58.7,55.75,VIC,80_20,ARIMA
2025-07-17,61.0,59.0212,VIC,80_20,ARIMA
2025-07-18,59.5,61.4467,VIC,80_20,ARIMA
2025-07-21,56.0,59.5798,VIC,80_20,ARIMA
2025-07-22,58.75,55.5973,VIC,80_20,ARIMA
2025-07-23,57.5,59.0063,VIC,80_20,ARIMA
2025-07-24,58.0,57.4983,VIC,80_20,ARIMA
2025-07-25,57.05,57.9886,VIC,80_20,ARIMA
2025-07-28,57.8,56.892,VIC,80_20,ARIMA
2025-07-29,56.6,57.896,VIC,80_20,ARIMA
2025-07-30,54.75,56.5086,VIC,80_20,ARIMA
2025-07-31,52.75,54.59,VIC,80_20,ARIMA
2025-08-01,52.0,52.5273,VIC,80_20,ARIMA
2025-08-04,55.6,51.8917,VIC,80_20,ARIMA
2025-08-05,58.75,55.8347,VIC,80_20,ARIMA
2025-08-06,59.25,59.0617,VIC,80_20,ARIMA
2025-08-07,57.5,59.2698,VIC,80_20,ARIMA
2025-08-08,58.5,57.2763,VIC,80_20,ARIMA
2025-08-11,57.75,58.659,VIC,80_20,ARIMA
2025-08-12,57.75,57.7981,VIC,80_20,ARIMA
2025-08-13,58.0,57.7333,VIC,80_20,ARIMA
2025-08-14,59.1,57.9926,VIC,80_20,ARIMA
2025-08-15,59.1,59.2171,VIC,80_20,ARIMA
2025-08-18,59.1,59.0984,VIC,80_20,ARIMA
2025-08-19,59.1,59.0847,VIC,80_20,ARIMA
2025-08-20,62.1,59.1075,VIC,80_20,ARIMA
2025-08-21,62.5,62.3797,VIC,80_20,ARIMA
2025-08-22,62.05,62.5813,VIC,80_20,ARIMA
2025-08-25,65.5,61.9734,VIC,80_20,ARIMA
2025-08-26,67.75,65.7953,VIC,80_20,ARIMA
2025-08-27,66.0,68.0662,VIC,80_20,ARIMA
2025-08-28,65.05,65.8566,VIC,80_20,ARIMA
2025-08-29,64.15,64.9785,VIC,80_20,ARIMA
2025-09-03,62.5,64.143,VIC,80_20,ARIMA
2025-09-04,62.5,62.3597,VIC,80_20,ARIMA
2025-09-05,62.5,62.4702,VIC,80_20,ARIMA
2025-09-08,62.5,62.4927,VIC,80_20,ARIMA
2025-09-09,64.6,62.4843,VIC,80_20,ARIMA
2025-09-10,65.45,64.7764,VIC,80_20,ARIMA
2025-09-11,68.0,65.5428,VIC,80_20,ARIMA
2025-09-12,68.9,68.2403,VIC,80_20,ARIMA
2025-09-15,68.9,69.0169,VIC,80_20,ARIMA
2025-09-16,67.5,68.9199,VIC,80_20,ARIMA
2025-09-17,71.55,67.3663,VIC,80_20,ARIMA
2025-09-18,72.5,71.921,VIC,80_20,ARIMA
2025-09-19,76.6,72.6392,VIC,80_20,ARIMA
2025-09-22,74.4,76.9546,VIC,80_20,ARIMA
2025-09-23,74.6,74.3427,VIC,80_20,ARIMA
2025-09-24,74.5,74.5385,VIC,80_20,ARIMA
2025-09-25,79.0,74.614,VIC,80_20,ARIMA
2025-09-26,82.0,79.3502,VIC,80_20,ARIMA
2025-09-29,86.4,82.3586,VIC,80_20,ARIMA
2025-09-30,87.45,86.8415,VIC,80_20,ARIMA
2025-10-01,85.0,87.788,VIC,80_20,ARIMA
2025-10-02,85.5,84.7534,VIC,80_20,ARIMA
2025-10-03,88.25,85.5747,VIC,80_20,ARIMA
2025-10-06,89.85,88.7673,VIC,80_20,ARIMA
2025-10-07,90.0,90.0414,VIC,80_20,ARIMA
2025-10-08,89.05,89.9132,VIC,80_20,ARIMA
2025-10-09,89.75,88.9925,VIC,80_20,ARIMA
2025-10-10,96.0,89.9294,VIC,80_20,ARIMA
2025-10-13,102.7,96.8163,VIC,80_20,ARIMA
2025-10-14,105.95,103.7315,VIC,80_20,ARIMA
2025-10-15,104.75,106.3885,VIC,80_20,ARIMA
2025-10-16,106.55,104.6058,VIC,80_20,ARIMA
2025-10-17,102.0,107.2975,VIC,80_20,ARIMA
2025-10-20,97.45,101.7722,VIC,80_20,ARIMA
2025-10-21,101.7,96.5503,VIC,80_20,ARIMA
2025-10-22,101.5,102.3642,VIC,80_20,ARIMA
2025-10-23,107.5,101.6851,VIC,80_20,ARIMA
2025-10-24,109.5,107.9885,VIC,80_20,ARIMA
2025-10-27,107.0,109.7687,VIC,80_20,ARIMA
2025-10-28,110.05,106.6504,VIC,80_20,ARIMA
2025-10-29,106.0,110.091,VIC,80_20,ARIMA
2025-10-30,102.05,105.9381,VIC,80_20,ARIMA
2025-10-31,95.5,101.5902,VIC,80_20,ARIMA
2025-11-03,97.7,94.3234,VIC,80_20,ARIMA
2025-11-04,100.5,98.1349,VIC,80_20,ARIMA
2025-11-05,103.25,101.3321,VIC,80_20,ARIMA
2025-11-06,103.9,103.7872,VIC,80_20,ARIMA
2025-11-07,99.85,103.6549,VIC,80_20,ARIMA
2025-11-10,99.5,99.0653,VIC,80_20,ARIMA
2025-11-11,100.5,99.2752,VIC,80_20,ARIMA
2025-11-12,105.6,100.9824,VIC,80_20,ARIMA
2025-11-13,105.6,106.6015,VIC,80_20,ARIMA
2025-11-14,105.5,105.4473,VIC,80_20,ARIMA
2025-11-17,108.5,105.0216,VIC,80_20,ARIMA
2025-11-18,110.0,108.7419,VIC,80_20,ARIMA
2025-11-19,110.25,110.5409,VIC,80_20,ARIMA
2025-11-20,114.0,110.1182,VIC,80_20,ARIMA
2025-11-21,114.85,114.3198,VIC,80_20,ARIMA
2025-11-24,119.75,115.1338,VIC,80_20,ARIMA
2025-11-25,121.5,120.336,VIC,80_20,ARIMA
2025-11-26,122.5,121.7597,VIC,80_20,ARIMA
2025-11-27,124.0,122.6221,VIC,80_20,ARIMA
2025-11-28,130.2,124.0499,VIC,80_20,ARIMA
2025-12-01,134.95,131.4596,VIC,80_20,ARIMA
2025-12-02,137.5,136.0513,VIC,80_20,ARIMA
2025-12-03,134.7,137.9045,VIC,80_20,ARIMA
2025-12-04,133.5,134.0643,VIC,80_20,ARIMA
2025-12-05,142.8,133.4207,VIC,80_20,ARIMA
2025-12-08,152.7,144.9906,VIC,80_20,ARIMA
2025-12-09,160.0,155.2473,VIC,80_20,ARIMA
2025-12-10,148.8,160.9532,VIC,80_20,ARIMA
2025-12-11,146.0,145.231,VIC,80_20,ARIMA
2025-12-12,144.0,146.3336,VIC,80_20,ARIMA
2025-12-15,142.9,146.6996,VIC,80_20,ARIMA
2025-12-16,142.9,143.8792,VIC,80_20,ARIMA
2025-12-17,142.9,141.7175,VIC,80_20,ARIMA
2025-12-18,142.7,142.6789,VIC,80_20,ARIMA
2025-12-19,148.5,142.4171,VIC,80_20,ARIMA
2025-12-22,158.8,149.5233,VIC,80_20,ARIMA
2025-12-23,169.9,161.1086,VIC,80_20,ARIMA
2025-12-24,169.8,172.2672,VIC,80_20,ARIMA
2025-12-25,158.0,168.6305,VIC,80_20,ARIMA
2025-12-26,155.0,153.7117,VIC,80_20,ARIMA
2025-12-29,159.7,155.8455,VIC,80_20,ARIMA
2025-12-30,163.0,164.222,VIC,80_20,ARIMA
2025-12-31,169.6,163.8089,VIC,80_20,ARIMA
2026-01-05,173.1,169.0613,VIC,80_20,ARIMA
2026-01-06,173.1,172.8821,VIC,80_20,ARIMA
2026-01-07,179.0,172.4375,VIC,80_20,ARIMA
2026-01-08,176.6,180.4711,VIC,80_20,ARIMA
2026-01-09,176.0,176.4262,VIC,80_20,ARIMA
2026-01-12,163.7,175.5737,VIC,80_20,ARIMA
2026-01-13,167.9,160.8949,VIC,80_20,ARIMA
2026-01-14,160.2,169.6234,VIC,80_20,ARIMA
2026-01-15,153.0,160.9712,VIC,80_20,ARIMA
2026-01-16,159.9,150.426,VIC,80_20,ARIMA
2026-01-19,162.0,161.1113,VIC,80_20,ARIMA
2026-01-20,161.0,163.776,VIC,80_20,ARIMA
2026-01-21,160.5,159.6157,VIC,80_20,ARIMA
2026-01-22,161.1,159.4769,VIC,80_20,ARIMA
2026-01-23,165.4,161.7371,VIC,80_20,ARIMA
2026-01-26,159.9,166.5022,VIC,80_20,ARIMA
2026-01-27,151.0,158.5794,VIC,80_20,ARIMA
2026-01-28,140.5,148.8182,VIC,80_20,ARIMA
2026-01-29,140.5,138.9386,VIC,80_20,ARIMA
2026-01-30,140.5,142.3432,VIC,80_20,ARIMA
2026-02-02,130.7,141.5185,VIC,80_20,ARIMA
2026-02-03,130.7,127.5293,VIC,80_20,ARIMA
2026-02-04,121.6,130.1953,VIC,80_20,ARIMA
2026-02-05,130.1,120.5423,VIC,80_20,ARIMA
2026-02-06,131.0,131.5996,VIC,80_20,ARIMA
2026-02-09,132.3,131.3914,VIC,80_20,ARIMA
2026-02-10,141.5,131.4366,VIC,80_20,ARIMA
2026-02-11,150.8,141.8382,VIC,80_20,ARIMA
2026-02-12,159.0,153.4691,VIC,80_20,ARIMA
2026-02-13,160.0,160.2305,VIC,80_20,ARIMA
2026-02-23,162.3,159.5765,VIC,80_20,ARIMA
2026-02-24,162.9,162.99,VIC,80_20,ARIMA
2026-02-25,158.0,163.9529,VIC,80_20,ARIMA
2026-02-26,168.9,157.3932,VIC,80_20,ARIMA
2026-02-27,172.0,171.0293,VIC,80_20,ARIMA
2026-03-02,167.2,173.6587,VIC,80_20,ARIMA
2026-03-03,155.5,165.5475,VIC,80_20,ARIMA
2026-03-04,155.6,152.1131,VIC,80_20,ARIMA
2026-03-05,164.8,157.232,VIC,80_20,ARIMA
2026-03-06,156.5,168.3862,VIC,80_20,ARIMA
2026-03-09,145.6,153.7971,VIC,80_20,ARIMA
2026-03-10,141.8,141.6918,VIC,80_20,ARIMA
2026-03-11,146.0,142.6612,VIC,80_20,ARIMA
2026-03-12,145.0,148.4409,VIC,80_20,ARIMA
2026-03-13,144.6,143.3136,VIC,80_20,ARIMA
2026-03-16,144.7,142.9887,VIC,80_20,ARIMA
2026-03-17,146.2,144.7763,VIC,80_20,ARIMA
2026-03-18,146.0,146.8327,VIC,80_20,ARIMA
2026-03-19,145.0,145.7576,VIC,80_20,ARIMA
2026-03-20,135.0,144.6531,VIC,80_20,ARIMA
2026-03-23,125.6,133.0182,VIC,80_20,ARIMA
2026-03-24,124.0,124.1437,VIC,80_20,ARIMA
2026-03-25,128.7,124.8537,VIC,80_20,ARIMA
2026-03-26,130.0,129.9386,VIC,80_20,ARIMA
2026-03-27,132.6,128.6783,VIC,80_20,ARIMA
2026-03-30,129.5,131.9145,VIC,80_20,ARIMA
2026-03-31,135.0,128.6829,VIC,80_20,ARIMA
2026-04-01,141.0,136.6292,VIC,80_20,ARIMA
2026-04-02,139.9,142.6521,VIC,80_20,ARIMA
2026-04-03,141.0,138.8098,VIC,80_20,ARIMA
2026-04-06,141.6,140.928,VIC,80_20,ARIMA
2026-04-07,143.4,142.6126,VIC,80_20,ARIMA
2026-04-08,153.4,144.1108,VIC,80_20,ARIMA
2026-04-09,149.2,155.5394,VIC,80_20,ARIMA
2026-04-10,151.7,147.7212,VIC,80_20,ARIMA
2026-04-13,160.0,151.795,VIC,80_20,ARIMA
2026-04-14,165.5,162.6809,VIC,80_20,ARIMA
2026-04-15,177.0,166.8381,VIC,80_20,ARIMA
2026-04-16,189.3,178.5478,VIC,80_20,ARIMA
2026-04-17,187.9,192.5434,VIC,80_20,ARIMA
2026-04-20,191.0,187.7027,VIC,80_20,ARIMA
2026-04-21,193.7,192.598,VIC,80_20,ARIMA
2026-04-22,207.2,196.3062,VIC,80_20,ARIMA
2026-04-23,214.5,211.9568,VIC,80_20,ARIMA
2026-04-24,212.1,215.8263,VIC,80_20,ARIMA
2026-04-28,225.5,211.2835,VIC,80_20,ARIMA
2026-04-29,214.0,230.0495,VIC,80_20,ARIMA
2026-05-04,212.0,214.1872,VIC,80_20,ARIMA
2026-05-05,219.5,212.5447,VIC,80_20,ARIMA
2026-05-06,219.5,220.8446,VIC,80_20,ARIMA
2026-05-07,224.0,221.4661,VIC,80_20,ARIMA
2026-05-08,226.0,222.8446,VIC,80_20,ARIMA
2026-05-11,223.0,225.9539,VIC,80_20,ARIMA
2026-05-12,222.0,223.7051,VIC,80_20,ARIMA
2026-05-13,221.0,221.9043,VIC,80_20,ARIMA
2026-05-14,229.8,221.5805,VIC,80_20,ARIMA
2026-05-15,228.0,231.9505,VIC,80_20,ARIMA
2026-05-18,225.0,226.8582,VIC,80_20,ARIMA
2026-05-19,225.1,224.3301,VIC,80_20,ARIMA
2026-05-20,226.7,225.0531,VIC,80_20,ARIMA
2026-05-21,218.7,228.5523,VIC,80_20,ARIMA
2026-05-22,216.5,216.7718,VIC,80_20,ARIMA
2026-05-25,218.8,215.8696,VIC,80_20,ARIMA
2026-05-26,213.0,219.2732,VIC,80_20,ARIMA
2026-05-27,210.8,211.9573,VIC,80_20,ARIMA
2026-05-28,210.8,209.3313,VIC,80_20,ARIMA
2026-05-29,211.3,210.4323,VIC,80_20,ARIMA
2026-06-01,204.9,211.6585,VIC,80_20,ARIMA
2026-06-02,204.9,202.7183,VIC,80_20,ARIMA
2026-06-03,197.6,204.8207,VIC,80_20,ARIMA
2026-06-04,200.2,196.1133,VIC,80_20,ARIMA
2026-06-05,207.0,200.8419,VIC,80_20,ARIMA
2026-06-08,195.0,207.0398,VIC,80_20,ARIMA
2026-06-09,193.2,192.6781,VIC,80_20,ARIMA
2026-06-10,196.0,192.3841,VIC,80_20,ARIMA
2026-06-11,196.0,196.5727,VIC,80_20,ARIMA
2026-06-12,195.5,196.8682,VIC,80_20,ARIMA
2026-06-15,192.6,193.5308,VIC,80_20,ARIMA
2026-06-16,194.0,191.8445,VIC,80_20,ARIMA
2026-06-17,192.0,194.832,VIC,80_20,ARIMA
2026-06-18,205.4,191.4689,VIC,80_20,ARIMA
2026-06-19,205.5,207.6421,VIC,80_20,ARIMA
2026-06-22,219.8,204.43,VIC,80_20,ARIMA
2026-06-23,229.0,222.4668,VIC,80_20,ARIMA
2026-06-24,230.5,230.264,VIC,80_20,ARIMA
2026-06-25,225.0,233.2543,VIC,80_20,ARIMA
2026-06-26,228.0,224.4773,VIC,80_20,ARIMA
2026-06-29,217.2,230.8666,VIC,80_20,ARIMA
2026-06-30,220.0,216.3914,VIC,80_20,ARIMA
2026-07-01,217.1,220.6008,VIC,80_20,ARIMA
2026-07-02,220.3,215.9533,VIC,80_20,ARIMA
2026-07-03,220.3,220.8838,VIC,80_20,ARIMA
2026-07-06,220.3,219.1725,VIC,80_20,ARIMA
2026-07-07,220.3,220.5516,VIC,80_20,ARIMA
2026-07-08,220.7,220.0551,VIC,80_20,ARIMA
2026-07-09,221.0,221.1093,VIC,80_20,ARIMA
2026-07-10,223.0,221.0487,VIC,80_20,ARIMA
2026-07-13,221.5,223.3048,VIC,80_20,ARIMA
2026-07-14,219.0,221.3033,VIC,80_20,ARIMA
2026-07-15,217.0,218.6675,VIC,80_20,ARIMA
2026-07-16,223.0,216.7512,VIC,80_20,ARIMA
2026-07-17,220.0,224.0623,VIC,80_20,ARIMA
2026-07-20,220.0,219.3812,VIC,80_20,ARIMA
2026-07-21,217.3,219.6644,VIC,80_20,ARIMA
2026-07-22,202.1,216.8513,VIC,80_20,ARIMA
2026-07-23,214.0,200.4349,VIC,80_20,ARIMA
2026-07-24,213.1,214.9247,VIC,80_20,ARIMA
2026-07-27,213.5,212.9718,VIC,80_20,ARIMA
2026-07-28,213.8,213.2344,VIC,80_20,ARIMA
2026-07-29,219.4,211.8983,VIC,80_20,ARIMA
2026-07-30,220.0,221.3851,VIC,80_20,ARIMA
2026-07-31,214.1,220.0569,VIC,80_20,ARIMA
2026-08-03,213.0,213.5028,VIC,80_20,ARIMA
2026-08-04,218.0,212.952,VIC,80_20,ARIMA
2026-08-05,220.0,219.1661,VIC,80_20,ARIMA
2026-08-06,218.8,220.193,VIC,80_20,ARIMA
2026-08-07,215.0,218.0277,VIC,80_20,ARIMA
2026-08-10,208.5,214.5454,VIC,80_20,ARIMA
2026-08-11,208.5,208.295,VIC,80_20,ARIMA
2026-08-12,215.5,208.6661,VIC,80_20,ARIMA
2026-08-13,207.9,216.1411,VIC,80_20,ARIMA
2026-08-14,200.4,206.4325,VIC,80_20,ARIMA
2026-08-17,198.0,198.8362,VIC,80_20,ARIMA
2026-08-18,200.0,197.8898,VIC,80_20,ARIMA
2026-08-19,200.0,200.8505,VIC,80_20,ARIMA
2026-08-20,202.0,198.8446,VIC,80_20,ARIMA
2026-08-21,205.0,201.3184,VIC,80_20,ARIMA
2026-08-24,214.5,205.1317,VIC,80_20,ARIMA
2026-08-25,220.5,215.9082,VIC,80_20,ARIMA
2026-08-26,230.0,221.3143,VIC,80_20,ARIMA
2026-08-27,236.0,231.7162,VIC,80_20,ARIMA
2026-08-28,236.0,237.6128,VIC,80_20,ARIMA
2026-09-03,244.5,237.3663,VIC,80_20,ARIMA
2026-09-04,256.1,246.8198,VIC,80_20,ARIMA
2026-09-07,245.0,259.2986,VIC,80_20,ARIMA
2026-09-08,249.6,244.3718,VIC,80_20,ARIMA
2026-09-09,247.7,250.8183,VIC,80_20,ARIMA
2026-09-10,247.7,248.4854,VIC,80_20,ARIMA
2026-09-11,243.3,248.8164,VIC,80_20,ARIMA
2026-09-14,241.4,241.7417,VIC,80_20,ARIMA
2026-09-15,241.3,241.5406,VIC,80_20,ARIMA
2026-09-16,241.2,240.9586,VIC,80_20,ARIMA
2026-09-17,241.2,240.9714,VIC,80_20,ARIMA
2025-02-25,56.19,56.8875,VNM,80_20,ARIMA
2025-02-26,56.37,56.2905,VNM,80_20,ARIMA
2025-02-27,55.56,56.1224,VNM,80_20,ARIMA
2025-02-28,55.56,55.5231,VNM,80_20,ARIMA
2025-03-03,56.46,55.6347,VNM,80_20,ARIMA
2025-03-04,56.72,56.4357,VNM,80_20,ARIMA
2025-03-05,56.01,56.8097,VNM,80_20,ARIMA
2025-03-06,56.19,55.9673,VNM,80_20,ARIMA
2025-03-07,56.01,56.065,VNM,80_20,ARIMA
2025-03-10,55.83,56.085,VNM,80_20,ARIMA
2025-03-11,55.74,55.8805,VNM,80_20,ARIMA
2025-03-12,55.56,55.7168,VNM,80_20,ARIMA
2025-03-13,55.38,55.5979,VNM,80_20,ARIMA
2025-03-14,55.47,55.3974,VNM,80_20,ARIMA
2025-03-17,56.28,55.4731,VNM,80_20,ARIMA
2025-03-18,55.83,56.2658,VNM,80_20,ARIMA
2025-03-19,55.65,55.8874,VNM,80_20,ARIMA
2025-03-20,55.21,55.5701,VNM,80_20,ARIMA
2025-03-21,54.76,55.2001,VNM,80_20,ARIMA
2025-03-24,54.85,54.8368,VNM,80_20,ARIMA
2025-03-25,54.85,54.8608,VNM,80_20,ARIMA
2025-03-26,54.67,54.9151,VNM,80_20,ARIMA
2025-03-27,54.58,54.6944,VNM,80_20,ARIMA
2025-03-28,53.87,54.5578,VNM,80_20,ARIMA
2025-03-31,54.13,53.9192,VNM,80_20,ARIMA
2025-04-01,54.31,54.1087,VNM,80_20,ARIMA
2025-04-02,54.04,54.3649,VNM,80_20,ARIMA
2025-04-03,50.47,54.0935,VNM,80_20,ARIMA
2025-04-04,52.26,50.5889,VNM,80_20,ARIMA
2025-04-08,48.68,52.0376,VNM,80_20,ARIMA
2025-04-09,46.45,49.2608,VNM,80_20,ARIMA
2025-04-10,49.67,46.5492,VNM,80_20,ARIMA
2025-04-11,51.36,49.3867,VNM,80_20,ARIMA
2025-04-14,50.83,51.8431,VNM,80_20,ARIMA
2025-04-15,50.29,50.8019,VNM,80_20,ARIMA
2025-04-16,50.02,49.9015,VNM,80_20,ARIMA
2025-04-17,50.02,49.9924,VNM,80_20,ARIMA
2025-04-18,50.56,50.1226,VNM,80_20,ARIMA
2025-04-21,50.65,50.5777,VNM,80_20,ARIMA
2025-04-22,50.02,50.67,VNM,80_20,ARIMA
2025-04-23,50.38,50.016,VNM,80_20,ARIMA
2025-04-24,50.29,50.2946,VNM,80_20,ARIMA
2025-04-25,52.08,50.3522,VNM,80_20,ARIMA
2025-04-28,51.36,52.0024,VNM,80_20,ARIMA
2025-04-29,51.45,51.4192,VNM,80_20,ARIMA
2025-05-05,50.83,51.3172,VNM,80_20,ARIMA
2025-05-06,50.83,50.7803,VNM,80_20,ARIMA
2025-05-07,51.1,50.8982,VNM,80_20,ARIMA
2025-05-08,51.27,51.1044,VNM,80_20,ARIMA
2025-05-09,51.54,51.317,VNM,80_20,ARIMA
2025-05-12,52.35,51.4978,VNM,80_20,ARIMA
2025-05-13,52.26,52.2803,VNM,80_20,ARIMA
2025-05-14,51.98,52.2639,VNM,80_20,ARIMA
2025-05-15,52.54,51.9212,VNM,80_20,ARIMA
2025-05-16,51.98,52.4508,VNM,80_20,ARIMA
2025-05-19,51.8,52.0716,VNM,80_20,ARIMA
2025-05-20,51.7,51.7749,VNM,80_20,ARIMA
2025-05-21,51.24,51.69,VNM,80_20,ARIMA
2025-05-22,50.87,51.3296,VNM,80_20,ARIMA
2025-05-23,51.15,50.8858,VNM,80_20,ARIMA
2025-05-26,51.52,51.1579,VNM,80_20,ARIMA
2025-05-27,51.24,51.565,VNM,80_20,ARIMA
2025-05-28,51.06,51.2662,VNM,80_20,ARIMA
2025-05-29,50.96,51.008,VNM,80_20,ARIMA
2025-05-30,50.78,50.9573,VNM,80_20,ARIMA
2025-06-02,50.5,50.8283,VNM,80_20,ARIMA
2025-06-03,51.33,50.525,VNM,80_20,ARIMA
2025-06-04,52.63,51.2906,VNM,80_20,ARIMA
2025-06-05,52.07,52.6119,VNM,80_20,ARIMA
2025-06-06,51.15,52.1006,VNM,80_20,ARIMA
2025-06-09,51.15,51.0289,VNM,80_20,ARIMA
2025-06-10,51.15,51.0817,VNM,80_20,ARIMA
2025-06-11,51.06,51.2818,VNM,80_20,ARIMA
2025-06-12,51.7,51.1227,VNM,80_20,ARIMA
2025-06-13,51.33,51.6427,VNM,80_20,ARIMA
2025-06-16,52.07,51.3749,VNM,80_20,ARIMA
2025-06-17,51.98,51.9808,VNM,80_20,ARIMA
2025-06-18,51.8,51.981,VNM,80_20,ARIMA
2025-06-19,51.89,51.7984,VNM,80_20,ARIMA
2025-06-20,52.35,51.8224,VNM,80_20,ARIMA
2025-06-23,51.7,52.3606,VNM,80_20,ARIMA
2025-06-24,52.17,51.7555,VNM,80_20,ARIMA
2025-06-25,52.54,52.0832,VNM,80_20,ARIMA
2025-06-26,52.17,52.5432,VNM,80_20,ARIMA
2025-06-27,53.46,52.2279,VNM,80_20,ARIMA
2025-06-30,53.65,53.3018,VNM,80_20,ARIMA
2025-07-01,53.18,53.6816,VNM,80_20,ARIMA
2025-07-02,53.37,53.1612,VNM,80_20,ARIMA
2025-07-03,53.18,53.2279,VNM,80_20,ARIMA
2025-07-04,53.46,53.2388,VNM,80_20,ARIMA
2025-07-07,53.55,53.4655,VNM,80_20,ARIMA
2025-07-08,54.57,53.5414,VNM,80_20,ARIMA
2025-07-09,55.68,54.5136,VNM,80_20,ARIMA
2025-07-10,55.22,55.6149,VNM,80_20,ARIMA
2025-07-11,55.31,55.2075,VNM,80_20,ARIMA
2025-07-14,55.77,55.1421,VNM,80_20,ARIMA
2025-07-15,55.59,55.7134,VNM,80_20,ARIMA
2025-07-16,55.59,55.6641,VNM,80_20,ARIMA
2025-07-17,55.59,55.5385,VNM,80_20,ARIMA
2025-07-18,55.68,55.5689,VNM,80_20,ARIMA
2025-07-21,55.5,55.6977,VNM,80_20,ARIMA
2025-07-22,55.68,55.5091,VNM,80_20,ARIMA
2025-07-23,57.07,55.6588,VNM,80_20,ARIMA
2025-07-24,58.92,57.0013,VNM,80_20,ARIMA
2025-07-25,58.45,58.8608,VNM,80_20,ARIMA
2025-07-28,58.55,58.417,VNM,80_20,ARIMA
2025-07-29,58.45,58.3075,VNM,80_20,ARIMA
2025-07-30,58.18,58.3779,VNM,80_20,ARIMA
2025-07-31,56.61,58.2576,VNM,80_20,ARIMA
2025-08-01,55.5,56.68,VNM,80_20,ARIMA
2025-08-04,55.87,55.5433,VNM,80_20,ARIMA
2025-08-05,55.59,55.9419,VNM,80_20,ARIMA
2025-08-06,56.7,55.8013,VNM,80_20,ARIMA
2025-08-07,56.33,56.6634,VNM,80_20,ARIMA
2025-08-08,56.24,56.3515,VNM,80_20,ARIMA
2025-08-11,56.88,56.1888,VNM,80_20,ARIMA
2025-08-12,57.16,56.7775,VNM,80_20,ARIMA
2025-08-13,56.51,57.217,VNM,80_20,ARIMA
2025-08-14,57.07,56.511,VNM,80_20,ARIMA
2025-08-15,56.42,56.953,VNM,80_20,ARIMA
2025-08-18,56.14,56.5043,VNM,80_20,ARIMA
2025-08-19,55.96,56.1549,VNM,80_20,ARIMA
2025-08-20,55.5,55.951,VNM,80_20,ARIMA
2025-08-21,55.59,55.5979,VNM,80_20,ARIMA
2025-08-22,54.29,55.5938,VNM,80_20,ARIMA
2025-08-25,54.29,54.4024,VNM,80_20,ARIMA
2025-08-26,55.22,54.2789,VNM,80_20,ARIMA
2025-08-27,55.96,55.2388,VNM,80_20,ARIMA
2025-08-28,56.42,56.0455,VNM,80_20,ARIMA
2025-08-29,55.77,56.3305,VNM,80_20,ARIMA
2025-09-03,56.88,55.6978,VNM,80_20,ARIMA
2025-09-04,57.16,56.7324,VNM,80_20,ARIMA
2025-09-05,56.33,57.1974,VNM,80_20,ARIMA
2025-09-08,56.05,56.368,VNM,80_20,ARIMA
2025-09-09,55.77,55.9292,VNM,80_20,ARIMA
2025-09-10,55.31,55.8315,VNM,80_20,ARIMA
2025-09-11,56.61,55.4135,VNM,80_20,ARIMA
2025-09-12,58.45,56.551,VNM,80_20,ARIMA
2025-09-15,58.36,58.4329,VNM,80_20,ARIMA
2025-09-16,59.84,58.3575,VNM,80_20,ARIMA
2025-09-17,60.21,59.5317,VNM,80_20,ARIMA
2025-09-18,58.82,60.119,VNM,80_20,ARIMA
2025-09-19,57.35,58.8451,VNM,80_20,ARIMA
2025-09-22,56.79,57.2493,VNM,80_20,ARIMA
2025-09-23,56.98,56.8618,VNM,80_20,ARIMA
2025-09-24,57.35,57.1657,VNM,80_20,ARIMA
2025-09-25,56.88,57.469,VNM,80_20,ARIMA
2025-09-26,56.51,56.9241,VNM,80_20,ARIMA
2025-09-29,55.77,56.4694,VNM,80_20,ARIMA
2025-09-30,55.5,55.8031,VNM,80_20,ARIMA
2025-10-01,57.44,55.5606,VNM,80_20,ARIMA
2025-10-02,56.61,57.4037,VNM,80_20,ARIMA
2025-10-03,56.7,56.7737,VNM,80_20,ARIMA
2025-10-06,57.72,56.556,VNM,80_20,ARIMA
2025-10-07,56.79,57.5655,VNM,80_20,ARIMA
2025-10-08,58.64,56.9546,VNM,80_20,ARIMA
2025-10-09,58.18,58.4289,VNM,80_20,ARIMA
2025-10-10,57.72,58.233,VNM,80_20,ARIMA
2025-10-13,59.19,57.7081,VNM,80_20,ARIMA
2025-10-14,58.73,58.9583,VNM,80_20,ARIMA
2025-10-15,58.82,58.8928,VNM,80_20,ARIMA
2025-10-16,59.26,58.7418,VNM,80_20,ARIMA
2025-10-17,56.94,59.1375,VNM,80_20,ARIMA
2025-10-20,53.26,57.1409,VNM,80_20,ARIMA
2025-10-21,54.71,53.3465,VNM,80_20,ARIMA
2025-10-22,54.52,54.6566,VNM,80_20,ARIMA
2025-10-23,54.81,54.9835,VNM,80_20,ARIMA
2025-10-24,56.26,54.9745,VNM,80_20,ARIMA
2025-10-27,55.19,56.0312,VNM,80_20,ARIMA
2025-10-28,55.58,55.2998,VNM,80_20,ARIMA
2025-10-29,55.68,55.4218,VNM,80_20,ARIMA
2025-10-30,55.29,55.6245,VNM,80_20,ARIMA
2025-10-31,55.77,55.404,VNM,80_20,ARIMA
2025-11-03,55.48,55.68,VNM,80_20,ARIMA
2025-11-04,55.48,55.5262,VNM,80_20,ARIMA
2025-11-05,56.16,55.481,VNM,80_20,ARIMA
2025-11-06,56.16,56.092,VNM,80_20,ARIMA
2025-11-07,55.77,56.2072,VNM,80_20,ARIMA
2025-11-10,55.19,55.7477,VNM,80_20,ARIMA
2025-11-11,57.03,55.1539,VNM,80_20,ARIMA
2025-11-12,57.9,56.9484,VNM,80_20,ARIMA
2025-11-13,59.84,57.9592,VNM,80_20,ARIMA
2025-11-14,60.81,59.693,VNM,80_20,ARIMA
2025-11-17,60.13,60.5875,VNM,80_20,ARIMA
2025-11-18,58.78,60.0267,VNM,80_20,ARIMA
2025-11-19,58.97,58.6163,VNM,80_20,ARIMA
2025-11-20,58.78,58.9116,VNM,80_20,ARIMA
2025-11-21,58.0,58.9476,VNM,80_20,ARIMA
2025-11-24,61.0,58.1345,VNM,80_20,ARIMA
2025-11-25,59.94,60.8009,VNM,80_20,ARIMA
2025-11-26,60.81,60.1305,VNM,80_20,ARIMA
2025-11-27,60.03,60.6294,VNM,80_20,ARIMA
2025-11-28,61.97,59.8768,VNM,80_20,ARIMA
2025-12-01,62.84,61.9137,VNM,80_20,ARIMA
2025-12-02,62.94,62.7971,VNM,80_20,ARIMA
2025-12-03,62.55,62.9181,VNM,80_20,ARIMA
2025-12-04,61.39,62.3427,VNM,80_20,ARIMA
2025-12-05,61.39,61.3877,VNM,80_20,ARIMA
2025-12-08,61.49,61.3884,VNM,80_20,ARIMA
2025-12-09,60.52,61.5915,VNM,80_20,ARIMA
2025-12-10,61.1,60.6724,VNM,80_20,ARIMA
2025-12-11,59.55,61.0226,VNM,80_20,ARIMA
2025-12-12,58.29,59.7015,VNM,80_20,ARIMA
2025-12-15,60.03,58.3717,VNM,80_20,ARIMA
2025-12-16,62.16,59.9298,VNM,80_20,ARIMA
2025-12-17,60.91,62.3053,VNM,80_20,ARIMA
2025-12-18,61.87,61.0067,VNM,80_20,ARIMA
2025-12-19,61.97,61.4961,VNM,80_20,ARIMA
2025-12-22,61.2,61.8917,VNM,80_20,ARIMA
2025-12-23,60.62,61.3208,VNM,80_20,ARIMA
2025-12-24,59.55,60.5356,VNM,80_20,ARIMA
2025-12-25,59.36,59.6437,VNM,80_20,ARIMA
2025-12-26,59.55,59.4511,VNM,80_20,ARIMA
2025-12-29,60.13,59.6419,VNM,80_20,ARIMA
2025-12-30,59.84,60.2019,VNM,80_20,ARIMA
2025-12-31,59.26,59.8631,VNM,80_20,ARIMA
2026-01-05,58.39,59.2332,VNM,80_20,ARIMA
2026-01-06,58.87,58.3941,VNM,80_20,ARIMA
2026-01-07,58.97,58.8918,VNM,80_20,ARIMA
2026-01-08,60.23,59.074,VNM,80_20,ARIMA
2026-01-09,59.07,60.2045,VNM,80_20,ARIMA
2026-01-12,60.71,59.1035,VNM,80_20,ARIMA
2026-01-13,61.29,60.5109,VNM,80_20,ARIMA
2026-01-14,65.55,61.2524,VNM,80_20,ARIMA
2026-01-15,68.75,65.3422,VNM,80_20,ARIMA
2026-01-16,67.39,68.5326,VNM,80_20,ARIMA
2026-01-19,68.36,67.2517,VNM,80_20,ARIMA
2026-01-20,71.07,67.7365,VNM,80_20,ARIMA
2026-01-21,68.07,70.866,VNM,80_20,ARIMA
2026-01-22,68.65,68.3809,VNM,80_20,ARIMA
2026-01-23,65.07,68.3293,VNM,80_20,ARIMA
2026-01-26,66.72,65.2149,VNM,80_20,ARIMA
2026-01-27,65.55,66.778,VNM,80_20,ARIMA
2026-01-28,65.55,65.7852,VNM,80_20,ARIMA
2026-01-29,68.85,65.7196,VNM,80_20,ARIMA
2026-01-30,68.36,68.5335,VNM,80_20,ARIMA
2026-02-02,70.3,68.6088,VNM,80_20,ARIMA
2026-02-03,69.33,69.9827,VNM,80_20,ARIMA
2026-02-04,69.72,69.1827,VNM,80_20,ARIMA
2026-02-05,66.91,69.6539,VNM,80_20,ARIMA
2026-02-06,66.91,66.9702,VNM,80_20,ARIMA
2026-02-09,67.39,66.8951,VNM,80_20,ARIMA
2026-02-10,66.23,67.4755,VNM,80_20,ARIMA
2026-02-11,66.91,66.5678,VNM,80_20,ARIMA
2026-02-12,66.81,66.7729,VNM,80_20,ARIMA
2026-02-13,67.3,66.8594,VNM,80_20,ARIMA
2026-02-23,68.36,67.3382,VNM,80_20,ARIMA
2026-02-24,67.97,68.2451,VNM,80_20,ARIMA
2026-02-25,70.01,68.0196,VNM,80_20,ARIMA
2026-02-26,68.36,69.7713,VNM,80_20,ARIMA
2026-02-27,66.04,68.4665,VNM,80_20,ARIMA
2026-03-02,64.49,66.0621,VNM,80_20,ARIMA
2026-03-03,61.39,64.4018,VNM,80_20,ARIMA
2026-03-04,62.84,61.8027,VNM,80_20,ARIMA
2026-03-05,61.2,62.9265,VNM,80_20,ARIMA
2026-03-06,60.42,61.6293,VNM,80_20,ARIMA
2026-03-09,56.26,60.5845,VNM,80_20,ARIMA
2026-03-10,60.13,56.3485,VNM,80_20,ARIMA
2026-03-11,61.0,59.912,VNM,80_20,ARIMA
2026-03-12,59.65,61.3787,VNM,80_20,ARIMA
2026-03-13,61.1,59.8822,VNM,80_20,ARIMA
2026-03-16,59.84,60.5274,VNM,80_20,ARIMA
2026-03-17,59.55,60.0322,VNM,80_20,ARIMA
2026-03-18,59.74,59.5779,VNM,80_20,ARIMA
2026-03-19,59.07,59.636,VNM,80_20,ARIMA
2026-03-20,58.1,59.2661,VNM,80_20,ARIMA
2026-03-23,58.87,58.1332,VNM,80_20,ARIMA
2026-03-24,59.26,58.7995,VNM,80_20,ARIMA
2026-03-25,60.13,59.372,VNM,80_20,ARIMA
2026-03-26,59.07,60.1239,VNM,80_20,ARIMA
2026-03-27,59.55,59.068,VNM,80_20,ARIMA
2026-03-30,58.68,59.4147,VNM,80_20,ARIMA
2026-03-31,58.58,58.7388,VNM,80_20,ARIMA
2026-04-01,59.36,58.6333,VNM,80_20,ARIMA
2026-04-02,58.87,59.2944,VNM,80_20,ARIMA
2026-04-03,58.1,59.0167,VNM,80_20,ARIMA
2026-04-06,58.97,58.0879,VNM,80_20,ARIMA
2026-04-07,59.07,58.8433,VNM,80_20,ARIMA
2026-04-08,60.62,59.1861,VNM,80_20,ARIMA
2026-04-09,59.84,60.5387,VNM,80_20,ARIMA
2026-04-10,60.81,59.8547,VNM,80_20,ARIMA
2026-04-13,60.81,60.6426,VNM,80_20,ARIMA
2026-04-14,60.03,60.7546,VNM,80_20,ARIMA
2026-04-15,59.36,60.1206,VNM,80_20,ARIMA
2026-04-16,59.16,59.2812,VNM,80_20,ARIMA
2026-04-17,59.36,59.2023,VNM,80_20,ARIMA
2026-04-20,59.55,59.4413,VNM,80_20,ARIMA
2026-04-21,59.65,59.6019,VNM,80_20,ARIMA
2026-04-22,59.84,59.6479,VNM,80_20,ARIMA
2026-04-23,60.03,59.8016,VNM,80_20,ARIMA
2026-04-24,59.45,60.0059,VNM,80_20,ARIMA
2026-04-28,59.26,59.4786,VNM,80_20,ARIMA
2026-04-29,58.97,59.2266,VNM,80_20,ARIMA
2026-05-04,58.97,58.9981,VNM,80_20,ARIMA
2026-05-05,59.16,59.0218,VNM,80_20,ARIMA
2026-05-06,59.55,59.1711,VNM,80_20,ARIMA
2026-05-07,59.55,59.5541,VNM,80_20,ARIMA
2026-05-08,58.97,59.5503,VNM,80_20,ARIMA
2026-05-11,58.68,58.9709,VNM,80_20,ARIMA
2026-05-12,58.19,58.6468,VNM,80_20,ARIMA
2026-05-13,57.42,58.2465,VNM,80_20,ARIMA
2026-05-14,58.19,57.5166,VNM,80_20,ARIMA
2026-05-15,57.9,58.1551,VNM,80_20,ARIMA
2026-05-18,58.58,58.0248,VNM,80_20,ARIMA
2026-05-19,57.9,58.5456,VNM,80_20,ARIMA
2026-05-20,57.23,57.9071,VNM,80_20,ARIMA
2026-05-21,57.13,57.249,VNM,80_20,ARIMA
2026-05-22,57.61,57.0846,VNM,80_20,ARIMA
2026-05-25,57.23,57.6785,VNM,80_20,ARIMA
2026-05-26,57.23,57.3256,VNM,80_20,ARIMA
2026-05-27,56.94,57.1907,VNM,80_20,ARIMA
2026-05-28,57.13,56.9359,VNM,80_20,ARIMA
2026-05-29,57.32,57.1465,VNM,80_20,ARIMA
2026-06-01,57.23,57.3245,VNM,80_20,ARIMA
2026-06-02,56.74,57.2577,VNM,80_20,ARIMA
2026-06-03,56.45,56.7382,VNM,80_20,ARIMA
2026-06-04,56.74,56.442,VNM,80_20,ARIMA
2026-06-05,56.55,56.7468,VNM,80_20,ARIMA
2026-06-08,56.16,56.6288,VNM,80_20,ARIMA
2026-06-09,56.45,56.1813,VNM,80_20,ARIMA
2026-06-10,57.03,56.3982,VNM,80_20,ARIMA
2026-06-11,57.32,57.0435,VNM,80_20,ARIMA
2026-06-12,57.13,57.3378,VNM,80_20,ARIMA
2026-06-15,57.81,57.092,VNM,80_20,ARIMA
2026-06-16,57.23,57.6984,VNM,80_20,ARIMA
2026-06-17,57.13,57.2849,VNM,80_20,ARIMA
2026-06-18,57.32,57.1005,VNM,80_20,ARIMA
2026-06-19,57.13,57.2733,VNM,80_20,ARIMA
2026-06-22,56.74,57.2134,VNM,80_20,ARIMA
2026-06-23,56.55,56.7494,VNM,80_20,ARIMA
2026-06-24,56.45,56.5406,VNM,80_20,ARIMA
2026-06-25,56.45,56.4888,VNM,80_20,ARIMA
2026-06-26,56.3,56.4872,VNM,80_20,ARIMA
2026-06-29,56.1,56.3259,VNM,80_20,ARIMA
2026-06-30,54.8,56.1136,VNM,80_20,ARIMA
2026-07-01,55.2,54.8831,VNM,80_20,ARIMA
2026-07-02,55.5,55.1506,VNM,80_20,ARIMA
2026-07-03,54.9,55.5775,VNM,80_20,ARIMA
2026-07-06,55.3,55.0374,VNM,80_20,ARIMA
2026-07-07,55.1,55.1852,VNM,80_20,ARIMA
2026-07-08,55.7,55.1378,VNM,80_20,ARIMA
2026-07-09,55.7,55.6888,VNM,80_20,ARIMA
2026-07-10,56.6,55.6892,VNM,80_20,ARIMA
2026-07-13,55.4,56.533,VNM,80_20,ARIMA
2026-07-14,56.0,55.4571,VNM,80_20,ARIMA
2026-07-15,56.2,55.8782,VNM,80_20,ARIMA
2026-07-16,56.2,56.1939,VNM,80_20,ARIMA
2026-07-17,59.0,56.2904,VNM,80_20,ARIMA
2026-07-20,58.5,58.7359,VNM,80_20,ARIMA
2026-07-21,58.4,58.6265,VNM,80_20,ARIMA
2026-07-22,59.1,58.2484,VNM,80_20,ARIMA
2026-07-23,57.8,58.8314,VNM,80_20,ARIMA
2026-07-24,58.9,58.0018,VNM,80_20,ARIMA
2026-07-27,57.9,58.7449,VNM,80_20,ARIMA
2026-07-28,59.6,58.0095,VNM,80_20,ARIMA
2026-07-29,60.0,59.5158,VNM,80_20,ARIMA
2026-07-30,61.2,59.9688,VNM,80_20,ARIMA
2026-07-31,60.9,61.1521,VNM,80_20,ARIMA
2026-08-03,60.3,60.7813,VNM,80_20,ARIMA
2026-08-04,59.5,60.2583,VNM,80_20,ARIMA
2026-08-05,58.6,59.4463,VNM,80_20,ARIMA
2026-08-06,59.0,58.7051,VNM,80_20,ARIMA
2026-08-07,62.0,59.0291,VNM,80_20,ARIMA
2026-08-10,62.1,61.9262,VNM,80_20,ARIMA
2026-08-11,62.0,62.253,VNM,80_20,ARIMA
2026-08-12,61.8,61.7996,VNM,80_20,ARIMA
2026-08-13,61.6,61.5394,VNM,80_20,ARIMA
2026-08-14,61.6,61.6456,VNM,80_20,ARIMA
2026-08-17,62.2,61.6139,VNM,80_20,ARIMA
2026-08-18,62.1,62.1874,VNM,80_20,ARIMA
2026-08-19,63.1,62.1438,VNM,80_20,ARIMA
2026-08-20,64.0,62.9944,VNM,80_20,ARIMA
2026-08-21,63.8,63.9286,VNM,80_20,ARIMA
2026-08-24,63.2,63.8103,VNM,80_20,ARIMA
2026-08-25,62.6,63.0922,VNM,80_20,ARIMA
2026-08-26,62.8,62.561,VNM,80_20,ARIMA
2026-08-27,62.5,62.8283,VNM,80_20,ARIMA
2026-08-28,62.3,62.6111,VNM,80_20,ARIMA
2026-09-03,61.2,62.3372,VNM,80_20,ARIMA
2026-09-04,61.9,61.2547,VNM,80_20,ARIMA
2026-09-07,60.7,61.8539,VNM,80_20,ARIMA
2026-09-08,61.0,60.8792,VNM,80_20,ARIMA
2026-09-09,61.3,60.9932,VNM,80_20,ARIMA
2026-09-10,61.6,61.2776,VNM,80_20,ARIMA
2026-09-11,59.9,61.6923,VNM,80_20,ARIMA
2026-09-14,59.3,59.9662,VNM,80_20,ARIMA
2026-09-15,59.7,59.2385,VNM,80_20,ARIMA
2026-09-16,59.6,59.7218,VNM,80_20,ARIMA
2026-09-17,60.2,59.8086,VNM,80_20,ARIMA
