date,actual,predicted,ticker,split,model
2024-05-31,57.43,58.3595,VCB,70_30,GRU
2024-06-03,58.09,57.4548,VCB,70_30,GRU
2024-06-04,58.42,58.1567,VCB,70_30,GRU
2024-06-05,58.48,58.45,VCB,70_30,GRU
2024-06-06,58.61,58.4833,VCB,70_30,GRU
2024-06-07,58.28,58.6109,VCB,70_30,GRU
2024-06-10,57.95,58.2757,VCB,70_30,GRU
2024-06-11,57.43,57.9598,VCB,70_30,GRU
2024-06-12,58.42,57.4466,VCB,70_30,GRU
2024-06-13,58.22,58.4699,VCB,70_30,GRU
2024-06-14,57.63,58.2199,VCB,70_30,GRU
2024-06-17,57.36,57.6242,VCB,70_30,GRU
2024-06-18,57.36,57.3768,VCB,70_30,GRU
2024-06-19,57.03,57.3878,VCB,70_30,GRU
2024-06-20,56.64,57.0489,VCB,70_30,GRU
2024-06-21,56.64,56.6586,VCB,70_30,GRU
2024-06-24,56.31,56.6685,VCB,70_30,GRU
2024-06-25,56.31,56.3276,VCB,70_30,GRU
2024-06-26,56.11,56.3346,VCB,70_30,GRU
2024-06-27,56.11,56.1263,VCB,70_30,GRU
2024-06-28,56.11,56.1293,VCB,70_30,GRU
2024-07-01,56.7,56.1262,VCB,70_30,GRU
2024-07-02,58.09,56.7216,VCB,70_30,GRU
2024-07-03,58.28,58.1064,VCB,70_30,GRU
2024-07-04,57.95,58.2466,VCB,70_30,GRU
2024-07-05,57.95,57.9166,VCB,70_30,GRU
2024-07-08,57.43,57.9473,VCB,70_30,GRU
2024-07-09,58.02,57.4324,VCB,70_30,GRU
2024-07-10,58.35,58.056,VCB,70_30,GRU
2024-07-11,58.02,58.3633,VCB,70_30,GRU
2024-07-12,57.69,58.0119,VCB,70_30,GRU
2024-07-15,57.63,57.6932,VCB,70_30,GRU
2024-07-16,57.89,57.649,VCB,70_30,GRU
2024-07-17,57.95,57.9155,VCB,70_30,GRU
2024-07-18,57.95,57.9617,VCB,70_30,GRU
2024-07-19,57.63,57.9562,VCB,70_30,GRU
2024-07-22,57.76,57.6326,VCB,70_30,GRU
2024-07-23,57.63,57.7792,VCB,70_30,GRU
2024-07-24,57.63,57.6423,VCB,70_30,GRU
2024-07-25,57.49,57.6451,VCB,70_30,GRU
2024-07-26,57.49,57.5015,VCB,70_30,GRU
2024-07-29,57.49,57.5054,VCB,70_30,GRU
2024-07-30,57.63,57.5044,VCB,70_30,GRU
2024-07-31,58.74,57.6446,VCB,70_30,GRU
2024-08-01,59.73,58.7643,VCB,70_30,GRU
2024-08-02,58.42,59.7234,VCB,70_30,GRU
2024-08-05,57.23,58.3674,VCB,70_30,GRU
2024-08-06,57.49,57.2231,VCB,70_30,GRU
2024-08-07,57.76,57.5462,VCB,70_30,GRU
2024-08-08,57.49,57.8033,VCB,70_30,GRU
2024-08-09,57.76,57.5033,VCB,70_30,GRU
2024-08-12,57.82,57.778,VCB,70_30,GRU
2024-08-13,58.94,57.8267,VCB,70_30,GRU
2024-08-14,57.95,58.962,VCB,70_30,GRU
2024-08-15,57.69,57.9185,VCB,70_30,GRU
2024-08-16,58.02,57.6968,VCB,70_30,GRU
2024-08-19,58.48,58.0501,VCB,70_30,GRU
2024-08-20,59.8,58.5008,VCB,70_30,GRU
2024-08-21,61.12,59.8185,VCB,70_30,GRU
2024-08-22,60.85,61.1024,VCB,70_30,GRU
2024-08-23,60.85,60.7919,VCB,70_30,GRU
2024-08-26,60.59,60.8242,VCB,70_30,GRU
2024-08-27,60.26,60.5832,VCB,70_30,GRU
2024-08-28,60.0,60.2705,VCB,70_30,GRU
2024-08-29,60.26,60.0223,VCB,70_30,GRU
2024-08-30,60.39,60.2917,VCB,70_30,GRU
2024-09-04,59.93,60.4071,VCB,70_30,GRU
2024-09-05,59.34,59.9306,VCB,70_30,GRU
2024-09-06,59.4,59.3497,VCB,70_30,GRU
2024-09-09,59.4,59.434,VCB,70_30,GRU
2024-09-10,58.61,59.4266,VCB,70_30,GRU
2024-09-11,58.22,58.617,VCB,70_30,GRU
2024-09-12,58.94,58.2465,VCB,70_30,GRU
2024-09-13,59.21,58.9885,VCB,70_30,GRU
2024-09-16,58.55,59.2241,VCB,70_30,GRU
2024-09-17,59.6,58.5382,VCB,70_30,GRU
2024-09-18,59.93,59.6317,VCB,70_30,GRU
2024-09-19,60.26,59.9273,VCB,70_30,GRU
2024-09-20,59.67,60.2516,VCB,70_30,GRU
2024-09-23,59.86,59.6496,VCB,70_30,GRU
2024-09-24,60.06,59.874,VCB,70_30,GRU
2024-09-25,61.12,60.0768,VCB,70_30,GRU
2024-09-26,60.92,61.1429,VCB,70_30,GRU
2024-09-27,60.92,60.8991,VCB,70_30,GRU
2024-09-30,60.59,60.9114,VCB,70_30,GRU
2024-10-01,60.59,60.5884,VCB,70_30,GRU
2024-10-02,61.05,60.6074,VCB,70_30,GRU
2024-10-03,60.98,61.0761,VCB,70_30,GRU
2024-10-04,60.79,60.9829,VCB,70_30,GRU
2024-10-07,60.59,60.7925,VCB,70_30,GRU
2024-10-08,60.26,60.5998,VCB,70_30,GRU
2024-10-09,59.93,60.2744,VCB,70_30,GRU
2024-10-10,60.52,59.9513,VCB,70_30,GRU
2024-10-11,60.26,60.5588,VCB,70_30,GRU
2024-10-14,60.19,60.2647,VCB,70_30,GRU
2024-10-15,60.19,60.1996,VCB,70_30,GRU
2024-10-16,60.26,60.2034,VCB,70_30,GRU
2024-10-17,60.72,60.2743,VCB,70_30,GRU
2024-10-18,60.85,60.7383,VCB,70_30,GRU
2024-10-21,60.59,60.8508,VCB,70_30,GRU
2024-10-22,60.19,60.5845,VCB,70_30,GRU
2024-10-23,60.26,60.1942,VCB,70_30,GRU
2024-10-24,60.39,60.2846,VCB,70_30,GRU
2024-10-25,60.46,60.4123,VCB,70_30,GRU
2024-10-28,60.59,60.4733,VCB,70_30,GRU
2024-10-29,60.59,60.5998,VCB,70_30,GRU
2024-10-30,60.39,60.5951,VCB,70_30,GRU
2024-10-31,61.64,60.3947,VCB,70_30,GRU
2024-11-01,61.58,61.6737,VCB,70_30,GRU
2024-11-04,60.92,61.5637,VCB,70_30,GRU
2024-11-05,60.98,60.9005,VCB,70_30,GRU
2024-11-06,61.18,60.997,VCB,70_30,GRU
2024-11-07,61.38,61.202,VCB,70_30,GRU
2024-11-08,60.72,61.3959,VCB,70_30,GRU
2024-11-11,60.59,60.7155,VCB,70_30,GRU
2024-11-12,60.52,60.6095,VCB,70_30,GRU
2024-11-13,60.92,60.5443,VCB,70_30,GRU
2024-11-14,60.59,60.9484,VCB,70_30,GRU
2024-11-15,60.39,60.5927,VCB,70_30,GRU
2024-11-18,59.93,60.3998,VCB,70_30,GRU
2024-11-19,59.27,59.9424,VCB,70_30,GRU
2024-11-20,59.47,59.2889,VCB,70_30,GRU
2024-11-21,59.6,59.5141,VCB,70_30,GRU
2024-11-22,59.67,59.628,VCB,70_30,GRU
2024-11-25,60.13,59.6841,VCB,70_30,GRU
2024-11-26,60.85,60.144,VCB,70_30,GRU
2024-11-27,61.05,60.8562,VCB,70_30,GRU
2024-11-28,60.98,61.0354,VCB,70_30,GRU
2024-11-29,61.44,60.9653,VCB,70_30,GRU
2024-12-02,62.04,61.4457,VCB,70_30,GRU
2024-12-03,61.25,62.0447,VCB,70_30,GRU
2024-12-04,61.58,61.2272,VCB,70_30,GRU
2024-12-05,61.91,61.5991,VCB,70_30,GRU
2024-12-06,62.04,61.926,VCB,70_30,GRU
2024-12-09,62.76,62.0446,VCB,70_30,GRU
2024-12-10,62.24,62.7715,VCB,70_30,GRU
2024-12-11,61.44,62.2197,VCB,70_30,GRU
2024-12-12,61.58,61.4357,VCB,70_30,GRU
2024-12-13,61.31,61.6161,VCB,70_30,GRU
2024-12-16,61.31,61.3334,VCB,70_30,GRU
2024-12-17,61.25,61.3364,VCB,70_30,GRU
2024-12-18,61.31,61.2681,VCB,70_30,GRU
2024-12-19,60.85,61.3265,VCB,70_30,GRU
2024-12-20,60.92,60.856,VCB,70_30,GRU
2024-12-23,60.85,60.9436,VCB,70_30,GRU
2024-12-24,60.65,60.868,VCB,70_30,GRU
2024-12-25,60.85,60.6638,VCB,70_30,GRU
2024-12-26,60.65,60.8721,VCB,70_30,GRU
2024-12-27,60.72,60.6584,VCB,70_30,GRU
2024-12-30,60.59,60.7359,VCB,70_30,GRU
2024-12-31,60.06,60.6007,VCB,70_30,GRU
2025-01-02,60.52,60.067,VCB,70_30,GRU
2025-01-03,60.59,60.5546,VCB,70_30,GRU
2025-01-06,61.18,60.6033,VCB,70_30,GRU
2025-01-07,60.79,61.1951,VCB,70_30,GRU
2025-01-08,60.85,60.7775,VCB,70_30,GRU
2025-01-09,60.52,60.8572,VCB,70_30,GRU
2025-01-10,60.19,60.5266,VCB,70_30,GRU
2025-01-13,60.52,60.2054,VCB,70_30,GRU
2025-01-14,60.39,60.5526,VCB,70_30,GRU
2025-01-15,60.19,60.4018,VCB,70_30,GRU
2025-01-16,61.05,60.2,VCB,70_30,GRU
2025-01-17,60.92,61.0798,VCB,70_30,GRU
2025-01-20,60.39,60.9128,VCB,70_30,GRU
2025-01-21,60.19,60.3823,VCB,70_30,GRU
2025-01-22,60.06,60.2056,VCB,70_30,GRU
2025-01-23,60.92,60.0832,VCB,70_30,GRU
2025-01-24,60.98,60.9585,VCB,70_30,GRU
2025-02-03,60.33,60.9783,VCB,70_30,GRU
2025-02-04,60.59,60.3157,VCB,70_30,GRU
2025-02-05,60.98,60.6114,VCB,70_30,GRU
2025-02-06,61.18,60.9999,VCB,70_30,GRU
2025-02-07,61.25,61.1862,VCB,70_30,GRU
2025-02-10,60.72,61.2493,VCB,70_30,GRU
2025-02-11,60.52,60.7131,VCB,70_30,GRU
2025-02-12,60.26,60.5365,VCB,70_30,GRU
2025-02-13,60.33,60.282,VCB,70_30,GRU
2025-02-14,60.33,60.3587,VCB,70_30,GRU
2025-02-17,60.33,60.3496,VCB,70_30,GRU
2025-02-18,60.33,60.3438,VCB,70_30,GRU
2025-02-19,60.39,60.3418,VCB,70_30,GRU
2025-02-20,60.39,60.4021,VCB,70_30,GRU
2025-02-21,61.31,60.4,VCB,70_30,GRU
2025-02-24,61.58,61.3338,VCB,70_30,GRU
2025-02-25,60.98,61.5718,VCB,70_30,GRU
2025-02-26,60.79,60.9578,VCB,70_30,GRU
2025-02-27,61.91,60.798,VCB,70_30,GRU
2025-02-28,61.44,61.949,VCB,70_30,GRU
2025-03-03,61.44,61.4275,VCB,70_30,GRU
2025-03-04,61.25,61.4445,VCB,70_30,GRU
2025-03-05,61.25,61.2569,VCB,70_30,GRU
2025-03-06,61.58,61.2667,VCB,70_30,GRU
2025-03-07,62.63,61.6025,VCB,70_30,GRU
2025-03-10,63.75,62.6507,VCB,70_30,GRU
2025-03-11,63.75,63.7442,VCB,70_30,GRU
2025-03-12,65.67,63.7087,VCB,70_30,GRU
2025-03-13,64.49,65.6713,VCB,70_30,GRU
2025-03-14,64.98,64.4257,VCB,70_30,GRU
2025-03-17,66.26,64.984,VCB,70_30,GRU
2025-03-18,65.77,66.2806,VCB,70_30,GRU
2025-03-19,65.47,65.739,VCB,70_30,GRU
2025-03-20,65.77,65.4631,VCB,70_30,GRU
2025-03-21,64.98,65.7881,VCB,70_30,GRU
2025-03-24,65.47,64.9801,VCB,70_30,GRU
2025-03-25,65.18,65.5089,VCB,70_30,GRU
2025-03-26,64.78,65.1905,VCB,70_30,GRU
2025-03-27,64.49,64.7909,VCB,70_30,GRU
2025-03-28,63.8,64.5117,VCB,70_30,GRU
2025-03-31,63.01,63.8185,VCB,70_30,GRU
2025-04-01,63.5,63.0385,VCB,70_30,GRU
2025-04-02,63.8,63.5591,VCB,70_30,GRU
2025-04-03,59.37,63.8297,VCB,70_30,GRU
2025-04-04,59.07,59.3198,VCB,70_30,GRU
2025-04-08,54.94,59.1781,VCB,70_30,GRU
2025-04-09,51.69,54.9707,VCB,70_30,GRU
2025-04-10,55.23,51.7798,VCB,70_30,GRU
2025-04-11,58.88,55.5198,VCB,70_30,GRU
2025-04-14,58.38,58.9727,VCB,70_30,GRU
2025-04-15,59.07,58.2749,VCB,70_30,GRU
2025-04-16,58.38,58.994,VCB,70_30,GRU
2025-04-17,57.2,58.319,VCB,70_30,GRU
2025-04-18,57.2,57.1861,VCB,70_30,GRU
2025-04-21,57.3,57.249,VCB,70_30,GRU
2025-04-22,57.6,57.3415,VCB,70_30,GRU
2025-04-23,57.1,57.6287,VCB,70_30,GRU
2025-04-24,57.3,57.0993,VCB,70_30,GRU
2025-04-25,56.61,57.319,VCB,70_30,GRU
2025-04-28,56.61,56.6128,VCB,70_30,GRU
2025-04-29,56.42,56.6381,VCB,70_30,GRU
2025-05-05,56.22,56.442,VCB,70_30,GRU
2025-05-06,56.12,56.2392,VCB,70_30,GRU
2025-05-07,56.12,56.141,VCB,70_30,GRU
2025-05-08,56.22,56.1395,VCB,70_30,GRU
2025-05-09,55.73,56.2373,VCB,70_30,GRU
2025-05-12,55.73,55.7332,VCB,70_30,GRU
2025-05-13,55.92,55.7512,VCB,70_30,GRU
2025-05-14,57.79,55.9425,VCB,70_30,GRU
2025-05-15,57.79,57.829,VCB,70_30,GRU
2025-05-16,56.61,57.7531,VCB,70_30,GRU
2025-05-19,56.12,56.5654,VCB,70_30,GRU
2025-05-20,56.22,56.131,VCB,70_30,GRU
2025-05-21,56.22,56.2605,VCB,70_30,GRU
2025-05-22,56.02,56.2513,VCB,70_30,GRU
2025-05-23,55.92,56.0359,VCB,70_30,GRU
2025-05-26,56.12,55.9351,VCB,70_30,GRU
2025-05-27,55.92,56.1399,VCB,70_30,GRU
2025-05-28,55.92,55.9272,VCB,70_30,GRU
2025-05-29,55.82,55.9334,VCB,70_30,GRU
2025-05-30,55.53,55.8316,VCB,70_30,GRU
2025-06-02,55.33,55.5403,VCB,70_30,GRU
2025-06-03,55.92,55.3477,VCB,70_30,GRU
2025-06-04,55.73,55.9517,VCB,70_30,GRU
2025-06-05,55.43,55.7312,VCB,70_30,GRU
2025-06-06,55.23,55.4322,VCB,70_30,GRU
2025-06-09,55.04,55.2433,VCB,70_30,GRU
2025-06-10,55.04,55.0585,VCB,70_30,GRU
2025-06-11,54.84,55.0635,VCB,70_30,GRU
2025-06-12,55.14,54.855,VCB,70_30,GRU
2025-06-13,55.33,55.1629,VCB,70_30,GRU
2025-06-16,55.73,55.3407,VCB,70_30,GRU
2025-06-17,56.32,55.7374,VCB,70_30,GRU
2025-06-18,55.82,56.3223,VCB,70_30,GRU
2025-06-19,55.73,55.7981,VCB,70_30,GRU
2025-06-20,56.22,55.7343,VCB,70_30,GRU
2025-06-23,55.73,56.2422,VCB,70_30,GRU
2025-06-24,55.73,55.7267,VCB,70_30,GRU
2025-06-25,55.73,55.7457,VCB,70_30,GRU
2025-06-26,55.53,55.7457,VCB,70_30,GRU
2025-06-27,55.82,55.541,VCB,70_30,GRU
2025-06-30,56.12,55.842,VCB,70_30,GRU
2025-07-01,57.3,56.1319,VCB,70_30,GRU
2025-07-02,57.1,57.3161,VCB,70_30,GRU
2025-07-03,57.01,57.0707,VCB,70_30,GRU
2025-07-04,57.5,56.9955,VCB,70_30,GRU
2025-07-07,57.7,57.5097,VCB,70_30,GRU
2025-07-08,58.09,57.7004,VCB,70_30,GRU
2025-07-09,60.55,58.093,VCB,70_30,GRU
2025-07-10,60.45,60.5768,VCB,70_30,GRU
2025-07-11,61.73,60.3877,VCB,70_30,GRU
2025-07-14,61.44,61.7028,VCB,70_30,GRU
2025-07-15,60.45,61.3889,VCB,70_30,GRU
2025-07-16,60.85,60.4197,VCB,70_30,GRU
2025-07-17,61.24,60.8847,VCB,70_30,GRU
2025-07-18,60.94,61.2655,VCB,70_30,GRU
2025-07-21,60.35,60.9415,VCB,70_30,GRU
2025-07-22,61.24,60.352,VCB,70_30,GRU
2025-07-23,61.14,61.2804,VCB,70_30,GRU
2025-07-24,61.14,61.1422,VCB,70_30,GRU
2025-07-25,61.04,61.1432,VCB,70_30,GRU
2025-07-28,61.83,61.0447,VCB,70_30,GRU
2025-07-29,60.06,61.853,VCB,70_30,GRU
2025-07-30,59.96,60.0322,VCB,70_30,GRU
2025-07-31,59.27,59.9988,VCB,70_30,GRU
2025-08-01,59.27,59.3009,VCB,70_30,GRU
2025-08-04,60.16,59.3161,VCB,70_30,GRU
2025-08-05,60.55,60.208,VCB,70_30,GRU
2025-08-06,61.34,60.5527,VCB,70_30,GRU
2025-08-07,60.75,61.3366,VCB,70_30,GRU
2025-08-08,60.94,60.7168,VCB,70_30,GRU
2025-08-11,61.53,60.9445,VCB,70_30,GRU
2025-08-12,62.03,61.5471,VCB,70_30,GRU
2025-08-13,61.53,62.033,VCB,70_30,GRU
2025-08-14,64.19,61.5109,VCB,70_30,GRU
2025-08-15,63.31,64.2371,VCB,70_30,GRU
2025-08-18,63.5,63.2505,VCB,70_30,GRU
2025-08-19,63.21,63.4839,VCB,70_30,GRU
2025-08-20,62.03,63.2027,VCB,70_30,GRU
2025-08-21,63.21,62.0261,VCB,70_30,GRU
2025-08-22,63.6,63.2789,VCB,70_30,GRU
2025-08-25,62.62,63.6152,VCB,70_30,GRU
2025-08-26,63.6,62.5989,VCB,70_30,GRU
2025-08-27,68.03,63.635,VCB,70_30,GRU
2025-08-28,67.93,68.0932,VCB,70_30,GRU
2025-08-29,67.54,67.8236,VCB,70_30,GRU
2025-09-03,65.97,67.4506,VCB,70_30,GRU
2025-09-04,67.84,65.9198,VCB,70_30,GRU
2025-09-05,66.46,67.9117,VCB,70_30,GRU
2025-09-08,64.29,66.4466,VCB,70_30,GRU
2025-09-09,63.9,64.2837,VCB,70_30,GRU
2025-09-10,64.78,63.9726,VCB,70_30,GRU
2025-09-11,64.69,64.8684,VCB,70_30,GRU
2025-09-12,64.78,64.7168,VCB,70_30,GRU
2025-09-15,64.78,64.7903,VCB,70_30,GRU
2025-09-16,64.59,64.7837,VCB,70_30,GRU
2025-09-17,63.8,64.595,VCB,70_30,GRU
2025-09-18,62.91,63.805,VCB,70_30,GRU
2025-09-19,62.03,62.9316,VCB,70_30,GRU
2025-09-22,61.04,62.0682,VCB,70_30,GRU
2025-09-23,61.24,61.085,VCB,70_30,GRU
2025-09-24,61.73,61.311,VCB,70_30,GRU
2025-09-25,62.03,61.7784,VCB,70_30,GRU
2025-09-26,62.03,62.0442,VCB,70_30,GRU
2025-09-29,61.63,62.0259,VCB,70_30,GRU
2025-09-30,61.04,61.6238,VCB,70_30,GRU
2025-10-01,61.44,61.0477,VCB,70_30,GRU
2025-10-02,61.14,61.4797,VCB,70_30,GRU
2025-10-03,61.19,61.1541,VCB,70_30,GRU
2025-10-06,63.47,61.2097,VCB,70_30,GRU
2025-10-07,63.17,63.5195,VCB,70_30,GRU
2025-10-08,64.06,63.1235,VCB,70_30,GRU
2025-10-09,63.27,64.0438,VCB,70_30,GRU
2025-10-10,63.67,63.2305,VCB,70_30,GRU
2025-10-13,62.58,63.6823,VCB,70_30,GRU
2025-10-14,62.58,62.5747,VCB,70_30,GRU
2025-10-15,61.98,62.6156,VCB,70_30,GRU
2025-10-16,62.38,62.0041,VCB,70_30,GRU
2025-10-17,61.39,62.4233,VCB,70_30,GRU
2025-10-20,58.91,61.3947,VCB,70_30,GRU
2025-10-21,58.81,58.9071,VCB,70_30,GRU
2025-10-22,59.11,58.8998,VCB,70_30,GRU
2025-10-23,59.3,59.1889,VCB,70_30,GRU
2025-10-24,59.01,59.3396,VCB,70_30,GRU
2025-10-27,58.71,59.0169,VCB,70_30,GRU
2025-10-28,59.5,58.7173,VCB,70_30,GRU
2025-10-29,60.2,59.5335,VCB,70_30,GRU
2025-10-30,60.1,60.2101,VCB,70_30,GRU
2025-10-31,59.11,60.0808,VCB,70_30,GRU
2025-11-03,58.81,59.0886,VCB,70_30,GRU
2025-11-04,59.6,58.8324,VCB,70_30,GRU
2025-11-05,60.3,59.6499,VCB,70_30,GRU
2025-11-06,59.8,60.3193,VCB,70_30,GRU
2025-11-07,58.81,59.7786,VCB,70_30,GRU
2025-11-10,58.31,58.7979,VCB,70_30,GRU
2025-11-11,58.41,58.3373,VCB,70_30,GRU
2025-11-12,59.01,58.4582,VCB,70_30,GRU
2025-11-13,59.3,59.0514,VCB,70_30,GRU
2025-11-14,59.5,59.308,VCB,70_30,GRU
2025-11-17,59.7,59.4952,VCB,70_30,GRU
2025-11-18,59.4,59.6959,VCB,70_30,GRU
2025-11-19,58.91,59.3924,VCB,70_30,GRU
2025-11-20,58.91,58.9142,VCB,70_30,GRU
2025-11-21,58.51,58.9366,VCB,70_30,GRU
2025-11-24,58.31,58.5279,VCB,70_30,GRU
2025-11-25,57.72,58.3347,VCB,70_30,GRU
2025-11-26,57.62,57.7375,VCB,70_30,GRU
2025-11-27,57.42,57.6527,VCB,70_30,GRU
2025-11-28,56.92,57.4465,VCB,70_30,GRU
2025-12-01,57.02,56.9378,VCB,70_30,GRU
2025-12-02,57.12,57.0526,VCB,70_30,GRU
2025-12-03,58.41,57.1429,VCB,70_30,GRU
2025-12-04,58.41,58.4419,VCB,70_30,GRU
2025-12-05,57.82,58.3882,VCB,70_30,GRU
2025-12-08,57.42,57.795,VCB,70_30,GRU
2025-12-09,57.52,57.425,VCB,70_30,GRU
2025-12-10,57.72,57.5491,VCB,70_30,GRU
2025-12-11,57.12,57.7463,VCB,70_30,GRU
2025-12-12,56.33,57.1223,VCB,70_30,GRU
2025-12-15,56.33,56.3404,VCB,70_30,GRU
2025-12-16,56.43,56.3703,VCB,70_30,GRU
2025-12-17,56.23,56.4644,VCB,70_30,GRU
2025-12-18,56.33,56.2465,VCB,70_30,GRU
2025-12-19,57.02,56.3483,VCB,70_30,GRU
2025-12-22,57.32,57.0414,VCB,70_30,GRU
2025-12-23,56.73,57.3175,VCB,70_30,GRU
2025-12-24,56.53,56.7111,VCB,70_30,GRU
2025-12-25,56.63,56.5383,VCB,70_30,GRU
2025-12-26,56.63,56.6532,VCB,70_30,GRU
2025-12-29,56.63,56.6477,VCB,70_30,GRU
2025-12-30,56.82,56.6434,VCB,70_30,GRU
2025-12-31,57.02,56.8333,VCB,70_30,GRU
2026-01-05,56.63,57.0285,VCB,70_30,GRU
2026-01-06,56.82,56.6266,VCB,70_30,GRU
2026-01-07,59.11,56.8371,VCB,70_30,GRU
2026-01-08,63.17,59.1558,VCB,70_30,GRU
2026-01-09,67.44,63.1717,VCB,70_30,GRU
2026-01-12,72.1,67.3319,VCB,70_30,GRU
2026-01-13,73.39,71.9124,VCB,70_30,GRU
2026-01-14,75.37,73.1447,VCB,70_30,GRU
2026-01-15,71.3,75.2005,VCB,70_30,GRU
2026-01-16,72.39,71.1381,VCB,70_30,GRU
2026-01-19,72.1,72.4495,VCB,70_30,GRU
2026-01-20,72.89,72.1365,VCB,70_30,GRU
2026-01-21,72.2,72.9333,VCB,70_30,GRU
2026-01-22,70.41,72.1937,VCB,70_30,GRU
2026-01-23,68.03,70.3977,VCB,70_30,GRU
2026-01-26,69.02,68.0555,VCB,70_30,GRU
2026-01-27,70.01,69.153,VCB,70_30,GRU
2026-01-28,69.02,70.0865,VCB,70_30,GRU
2026-01-29,69.22,69.008,VCB,70_30,GRU
2026-01-30,69.91,69.2383,VCB,70_30,GRU
2026-02-02,70.91,69.9334,VCB,70_30,GRU
2026-02-03,71.2,70.9223,VCB,70_30,GRU
2026-02-04,70.21,71.1798,VCB,70_30,GRU
2026-02-05,67.83,70.1745,VCB,70_30,GRU
2026-02-06,64.56,67.814,VCB,70_30,GRU
2026-02-09,64.46,64.5889,VCB,70_30,GRU
2026-02-10,62.58,64.6101,VCB,70_30,GRU
2026-02-11,64.16,62.6576,VCB,70_30,GRU
2026-02-12,63.67,64.2965,VCB,70_30,GRU
2026-02-13,63.87,63.6893,VCB,70_30,GRU
2026-02-23,65.85,63.8845,VCB,70_30,GRU
2026-02-24,64.46,65.8859,VCB,70_30,GRU
2026-02-25,64.56,64.4031,VCB,70_30,GRU
2026-02-26,64.86,64.5669,VCB,70_30,GRU
2026-02-27,64.36,64.8793,VCB,70_30,GRU
2026-03-02,62.38,64.3619,VCB,70_30,GRU
2026-03-03,61.09,62.374,VCB,70_30,GRU
2026-03-04,62.48,61.1357,VCB,70_30,GRU
2026-03-05,61.98,62.5951,VCB,70_30,GRU
2026-03-06,61.09,62.0012,VCB,70_30,GRU
2026-03-09,56.82,61.0938,VCB,70_30,GRU
2026-03-10,59.9,56.7915,VCB,70_30,GRU
2026-03-11,59.9,60.1083,VCB,70_30,GRU
2026-03-12,59.3,59.9362,VCB,70_30,GRU
2026-03-13,58.51,59.2848,VCB,70_30,GRU
2026-03-16,58.31,58.5034,VCB,70_30,GRU
2026-03-17,60.0,58.3362,VCB,70_30,GRU
2026-03-18,60.0,60.0669,VCB,70_30,GRU
2026-03-19,59.3,59.9854,VCB,70_30,GRU
2026-03-20,57.52,59.2723,VCB,70_30,GRU
2026-03-23,57.12,57.5053,VCB,70_30,GRU
2026-03-24,57.72,57.1757,VCB,70_30,GRU
2026-03-25,57.92,57.7956,VCB,70_30,GRU
2026-03-26,57.42,57.9498,VCB,70_30,GRU
2026-03-27,58.31,57.418,VCB,70_30,GRU
2026-03-30,57.52,58.3377,VCB,70_30,GRU
2026-03-31,57.62,57.5045,VCB,70_30,GRU
2026-04-01,58.51,57.6382,VCB,70_30,GRU
2026-04-02,57.72,58.5402,VCB,70_30,GRU
2026-04-03,57.22,57.7017,VCB,70_30,GRU
2026-04-06,57.52,57.2268,VCB,70_30,GRU
2026-04-07,57.52,57.554,VCB,70_30,GRU
2026-04-08,59.7,57.5387,VCB,70_30,GRU
2026-04-09,58.91,59.7469,VCB,70_30,GRU
2026-04-10,59.3,58.8584,VCB,70_30,GRU
2026-04-13,58.71,59.2892,VCB,70_30,GRU
2026-04-14,58.81,58.695,VCB,70_30,GRU
2026-04-15,59.4,58.8281,VCB,70_30,GRU
2026-04-16,58.91,59.4287,VCB,70_30,GRU
2026-04-17,59.01,58.9029,VCB,70_30,GRU
2026-04-20,59.6,59.0239,VCB,70_30,GRU
2026-04-21,59.11,59.6205,VCB,70_30,GRU
2026-04-22,58.91,59.101,VCB,70_30,GRU
2026-04-23,62.28,58.9192,VCB,70_30,GRU
2026-04-24,60.1,62.3533,VCB,70_30,GRU
2026-04-28,59.3,60.0185,VCB,70_30,GRU
2026-04-29,59.3,59.2876,VCB,70_30,GRU
2026-05-04,60.2,59.3369,VCB,70_30,GRU
2026-05-05,59.4,60.2491,VCB,70_30,GRU
2026-05-06,60.0,59.396,VCB,70_30,GRU
2026-05-07,59.8,60.0249,VCB,70_30,GRU
2026-05-08,60.2,59.8002,VCB,70_30,GRU
2026-05-11,59.8,60.2144,VCB,70_30,GRU
2026-05-12,59.4,59.7967,VCB,70_30,GRU
2026-05-13,59.6,59.4069,VCB,70_30,GRU
2026-05-14,60.49,59.6291,VCB,70_30,GRU
2026-05-15,60.2,60.5207,VCB,70_30,GRU
2026-05-18,62.68,60.1877,VCB,70_30,GRU
2026-05-19,63.87,62.7163,VCB,70_30,GRU
2026-05-20,64.06,63.8286,VCB,70_30,GRU
2026-05-21,64.36,63.9915,VCB,70_30,GRU
2026-05-22,62.97,64.3191,VCB,70_30,GRU
2026-05-25,63.17,62.9297,VCB,70_30,GRU
2026-05-26,63.87,63.2067,VCB,70_30,GRU
2026-05-27,63.67,63.9124,VCB,70_30,GRU
2026-05-28,62.28,63.6717,VCB,70_30,GRU
2026-05-29,61.49,62.2665,VCB,70_30,GRU
2026-06-01,61.68,61.5195,VCB,70_30,GRU
2026-06-02,61.09,61.7425,VCB,70_30,GRU
2026-06-03,61.39,61.1204,VCB,70_30,GRU
2026-06-04,61.68,61.4315,VCB,70_30,GRU
2026-06-05,61.19,61.7019,VCB,70_30,GRU
2026-06-08,60.79,61.1872,VCB,70_30,GRU
2026-06-09,60.99,60.801,VCB,70_30,GRU
2026-06-10,61.19,61.0203,VCB,70_30,GRU
2026-06-11,61.09,61.2121,VCB,70_30,GRU
2026-06-12,61.09,61.0976,VCB,70_30,GRU
2026-06-15,61.09,61.0994,VCB,70_30,GRU
2026-06-16,61.29,61.1007,VCB,70_30,GRU
2026-06-17,61.68,61.3048,VCB,70_30,GRU
2026-06-18,61.09,61.6927,VCB,70_30,GRU
2026-06-19,61.19,61.08,VCB,70_30,GRU
2026-06-22,60.79,61.2076,VCB,70_30,GRU
2026-06-23,60.79,60.8004,VCB,70_30,GRU
2026-06-24,60.49,60.8143,VCB,70_30,GRU
2026-06-25,60.3,60.5068,VCB,70_30,GRU
2026-06-26,60.89,60.3201,VCB,70_30,GRU
2026-06-29,61.49,60.9232,VCB,70_30,GRU
2026-06-30,61.68,61.5027,VCB,70_30,GRU
2026-07-01,62.48,61.6704,VCB,70_30,GRU
2026-07-02,61.58,62.4796,VCB,70_30,GRU
2026-07-03,61.49,61.5479,VCB,70_30,GRU
2026-07-06,60.69,61.5017,VCB,70_30,GRU
2026-07-07,60.79,60.701,VCB,70_30,GRU
2026-07-08,61.09,60.8314,VCB,70_30,GRU
2026-07-09,60.59,61.125,VCB,70_30,GRU
2026-07-10,60.0,60.5942,VCB,70_30,GRU
2026-07-13,58.41,60.0111,VCB,70_30,GRU
2026-07-14,58.71,58.4186,VCB,70_30,GRU
2026-07-15,58.71,58.7827,VCB,70_30,GRU
2026-07-16,58.91,58.7552,VCB,70_30,GRU
2026-07-17,58.01,58.9376,VCB,70_30,GRU
2026-07-20,56.23,58.0066,VCB,70_30,GRU
2026-07-21,56.23,56.2313,VCB,70_30,GRU
2026-07-22,54.05,56.3016,VCB,70_30,GRU
2026-07-23,54.0,54.0717,VCB,70_30,GRU
2026-07-24,54.1,54.0864,VCB,70_30,GRU
2026-07-27,54.0,54.165,VCB,70_30,GRU
2026-07-28,54.1,54.0306,VCB,70_30,GRU
2026-07-29,54.6,54.1213,VCB,70_30,GRU
2026-07-30,56.5,54.6163,VCB,70_30,GRU
2026-07-31,59.3,56.5234,VCB,70_30,GRU
2026-08-03,60.8,59.2845,VCB,70_30,GRU
2026-08-04,60.0,60.708,VCB,70_30,GRU
2026-08-05,59.3,59.8857,VCB,70_30,GRU
2026-08-06,59.0,59.2524,VCB,70_30,GRU
2026-08-07,59.7,59.0117,VCB,70_30,GRU
2026-08-10,60.3,59.7464,VCB,70_30,GRU
2026-08-11,59.8,60.32,VCB,70_30,GRU
2026-08-12,59.7,59.7817,VCB,70_30,GRU
2026-08-13,59.5,59.7034,VCB,70_30,GRU
2026-08-14,58.5,59.5117,VCB,70_30,GRU
2026-08-17,58.2,58.5067,VCB,70_30,GRU
2026-08-18,58.0,58.2385,VCB,70_30,GRU
2026-08-19,57.4,58.0387,VCB,70_30,GRU
2026-08-20,57.8,57.4248,VCB,70_30,GRU
2026-08-21,59.1,57.8439,VCB,70_30,GRU
2026-08-24,59.2,59.1365,VCB,70_30,GRU
2026-08-25,59.4,59.1795,VCB,70_30,GRU
2026-08-26,60.3,59.3821,VCB,70_30,GRU
2026-08-27,60.1,60.3001,VCB,70_30,GRU
2026-08-28,60.1,60.0758,VCB,70_30,GRU
2026-09-03,58.7,60.095,VCB,70_30,GRU
2026-09-04,58.9,58.6856,VCB,70_30,GRU
2026-09-07,58.0,58.948,VCB,70_30,GRU
2026-09-08,58.1,58.0223,VCB,70_30,GRU
2026-09-09,58.7,58.146,VCB,70_30,GRU
2026-09-10,59.0,58.74,VCB,70_30,GRU
2026-09-11,58.2,59.0074,VCB,70_30,GRU
2026-09-14,58.5,58.1832,VCB,70_30,GRU
2026-09-15,60.0,58.5224,VCB,70_30,GRU
2026-09-16,59.3,60.0367,VCB,70_30,GRU
2026-09-17,59.6,59.2675,VCB,70_30,GRU
2026-09-18,59.9,59.6015,VCB,70_30,GRU
2026-09-21,58.9,59.9042,VCB,70_30,GRU
2026-09-22,58.9,58.8854,VCB,70_30,GRU
2026-09-23,58.5,58.9295,VCB,70_30,GRU
2026-09-24,58.1,58.5212,VCB,70_30,GRU
2026-09-25,58.0,58.1245,VCB,70_30,GRU
2026-09-28,58.3,58.0318,VCB,70_30,GRU
2026-09-29,58.0,58.3309,VCB,70_30,GRU
2026-09-30,58.0,58.0076,VCB,70_30,GRU
2026-10-01,57.6,58.015,VCB,70_30,GRU
2026-10-02,57.1,57.6086,VCB,70_30,GRU
2024-05-31,88.33,88.7398,FPT,70_30,GRU
2024-06-03,89.84,88.5072,FPT,70_30,GRU
2024-06-04,91.29,90.0077,FPT,70_30,GRU
2024-06-05,91.94,91.427,FPT,70_30,GRU
2024-06-06,91.62,92.1077,FPT,70_30,GRU
2024-06-07,93.19,91.809,FPT,70_30,GRU
2024-06-10,94.5,93.3921,FPT,70_30,GRU
2024-06-11,96.14,94.6912,FPT,70_30,GRU
2024-06-12,100.31,96.3307,FPT,70_30,GRU
2024-06-13,98.79,100.5369,FPT,70_30,GRU
2024-06-14,99.55,99.0774,FPT,70_30,GRU
2024-06-17,97.88,99.8182,FPT,70_30,GRU
2024-06-18,97.27,98.1224,FPT,70_30,GRU
2024-06-19,99.93,97.4634,FPT,70_30,GRU
2024-06-20,101.3,100.0685,FPT,70_30,GRU
2024-06-21,103.43,101.4692,FPT,70_30,GRU
2024-06-24,100.39,103.6165,FPT,70_30,GRU
2024-06-25,98.79,100.6406,FPT,70_30,GRU
2024-06-26,100.16,99.0226,FPT,70_30,GRU
2024-06-27,100.92,100.3349,FPT,70_30,GRU
2024-06-28,99.17,101.0639,FPT,70_30,GRU
2024-07-01,97.73,99.2896,FPT,70_30,GRU
2024-07-02,97.27,97.877,FPT,70_30,GRU
2024-07-03,99.55,97.4172,FPT,70_30,GRU
2024-07-04,103.2,99.6825,FPT,70_30,GRU
2024-07-05,105.4,103.3512,FPT,70_30,GRU
2024-07-08,106.09,105.6143,FPT,70_30,GRU
2024-07-09,104.49,106.3666,FPT,70_30,GRU
2024-07-10,101.83,104.7955,FPT,70_30,GRU
2024-07-11,101.07,102.0819,FPT,70_30,GRU
2024-07-12,101.68,101.2293,FPT,70_30,GRU
2024-07-15,100.84,101.7884,FPT,70_30,GRU
2024-07-16,101.83,100.9305,FPT,70_30,GRU
2024-07-17,100.23,101.946,FPT,70_30,GRU
2024-07-18,97.2,100.3821,FPT,70_30,GRU
2024-07-19,95.75,97.3482,FPT,70_30,GRU
2024-07-22,94.31,95.8561,FPT,70_30,GRU
2024-07-23,95.37,94.393,FPT,70_30,GRU
2024-07-24,95.75,95.4316,FPT,70_30,GRU
2024-07-25,94.99,95.831,FPT,70_30,GRU
2024-07-26,97.27,95.1135,FPT,70_30,GRU
2024-07-29,98.03,97.429,FPT,70_30,GRU
2024-07-30,97.27,98.219,FPT,70_30,GRU
2024-07-31,97.73,97.4573,FPT,70_30,GRU
2024-08-01,94.84,97.9143,FPT,70_30,GRU
2024-08-02,93.62,95.0321,FPT,70_30,GRU
2024-08-05,90.13,93.7493,FPT,70_30,GRU
2024-08-06,91.8,90.2177,FPT,70_30,GRU
2024-08-07,92.71,91.8942,FPT,70_30,GRU
2024-08-08,92.26,92.7859,FPT,70_30,GRU
2024-08-09,96.44,92.3751,FPT,70_30,GRU
2024-08-12,98.79,96.6139,FPT,70_30,GRU
2024-08-13,98.56,99.0337,FPT,70_30,GRU
2024-08-14,98.41,98.8188,FPT,70_30,GRU
2024-08-15,97.8,98.6677,FPT,70_30,GRU
2024-08-16,99.25,98.0546,FPT,70_30,GRU
2024-08-19,99.17,99.4347,FPT,70_30,GRU
2024-08-20,99.93,99.3234,FPT,70_30,GRU
2024-08-21,101.45,100.0946,FPT,70_30,GRU
2024-08-22,101.68,101.6302,FPT,70_30,GRU
2024-08-23,101.15,101.8823,FPT,70_30,GRU
2024-08-26,99.93,101.3402,FPT,70_30,GRU
2024-08-27,100.69,100.1168,FPT,70_30,GRU
2024-08-28,101.3,100.858,FPT,70_30,GRU
2024-08-29,101.6,101.4439,FPT,70_30,GRU
2024-08-30,102.44,101.747,FPT,70_30,GRU
2024-09-04,101.07,102.6048,FPT,70_30,GRU
2024-09-05,99.25,101.2585,FPT,70_30,GRU
2024-09-06,100.39,99.4159,FPT,70_30,GRU
2024-09-09,99.78,100.5392,FPT,70_30,GRU
2024-09-10,98.79,99.9144,FPT,70_30,GRU
2024-09-11,99.25,98.9069,FPT,70_30,GRU
2024-09-12,100.54,99.3817,FPT,70_30,GRU
2024-09-13,101.07,100.698,FPT,70_30,GRU
2024-09-16,99.63,101.2215,FPT,70_30,GRU
2024-09-17,100.99,99.8012,FPT,70_30,GRU
2024-09-18,102.29,101.1771,FPT,70_30,GRU
2024-09-19,102.74,102.4742,FPT,70_30,GRU
2024-09-20,102.82,102.9176,FPT,70_30,GRU
2024-09-23,101.83,103.0027,FPT,70_30,GRU
2024-09-24,102.21,102.0338,FPT,70_30,GRU
2024-09-25,102.44,102.3877,FPT,70_30,GRU
2024-09-26,102.06,102.5955,FPT,70_30,GRU
2024-09-27,101.98,102.2091,FPT,70_30,GRU
2024-09-30,102.21,102.1276,FPT,70_30,GRU
2024-10-01,103.27,102.3698,FPT,70_30,GRU
2024-10-02,102.89,103.4295,FPT,70_30,GRU
2024-10-03,101.83,103.054,FPT,70_30,GRU
2024-10-04,101.91,101.9997,FPT,70_30,GRU
2024-10-07,101.91,102.0732,FPT,70_30,GRU
2024-10-08,101.68,102.0625,FPT,70_30,GRU
2024-10-09,102.89,101.8147,FPT,70_30,GRU
2024-10-10,107.68,103.0364,FPT,70_30,GRU
2024-10-11,106.09,107.8865,FPT,70_30,GRU
2024-10-14,104.57,106.3455,FPT,70_30,GRU
2024-10-15,104.11,104.8272,FPT,70_30,GRU
2024-10-16,103.58,104.3458,FPT,70_30,GRU
2024-10-17,104.11,103.7697,FPT,70_30,GRU
2024-10-18,104.11,104.2167,FPT,70_30,GRU
2024-10-21,102.97,104.2391,FPT,70_30,GRU
2024-10-22,101.15,103.1193,FPT,70_30,GRU
2024-10-23,101.98,101.2942,FPT,70_30,GRU
2024-10-24,102.06,102.1215,FPT,70_30,GRU
2024-10-25,101.83,102.1858,FPT,70_30,GRU
2024-10-28,102.51,101.9563,FPT,70_30,GRU
2024-10-29,102.89,102.6563,FPT,70_30,GRU
2024-10-30,103.27,103.0645,FPT,70_30,GRU
2024-10-31,103.27,103.439,FPT,70_30,GRU
2024-11-01,102.29,103.4437,FPT,70_30,GRU
2024-11-04,100.92,102.4666,FPT,70_30,GRU
2024-11-05,100.77,101.0757,FPT,70_30,GRU
2024-11-06,102.29,100.9057,FPT,70_30,GRU
2024-11-07,102.67,102.4212,FPT,70_30,GRU
2024-11-08,103.2,102.8082,FPT,70_30,GRU
2024-11-11,105.1,103.3636,FPT,70_30,GRU
2024-11-12,103.96,105.2992,FPT,70_30,GRU
2024-11-13,104.72,104.1779,FPT,70_30,GRU
2024-11-14,103.35,104.9183,FPT,70_30,GRU
2024-11-15,101.75,103.5404,FPT,70_30,GRU
2024-11-18,101.83,101.9161,FPT,70_30,GRU
2024-11-19,98.79,101.9533,FPT,70_30,GRU
2024-11-20,100.61,98.9135,FPT,70_30,GRU
2024-11-21,101.07,100.7239,FPT,70_30,GRU
2024-11-22,101.75,101.1942,FPT,70_30,GRU
2024-11-25,101.75,101.9003,FPT,70_30,GRU
2024-11-26,102.74,101.9089,FPT,70_30,GRU
2024-11-27,105.55,102.9442,FPT,70_30,GRU
2024-11-28,105.93,105.7496,FPT,70_30,GRU
2024-11-29,109.66,106.1486,FPT,70_30,GRU
2024-12-02,108.81,109.9076,FPT,70_30,GRU
2024-12-03,110.96,109.0957,FPT,70_30,GRU
2024-12-04,109.81,111.2455,FPT,70_30,GRU
2024-12-05,113.63,110.0652,FPT,70_30,GRU
2024-12-06,114.4,113.9031,FPT,70_30,GRU
2024-12-09,112.49,114.6343,FPT,70_30,GRU
2024-12-10,114.4,112.7556,FPT,70_30,GRU
2024-12-11,115.16,114.6371,FPT,70_30,GRU
2024-12-12,114.93,115.4091,FPT,70_30,GRU
2024-12-13,114.4,115.126,FPT,70_30,GRU
2024-12-16,114.7,114.5886,FPT,70_30,GRU
2024-12-17,113.25,114.9096,FPT,70_30,GRU
2024-12-18,113.79,113.4251,FPT,70_30,GRU
2024-12-19,113.33,113.9486,FPT,70_30,GRU
2024-12-20,114.4,113.4862,FPT,70_30,GRU
2024-12-23,114.63,114.5659,FPT,70_30,GRU
2024-12-24,115.09,114.7982,FPT,70_30,GRU
2024-12-25,115.39,115.285,FPT,70_30,GRU
2024-12-26,114.63,115.5844,FPT,70_30,GRU
2024-12-27,114.48,114.8329,FPT,70_30,GRU
2024-12-30,115.16,114.6631,FPT,70_30,GRU
2024-12-31,116.69,115.338,FPT,70_30,GRU
2025-01-02,116.31,116.8704,FPT,70_30,GRU
2025-01-03,114.02,116.4999,FPT,70_30,GRU
2025-01-06,114.25,114.2243,FPT,70_30,GRU
2025-01-07,114.86,114.4413,FPT,70_30,GRU
2025-01-08,113.48,115.0297,FPT,70_30,GRU
2025-01-09,113.86,113.6241,FPT,70_30,GRU
2025-01-10,112.72,114.007,FPT,70_30,GRU
2025-01-13,112.94,112.8898,FPT,70_30,GRU
2025-01-14,111.03,113.0987,FPT,70_30,GRU
2025-01-15,111.34,111.1727,FPT,70_30,GRU
2025-01-16,112.1,111.4904,FPT,70_30,GRU
2025-01-17,114.02,112.2412,FPT,70_30,GRU
2025-01-20,114.78,114.1887,FPT,70_30,GRU
2025-01-21,114.7,114.9656,FPT,70_30,GRU
2025-01-22,114.55,114.9277,FPT,70_30,GRU
2025-01-23,118.07,114.7779,FPT,70_30,GRU
2025-01-24,117.38,118.3103,FPT,70_30,GRU
2025-02-03,111.34,117.6135,FPT,70_30,GRU
2025-02-04,111.87,111.5908,FPT,70_30,GRU
2025-02-05,111.95,112.0835,FPT,70_30,GRU
2025-02-06,112.1,112.1186,FPT,70_30,GRU
2025-02-07,111.8,112.1985,FPT,70_30,GRU
2025-02-10,108.66,111.9085,FPT,70_30,GRU
2025-02-11,111.26,108.8373,FPT,70_30,GRU
2025-02-12,110.96,111.4372,FPT,70_30,GRU
2025-02-13,109.5,111.1259,FPT,70_30,GRU
2025-02-14,110.88,109.6606,FPT,70_30,GRU
2025-02-17,109.88,111.0459,FPT,70_30,GRU
2025-02-18,110.11,110.0798,FPT,70_30,GRU
2025-02-19,110.19,110.2669,FPT,70_30,GRU
2025-02-20,109.43,110.3499,FPT,70_30,GRU
2025-02-21,108.66,109.6057,FPT,70_30,GRU
2025-02-24,107.51,108.8087,FPT,70_30,GRU
2025-02-25,106.36,107.6596,FPT,70_30,GRU
2025-02-26,108.51,106.4894,FPT,70_30,GRU
2025-02-27,108.12,108.645,FPT,70_30,GRU
2025-02-28,107.36,108.2682,FPT,70_30,GRU
2025-03-03,107.51,107.5215,FPT,70_30,GRU
2025-03-04,107.13,107.6836,FPT,70_30,GRU
2025-03-05,106.44,107.311,FPT,70_30,GRU
2025-03-06,108.35,106.5829,FPT,70_30,GRU
2025-03-07,108.2,108.5069,FPT,70_30,GRU
2025-03-10,106.59,108.3739,FPT,70_30,GRU
2025-03-11,105.22,106.7661,FPT,70_30,GRU
2025-03-12,103.99,105.3866,FPT,70_30,GRU
2025-03-13,104.45,104.1407,FPT,70_30,GRU
2025-03-14,100.55,104.5593,FPT,70_30,GRU
2025-03-17,99.48,100.6571,FPT,70_30,GRU
2025-03-18,99.48,99.5786,FPT,70_30,GRU
2025-03-19,95.35,99.5725,FPT,70_30,GRU
2025-03-20,95.65,95.4425,FPT,70_30,GRU
2025-03-21,97.95,95.7177,FPT,70_30,GRU
2025-03-24,98.71,98.0652,FPT,70_30,GRU
2025-03-25,96.8,98.8425,FPT,70_30,GRU
2025-03-26,94.12,96.9502,FPT,70_30,GRU
2025-03-27,96.57,94.3064,FPT,70_30,GRU
2025-03-28,94.89,96.7529,FPT,70_30,GRU
2025-03-31,92.59,95.024,FPT,70_30,GRU
2025-04-01,92.21,92.6981,FPT,70_30,GRU
2025-04-02,93.36,92.3213,FPT,70_30,GRU
2025-04-03,86.85,93.4937,FPT,70_30,GRU
2025-04-04,86.47,86.9787,FPT,70_30,GRU
2025-04-08,80.42,86.5788,FPT,70_30,GRU
2025-04-09,80.58,80.5109,FPT,70_30,GRU
2025-04-10,86.16,80.6368,FPT,70_30,GRU
2025-04-11,90.68,86.266,FPT,70_30,GRU
2025-04-14,90.68,90.8677,FPT,70_30,GRU
2025-04-15,88.76,90.9333,FPT,70_30,GRU
2025-04-16,82.57,89.1063,FPT,70_30,GRU
2025-04-17,83.71,82.9015,FPT,70_30,GRU
2025-04-18,85.4,83.9034,FPT,70_30,GRU
2025-04-21,85.47,85.4881,FPT,70_30,GRU
2025-04-22,84.48,85.5481,FPT,70_30,GRU
2025-04-23,84.48,84.5865,FPT,70_30,GRU
2025-04-24,85.7,84.6487,FPT,70_30,GRU
2025-04-25,86.01,85.8509,FPT,70_30,GRU
2025-04-28,83.79,86.1411,FPT,70_30,GRU
2025-04-29,83.71,83.9304,FPT,70_30,GRU
2025-05-05,83.1,83.8503,FPT,70_30,GRU
2025-05-06,83.94,83.2223,FPT,70_30,GRU
2025-05-07,83.94,84.0405,FPT,70_30,GRU
2025-05-08,87.46,84.0384,FPT,70_30,GRU
2025-05-09,88.76,87.6207,FPT,70_30,GRU
2025-05-12,90.52,88.9475,FPT,70_30,GRU
2025-05-13,91.44,90.7453,FPT,70_30,GRU
2025-05-14,96.65,91.6801,FPT,70_30,GRU
2025-05-15,95.65,96.9439,FPT,70_30,GRU
2025-05-16,92.59,95.9464,FPT,70_30,GRU
2025-05-19,90.45,92.8817,FPT,70_30,GRU
2025-05-20,91.21,90.6709,FPT,70_30,GRU
2025-05-21,90.52,91.3819,FPT,70_30,GRU
2025-05-22,89.38,90.5853,FPT,70_30,GRU
2025-05-23,89.61,89.4511,FPT,70_30,GRU
2025-05-26,89.76,89.714,FPT,70_30,GRU
2025-05-27,91.06,89.8861,FPT,70_30,GRU
2025-05-28,90.6,91.1825,FPT,70_30,GRU
2025-05-29,89.61,90.742,FPT,70_30,GRU
2025-05-30,89.15,89.7681,FPT,70_30,GRU
2025-06-02,88.84,89.2948,FPT,70_30,GRU
2025-06-03,89.84,88.9705,FPT,70_30,GRU
2025-06-04,89.61,89.9519,FPT,70_30,GRU
2025-06-05,89.38,89.7321,FPT,70_30,GRU
2025-06-06,88.0,89.5178,FPT,70_30,GRU
2025-06-09,88.92,88.1402,FPT,70_30,GRU
2025-06-10,88.53,89.0598,FPT,70_30,GRU
2025-06-11,90.22,88.6506,FPT,70_30,GRU
2025-06-12,90.3,90.3536,FPT,70_30,GRU
2025-06-13,89.06,90.4475,FPT,70_30,GRU
2025-06-16,91.84,89.2318,FPT,70_30,GRU
2025-06-17,91.69,92.0169,FPT,70_30,GRU
2025-06-18,90.3,91.8786,FPT,70_30,GRU
2025-06-19,89.53,90.4687,FPT,70_30,GRU
2025-06-20,89.6,89.6854,FPT,70_30,GRU
2025-06-23,89.45,89.7554,FPT,70_30,GRU
2025-06-24,89.91,89.5544,FPT,70_30,GRU
2025-06-25,90.37,90.018,FPT,70_30,GRU
2025-06-26,90.3,90.5015,FPT,70_30,GRU
2025-06-27,90.53,90.4471,FPT,70_30,GRU
2025-06-30,91.22,90.6796,FPT,70_30,GRU
2025-07-01,91.69,91.376,FPT,70_30,GRU
2025-07-02,91.53,91.846,FPT,70_30,GRU
2025-07-03,91.07,91.6863,FPT,70_30,GRU
2025-07-04,94.54,91.228,FPT,70_30,GRU
2025-07-07,95.55,94.7227,FPT,70_30,GRU
2025-07-08,96.09,95.741,FPT,70_30,GRU
2025-07-09,94.77,96.2971,FPT,70_30,GRU
2025-07-10,95.62,94.9927,FPT,70_30,GRU
2025-07-11,97.71,95.8417,FPT,70_30,GRU
2025-07-14,98.09,97.8842,FPT,70_30,GRU
2025-07-15,97.24,98.2645,FPT,70_30,GRU
2025-07-16,97.47,97.421,FPT,70_30,GRU
2025-07-17,98.01,97.6667,FPT,70_30,GRU
2025-07-18,97.24,98.1904,FPT,70_30,GRU
2025-07-21,97.89,97.3891,FPT,70_30,GRU
2025-07-22,99.49,98.0354,FPT,70_30,GRU
2025-07-23,99.22,99.6558,FPT,70_30,GRU
2025-07-24,98.6,99.3944,FPT,70_30,GRU
2025-07-25,98.25,98.772,FPT,70_30,GRU
2025-07-28,98.78,98.4267,FPT,70_30,GRU
2025-07-29,94.07,98.9416,FPT,70_30,GRU
2025-07-30,94.16,94.2186,FPT,70_30,GRU
2025-07-31,92.3,94.2852,FPT,70_30,GRU
2025-08-01,94.96,92.3964,FPT,70_30,GRU
2025-08-04,94.61,95.0702,FPT,70_30,GRU
2025-08-05,93.9,94.7128,FPT,70_30,GRU
2025-08-06,93.1,94.0603,FPT,70_30,GRU
2025-08-07,94.25,93.2518,FPT,70_30,GRU
2025-08-08,93.72,94.421,FPT,70_30,GRU
2025-08-11,94.43,93.8491,FPT,70_30,GRU
2025-08-12,95.41,94.5679,FPT,70_30,GRU
2025-08-13,93.28,95.5654,FPT,70_30,GRU
2025-08-14,92.12,93.4564,FPT,70_30,GRU
2025-08-15,89.99,92.2638,FPT,70_30,GRU
2025-08-18,89.19,90.1149,FPT,70_30,GRU
2025-08-19,89.02,89.2773,FPT,70_30,GRU
2025-08-20,86.71,89.0776,FPT,70_30,GRU
2025-08-21,90.26,86.7835,FPT,70_30,GRU
2025-08-22,87.86,90.3841,FPT,70_30,GRU
2025-08-25,87.68,88.0196,FPT,70_30,GRU
2025-08-26,88.75,87.8334,FPT,70_30,GRU
2025-08-27,93.19,88.8972,FPT,70_30,GRU
2025-08-28,92.74,93.4001,FPT,70_30,GRU
2025-08-29,90.17,92.9326,FPT,70_30,GRU
2025-09-03,91.59,90.4127,FPT,70_30,GRU
2025-09-04,93.19,91.8227,FPT,70_30,GRU
2025-09-05,91.77,93.3947,FPT,70_30,GRU
2025-09-08,90.44,91.9118,FPT,70_30,GRU
2025-09-09,90.61,90.5823,FPT,70_30,GRU
2025-09-10,89.81,90.7704,FPT,70_30,GRU
2025-09-11,90.52,89.9341,FPT,70_30,GRU
2025-09-12,90.17,90.6191,FPT,70_30,GRU
2025-09-15,90.44,90.2883,FPT,70_30,GRU
2025-09-16,91.86,90.5769,FPT,70_30,GRU
2025-09-17,93.63,92.0035,FPT,70_30,GRU
2025-09-18,91.41,93.8009,FPT,70_30,GRU
2025-09-19,91.41,91.5986,FPT,70_30,GRU
2025-09-22,88.48,91.5939,FPT,70_30,GRU
2025-09-23,86.97,88.6429,FPT,70_30,GRU
2025-09-24,88.31,87.0763,FPT,70_30,GRU
2025-09-25,86.97,88.3836,FPT,70_30,GRU
2025-09-26,86.53,87.0609,FPT,70_30,GRU
2025-09-29,84.76,86.6134,FPT,70_30,GRU
2025-09-30,82.54,84.8687,FPT,70_30,GRU
2025-10-01,82.89,82.6437,FPT,70_30,GRU
2025-10-02,81.74,82.959,FPT,70_30,GRU
2025-10-03,82.89,81.8094,FPT,70_30,GRU
2025-10-06,84.76,82.9668,FPT,70_30,GRU
2025-10-07,84.76,84.8718,FPT,70_30,GRU
2025-10-08,83.87,84.9164,FPT,70_30,GRU
2025-10-09,83.6,84.0315,FPT,70_30,GRU
2025-10-10,85.29,83.7698,FPT,70_30,GRU
2025-10-13,83.42,85.4451,FPT,70_30,GRU
2025-10-14,82.0,83.5552,FPT,70_30,GRU
2025-10-15,79.52,82.1226,FPT,70_30,GRU
2025-10-16,79.7,79.6295,FPT,70_30,GRU
2025-10-17,78.19,79.7906,FPT,70_30,GRU
2025-10-20,77.21,78.2354,FPT,70_30,GRU
2025-10-21,82.54,77.2638,FPT,70_30,GRU
2025-10-22,86.09,82.689,FPT,70_30,GRU
2025-10-23,84.31,86.2903,FPT,70_30,GRU
2025-10-24,86.71,84.5765,FPT,70_30,GRU
2025-10-27,86.97,87.0049,FPT,70_30,GRU
2025-10-28,90.7,87.2734,FPT,70_30,GRU
2025-10-29,90.26,90.9356,FPT,70_30,GRU
2025-10-30,91.15,90.4731,FPT,70_30,GRU
2025-10-31,92.21,91.3966,FPT,70_30,GRU
2025-11-03,93.19,92.4277,FPT,70_30,GRU
2025-11-04,91.68,93.4115,FPT,70_30,GRU
2025-11-05,89.55,91.8563,FPT,70_30,GRU
2025-11-06,88.93,89.7211,FPT,70_30,GRU
2025-11-07,89.64,89.0623,FPT,70_30,GRU
2025-11-10,85.38,89.7435,FPT,70_30,GRU
2025-11-11,85.29,85.4741,FPT,70_30,GRU
2025-11-12,89.28,85.3805,FPT,70_30,GRU
2025-11-13,87.77,89.4253,FPT,70_30,GRU
2025-11-14,88.75,87.9314,FPT,70_30,GRU
2025-11-17,89.64,88.9028,FPT,70_30,GRU
2025-11-18,88.75,89.8441,FPT,70_30,GRU
2025-11-19,86.97,88.9542,FPT,70_30,GRU
2025-11-20,87.86,87.1043,FPT,70_30,GRU
2025-11-21,89.46,88.0062,FPT,70_30,GRU
2025-11-24,88.93,89.5925,FPT,70_30,GRU
2025-11-25,88.48,89.06,FPT,70_30,GRU
2025-11-26,87.86,88.626,FPT,70_30,GRU
2025-11-27,88.31,88.0223,FPT,70_30,GRU
2025-11-28,86.18,88.452,FPT,70_30,GRU
2025-12-01,86.62,86.2951,FPT,70_30,GRU
2025-12-02,86.62,86.7337,FPT,70_30,GRU
2025-12-03,86.62,86.7306,FPT,70_30,GRU
2025-12-04,87.43,86.7357,FPT,70_30,GRU
2025-12-05,86.27,87.5448,FPT,70_30,GRU
2025-12-08,85.64,86.4168,FPT,70_30,GRU
2025-12-09,86.89,85.7732,FPT,70_30,GRU
2025-12-10,85.73,87.0231,FPT,70_30,GRU
2025-12-11,86.09,85.8622,FPT,70_30,GRU
2025-12-12,84.02,86.2089,FPT,70_30,GRU
2025-12-15,84.11,84.1504,FPT,70_30,GRU
2025-12-16,85.1,84.2341,FPT,70_30,GRU
2025-12-17,86.0,85.2017,FPT,70_30,GRU
2025-12-18,84.65,86.1219,FPT,70_30,GRU
2025-12-19,84.2,84.7791,FPT,70_30,GRU
2025-12-22,84.02,84.3495,FPT,70_30,GRU
2025-12-23,84.29,84.1566,FPT,70_30,GRU
2025-12-24,83.93,84.4058,FPT,70_30,GRU
2025-12-25,83.4,84.0323,FPT,70_30,GRU
2025-12-26,82.95,83.518,FPT,70_30,GRU
2025-12-29,84.56,83.0679,FPT,70_30,GRU
2025-12-30,86.54,84.6862,FPT,70_30,GRU
2025-12-31,85.91,86.6776,FPT,70_30,GRU
2026-01-05,85.19,86.076,FPT,70_30,GRU
2026-01-06,84.29,85.3679,FPT,70_30,GRU
2026-01-07,87.43,84.462,FPT,70_30,GRU
2026-01-08,86.54,87.597,FPT,70_30,GRU
2026-01-09,87.34,86.6884,FPT,70_30,GRU
2026-01-12,89.23,87.5022,FPT,70_30,GRU
2026-01-13,88.69,89.4135,FPT,70_30,GRU
2026-01-14,89.49,88.8969,FPT,70_30,GRU
2026-01-15,88.33,89.6553,FPT,70_30,GRU
2026-01-16,94.43,88.5103,FPT,70_30,GRU
2026-01-19,94.87,94.6759,FPT,70_30,GRU
2026-01-20,93.35,95.1154,FPT,70_30,GRU
2026-01-21,94.16,93.625,FPT,70_30,GRU
2026-01-22,92.81,94.4129,FPT,70_30,GRU
2026-01-23,90.57,93.0572,FPT,70_30,GRU
2026-01-26,88.33,90.6931,FPT,70_30,GRU
2026-01-27,91.56,88.4188,FPT,70_30,GRU
2026-01-28,93.71,91.6916,FPT,70_30,GRU
2026-01-29,95.14,93.8325,FPT,70_30,GRU
2026-01-30,93.71,95.3053,FPT,70_30,GRU
2026-02-02,93.53,93.9346,FPT,70_30,GRU
2026-02-03,93.17,93.775,FPT,70_30,GRU
2026-02-04,91.38,93.3492,FPT,70_30,GRU
2026-02-05,88.78,91.5133,FPT,70_30,GRU
2026-02-06,87.52,88.8719,FPT,70_30,GRU
2026-02-09,88.78,87.6009,FPT,70_30,GRU
2026-02-10,87.7,88.856,FPT,70_30,GRU
2026-02-11,88.42,87.7731,FPT,70_30,GRU
2026-02-12,88.6,88.5182,FPT,70_30,GRU
2026-02-13,86.36,88.7326,FPT,70_30,GRU
2026-02-23,84.74,86.5102,FPT,70_30,GRU
2026-02-24,82.95,84.8511,FPT,70_30,GRU
2026-02-25,79.9,83.0458,FPT,70_30,GRU
2026-02-26,81.15,79.9533,FPT,70_30,GRU
2026-02-27,83.31,81.1982,FPT,70_30,GRU
2026-03-02,80.35,83.389,FPT,70_30,GRU
2026-03-03,78.02,80.4721,FPT,70_30,GRU
2026-03-04,76.31,78.1423,FPT,70_30,GRU
2026-03-05,75.68,76.4291,FPT,70_30,GRU
2026-03-06,73.17,75.7463,FPT,70_30,GRU
2026-03-09,68.06,73.1823,FPT,70_30,GRU
2026-03-10,71.29,68.0896,FPT,70_30,GRU
2026-03-11,71.92,71.4016,FPT,70_30,GRU
2026-03-12,69.68,72.0135,FPT,70_30,GRU
2026-03-13,69.05,69.777,FPT,70_30,GRU
2026-03-16,70.12,69.1559,FPT,70_30,GRU
2026-03-17,71.2,70.2694,FPT,70_30,GRU
2026-03-18,70.48,71.2959,FPT,70_30,GRU
2026-03-19,68.87,70.5784,FPT,70_30,GRU
2026-03-20,66.9,68.9963,FPT,70_30,GRU
2026-03-23,65.55,67.0132,FPT,70_30,GRU
2026-03-24,67.61,65.6173,FPT,70_30,GRU
2026-03-25,69.05,67.6726,FPT,70_30,GRU
2026-03-26,66.54,69.1252,FPT,70_30,GRU
2026-03-27,68.24,66.6636,FPT,70_30,GRU
2026-03-30,66.36,68.3923,FPT,70_30,GRU
2026-03-31,66.99,66.5206,FPT,70_30,GRU
2026-04-01,67.52,67.1052,FPT,70_30,GRU
2026-04-02,66.99,67.6083,FPT,70_30,GRU
2026-04-03,66.36,67.1076,FPT,70_30,GRU
2026-04-06,66.27,66.4495,FPT,70_30,GRU
2026-04-07,66.36,66.3768,FPT,70_30,GRU
2026-04-08,70.93,66.4524,FPT,70_30,GRU
2026-04-09,70.21,71.0735,FPT,70_30,GRU
2026-04-10,69.68,70.3959,FPT,70_30,GRU
2026-04-13,68.15,69.8789,FPT,70_30,GRU
2026-04-14,68.33,68.3363,FPT,70_30,GRU
2026-04-15,67.34,68.4894,FPT,70_30,GRU
2026-04-16,66.45,67.4069,FPT,70_30,GRU
2026-04-17,68.15,66.5154,FPT,70_30,GRU
2026-04-20,68.96,68.2316,FPT,70_30,GRU
2026-04-21,67.34,69.0653,FPT,70_30,GRU
2026-04-22,66.9,67.4577,FPT,70_30,GRU
2026-04-23,66.63,67.0215,FPT,70_30,GRU
2026-04-24,65.82,66.7481,FPT,70_30,GRU
2026-04-28,66.72,65.8999,FPT,70_30,GRU
2026-04-29,67.7,66.7896,FPT,70_30,GRU
2026-05-04,66.09,67.7957,FPT,70_30,GRU
2026-05-05,66.63,66.2041,FPT,70_30,GRU
2026-05-06,65.73,66.7449,FPT,70_30,GRU
2026-05-07,65.46,65.8467,FPT,70_30,GRU
2026-05-08,64.48,65.553,FPT,70_30,GRU
2026-05-11,62.77,64.5503,FPT,70_30,GRU
2026-05-12,63.31,62.8472,FPT,70_30,GRU
2026-05-13,63.4,63.372,FPT,70_30,GRU
2026-05-14,66.27,63.4657,FPT,70_30,GRU
2026-05-15,65.37,66.3668,FPT,70_30,GRU
2026-05-18,67.17,65.5042,FPT,70_30,GRU
2026-05-19,66.81,67.3382,FPT,70_30,GRU
2026-05-20,69.68,66.9785,FPT,70_30,GRU
2026-05-21,68.6,69.8677,FPT,70_30,GRU
2026-05-22,67.34,68.7656,FPT,70_30,GRU
2026-05-25,65.91,67.5127,FPT,70_30,GRU
2026-05-26,66.81,66.0342,FPT,70_30,GRU
2026-05-27,66.0,66.9259,FPT,70_30,GRU
2026-05-28,64.73,66.0611,FPT,70_30,GRU
2026-05-29,65.09,64.7982,FPT,70_30,GRU
2026-06-01,66.27,65.1684,FPT,70_30,GRU
2026-06-02,68.0,66.3674,FPT,70_30,GRU
2026-06-03,69.55,68.0988,FPT,70_30,GRU
2026-06-04,69.18,69.6831,FPT,70_30,GRU
2026-06-05,68.18,69.3559,FPT,70_30,GRU
2026-06-08,66.27,68.3551,FPT,70_30,GRU
2026-06-09,67.0,66.4124,FPT,70_30,GRU
2026-06-10,67.46,67.1034,FPT,70_30,GRU
2026-06-11,66.46,67.5321,FPT,70_30,GRU
2026-06-12,66.82,66.538,FPT,70_30,GRU
2026-06-15,66.91,66.9105,FPT,70_30,GRU
2026-06-16,66.55,67.0217,FPT,70_30,GRU
2026-06-17,65.73,66.6493,FPT,70_30,GRU
2026-06-18,65.09,65.8195,FPT,70_30,GRU
2026-06-19,65.0,65.1832,FPT,70_30,GRU
2026-06-22,64.18,65.079,FPT,70_30,GRU
2026-06-23,64.36,64.2502,FPT,70_30,GRU
2026-06-24,64.36,64.431,FPT,70_30,GRU
2026-06-25,64.55,64.4393,FPT,70_30,GRU
2026-06-26,64.36,64.6383,FPT,70_30,GRU
2026-06-29,64.0,64.4511,FPT,70_30,GRU
2026-06-30,63.82,64.1007,FPT,70_30,GRU
2026-07-01,66.27,63.9143,FPT,70_30,GRU
2026-07-02,65.91,66.3841,FPT,70_30,GRU
2026-07-03,65.73,66.0354,FPT,70_30,GRU
2026-07-06,66.36,65.8634,FPT,70_30,GRU
2026-07-07,66.55,66.499,FPT,70_30,GRU
2026-07-08,65.55,66.69,FPT,70_30,GRU
2026-07-09,65.55,65.6537,FPT,70_30,GRU
2026-07-10,64.18,65.6536,FPT,70_30,GRU
2026-07-13,64.09,64.2772,FPT,70_30,GRU
2026-07-14,63.91,64.1669,FPT,70_30,GRU
2026-07-15,60.73,63.9761,FPT,70_30,GRU
2026-07-16,61.82,60.8093,FPT,70_30,GRU
2026-07-17,60.91,61.8966,FPT,70_30,GRU
2026-07-20,61.0,60.9832,FPT,70_30,GRU
2026-07-21,58.91,61.0638,FPT,70_30,GRU
2026-07-22,58.73,58.9719,FPT,70_30,GRU
2026-07-23,58.82,58.8135,FPT,70_30,GRU
2026-07-24,57.18,58.8753,FPT,70_30,GRU
2026-07-27,56.55,57.24,FPT,70_30,GRU
2026-07-28,57.27,56.5961,FPT,70_30,GRU
2026-07-29,59.18,57.3378,FPT,70_30,GRU
2026-07-30,60.91,59.2613,FPT,70_30,GRU
2026-07-31,61.0,61.0097,FPT,70_30,GRU
2026-08-03,65.18,61.1473,FPT,70_30,GRU
2026-08-04,65.0,65.3863,FPT,70_30,GRU
2026-08-05,63.91,65.2342,FPT,70_30,GRU
2026-08-06,64.27,64.1261,FPT,70_30,GRU
2026-08-07,64.36,64.4474,FPT,70_30,GRU
2026-08-10,65.27,64.5203,FPT,70_30,GRU
2026-08-11,64.73,65.361,FPT,70_30,GRU
2026-08-12,64.36,64.8308,FPT,70_30,GRU
2026-08-13,62.91,64.4742,FPT,70_30,GRU
2026-08-14,62.09,63.0116,FPT,70_30,GRU
2026-08-17,62.55,62.1729,FPT,70_30,GRU
2026-08-18,62.73,62.6117,FPT,70_30,GRU
2026-08-19,62.64,62.7954,FPT,70_30,GRU
2026-08-20,63.46,62.7127,FPT,70_30,GRU
2026-08-21,65.46,63.5576,FPT,70_30,GRU
2026-08-24,64.91,65.5853,FPT,70_30,GRU
2026-08-25,64.27,65.0493,FPT,70_30,GRU
2026-08-26,66.0,64.4105,FPT,70_30,GRU
2026-08-27,65.64,66.1483,FPT,70_30,GRU
2026-08-28,66.55,65.7779,FPT,70_30,GRU
2026-09-03,65.64,66.6636,FPT,70_30,GRU
2026-09-04,66.18,65.7673,FPT,70_30,GRU
2026-09-07,65.82,66.3129,FPT,70_30,GRU
2026-09-08,65.64,65.924,FPT,70_30,GRU
2026-09-09,65.82,65.7452,FPT,70_30,GRU
2026-09-10,67.73,65.9108,FPT,70_30,GRU
2026-09-11,66.09,67.8461,FPT,70_30,GRU
2026-09-14,65.82,66.2169,FPT,70_30,GRU
2026-09-15,66.09,65.9442,FPT,70_30,GRU
2026-09-16,67.09,66.2071,FPT,70_30,GRU
2026-09-17,67.55,67.203,FPT,70_30,GRU
2026-09-18,65.18,67.6423,FPT,70_30,GRU
2026-09-21,66.4,65.3086,FPT,70_30,GRU
2026-09-22,66.6,66.53,FPT,70_30,GRU
2026-09-23,66.1,66.7151,FPT,70_30,GRU
2026-09-24,65.3,66.1977,FPT,70_30,GRU
2026-09-25,64.7,65.3878,FPT,70_30,GRU
2026-09-28,63.7,64.8062,FPT,70_30,GRU
2026-09-29,63.2,63.775,FPT,70_30,GRU
2026-09-30,63.0,63.2603,FPT,70_30,GRU
2026-10-01,62.7,63.0586,FPT,70_30,GRU
2026-10-02,62.1,62.7636,FPT,70_30,GRU
2024-05-31,21.28,21.0171,HPG,70_30,GRU
2024-06-03,21.57,21.3025,HPG,70_30,GRU
2024-06-04,21.8,21.6047,HPG,70_30,GRU
2024-06-05,21.76,21.8384,HPG,70_30,GRU
2024-06-06,21.8,21.7955,HPG,70_30,GRU
2024-06-07,21.8,21.8377,HPG,70_30,GRU
2024-06-10,21.8,21.8315,HPG,70_30,GRU
2024-06-11,21.65,21.8265,HPG,70_30,GRU
2024-06-12,22.02,21.6662,HPG,70_30,GRU
2024-06-13,21.95,22.0575,HPG,70_30,GRU
2024-06-14,21.65,21.978,HPG,70_30,GRU
2024-06-17,21.91,21.6631,HPG,70_30,GRU
2024-06-18,21.87,21.9401,HPG,70_30,GRU
2024-06-19,21.83,21.8967,HPG,70_30,GRU
2024-06-20,21.83,21.8498,HPG,70_30,GRU
2024-06-21,21.61,21.8515,HPG,70_30,GRU
2024-06-24,21.35,21.625,HPG,70_30,GRU
2024-06-25,21.35,21.3533,HPG,70_30,GRU
2024-06-26,21.5,21.3601,HPG,70_30,GRU
2024-06-27,21.46,21.5207,HPG,70_30,GRU
2024-06-28,21.05,21.478,HPG,70_30,GRU
2024-07-01,21.09,21.0526,HPG,70_30,GRU
2024-07-02,21.35,21.1046,HPG,70_30,GRU
2024-07-03,21.39,21.3791,HPG,70_30,GRU
2024-07-04,21.35,21.4157,HPG,70_30,GRU
2024-07-05,21.31,21.3728,HPG,70_30,GRU
2024-07-08,21.42,21.3356,HPG,70_30,GRU
2024-07-09,21.57,21.4502,HPG,70_30,GRU
2024-07-10,21.54,21.6022,HPG,70_30,GRU
2024-07-11,21.46,21.567,HPG,70_30,GRU
2024-07-12,21.2,21.4828,HPG,70_30,GRU
2024-07-15,21.16,21.2119,HPG,70_30,GRU
2024-07-16,21.16,21.1731,HPG,70_30,GRU
2024-07-17,20.98,21.174,HPG,70_30,GRU
2024-07-18,21.13,20.9877,HPG,70_30,GRU
2024-07-19,20.98,21.1502,HPG,70_30,GRU
2024-07-22,20.87,20.9954,HPG,70_30,GRU
2024-07-23,20.68,20.883,HPG,70_30,GRU
2024-07-24,20.61,20.687,HPG,70_30,GRU
2024-07-25,20.35,20.6204,HPG,70_30,GRU
2024-07-26,20.42,20.3498,HPG,70_30,GRU
2024-07-29,20.76,20.4314,HPG,70_30,GRU
2024-07-30,20.76,20.7912,HPG,70_30,GRU
2024-07-31,20.23,20.7884,HPG,70_30,GRU
2024-08-01,19.86,20.2335,HPG,70_30,GRU
2024-08-02,20.27,19.8567,HPG,70_30,GRU
2024-08-05,19.3,20.2952,HPG,70_30,GRU
2024-08-06,19.57,19.276,HPG,70_30,GRU
2024-08-07,19.38,19.5744,HPG,70_30,GRU
2024-08-08,19.04,19.3826,HPG,70_30,GRU
2024-08-09,19.38,19.0352,HPG,70_30,GRU
2024-08-12,19.23,19.3955,HPG,70_30,GRU
2024-08-13,18.9,19.2472,HPG,70_30,GRU
2024-08-14,18.93,18.9002,HPG,70_30,GRU
2024-08-15,18.75,18.9403,HPG,70_30,GRU
2024-08-16,19.04,18.7578,HPG,70_30,GRU
2024-08-19,19.23,19.0622,HPG,70_30,GRU
2024-08-20,19.19,19.2603,HPG,70_30,GRU
2024-08-21,19.45,19.2179,HPG,70_30,GRU
2024-08-22,19.16,19.4886,HPG,70_30,GRU
2024-08-23,19.38,19.1817,HPG,70_30,GRU
2024-08-26,19.34,19.4106,HPG,70_30,GRU
2024-08-27,19.16,19.363,HPG,70_30,GRU
2024-08-28,19.12,19.1745,HPG,70_30,GRU
2024-08-29,19.04,19.1323,HPG,70_30,GRU
2024-08-30,18.97,19.0539,HPG,70_30,GRU
2024-09-04,18.78,18.9801,HPG,70_30,GRU
2024-09-05,18.64,18.7844,HPG,70_30,GRU
2024-09-06,18.9,18.6445,HPG,70_30,GRU
2024-09-09,19.04,18.9223,HPG,70_30,GRU
2024-09-10,18.71,19.0674,HPG,70_30,GRU
2024-09-11,18.86,18.72,HPG,70_30,GRU
2024-09-12,18.67,18.8835,HPG,70_30,GRU
2024-09-13,18.6,18.6847,HPG,70_30,GRU
2024-09-16,18.49,18.6107,HPG,70_30,GRU
2024-09-17,18.78,18.4966,HPG,70_30,GRU
2024-09-18,18.67,18.8081,HPG,70_30,GRU
2024-09-19,18.78,18.6873,HPG,70_30,GRU
2024-09-20,19.08,18.8055,HPG,70_30,GRU
2024-09-23,19.12,19.119,HPG,70_30,GRU
2024-09-24,19.23,19.1557,HPG,70_30,GRU
2024-09-25,19.49,19.2637,HPG,70_30,GRU
2024-09-26,19.38,19.534,HPG,70_30,GRU
2024-09-27,19.38,19.4106,HPG,70_30,GRU
2024-09-30,19.6,19.4056,HPG,70_30,GRU
2024-10-01,19.9,19.635,HPG,70_30,GRU
2024-10-02,19.57,19.9437,HPG,70_30,GRU
2024-10-03,19.49,19.5884,HPG,70_30,GRU
2024-10-04,19.49,19.5082,HPG,70_30,GRU
2024-10-07,19.64,19.5097,HPG,70_30,GRU
2024-10-08,20.05,19.6648,HPG,70_30,GRU
2024-10-09,20.46,20.0897,HPG,70_30,GRU
2024-10-10,20.27,20.516,HPG,70_30,GRU
2024-10-11,20.31,20.3073,HPG,70_30,GRU
2024-10-14,20.12,20.3466,HPG,70_30,GRU
2024-10-15,20.2,20.1428,HPG,70_30,GRU
2024-10-16,20.16,20.2231,HPG,70_30,GRU
2024-10-17,20.27,20.1759,HPG,70_30,GRU
2024-10-18,20.05,20.2946,HPG,70_30,GRU
2024-10-21,19.9,20.0625,HPG,70_30,GRU
2024-10-22,19.83,19.9108,HPG,70_30,GRU
2024-10-23,19.68,19.8402,HPG,70_30,GRU
2024-10-24,19.68,19.6866,HPG,70_30,GRU
2024-10-25,19.68,19.6896,HPG,70_30,GRU
2024-10-28,19.9,19.6945,HPG,70_30,GRU
2024-10-29,20.12,19.9281,HPG,70_30,GRU
2024-10-30,20.09,20.1562,HPG,70_30,GRU
2024-10-31,20.01,20.1213,HPG,70_30,GRU
2024-11-01,19.75,20.0354,HPG,70_30,GRU
2024-11-04,19.57,19.7631,HPG,70_30,GRU
2024-11-05,19.71,19.576,HPG,70_30,GRU
2024-11-06,20.05,19.7252,HPG,70_30,GRU
2024-11-07,20.05,20.0825,HPG,70_30,GRU
2024-11-08,20.09,20.0779,HPG,70_30,GRU
2024-11-11,20.61,20.1207,HPG,70_30,GRU
2024-11-12,20.46,20.6664,HPG,70_30,GRU
2024-11-13,20.12,20.4965,HPG,70_30,GRU
2024-11-14,19.57,20.1343,HPG,70_30,GRU
2024-11-15,19.27,19.5635,HPG,70_30,GRU
2024-11-18,19.19,19.2592,HPG,70_30,GRU
2024-11-19,18.93,19.1794,HPG,70_30,GRU
2024-11-20,19.04,18.9162,HPG,70_30,GRU
2024-11-21,19.23,19.0442,HPG,70_30,GRU
2024-11-22,19.42,19.2518,HPG,70_30,GRU
2024-11-25,19.57,19.4521,HPG,70_30,GRU
2024-11-26,19.6,19.6059,HPG,70_30,GRU
2024-11-27,19.57,19.6357,HPG,70_30,GRU
2024-11-28,19.64,19.5995,HPG,70_30,GRU
2024-11-29,19.9,19.6692,HPG,70_30,GRU
2024-12-02,20.01,19.9375,HPG,70_30,GRU
2024-12-03,20.09,20.0455,HPG,70_30,GRU
2024-12-04,19.86,20.1248,HPG,70_30,GRU
2024-12-05,20.72,19.881,HPG,70_30,GRU
2024-12-06,20.53,20.7866,HPG,70_30,GRU
2024-12-09,20.57,20.5685,HPG,70_30,GRU
2024-12-10,20.76,20.6052,HPG,70_30,GRU
2024-12-11,20.64,20.8003,HPG,70_30,GRU
2024-12-12,20.46,20.6719,HPG,70_30,GRU
2024-12-13,20.23,20.4723,HPG,70_30,GRU
2024-12-16,20.09,20.2371,HPG,70_30,GRU
2024-12-17,20.09,20.0951,HPG,70_30,GRU
2024-12-18,20.35,20.0978,HPG,70_30,GRU
2024-12-19,19.97,20.3748,HPG,70_30,GRU
2024-12-20,19.86,19.9766,HPG,70_30,GRU
2024-12-23,20.09,19.8692,HPG,70_30,GRU
2024-12-24,19.86,20.1157,HPG,70_30,GRU
2024-12-25,20.2,19.8723,HPG,70_30,GRU
2024-12-26,20.09,20.2294,HPG,70_30,GRU
2024-12-27,19.97,20.1141,HPG,70_30,GRU
2024-12-30,19.9,19.9893,HPG,70_30,GRU
2024-12-31,19.83,19.9148,HPG,70_30,GRU
2025-01-02,20.09,19.8461,HPG,70_30,GRU
2025-01-03,19.79,20.1167,HPG,70_30,GRU
2025-01-06,19.38,19.801,HPG,70_30,GRU
2025-01-07,19.38,19.3774,HPG,70_30,GRU
2025-01-08,19.53,19.3864,HPG,70_30,GRU
2025-01-09,19.34,19.5479,HPG,70_30,GRU
2025-01-10,19.01,19.3454,HPG,70_30,GRU
2025-01-13,19.27,19.0077,HPG,70_30,GRU
2025-01-14,19.23,19.2923,HPG,70_30,GRU
2025-01-15,19.49,19.2482,HPG,70_30,GRU
2025-01-16,19.57,19.5195,HPG,70_30,GRU
2025-01-17,19.71,19.6014,HPG,70_30,GRU
2025-01-20,19.68,19.7485,HPG,70_30,GRU
2025-01-21,19.57,19.7094,HPG,70_30,GRU
2025-01-22,19.45,19.5929,HPG,70_30,GRU
2025-01-23,19.83,19.4648,HPG,70_30,GRU
2025-01-24,19.75,19.8652,HPG,70_30,GRU
2025-02-03,19.64,19.7739,HPG,70_30,GRU
2025-02-04,19.97,19.6584,HPG,70_30,GRU
2025-02-05,19.94,20.0072,HPG,70_30,GRU
2025-02-06,19.94,19.9713,HPG,70_30,GRU
2025-02-07,19.83,19.9646,HPG,70_30,GRU
2025-02-10,18.9,19.8496,HPG,70_30,GRU
2025-02-11,19.42,18.882,HPG,70_30,GRU
2025-02-12,19.23,19.4398,HPG,70_30,GRU
2025-02-13,19.27,19.2373,HPG,70_30,GRU
2025-02-14,19.42,19.2818,HPG,70_30,GRU
2025-02-17,19.45,19.4415,HPG,70_30,GRU
2025-02-18,19.75,19.4814,HPG,70_30,GRU
2025-02-19,19.71,19.7875,HPG,70_30,GRU
2025-02-20,19.75,19.7419,HPG,70_30,GRU
2025-02-21,19.68,19.7809,HPG,70_30,GRU
2025-02-24,20.61,19.7036,HPG,70_30,GRU
2025-02-25,20.46,20.6819,HPG,70_30,GRU
2025-02-26,20.64,20.5033,HPG,70_30,GRU
2025-02-27,21.16,20.687,HPG,70_30,GRU
2025-02-28,20.83,21.2257,HPG,70_30,GRU
2025-03-03,20.87,20.8682,HPG,70_30,GRU
2025-03-04,20.72,20.8975,HPG,70_30,GRU
2025-03-05,20.49,20.741,HPG,70_30,GRU
2025-03-06,20.79,20.4995,HPG,70_30,GRU
2025-03-07,20.87,20.8131,HPG,70_30,GRU
2025-03-10,20.79,20.898,HPG,70_30,GRU
2025-03-11,20.94,20.8114,HPG,70_30,GRU
2025-03-12,20.68,20.9708,HPG,70_30,GRU
2025-03-13,20.61,20.6985,HPG,70_30,GRU
2025-03-14,20.49,20.6243,HPG,70_30,GRU
2025-03-17,20.72,20.5002,HPG,70_30,GRU
2025-03-18,20.53,20.7457,HPG,70_30,GRU
2025-03-19,20.27,20.5427,HPG,70_30,GRU
2025-03-20,20.2,20.2763,HPG,70_30,GRU
2025-03-21,20.2,20.2091,HPG,70_30,GRU
2025-03-24,20.2,20.2139,HPG,70_30,GRU
2025-03-25,20.23,20.213,HPG,70_30,GRU
2025-03-26,20.49,20.2481,HPG,70_30,GRU
2025-03-27,20.46,20.524,HPG,70_30,GRU
2025-03-28,20.2,20.4887,HPG,70_30,GRU
2025-03-31,19.9,20.2151,HPG,70_30,GRU
2025-04-01,20.09,19.9045,HPG,70_30,GRU
2025-04-02,20.27,20.1096,HPG,70_30,GRU
2025-04-03,18.86,20.2946,HPG,70_30,GRU
2025-04-04,18.3,18.8254,HPG,70_30,GRU
2025-04-08,17.04,18.2623,HPG,70_30,GRU
2025-04-09,15.85,16.9698,HPG,70_30,GRU
2025-04-10,16.92,15.7558,HPG,70_30,GRU
2025-04-11,18.08,16.9204,HPG,70_30,GRU
2025-04-14,18.86,18.1483,HPG,70_30,GRU
2025-04-15,19.23,18.9473,HPG,70_30,GRU
2025-04-16,18.97,19.3243,HPG,70_30,GRU
2025-04-17,18.97,19.0478,HPG,70_30,GRU
2025-04-18,18.93,19.0232,HPG,70_30,GRU
2025-04-21,18.56,18.9605,HPG,70_30,GRU
2025-04-22,18.64,18.5627,HPG,70_30,GRU
2025-04-23,19.01,18.6489,HPG,70_30,GRU
2025-04-24,19.04,19.0421,HPG,70_30,GRU
2025-04-25,19.12,19.0677,HPG,70_30,GRU
2025-04-28,19.08,19.1494,HPG,70_30,GRU
2025-04-29,18.97,19.109,HPG,70_30,GRU
2025-05-05,19.12,18.9914,HPG,70_30,GRU
2025-05-06,18.93,19.1452,HPG,70_30,GRU
2025-05-07,18.9,18.9439,HPG,70_30,GRU
2025-05-08,19.12,18.9141,HPG,70_30,GRU
2025-05-09,19.08,19.147,HPG,70_30,GRU
2025-05-12,18.9,19.1031,HPG,70_30,GRU
2025-05-13,19.19,18.9124,HPG,70_30,GRU
2025-05-14,19.45,19.2218,HPG,70_30,GRU
2025-05-15,19.45,19.4902,HPG,70_30,GRU
2025-05-16,19.19,19.4812,HPG,70_30,GRU
2025-05-19,19.08,19.207,HPG,70_30,GRU
2025-05-20,19.08,19.0964,HPG,70_30,GRU
2025-05-21,19.16,19.0952,HPG,70_30,GRU
2025-05-22,19.08,19.1774,HPG,70_30,GRU
2025-05-23,19.04,19.0935,HPG,70_30,GRU
2025-05-26,19.01,19.0563,HPG,70_30,GRU
2025-05-27,19.01,19.0273,HPG,70_30,GRU
2025-05-28,19.04,19.0282,HPG,70_30,GRU
2025-05-29,19.01,19.0592,HPG,70_30,GRU
2025-05-30,19.16,19.0286,HPG,70_30,GRU
2025-06-02,19.01,19.1868,HPG,70_30,GRU
2025-06-03,19.34,19.0276,HPG,70_30,GRU
2025-06-04,19.3,19.3753,HPG,70_30,GRU
2025-06-05,19.16,19.3275,HPG,70_30,GRU
2025-06-06,19.38,19.1796,HPG,70_30,GRU
2025-06-09,19.57,19.4099,HPG,70_30,GRU
2025-06-10,19.49,19.6072,HPG,70_30,GRU
2025-06-11,19.42,19.5145,HPG,70_30,GRU
2025-06-12,19.94,19.4411,HPG,70_30,GRU
2025-06-13,19.64,19.9894,HPG,70_30,GRU
2025-06-16,19.9,19.6632,HPG,70_30,GRU
2025-06-17,19.97,19.9345,HPG,70_30,GRU
2025-06-18,20.2,20.004,HPG,70_30,GRU
2025-06-19,20.01,20.2423,HPG,70_30,GRU
2025-06-20,20.09,20.0314,HPG,70_30,GRU
2025-06-23,19.97,20.1196,HPG,70_30,GRU
2025-06-24,20.09,19.9889,HPG,70_30,GRU
2025-06-25,20.23,20.1152,HPG,70_30,GRU
2025-06-26,20.35,20.2578,HPG,70_30,GRU
2025-06-27,20.4,20.383,HPG,70_30,GRU
2025-06-30,20.27,20.431,HPG,70_30,GRU
2025-07-01,20.22,20.2938,HPG,70_30,GRU
2025-07-02,20.44,20.2405,HPG,70_30,GRU
2025-07-03,20.62,20.4705,HPG,70_30,GRU
2025-07-04,20.76,20.6543,HPG,70_30,GRU
2025-07-07,21.07,20.7961,HPG,70_30,GRU
2025-07-08,22.05,21.1183,HPG,70_30,GRU
2025-07-09,22.1,22.1416,HPG,70_30,GRU
2025-07-10,22.45,22.169,HPG,70_30,GRU
2025-07-11,23.21,22.5223,HPG,70_30,GRU
2025-07-14,22.99,23.3061,HPG,70_30,GRU
2025-07-15,22.76,23.0513,HPG,70_30,GRU
2025-07-16,23.3,22.7917,HPG,70_30,GRU
2025-07-17,23.21,23.3585,HPG,70_30,GRU
2025-07-18,23.12,23.249,HPG,70_30,GRU
2025-07-21,23.39,23.1429,HPG,70_30,GRU
2025-07-22,23.61,23.4295,HPG,70_30,GRU
2025-07-23,23.57,23.6576,HPG,70_30,GRU
2025-07-24,23.21,23.6028,HPG,70_30,GRU
2025-07-25,23.26,23.2256,HPG,70_30,GRU
2025-07-28,23.52,23.2836,HPG,70_30,GRU
2025-07-29,22.63,23.5536,HPG,70_30,GRU
2025-07-30,22.68,22.6183,HPG,70_30,GRU
2025-07-31,22.27,22.6843,HPG,70_30,GRU
2025-08-01,22.45,22.2637,HPG,70_30,GRU
2025-08-04,22.59,22.461,HPG,70_30,GRU
2025-08-05,23.57,22.6064,HPG,70_30,GRU
2025-08-06,24.19,23.6465,HPG,70_30,GRU
2025-08-07,25.44,24.2771,HPG,70_30,GRU
2025-08-08,25.0,25.577,HPG,70_30,GRU
2025-08-11,25.13,25.0823,HPG,70_30,GRU
2025-08-12,25.44,25.2057,HPG,70_30,GRU
2025-08-13,25.09,25.508,HPG,70_30,GRU
2025-08-14,25.18,25.1234,HPG,70_30,GRU
2025-08-15,25.0,25.2041,HPG,70_30,GRU
2025-08-18,25.35,25.0207,HPG,70_30,GRU
2025-08-19,25.13,25.3889,HPG,70_30,GRU
2025-08-20,24.46,25.1501,HPG,70_30,GRU
2025-08-21,24.46,24.4561,HPG,70_30,GRU
2025-08-22,23.21,24.4665,HPG,70_30,GRU
2025-08-25,23.17,23.1697,HPG,70_30,GRU
2025-08-26,24.28,23.1464,HPG,70_30,GRU
2025-08-27,23.88,24.3291,HPG,70_30,GRU
2025-08-28,24.19,23.902,HPG,70_30,GRU
2025-08-29,24.55,24.2275,HPG,70_30,GRU
2025-09-03,25.13,24.6135,HPG,70_30,GRU
2025-09-04,26.65,25.2115,HPG,70_30,GRU
2025-09-05,25.71,26.7825,HPG,70_30,GRU
2025-09-08,25.8,25.7722,HPG,70_30,GRU
2025-09-09,25.76,25.8579,HPG,70_30,GRU
2025-09-10,25.76,25.8048,HPG,70_30,GRU
2025-09-11,26.02,25.794,HPG,70_30,GRU
2025-09-12,26.78,26.0481,HPG,70_30,GRU
2025-09-15,27.09,26.854,HPG,70_30,GRU
2025-09-16,26.74,27.1619,HPG,70_30,GRU
2025-09-17,26.07,26.7839,HPG,70_30,GRU
2025-09-18,26.02,26.0824,HPG,70_30,GRU
2025-09-19,26.11,26.0355,HPG,70_30,GRU
2025-09-22,25.35,26.125,HPG,70_30,GRU
2025-09-23,25.58,25.3295,HPG,70_30,GRU
2025-09-24,25.93,25.5896,HPG,70_30,GRU
2025-09-25,25.71,25.9663,HPG,70_30,GRU
2025-09-26,25.49,25.7313,HPG,70_30,GRU
2025-09-29,25.53,25.5021,HPG,70_30,GRU
2025-09-30,25.13,25.5573,HPG,70_30,GRU
2025-10-01,25.26,25.1362,HPG,70_30,GRU
2025-10-02,25.09,25.2759,HPG,70_30,GRU
2025-10-03,24.68,25.1019,HPG,70_30,GRU
2025-10-06,26.07,24.6795,HPG,70_30,GRU
2025-10-07,25.89,26.1526,HPG,70_30,GRU
2025-10-08,26.07,25.9448,HPG,70_30,GRU
2025-10-09,25.84,26.1241,HPG,70_30,GRU
2025-10-10,26.42,25.878,HPG,70_30,GRU
2025-10-13,25.89,26.4907,HPG,70_30,GRU
2025-10-14,25.31,25.9074,HPG,70_30,GRU
2025-10-15,25.22,25.3078,HPG,70_30,GRU
2025-10-16,25.22,25.2224,HPG,70_30,GRU
2025-10-17,25.0,25.2313,HPG,70_30,GRU
2025-10-20,23.26,24.9979,HPG,70_30,GRU
2025-10-21,23.93,23.1999,HPG,70_30,GRU
2025-10-22,23.84,23.9408,HPG,70_30,GRU
2025-10-23,23.66,23.8448,HPG,70_30,GRU
2025-10-24,23.57,23.6587,HPG,70_30,GRU
2025-10-27,23.43,23.5728,HPG,70_30,GRU
2025-10-28,23.93,23.4498,HPG,70_30,GRU
2025-10-29,24.33,23.9696,HPG,70_30,GRU
2025-10-30,24.01,24.3831,HPG,70_30,GRU
2025-10-31,23.84,24.0408,HPG,70_30,GRU
2025-11-03,23.26,23.8642,HPG,70_30,GRU
2025-11-04,23.88,23.2614,HPG,70_30,GRU
2025-11-05,23.48,23.9168,HPG,70_30,GRU
2025-11-06,23.3,23.4869,HPG,70_30,GRU
2025-11-07,23.26,23.3071,HPG,70_30,GRU
2025-11-10,23.61,23.2722,HPG,70_30,GRU
2025-11-11,23.75,23.6488,HPG,70_30,GRU
2025-11-12,24.1,23.7829,HPG,70_30,GRU
2025-11-13,23.7,24.1509,HPG,70_30,GRU
2025-11-14,24.01,23.7265,HPG,70_30,GRU
2025-11-17,24.37,24.0542,HPG,70_30,GRU
2025-11-18,24.55,24.4219,HPG,70_30,GRU
2025-11-19,24.64,24.6001,HPG,70_30,GRU
2025-11-20,24.33,24.6835,HPG,70_30,GRU
2025-11-21,24.46,24.3592,HPG,70_30,GRU
2025-11-24,24.19,24.4934,HPG,70_30,GRU
2025-11-25,24.01,24.2047,HPG,70_30,GRU
2025-11-26,24.19,24.0183,HPG,70_30,GRU
2025-11-27,24.01,24.2114,HPG,70_30,GRU
2025-11-28,23.7,24.0259,HPG,70_30,GRU
2025-12-01,23.66,23.7032,HPG,70_30,GRU
2025-12-02,23.66,23.6713,HPG,70_30,GRU
2025-12-03,23.93,23.6768,HPG,70_30,GRU
2025-12-04,24.37,23.9597,HPG,70_30,GRU
2025-12-05,24.1,24.4201,HPG,70_30,GRU
2025-12-08,23.88,24.1321,HPG,70_30,GRU
2025-12-09,23.57,23.9022,HPG,70_30,GRU
2025-12-10,23.79,23.5804,HPG,70_30,GRU
2025-12-11,23.7,23.8139,HPG,70_30,GRU
2025-12-12,23.21,23.7136,HPG,70_30,GRU
2025-12-15,23.43,23.2068,HPG,70_30,GRU
2025-12-16,23.84,23.4494,HPG,70_30,GRU
2025-12-17,23.57,23.8829,HPG,70_30,GRU
2025-12-18,23.57,23.5905,HPG,70_30,GRU
2025-12-19,23.84,23.5936,HPG,70_30,GRU
2025-12-22,24.01,23.8827,HPG,70_30,GRU
2025-12-23,23.88,24.0526,HPG,70_30,GRU
2025-12-24,23.7,23.9066,HPG,70_30,GRU
2025-12-25,23.43,23.7216,HPG,70_30,GRU
2025-12-26,24.01,23.4413,HPG,70_30,GRU
2025-12-29,23.84,24.0527,HPG,70_30,GRU
2025-12-30,23.66,23.8647,HPG,70_30,GRU
2025-12-31,23.57,23.6779,HPG,70_30,GRU
2026-01-05,23.17,23.5885,HPG,70_30,GRU
2026-01-06,23.17,23.1753,HPG,70_30,GRU
2026-01-07,23.75,23.1761,HPG,70_30,GRU
2026-01-08,23.57,23.7914,HPG,70_30,GRU
2026-01-09,23.39,23.5966,HPG,70_30,GRU
2026-01-12,24.55,23.409,HPG,70_30,GRU
2026-01-13,24.33,24.6372,HPG,70_30,GRU
2026-01-14,24.33,24.3844,HPG,70_30,GRU
2026-01-15,24.64,24.3709,HPG,70_30,GRU
2026-01-16,24.64,24.6946,HPG,70_30,GRU
2026-01-19,24.73,24.6883,HPG,70_30,GRU
2026-01-20,24.33,24.7642,HPG,70_30,GRU
2026-01-21,23.93,24.346,HPG,70_30,GRU
2026-01-22,23.97,23.9324,HPG,70_30,GRU
2026-01-23,23.88,23.9793,HPG,70_30,GRU
2026-01-26,23.48,23.8885,HPG,70_30,GRU
2026-01-27,23.61,23.4732,HPG,70_30,GRU
2026-01-28,23.84,23.6234,HPG,70_30,GRU
2026-01-29,24.19,23.8707,HPG,70_30,GRU
2026-01-30,23.93,24.234,HPG,70_30,GRU
2026-02-02,23.7,23.956,HPG,70_30,GRU
2026-02-03,23.88,23.7209,HPG,70_30,GRU
2026-02-04,25.26,23.9111,HPG,70_30,GRU
2026-02-05,24.59,25.3599,HPG,70_30,GRU
2026-02-06,23.93,24.6289,HPG,70_30,GRU
2026-02-09,23.88,23.9405,HPG,70_30,GRU
2026-02-10,23.7,23.8984,HPG,70_30,GRU
2026-02-11,23.97,23.71,HPG,70_30,GRU
2026-02-12,24.01,23.9825,HPG,70_30,GRU
2026-02-13,23.97,24.0318,HPG,70_30,GRU
2026-02-23,24.55,23.9969,HPG,70_30,GRU
2026-02-24,25.26,24.6063,HPG,70_30,GRU
2026-02-25,26.16,25.3428,HPG,70_30,GRU
2026-02-26,26.25,26.2668,HPG,70_30,GRU
2026-02-27,25.71,26.3362,HPG,70_30,GRU
2026-03-02,25.44,25.7584,HPG,70_30,GRU
2026-03-03,24.73,25.468,HPG,70_30,GRU
2026-03-04,24.73,24.7201,HPG,70_30,GRU
2026-03-05,24.33,24.7235,HPG,70_30,GRU
2026-03-06,24.33,24.3116,HPG,70_30,GRU
2026-03-09,22.63,24.3293,HPG,70_30,GRU
2026-03-10,24.19,22.5687,HPG,70_30,GRU
2026-03-11,24.46,24.2535,HPG,70_30,GRU
2026-03-12,23.93,24.5126,HPG,70_30,GRU
2026-03-13,23.79,23.9498,HPG,70_30,GRU
2026-03-16,23.88,23.8058,HPG,70_30,GRU
2026-03-17,24.01,23.9219,HPG,70_30,GRU
2026-03-18,23.93,24.0361,HPG,70_30,GRU
2026-03-19,23.84,23.9479,HPG,70_30,GRU
2026-03-20,23.12,23.8613,HPG,70_30,GRU
2026-03-23,22.76,23.1123,HPG,70_30,GRU
2026-03-24,23.17,22.7466,HPG,70_30,GRU
2026-03-25,23.52,23.1873,HPG,70_30,GRU
2026-03-26,23.12,23.5535,HPG,70_30,GRU
2026-03-27,23.66,23.1307,HPG,70_30,GRU
2026-03-30,24.01,23.7103,HPG,70_30,GRU
2026-03-31,24.01,24.072,HPG,70_30,GRU
2026-04-01,24.24,24.0561,HPG,70_30,GRU
2026-04-02,24.42,24.2883,HPG,70_30,GRU
2026-04-03,23.79,24.475,HPG,70_30,GRU
2026-04-06,23.97,23.803,HPG,70_30,GRU
2026-04-07,23.93,23.9946,HPG,70_30,GRU
2026-04-08,25.0,23.952,HPG,70_30,GRU
2026-04-09,25.22,25.0758,HPG,70_30,GRU
2026-04-10,25.0,25.2846,HPG,70_30,GRU
2026-04-13,24.82,25.0499,HPG,70_30,GRU
2026-04-14,25.49,24.8555,HPG,70_30,GRU
2026-04-15,25.04,25.5595,HPG,70_30,GRU
2026-04-16,24.95,25.0626,HPG,70_30,GRU
2026-04-17,25.0,24.9686,HPG,70_30,GRU
2026-04-20,25.4,25.0261,HPG,70_30,GRU
2026-04-21,25.49,25.4475,HPG,70_30,GRU
2026-04-22,25.18,25.5267,HPG,70_30,GRU
2026-04-23,24.82,25.2039,HPG,70_30,GRU
2026-04-24,24.91,24.8309,HPG,70_30,GRU
2026-04-28,24.77,24.9311,HPG,70_30,GRU
2026-04-29,24.77,24.7809,HPG,70_30,GRU
2026-05-04,24.64,24.784,HPG,70_30,GRU
2026-05-05,24.37,24.6538,HPG,70_30,GRU
2026-05-06,24.64,24.3787,HPG,70_30,GRU
2026-05-07,24.77,24.6667,HPG,70_30,GRU
2026-05-08,24.86,24.8025,HPG,70_30,GRU
2026-05-11,24.55,24.8939,HPG,70_30,GRU
2026-05-12,24.45,24.5685,HPG,70_30,GRU
2026-05-13,24.64,24.4705,HPG,70_30,GRU
2026-05-14,24.59,24.6691,HPG,70_30,GRU
2026-05-15,24.14,24.6132,HPG,70_30,GRU
2026-05-18,24.05,24.1423,HPG,70_30,GRU
2026-05-19,23.86,24.0596,HPG,70_30,GRU
2026-05-20,23.82,23.8663,HPG,70_30,GRU
2026-05-21,24.14,23.8279,HPG,70_30,GRU
2026-05-22,23.95,24.1682,HPG,70_30,GRU
2026-05-25,24.1,23.971,HPG,70_30,GRU
2026-05-26,24.25,24.1309,HPG,70_30,GRU
2026-05-27,24.15,24.2881,HPG,70_30,GRU
2026-05-28,24.0,24.1799,HPG,70_30,GRU
2026-05-29,24.0,24.019,HPG,70_30,GRU
2026-06-01,24.05,24.0237,HPG,70_30,GRU
2026-06-02,23.7,24.075,HPG,70_30,GRU
2026-06-03,24.15,23.7069,HPG,70_30,GRU
2026-06-04,23.95,24.1867,HPG,70_30,GRU
2026-06-05,23.75,23.9734,HPG,70_30,GRU
2026-06-08,23.3,23.7651,HPG,70_30,GRU
2026-06-09,23.55,23.2977,HPG,70_30,GRU
2026-06-10,23.6,23.5731,HPG,70_30,GRU
2026-06-11,23.3,23.6193,HPG,70_30,GRU
2026-06-12,23.2,23.3078,HPG,70_30,GRU
2026-06-15,24.35,23.2108,HPG,70_30,GRU
2026-06-16,24.2,24.4305,HPG,70_30,GRU
2026-06-17,24.0,24.2493,HPG,70_30,GRU
2026-06-18,23.65,24.033,HPG,70_30,GRU
2026-06-19,23.6,23.6698,HPG,70_30,GRU
2026-06-22,23.6,23.6224,HPG,70_30,GRU
2026-06-23,23.3,23.6109,HPG,70_30,GRU
2026-06-24,23.5,23.3015,HPG,70_30,GRU
2026-06-25,23.4,23.5204,HPG,70_30,GRU
2026-06-26,23.5,23.4191,HPG,70_30,GRU
2026-06-29,23.65,23.526,HPG,70_30,GRU
2026-06-30,23.3,23.6823,HPG,70_30,GRU
2026-07-01,23.45,23.3167,HPG,70_30,GRU
2026-07-02,23.4,23.4757,HPG,70_30,GRU
2026-07-03,23.25,23.4235,HPG,70_30,GRU
2026-07-06,23.1,23.2657,HPG,70_30,GRU
2026-07-07,23.1,23.1101,HPG,70_30,GRU
2026-07-08,23.2,23.1182,HPG,70_30,GRU
2026-07-09,23.2,23.2229,HPG,70_30,GRU
2026-07-10,22.95,23.2229,HPG,70_30,GRU
2026-07-13,22.4,22.9631,HPG,70_30,GRU
2026-07-14,22.5,22.394,HPG,70_30,GRU
2026-07-15,22.4,22.5096,HPG,70_30,GRU
2026-07-16,22.2,22.4065,HPG,70_30,GRU
2026-07-17,21.85,22.2012,HPG,70_30,GRU
2026-07-20,20.6,21.8439,HPG,70_30,GRU
2026-07-21,20.8,20.5559,HPG,70_30,GRU
2026-07-22,20.7,20.7881,HPG,70_30,GRU
2026-07-23,20.8,20.6905,HPG,70_30,GRU
2026-07-24,20.8,20.8038,HPG,70_30,GRU
2026-07-27,20.35,20.8099,HPG,70_30,GRU
2026-07-28,21.0,20.3549,HPG,70_30,GRU
2026-07-29,21.65,21.0428,HPG,70_30,GRU
2026-07-30,21.8,21.717,HPG,70_30,GRU
2026-07-31,21.7,21.8573,HPG,70_30,GRU
2026-08-03,22.55,21.7432,HPG,70_30,GRU
2026-08-04,22.15,22.6382,HPG,70_30,GRU
2026-08-05,22.0,22.1924,HPG,70_30,GRU
2026-08-06,21.85,22.0251,HPG,70_30,GRU
2026-08-07,22.0,21.8673,HPG,70_30,GRU
2026-08-10,22.1,22.0281,HPG,70_30,GRU
2026-08-11,22.05,22.1214,HPG,70_30,GRU
2026-08-12,22.1,22.0727,HPG,70_30,GRU
2026-08-13,21.7,22.127,HPG,70_30,GRU
2026-08-14,21.25,21.7094,HPG,70_30,GRU
2026-08-17,21.2,21.2428,HPG,70_30,GRU
2026-08-18,21.0,21.1995,HPG,70_30,GRU
2026-08-19,21.2,20.9963,HPG,70_30,GRU
2026-08-20,21.15,21.2125,HPG,70_30,GRU
2026-08-21,21.7,21.1649,HPG,70_30,GRU
2026-08-24,22.25,21.7488,HPG,70_30,GRU
2026-08-25,21.8,22.3167,HPG,70_30,GRU
2026-08-26,22.05,21.8347,HPG,70_30,GRU
2026-08-27,22.2,22.0943,HPG,70_30,GRU
2026-08-28,22.1,22.2461,HPG,70_30,GRU
2026-09-03,21.6,22.1288,HPG,70_30,GRU
2026-09-04,21.7,21.5994,HPG,70_30,GRU
2026-09-07,21.55,21.7179,HPG,70_30,GRU
2026-09-08,21.85,21.5589,HPG,70_30,GRU
2026-09-09,22.05,21.8758,HPG,70_30,GRU
2026-09-10,21.85,22.0835,HPG,70_30,GRU
2026-09-11,21.3,21.8755,HPG,70_30,GRU
2026-09-14,20.9,21.3003,HPG,70_30,GRU
2026-09-15,21.2,20.8923,HPG,70_30,GRU
2026-09-16,20.95,21.214,HPG,70_30,GRU
2026-09-17,21.2,20.9498,HPG,70_30,GRU
2026-09-18,21.55,21.2199,HPG,70_30,GRU
2026-09-21,21.1,21.5915,HPG,70_30,GRU
2026-09-22,21.15,21.1185,HPG,70_30,GRU
2026-09-23,21.05,21.1709,HPG,70_30,GRU
2026-09-24,20.8,21.0693,HPG,70_30,GRU
2026-09-25,20.65,20.8062,HPG,70_30,GRU
2026-09-28,20.2,20.6506,HPG,70_30,GRU
2026-09-29,20.3,20.1908,HPG,70_30,GRU
2026-09-30,20.15,20.3051,HPG,70_30,GRU
2026-10-01,20.05,20.1522,HPG,70_30,GRU
2026-10-02,20.05,20.055,HPG,70_30,GRU
2024-05-31,21.78,21.5338,VIC,70_30,GRU
2024-06-03,21.98,21.7811,VIC,70_30,GRU
2024-06-04,22.05,21.9908,VIC,70_30,GRU
2024-06-05,22.1,22.0548,VIC,70_30,GRU
2024-06-06,21.85,22.105,VIC,70_30,GRU
2024-06-07,21.75,21.8389,VIC,70_30,GRU
2024-06-10,21.72,21.7417,VIC,70_30,GRU
2024-06-11,21.6,21.7152,VIC,70_30,GRU
2024-06-12,21.65,21.5894,VIC,70_30,GRU
2024-06-13,21.6,21.6491,VIC,70_30,GRU
2024-06-14,21.0,21.5962,VIC,70_30,GRU
2024-06-17,21.0,20.9614,VIC,70_30,GRU
2024-06-18,21.05,20.9892,VIC,70_30,GRU
2024-06-19,20.75,21.0487,VIC,70_30,GRU
2024-06-20,20.72,20.7272,VIC,70_30,GRU
2024-06-21,20.82,20.7095,VIC,70_30,GRU
2024-06-24,20.55,20.8247,VIC,70_30,GRU
2024-06-25,20.6,20.5327,VIC,70_30,GRU
2024-06-26,20.6,20.5979,VIC,70_30,GRU
2024-06-27,20.5,20.5998,VIC,70_30,GRU
2024-06-28,20.6,20.4931,VIC,70_30,GRU
2024-07-01,20.68,20.6043,VIC,70_30,GRU
2024-07-02,20.8,20.6876,VIC,70_30,GRU
2024-07-03,20.68,20.8108,VIC,70_30,GRU
2024-07-04,20.7,20.6759,VIC,70_30,GRU
2024-07-05,20.7,20.7023,VIC,70_30,GRU
2024-07-08,20.2,20.7015,VIC,70_30,GRU
2024-07-09,20.4,20.169,VIC,70_30,GRU
2024-07-10,20.3,20.4054,VIC,70_30,GRU
2024-07-11,20.55,20.2937,VIC,70_30,GRU
2024-07-12,20.88,20.5648,VIC,70_30,GRU
2024-07-15,20.68,20.9066,VIC,70_30,GRU
2024-07-16,20.52,20.6774,VIC,70_30,GRU
2024-07-17,20.3,20.511,VIC,70_30,GRU
2024-07-18,20.27,20.2855,VIC,70_30,GRU
2024-07-19,20.38,20.2636,VIC,70_30,GRU
2024-07-22,20.38,20.383,VIC,70_30,GRU
2024-07-23,20.42,20.3798,VIC,70_30,GRU
2024-07-24,20.45,20.4228,VIC,70_30,GRU
2024-07-25,20.8,20.4542,VIC,70_30,GRU
2024-07-26,20.8,20.8277,VIC,70_30,GRU
2024-07-29,20.8,20.8086,VIC,70_30,GRU
2024-07-30,21.1,20.8048,VIC,70_30,GRU
2024-07-31,21.15,21.1253,VIC,70_30,GRU
2024-08-01,21.05,21.1628,VIC,70_30,GRU
2024-08-02,21.0,21.048,VIC,70_30,GRU
2024-08-05,20.65,20.9983,VIC,70_30,GRU
2024-08-06,20.65,20.6284,VIC,70_30,GRU
2024-08-07,21.18,20.6433,VIC,70_30,GRU
2024-08-08,20.9,21.2155,VIC,70_30,GRU
2024-08-09,20.6,20.891,VIC,70_30,GRU
2024-08-12,20.3,20.5792,VIC,70_30,GRU
2024-08-13,20.35,20.277,VIC,70_30,GRU
2024-08-14,20.4,20.3472,VIC,70_30,GRU
2024-08-15,20.4,20.3979,VIC,70_30,GRU
2024-08-16,20.58,20.3978,VIC,70_30,GRU
2024-08-19,20.58,20.5922,VIC,70_30,GRU
2024-08-20,20.85,20.5851,VIC,70_30,GRU
2024-08-21,20.92,20.8721,VIC,70_30,GRU
2024-08-22,20.78,20.9325,VIC,70_30,GRU
2024-08-23,20.78,20.7767,VIC,70_30,GRU
2024-08-26,21.08,20.7809,VIC,70_30,GRU
2024-08-27,22.55,21.1034,VIC,70_30,GRU
2024-08-28,22.2,22.6773,VIC,70_30,GRU
2024-08-29,22.1,22.216,VIC,70_30,GRU
2024-08-30,22.1,22.1076,VIC,70_30,GRU
2024-09-04,22.0,22.1109,VIC,70_30,GRU
2024-09-05,22.52,22.0013,VIC,70_30,GRU
2024-09-06,22.32,22.5538,VIC,70_30,GRU
2024-09-09,21.85,22.3171,VIC,70_30,GRU
2024-09-10,21.5,21.8215,VIC,70_30,GRU
2024-09-11,21.5,21.4707,VIC,70_30,GRU
2024-09-12,21.45,21.4918,VIC,70_30,GRU
2024-09-13,21.45,21.4389,VIC,70_30,GRU
2024-09-16,21.02,21.4438,VIC,70_30,GRU
2024-09-17,21.45,20.9902,VIC,70_30,GRU
2024-09-18,21.32,21.4742,VIC,70_30,GRU
2024-09-19,21.45,21.317,VIC,70_30,GRU
2024-09-20,21.15,21.4587,VIC,70_30,GRU
2024-09-23,21.18,21.1331,VIC,70_30,GRU
2024-09-24,21.28,21.1806,VIC,70_30,GRU
2024-09-25,21.3,21.2856,VIC,70_30,GRU
2024-09-26,21.3,21.303,VIC,70_30,GRU
2024-09-27,21.25,21.3003,VIC,70_30,GRU
2024-09-30,21.0,21.2485,VIC,70_30,GRU
2024-10-01,21.15,20.984,VIC,70_30,GRU
2024-10-02,21.02,21.1562,VIC,70_30,GRU
2024-10-03,20.68,21.0123,VIC,70_30,GRU
2024-10-04,20.5,20.6552,VIC,70_30,GRU
2024-10-07,20.42,20.4805,VIC,70_30,GRU
2024-10-08,20.45,20.4085,VIC,70_30,GRU
2024-10-09,20.8,20.4458,VIC,70_30,GRU
2024-10-10,20.7,20.8219,VIC,70_30,GRU
2024-10-11,20.9,20.6997,VIC,70_30,GRU
2024-10-14,21.08,20.9163,VIC,70_30,GRU
2024-10-15,20.82,21.0995,VIC,70_30,GRU
2024-10-16,20.75,20.8109,VIC,70_30,GRU
2024-10-17,20.78,20.7439,VIC,70_30,GRU
2024-10-18,20.9,20.7818,VIC,70_30,GRU
2024-10-21,21.12,20.9082,VIC,70_30,GRU
2024-10-22,21.1,21.1365,VIC,70_30,GRU
2024-10-23,21.6,21.1047,VIC,70_30,GRU
2024-10-24,21.02,21.6404,VIC,70_30,GRU
2024-10-25,20.78,20.9977,VIC,70_30,GRU
2024-10-28,20.72,20.7613,VIC,70_30,GRU
2024-10-29,20.68,20.7108,VIC,70_30,GRU
2024-10-30,20.5,20.6736,VIC,70_30,GRU
2024-10-31,20.78,20.4815,VIC,70_30,GRU
2024-11-01,20.6,20.7948,VIC,70_30,GRU
2024-11-04,20.6,20.5921,VIC,70_30,GRU
2024-11-05,20.65,20.5986,VIC,70_30,GRU
2024-11-06,20.9,20.6535,VIC,70_30,GRU
2024-11-07,20.85,20.92,VIC,70_30,GRU
2024-11-08,20.52,20.8517,VIC,70_30,GRU
2024-11-11,20.4,20.5011,VIC,70_30,GRU
2024-11-12,20.27,20.3883,VIC,70_30,GRU
2024-11-13,20.3,20.2578,VIC,70_30,GRU
2024-11-14,20.35,20.2961,VIC,70_30,GRU
2024-11-15,20.27,20.3502,VIC,70_30,GRU
2024-11-18,20.2,20.2647,VIC,70_30,GRU
2024-11-19,20.18,20.1942,VIC,70_30,GRU
2024-11-20,20.18,20.1778,VIC,70_30,GRU
2024-11-21,20.18,20.1793,VIC,70_30,GRU
2024-11-22,20.23,20.1794,VIC,70_30,GRU
2024-11-25,20.5,20.2335,VIC,70_30,GRU
2024-11-26,20.52,20.5208,VIC,70_30,GRU
2024-11-27,20.38,20.5281,VIC,70_30,GRU
2024-11-28,20.35,20.3749,VIC,70_30,GRU
2024-11-29,20.25,20.3487,VIC,70_30,GRU
2024-12-02,20.18,20.244,VIC,70_30,GRU
2024-12-03,20.2,20.1727,VIC,70_30,GRU
2024-12-04,20.0,20.1985,VIC,70_30,GRU
2024-12-05,20.42,19.9861,VIC,70_30,GRU
2024-12-06,20.92,20.4466,VIC,70_30,GRU
2024-12-09,20.92,20.9638,VIC,70_30,GRU
2024-12-10,20.6,20.9341,VIC,70_30,GRU
2024-12-11,20.65,20.5871,VIC,70_30,GRU
2024-12-12,20.45,20.6555,VIC,70_30,GRU
2024-12-13,20.4,20.4389,VIC,70_30,GRU
2024-12-16,20.35,20.3915,VIC,70_30,GRU
2024-12-17,20.27,20.3426,VIC,70_30,GRU
2024-12-18,20.3,20.2626,VIC,70_30,GRU
2024-12-19,20.15,20.2989,VIC,70_30,GRU
2024-12-20,20.25,20.1397,VIC,70_30,GRU
2024-12-23,20.3,20.2541,VIC,70_30,GRU
2024-12-24,20.3,20.3044,VIC,70_30,GRU
2024-12-25,20.32,20.3017,VIC,70_30,GRU
2024-12-26,20.32,20.3223,VIC,70_30,GRU
2024-12-27,20.27,20.3222,VIC,70_30,GRU
2024-12-30,20.27,20.2678,VIC,70_30,GRU
2024-12-31,20.27,20.2699,VIC,70_30,GRU
2025-01-02,20.27,20.2703,VIC,70_30,GRU
2025-01-03,20.25,20.2703,VIC,70_30,GRU
2025-01-06,20.25,20.249,VIC,70_30,GRU
2025-01-07,20.25,20.2503,VIC,70_30,GRU
2025-01-08,20.25,20.2505,VIC,70_30,GRU
2025-01-09,20.38,20.2505,VIC,70_30,GRU
2025-01-10,20.25,20.3896,VIC,70_30,GRU
2025-01-13,20.15,20.2446,VIC,70_30,GRU
2025-01-14,20.1,20.1428,VIC,70_30,GRU
2025-01-15,20.12,20.0951,VIC,70_30,GRU
2025-01-16,20.23,20.12,VIC,70_30,GRU
2025-01-17,20.23,20.2365,VIC,70_30,GRU
2025-01-20,20.2,20.232,VIC,70_30,GRU
2025-01-21,20.23,20.1996,VIC,70_30,GRU
2025-01-22,20.2,20.2332,VIC,70_30,GRU
2025-01-23,20.2,20.1997,VIC,70_30,GRU
2025-01-24,20.2,20.2002,VIC,70_30,GRU
2025-02-03,20.02,20.2004,VIC,70_30,GRU
2025-02-04,20.05,20.0086,VIC,70_30,GRU
2025-02-05,20.02,20.0491,VIC,70_30,GRU
2025-02-06,20.23,20.0175,VIC,70_30,GRU
2025-02-07,20.32,20.2438,VIC,70_30,GRU
2025-02-10,20.0,20.3299,VIC,70_30,GRU
2025-02-11,19.98,19.9838,VIC,70_30,GRU
2025-02-12,19.95,19.9758,VIC,70_30,GRU
2025-02-13,20.12,19.9474,VIC,70_30,GRU
2025-02-14,20.12,20.13,VIC,70_30,GRU
2025-02-17,20.05,20.1215,VIC,70_30,GRU
2025-02-18,20.1,20.0473,VIC,70_30,GRU
2025-02-19,20.2,20.104,VIC,70_30,GRU
2025-02-20,20.48,20.2092,VIC,70_30,GRU
2025-02-21,20.32,20.5026,VIC,70_30,GRU
2025-02-24,20.3,20.3167,VIC,70_30,GRU
2025-02-25,20.35,20.3003,VIC,70_30,GRU
2025-02-26,20.5,20.3552,VIC,70_30,GRU
2025-02-27,20.52,20.5127,VIC,70_30,GRU
2025-02-28,20.6,20.5243,VIC,70_30,GRU
2025-03-03,21.02,20.6084,VIC,70_30,GRU
2025-03-04,20.98,21.0545,VIC,70_30,GRU
2025-03-05,21.12,20.9888,VIC,70_30,GRU
2025-03-06,21.18,21.1349,VIC,70_30,GRU
2025-03-07,22.65,21.1913,VIC,70_30,GRU
2025-03-10,23.65,22.7778,VIC,70_30,GRU
2025-03-11,23.65,23.7626,VIC,70_30,GRU
2025-03-12,24.05,23.6898,VIC,70_30,GRU
2025-03-13,25.7,24.103,VIC,70_30,GRU
2025-03-14,26.1,25.8646,VIC,70_30,GRU
2025-03-17,26.05,26.1789,VIC,70_30,GRU
2025-03-18,25.65,26.077,VIC,70_30,GRU
2025-03-19,25.95,25.6446,VIC,70_30,GRU
2025-03-20,25.75,25.9803,VIC,70_30,GRU
2025-03-21,26.5,25.7425,VIC,70_30,GRU
2025-03-24,28.35,26.5529,VIC,70_30,GRU
2025-03-25,28.45,28.5162,VIC,70_30,GRU
2025-03-26,28.5,28.5096,VIC,70_30,GRU
2025-03-27,28.55,28.5319,VIC,70_30,GRU
2025-03-28,29.0,28.5777,VIC,70_30,GRU
2025-03-31,29.0,29.0496,VIC,70_30,GRU
2025-04-01,29.85,29.0119,VIC,70_30,GRU
2025-04-02,30.2,29.9197,VIC,70_30,GRU
2025-04-03,28.1,30.2477,VIC,70_30,GRU
2025-04-04,29.15,28.0072,VIC,70_30,GRU
2025-04-08,27.55,29.2164,VIC,70_30,GRU
2025-04-09,28.5,27.4778,VIC,70_30,GRU
2025-04-10,30.45,28.5512,VIC,70_30,GRU
2025-04-11,32.55,30.616,VIC,70_30,GRU
2025-04-14,34.8,32.7734,VIC,70_30,GRU
2025-04-15,35.25,35.0451,VIC,70_30,GRU
2025-04-16,33.95,35.3749,VIC,70_30,GRU
2025-04-17,35.5,33.9358,VIC,70_30,GRU
2025-04-18,33.05,35.6447,VIC,70_30,GRU
2025-04-21,30.75,32.965,VIC,70_30,GRU
2025-04-22,29.5,30.5957,VIC,70_30,GRU
2025-04-23,29.3,29.368,VIC,70_30,GRU
2025-04-24,31.35,29.2359,VIC,70_30,GRU
2025-04-25,33.5,31.4705,VIC,70_30,GRU
2025-04-28,34.0,33.6967,VIC,70_30,GRU
2025-04-29,34.0,34.098,VIC,70_30,GRU
2025-05-05,35.0,34.0498,VIC,70_30,GRU
2025-05-06,35.25,35.1145,VIC,70_30,GRU
2025-05-07,36.7,35.3098,VIC,70_30,GRU
2025-05-08,39.25,36.8312,VIC,70_30,GRU
2025-05-09,38.25,39.5005,VIC,70_30,GRU
2025-05-12,39.7,38.2737,VIC,70_30,GRU
2025-05-13,39.8,39.8404,VIC,70_30,GRU
2025-05-14,39.9,39.8651,VIC,70_30,GRU
2025-05-15,39.9,39.9379,VIC,70_30,GRU
2025-05-16,40.0,39.9099,VIC,70_30,GRU
2025-05-19,42.8,40.0206,VIC,70_30,GRU
2025-05-20,45.75,43.037,VIC,70_30,GRU
2025-05-21,46.75,46.0571,VIC,70_30,GRU
2025-05-22,46.25,46.9198,VIC,70_30,GRU
2025-05-23,46.5,46.294,VIC,70_30,GRU
2025-05-26,47.25,46.5656,VIC,70_30,GRU
2025-05-27,47.25,47.3365,VIC,70_30,GRU
2025-05-28,48.5,47.2729,VIC,70_30,GRU
2025-05-29,48.5,48.6002,VIC,70_30,GRU
2025-05-30,49.2,48.536,VIC,70_30,GRU
2025-06-02,49.0,49.2701,VIC,70_30,GRU
2025-06-03,49.05,49.0128,VIC,70_30,GRU
2025-06-04,49.05,49.0674,VIC,70_30,GRU
2025-06-05,49.0,49.0565,VIC,70_30,GRU
2025-06-06,48.5,49.0021,VIC,70_30,GRU
2025-06-09,45.15,48.4665,VIC,70_30,GRU
2025-06-10,45.3,44.958,VIC,70_30,GRU
2025-06-11,45.1,45.2568,VIC,70_30,GRU
2025-06-12,43.4,45.0599,VIC,70_30,GRU
2025-06-13,42.75,43.2688,VIC,70_30,GRU
2025-06-16,42.7,42.6565,VIC,70_30,GRU
2025-06-17,43.85,42.6694,VIC,70_30,GRU
2025-06-18,44.0,43.915,VIC,70_30,GRU
2025-06-19,44.7,44.0196,VIC,70_30,GRU
2025-06-20,43.4,44.7617,VIC,70_30,GRU
2025-06-23,46.4,43.3458,VIC,70_30,GRU
2025-06-24,47.9,46.6494,VIC,70_30,GRU
2025-06-25,47.9,48.0823,VIC,70_30,GRU
2025-06-26,47.5,47.9635,VIC,70_30,GRU
2025-06-27,47.75,47.5081,VIC,70_30,GRU
2025-06-30,47.8,47.7963,VIC,70_30,GRU
2025-07-01,47.8,47.8171,VIC,70_30,GRU
2025-07-02,47.7,47.802,VIC,70_30,GRU
2025-07-03,47.25,47.6946,VIC,70_30,GRU
2025-07-04,45.95,47.2218,VIC,70_30,GRU
2025-07-07,46.5,45.86,VIC,70_30,GRU
2025-07-08,46.65,46.5129,VIC,70_30,GRU
2025-07-09,47.5,46.6575,VIC,70_30,GRU
2025-07-10,50.8,47.5585,VIC,70_30,GRU
2025-07-11,54.0,51.0864,VIC,70_30,GRU
2025-07-14,56.5,54.3452,VIC,70_30,GRU
2025-07-15,55.8,56.8032,VIC,70_30,GRU
2025-07-16,58.7,55.8751,VIC,70_30,GRU
2025-07-17,61.0,58.9991,VIC,70_30,GRU
2025-07-18,59.5,61.2805,VIC,70_30,GRU
2025-07-21,56.0,59.5027,VIC,70_30,GRU
2025-07-22,58.75,55.8203,VIC,70_30,GRU
2025-07-23,57.5,58.9524,VIC,70_30,GRU
2025-07-24,58.0,57.4682,VIC,70_30,GRU
2025-07-25,57.05,58.0139,VIC,70_30,GRU
2025-07-28,57.8,56.9913,VIC,70_30,GRU
2025-07-29,56.6,57.8547,VIC,70_30,GRU
2025-07-30,54.75,56.5278,VIC,70_30,GRU
2025-07-31,52.75,54.6184,VIC,70_30,GRU
2025-08-01,52.0,52.5818,VIC,70_30,GRU
2025-08-04,55.6,51.8932,VIC,70_30,GRU
2025-08-05,58.75,55.8461,VIC,70_30,GRU
2025-08-06,59.25,59.0514,VIC,70_30,GRU
2025-08-07,57.5,59.3783,VIC,70_30,GRU
2025-08-08,58.5,57.4626,VIC,70_30,GRU
2025-08-11,57.75,58.6051,VIC,70_30,GRU
2025-08-12,57.75,57.736,VIC,70_30,GRU
2025-08-13,58.0,57.7392,VIC,70_30,GRU
2025-08-14,59.1,58.0088,VIC,70_30,GRU
2025-08-15,59.1,59.188,VIC,70_30,GRU
2025-08-18,59.1,59.1222,VIC,70_30,GRU
2025-08-19,59.1,59.1154,VIC,70_30,GRU
2025-08-20,62.1,59.1128,VIC,70_30,GRU
2025-08-21,62.5,62.3475,VIC,70_30,GRU
2025-08-22,62.05,62.5985,VIC,70_30,GRU
2025-08-25,65.5,62.0634,VIC,70_30,GRU
2025-08-26,67.75,65.8015,VIC,70_30,GRU
2025-08-27,66.0,68.0208,VIC,70_30,GRU
2025-08-28,65.05,65.9794,VIC,70_30,GRU
2025-08-29,64.15,65.01,VIC,70_30,GRU
2025-09-03,62.5,64.1025,VIC,70_30,GRU
2025-09-04,62.5,62.3725,VIC,70_30,GRU
2025-09-05,62.5,62.4434,VIC,70_30,GRU
2025-09-08,62.5,62.4729,VIC,70_30,GRU
2025-09-09,64.6,62.4832,VIC,70_30,GRU
2025-09-10,65.45,64.749,VIC,70_30,GRU
2025-09-11,68.0,65.5576,VIC,70_30,GRU
2025-09-12,68.9,68.2344,VIC,70_30,GRU
2025-09-15,68.9,69.0455,VIC,70_30,GRU
2025-09-16,67.5,68.9683,VIC,70_30,GRU
2025-09-17,71.55,67.448,VIC,70_30,GRU
2025-09-18,72.5,71.8866,VIC,70_30,GRU
2025-09-19,76.6,72.6606,VIC,70_30,GRU
2025-09-22,74.4,76.982,VIC,70_30,GRU
2025-09-23,74.6,74.3968,VIC,70_30,GRU
2025-09-24,74.5,74.6642,VIC,70_30,GRU
2025-09-25,79.0,74.5237,VIC,70_30,GRU
2025-09-26,82.0,79.384,VIC,70_30,GRU
2025-09-29,86.4,82.317,VIC,70_30,GRU
2025-09-30,87.45,86.8567,VIC,70_30,GRU
2025-10-01,85.0,87.6873,VIC,70_30,GRU
2025-10-02,85.5,84.9727,VIC,70_30,GRU
2025-10-03,88.25,85.5667,VIC,70_30,GRU
2025-10-06,89.85,88.4916,VIC,70_30,GRU
2025-10-07,90.0,90.0212,VIC,70_30,GRU
2025-10-08,89.05,90.0622,VIC,70_30,GRU
2025-10-09,89.75,89.0351,VIC,70_30,GRU
2025-10-10,96.0,89.8193,VIC,70_30,GRU
2025-10-13,102.7,96.5389,VIC,70_30,GRU
2025-10-14,105.95,103.3918,VIC,70_30,GRU
2025-10-15,104.75,106.4059,VIC,70_30,GRU
2025-10-16,106.55,104.8682,VIC,70_30,GRU
2025-10-17,102.0,106.7988,VIC,70_30,GRU
2025-10-20,97.45,101.8334,VIC,70_30,GRU
2025-10-21,101.7,97.1321,VIC,70_30,GRU
2025-10-22,101.5,101.932,VIC,70_30,GRU
2025-10-23,107.5,101.5324,VIC,70_30,GRU
2025-10-24,109.5,107.9666,VIC,70_30,GRU
2025-10-27,107.0,109.7892,VIC,70_30,GRU
2025-10-28,110.05,106.9814,VIC,70_30,GRU
2025-10-29,106.0,110.3127,VIC,70_30,GRU
2025-10-30,102.05,105.8631,VIC,70_30,GRU
2025-10-31,95.5,101.7682,VIC,70_30,GRU
2025-11-03,97.7,95.0293,VIC,70_30,GRU
2025-11-04,100.5,97.7188,VIC,70_30,GRU
2025-11-05,103.25,100.6479,VIC,70_30,GRU
2025-11-06,103.9,103.4655,VIC,70_30,GRU
2025-11-07,99.85,104.0109,VIC,70_30,GRU
2025-11-10,99.5,99.6878,VIC,70_30,GRU
2025-11-11,100.5,99.4615,VIC,70_30,GRU
2025-11-12,105.6,100.558,VIC,70_30,GRU
2025-11-13,105.6,105.996,VIC,70_30,GRU
2025-11-14,105.5,105.7008,VIC,70_30,GRU
2025-11-17,108.5,105.559,VIC,70_30,GRU
2025-11-18,110.0,108.7769,VIC,70_30,GRU
2025-11-19,110.25,110.2108,VIC,70_30,GRU
2025-11-20,114.0,110.3315,VIC,70_30,GRU
2025-11-21,114.85,114.3305,VIC,70_30,GRU
2025-11-24,119.75,115.0296,VIC,70_30,GRU
2025-11-25,121.5,120.1992,VIC,70_30,GRU
2025-11-26,122.5,121.7748,VIC,70_30,GRU
2025-11-27,124.0,122.6934,VIC,70_30,GRU
2025-11-28,130.2,124.1938,VIC,70_30,GRU
2025-12-01,134.95,130.7812,VIC,70_30,GRU
2025-12-02,137.5,135.4808,VIC,70_30,GRU
2025-12-03,134.7,137.8681,VIC,70_30,GRU
2025-12-04,133.5,134.6869,VIC,70_30,GRU
2025-12-05,142.8,133.4837,VIC,70_30,GRU
2025-12-08,152.7,143.5934,VIC,70_30,GRU
2025-12-09,160.0,153.7175,VIC,70_30,GRU
2025-12-10,148.8,160.8552,VIC,70_30,GRU
2025-12-11,146.0,148.5511,VIC,70_30,GRU
2025-12-12,144.0,145.8974,VIC,70_30,GRU
2025-12-15,142.9,143.8672,VIC,70_30,GRU
2025-12-16,142.9,142.7376,VIC,70_30,GRU
2025-12-17,142.9,142.768,VIC,70_30,GRU
2025-12-18,142.7,142.8589,VIC,70_30,GRU
2025-12-19,148.5,142.6687,VIC,70_30,GRU
2025-12-22,158.8,148.9397,VIC,70_30,GRU
2025-12-23,169.9,159.769,VIC,70_30,GRU
2025-12-24,169.8,171.0886,VIC,70_30,GRU
2025-12-25,158.0,170.2014,VIC,70_30,GRU
2025-12-26,155.0,157.6097,VIC,70_30,GRU
2025-12-29,159.7,154.8028,VIC,70_30,GRU
2025-12-30,163.0,159.9995,VIC,70_30,GRU
2025-12-31,169.6,163.2363,VIC,70_30,GRU
2026-01-05,173.1,170.1223,VIC,70_30,GRU
2026-01-06,173.1,173.5475,VIC,70_30,GRU
2026-01-07,179.0,173.3034,VIC,70_30,GRU
2026-01-08,176.6,179.5654,VIC,70_30,GRU
2026-01-09,176.0,176.654,VIC,70_30,GRU
2026-01-12,163.7,176.0108,VIC,70_30,GRU
2026-01-13,167.9,163.0486,VIC,70_30,GRU
2026-01-14,160.2,168.0686,VIC,70_30,GRU
2026-01-15,153.0,159.7315,VIC,70_30,GRU
2026-01-16,159.9,152.3958,VIC,70_30,GRU
2026-01-19,162.0,160.2212,VIC,70_30,GRU
2026-01-20,161.0,162.2326,VIC,70_30,GRU
2026-01-21,160.5,160.9594,VIC,70_30,GRU
2026-01-22,161.1,160.4869,VIC,70_30,GRU
2026-01-23,165.4,161.1955,VIC,70_30,GRU
2026-01-26,159.9,165.7381,VIC,70_30,GRU
2026-01-27,151.0,159.6596,VIC,70_30,GRU
2026-01-28,140.5,150.4406,VIC,70_30,GRU
2026-01-29,140.5,139.7457,VIC,70_30,GRU
2026-01-30,140.5,140.2388,VIC,70_30,GRU
2026-02-02,130.7,140.308,VIC,70_30,GRU
2026-02-03,130.7,130.0451,VIC,70_30,GRU
2026-02-04,121.6,130.4917,VIC,70_30,GRU
2026-02-05,130.1,121.0233,VIC,70_30,GRU
2026-02-06,131.0,130.6308,VIC,70_30,GRU
2026-02-09,132.3,131.1586,VIC,70_30,GRU
2026-02-10,141.5,132.4599,VIC,70_30,GRU
2026-02-11,150.8,142.3168,VIC,70_30,GRU
2026-02-12,159.0,151.8495,VIC,70_30,GRU
2026-02-13,160.0,159.9564,VIC,70_30,GRU
2026-02-23,162.3,160.4269,VIC,70_30,GRU
2026-02-24,162.9,162.7155,VIC,70_30,GRU
2026-02-25,158.0,163.1386,VIC,70_30,GRU
2026-02-26,168.9,157.8011,VIC,70_30,GRU
2026-02-27,172.0,169.7732,VIC,70_30,GRU
2026-03-02,167.2,172.4774,VIC,70_30,GRU
2026-03-03,155.5,167.0703,VIC,70_30,GRU
2026-03-04,155.6,154.8707,VIC,70_30,GRU
2026-03-05,164.8,155.4977,VIC,70_30,GRU
2026-03-06,156.5,165.4503,VIC,70_30,GRU
2026-03-09,145.6,156.1541,VIC,70_30,GRU
2026-03-10,141.8,144.9078,VIC,70_30,GRU
2026-03-11,146.0,141.3904,VIC,70_30,GRU
2026-03-12,145.0,146.1669,VIC,70_30,GRU
2026-03-13,144.6,144.8639,VIC,70_30,GRU
2026-03-16,144.7,144.5072,VIC,70_30,GRU
2026-03-17,146.2,144.7046,VIC,70_30,GRU
2026-03-18,146.0,146.332,VIC,70_30,GRU
2026-03-19,145.0,146.0128,VIC,70_30,GRU
2026-03-20,135.0,144.9473,VIC,70_30,GRU
2026-03-23,125.6,134.4483,VIC,70_30,GRU
2026-03-24,124.0,124.9089,VIC,70_30,GRU
2026-03-25,128.7,123.6405,VIC,70_30,GRU
2026-03-26,130.0,128.87,VIC,70_30,GRU
2026-03-27,132.6,130.053,VIC,70_30,GRU
2026-03-30,129.5,132.7959,VIC,70_30,GRU
2026-03-31,135.0,129.4039,VIC,70_30,GRU
2026-04-01,141.0,135.4549,VIC,70_30,GRU
2026-04-02,139.9,141.5939,VIC,70_30,GRU
2026-04-03,141.0,140.0204,VIC,70_30,GRU
2026-04-06,141.6,141.1528,VIC,70_30,GRU
2026-04-07,143.4,141.7488,VIC,70_30,GRU
2026-04-08,153.4,143.5914,VIC,70_30,GRU
2026-04-09,149.2,154.2711,VIC,70_30,GRU
2026-04-10,151.7,149.2206,VIC,70_30,GRU
2026-04-13,160.0,151.9563,VIC,70_30,GRU
2026-04-14,165.5,160.7892,VIC,70_30,GRU
2026-04-15,177.0,166.1742,VIC,70_30,GRU
2026-04-16,189.3,178.129,VIC,70_30,GRU
2026-04-17,187.9,190.689,VIC,70_30,GRU
2026-04-20,191.0,188.3119,VIC,70_30,GRU
2026-04-21,193.7,191.4753,VIC,70_30,GRU
2026-04-22,207.2,194.1412,VIC,70_30,GRU
2026-04-23,214.5,208.4909,VIC,70_30,GRU
2026-04-24,212.1,215.4016,VIC,70_30,GRU
2026-04-28,225.5,212.2941,VIC,70_30,GRU
2026-04-29,214.0,226.7768,VIC,70_30,GRU
2026-05-04,212.0,213.8116,VIC,70_30,GRU
2026-05-05,219.5,211.8932,VIC,70_30,GRU
2026-05-06,219.5,220.0621,VIC,70_30,GRU
2026-05-07,224.0,219.6786,VIC,70_30,GRU
2026-05-08,226.0,224.3245,VIC,70_30,GRU
2026-05-11,223.0,226.2896,VIC,70_30,GRU
2026-05-12,222.0,222.9503,VIC,70_30,GRU
2026-05-13,221.0,221.9415,VIC,70_30,GRU
2026-05-14,229.8,220.9399,VIC,70_30,GRU
2026-05-15,228.0,230.4473,VIC,70_30,GRU
2026-05-18,225.0,228.0503,VIC,70_30,GRU
2026-05-19,225.1,224.8603,VIC,70_30,GRU
2026-05-20,226.7,225.1105,VIC,70_30,GRU
2026-05-21,218.7,226.8443,VIC,70_30,GRU
2026-05-22,216.5,218.218,VIC,70_30,GRU
2026-05-25,218.8,216.2186,VIC,70_30,GRU
2026-05-26,213.0,218.8716,VIC,70_30,GRU
2026-05-27,210.8,212.6212,VIC,70_30,GRU
2026-05-28,210.8,210.5101,VIC,70_30,GRU
2026-05-29,211.3,210.715,VIC,70_30,GRU
2026-06-01,204.9,211.2922,VIC,70_30,GRU
2026-06-02,204.9,204.4638,VIC,70_30,GRU
2026-06-03,197.6,204.7852,VIC,70_30,GRU
2026-06-04,200.2,197.1033,VIC,70_30,GRU
2026-06-05,207.0,200.2241,VIC,70_30,GRU
2026-06-08,195.0,207.4659,VIC,70_30,GRU
2026-06-09,193.2,194.4679,VIC,70_30,GRU
2026-06-10,196.0,192.9547,VIC,70_30,GRU
2026-06-11,196.0,196.1574,VIC,70_30,GRU
2026-06-12,195.5,196.0134,VIC,70_30,GRU
2026-06-15,192.6,195.4102,VIC,70_30,GRU
2026-06-16,194.0,192.4173,VIC,70_30,GRU
2026-06-17,192.0,194.0668,VIC,70_30,GRU
2026-06-18,205.4,191.8713,VIC,70_30,GRU
2026-06-19,205.5,206.4736,VIC,70_30,GRU
2026-06-22,219.8,205.8159,VIC,70_30,GRU
2026-06-23,229.0,221.1407,VIC,70_30,GRU
2026-06-24,230.5,230.1386,VIC,70_30,GRU
2026-06-25,225.0,231.0589,VIC,70_30,GRU
2026-06-26,228.0,224.9056,VIC,70_30,GRU
2026-06-29,217.2,228.3286,VIC,70_30,GRU
2026-06-30,220.0,216.6632,VIC,70_30,GRU
2026-07-01,217.1,220.0396,VIC,70_30,GRU
2026-07-02,220.3,216.8745,VIC,70_30,GRU
2026-07-03,220.3,220.4573,VIC,70_30,GRU
2026-07-06,220.3,220.2993,VIC,70_30,GRU
2026-07-07,220.3,220.3383,VIC,70_30,GRU
2026-07-08,220.7,220.3139,VIC,70_30,GRU
2026-07-09,221.0,220.7578,VIC,70_30,GRU
2026-07-10,223.0,221.036,VIC,70_30,GRU
2026-07-13,221.5,223.1581,VIC,70_30,GRU
2026-07-14,219.0,221.4539,VIC,70_30,GRU
2026-07-15,217.0,218.8384,VIC,70_30,GRU
2026-07-16,223.0,216.8293,VIC,70_30,GRU
2026-07-17,220.0,223.3962,VIC,70_30,GRU
2026-07-20,220.0,219.8956,VIC,70_30,GRU
2026-07-21,217.3,219.9857,VIC,70_30,GRU
2026-07-22,202.1,217.1376,VIC,70_30,GRU
2026-07-23,214.0,201.2398,VIC,70_30,GRU
2026-07-24,213.1,214.7386,VIC,70_30,GRU
2026-07-27,213.5,213.2178,VIC,70_30,GRU
2026-07-28,213.8,213.5447,VIC,70_30,GRU
2026-07-29,219.4,213.8389,VIC,70_30,GRU
2026-07-30,220.0,219.9152,VIC,70_30,GRU
2026-07-31,214.1,220.1677,VIC,70_30,GRU
2026-08-03,213.0,213.8131,VIC,70_30,GRU
2026-08-04,218.0,212.8834,VIC,70_30,GRU
2026-08-05,220.0,218.3485,VIC,70_30,GRU
2026-08-06,218.8,220.2032,VIC,70_30,GRU
2026-08-07,215.0,218.7718,VIC,70_30,GRU
2026-08-10,208.5,214.7907,VIC,70_30,GRU
2026-08-11,208.5,208.0648,VIC,70_30,GRU
2026-08-12,215.5,208.358,VIC,70_30,GRU
2026-08-13,207.9,215.9387,VIC,70_30,GRU
2026-08-14,200.4,207.5336,VIC,70_30,GRU
2026-08-17,198.0,199.8487,VIC,70_30,GRU
2026-08-18,200.0,197.7026,VIC,70_30,GRU
2026-08-19,200.0,200.0263,VIC,70_30,GRU
2026-08-20,202.0,199.9159,VIC,70_30,GRU
2026-08-21,205.0,202.0988,VIC,70_30,GRU
2026-08-24,214.5,205.2605,VIC,70_30,GRU
2026-08-25,220.5,215.3378,VIC,70_30,GRU
2026-08-26,230.0,221.1979,VIC,70_30,GRU
2026-08-27,236.0,230.9883,VIC,70_30,GRU
2026-08-28,236.0,236.8006,VIC,70_30,GRU
2026-09-03,244.5,236.3415,VIC,70_30,GRU
2026-09-04,256.1,245.3363,VIC,70_30,GRU
2026-09-07,245.0,257.307,VIC,70_30,GRU
2026-09-08,249.6,244.7536,VIC,70_30,GRU
2026-09-09,247.7,249.9825,VIC,70_30,GRU
2026-09-10,247.7,247.7536,VIC,70_30,GRU
2026-09-11,243.3,247.728,VIC,70_30,GRU
2026-09-14,241.4,242.9706,VIC,70_30,GRU
2026-09-15,241.3,241.2159,VIC,70_30,GRU
2026-09-16,241.2,241.2093,VIC,70_30,GRU
2026-09-17,241.2,241.1464,VIC,70_30,GRU
2026-09-18,241.2,241.16,VIC,70_30,GRU
2026-09-21,235.0,241.1933,VIC,70_30,GRU
2026-09-22,243.8,234.6143,VIC,70_30,GRU
2026-09-23,236.0,244.3797,VIC,70_30,GRU
2026-09-24,230.0,235.6794,VIC,70_30,GRU
2026-09-25,232.0,229.5434,VIC,70_30,GRU
2026-09-28,231.9,232.0068,VIC,70_30,GRU
2026-09-29,230.0,231.8929,VIC,70_30,GRU
2026-09-30,227.9,229.8018,VIC,70_30,GRU
2026-10-01,220.0,227.706,VIC,70_30,GRU
2026-10-02,224.0,219.4723,VIC,70_30,GRU
2024-05-31,56.02,56.2841,VNM,70_30,GRU
2024-06-03,56.62,56.0088,VNM,70_30,GRU
2024-06-04,56.53,56.58,VNM,70_30,GRU
2024-06-05,58.67,56.5387,VNM,70_30,GRU
2024-06-06,57.56,58.5625,VNM,70_30,GRU
2024-06-07,58.07,57.6029,VNM,70_30,GRU
2024-06-10,57.56,58.004,VNM,70_30,GRU
2024-06-11,56.96,57.5511,VNM,70_30,GRU
2024-06-12,57.39,56.9543,VNM,70_30,GRU
2024-06-13,57.3,57.3678,VNM,70_30,GRU
2024-06-14,56.7,57.2972,VNM,70_30,GRU
2024-06-17,56.53,56.726,VNM,70_30,GRU
2024-06-18,56.45,56.5245,VNM,70_30,GRU
2024-06-19,55.93,56.4393,VNM,70_30,GRU
2024-06-20,56.53,55.9519,VNM,70_30,GRU
2024-06-21,56.53,56.4989,VNM,70_30,GRU
2024-06-24,56.1,56.5261,VNM,70_30,GRU
2024-06-25,56.1,56.109,VNM,70_30,GRU
2024-06-26,55.85,56.0822,VNM,70_30,GRU
2024-06-27,55.93,55.842,VNM,70_30,GRU
2024-06-28,56.1,55.9176,VNM,70_30,GRU
2024-07-01,56.53,56.0862,VNM,70_30,GRU
2024-07-02,56.7,56.4983,VNM,70_30,GRU
2024-07-03,56.7,56.6785,VNM,70_30,GRU
2024-07-04,56.87,56.6764,VNM,70_30,GRU
2024-07-05,57.56,56.835,VNM,70_30,GRU
2024-07-08,57.9,57.503,VNM,70_30,GRU
2024-07-09,57.82,57.8657,VNM,70_30,GRU
2024-07-10,57.22,57.799,VNM,70_30,GRU
2024-07-11,56.79,57.2151,VNM,70_30,GRU
2024-07-12,56.79,56.7783,VNM,70_30,GRU
2024-07-15,56.7,56.7761,VNM,70_30,GRU
2024-07-16,56.62,56.7044,VNM,70_30,GRU
2024-07-17,56.27,56.6243,VNM,70_30,GRU
2024-07-18,56.45,56.2783,VNM,70_30,GRU
2024-07-19,55.93,56.4278,VNM,70_30,GRU
2024-07-22,56.02,55.946,VNM,70_30,GRU
2024-07-23,56.45,56.0048,VNM,70_30,GRU
2024-07-24,56.19,56.423,VNM,70_30,GRU
2024-07-25,56.19,56.1932,VNM,70_30,GRU
2024-07-26,56.36,56.1764,VNM,70_30,GRU
2024-07-29,57.56,56.331,VNM,70_30,GRU
2024-07-30,57.99,57.4869,VNM,70_30,GRU
2024-07-31,61.33,57.9601,VNM,70_30,GRU
2024-08-01,60.21,61.1456,VNM,70_30,GRU
2024-08-02,61.24,60.2382,VNM,70_30,GRU
2024-08-05,59.44,61.1223,VNM,70_30,GRU
2024-08-06,62.27,59.4702,VNM,70_30,GRU
2024-08-07,63.21,62.0882,VNM,70_30,GRU
2024-08-08,62.27,63.1878,VNM,70_30,GRU
2024-08-09,62.78,62.2938,VNM,70_30,GRU
2024-08-12,62.53,62.7144,VNM,70_30,GRU
2024-08-13,63.21,62.479,VNM,70_30,GRU
2024-08-14,63.38,63.1576,VNM,70_30,GRU
2024-08-15,63.21,63.3659,VNM,70_30,GRU
2024-08-16,63.21,63.1907,VNM,70_30,GRU
2024-08-19,65.1,63.1834,VNM,70_30,GRU
2024-08-20,64.75,64.9837,VNM,70_30,GRU
2024-08-21,64.5,64.7569,VNM,70_30,GRU
2024-08-22,63.56,64.4791,VNM,70_30,GRU
2024-08-23,64.15,63.5604,VNM,70_30,GRU
2024-08-26,62.87,64.0843,VNM,70_30,GRU
2024-08-27,62.96,62.9349,VNM,70_30,GRU
2024-08-28,63.3,62.9509,VNM,70_30,GRU
2024-08-29,62.96,63.2867,VNM,70_30,GRU
2024-08-30,63.3,62.9718,VNM,70_30,GRU
2024-09-04,63.64,63.2813,VNM,70_30,GRU
2024-09-05,63.98,63.6043,VNM,70_30,GRU
2024-09-06,64.58,63.9445,VNM,70_30,GRU
2024-09-09,64.07,64.5312,VNM,70_30,GRU
2024-09-10,64.15,64.0639,VNM,70_30,GRU
2024-09-11,63.9,64.1111,VNM,70_30,GRU
2024-09-12,63.98,63.885,VNM,70_30,GRU
2024-09-13,62.44,63.9569,VNM,70_30,GRU
2024-09-16,61.59,62.5049,VNM,70_30,GRU
2024-09-17,62.87,61.6123,VNM,70_30,GRU
2024-09-18,62.78,62.8129,VNM,70_30,GRU
2024-09-19,62.78,62.8067,VNM,70_30,GRU
2024-09-20,62.27,62.7892,VNM,70_30,GRU
2024-09-23,62.44,62.2708,VNM,70_30,GRU
2024-09-24,62.31,62.3964,VNM,70_30,GRU
2024-09-25,61.69,62.3064,VNM,70_30,GRU
2024-09-26,62.66,61.7086,VNM,70_30,GRU
2024-09-27,62.93,62.6038,VNM,70_30,GRU
2024-09-30,62.13,62.9099,VNM,70_30,GRU
2024-10-01,62.13,62.1547,VNM,70_30,GRU
2024-10-02,62.13,62.1031,VNM,70_30,GRU
2024-10-03,62.31,62.1027,VNM,70_30,GRU
2024-10-04,60.71,62.294,VNM,70_30,GRU
2024-10-07,59.47,60.7818,VNM,70_30,GRU
2024-10-08,60.45,59.5072,VNM,70_30,GRU
2024-10-09,60.09,60.402,VNM,70_30,GRU
2024-10-10,60.0,60.1325,VNM,70_30,GRU
2024-10-11,60.0,60.0235,VNM,70_30,GRU
2024-10-14,59.56,59.991,VNM,70_30,GRU
2024-10-15,59.21,59.5566,VNM,70_30,GRU
2024-10-16,59.83,59.2161,VNM,70_30,GRU
2024-10-17,59.92,59.7904,VNM,70_30,GRU
2024-10-18,59.74,59.9125,VNM,70_30,GRU
2024-10-21,59.65,59.7389,VNM,70_30,GRU
2024-10-22,59.65,59.6319,VNM,70_30,GRU
2024-10-23,59.65,59.6245,VNM,70_30,GRU
2024-10-24,60.62,59.6363,VNM,70_30,GRU
2024-10-25,60.27,60.5629,VNM,70_30,GRU
2024-10-28,59.56,60.2748,VNM,70_30,GRU
2024-10-29,59.38,59.5672,VNM,70_30,GRU
2024-10-30,58.76,59.3591,VNM,70_30,GRU
2024-10-31,58.59,58.7714,VNM,70_30,GRU
2024-11-01,58.32,58.5993,VNM,70_30,GRU
2024-11-04,58.14,58.3364,VNM,70_30,GRU
2024-11-05,58.05,58.1466,VNM,70_30,GRU
2024-11-06,58.32,58.053,VNM,70_30,GRU
2024-11-07,58.41,58.3003,VNM,70_30,GRU
2024-11-08,58.23,58.3987,VNM,70_30,GRU
2024-11-11,57.79,58.2243,VNM,70_30,GRU
2024-11-12,57.52,57.7905,VNM,70_30,GRU
2024-11-13,57.61,57.5122,VNM,70_30,GRU
2024-11-14,57.61,57.5957,VNM,70_30,GRU
2024-11-15,56.46,57.6074,VNM,70_30,GRU
2024-11-18,56.02,56.5089,VNM,70_30,GRU
2024-11-19,55.84,56.0259,VNM,70_30,GRU
2024-11-20,56.37,55.8432,VNM,70_30,GRU
2024-11-21,56.64,56.3537,VNM,70_30,GRU
2024-11-22,56.99,56.6406,VNM,70_30,GRU
2024-11-25,56.99,56.9633,VNM,70_30,GRU
2024-11-26,57.43,56.9665,VNM,70_30,GRU
2024-11-27,57.26,57.3774,VNM,70_30,GRU
2024-11-28,57.17,57.2436,VNM,70_30,GRU
2024-11-29,57.26,57.1485,VNM,70_30,GRU
2024-12-02,57.17,57.2346,VNM,70_30,GRU
2024-12-03,56.64,57.1559,VNM,70_30,GRU
2024-12-04,56.1,56.6523,VNM,70_30,GRU
2024-12-05,56.99,56.1095,VNM,70_30,GRU
2024-12-06,56.81,56.9384,VNM,70_30,GRU
2024-12-09,56.81,56.8223,VNM,70_30,GRU
2024-12-10,56.64,56.803,VNM,70_30,GRU
2024-12-11,56.9,56.6285,VNM,70_30,GRU
2024-12-12,57.26,56.8615,VNM,70_30,GRU
2024-12-13,56.9,57.2329,VNM,70_30,GRU
2024-12-16,57.61,56.9026,VNM,70_30,GRU
2024-12-17,57.26,57.5555,VNM,70_30,GRU
2024-12-18,57.34,57.2572,VNM,70_30,GRU
2024-12-19,56.64,57.3137,VNM,70_30,GRU
2024-12-20,57.61,56.6555,VNM,70_30,GRU
2024-12-23,57.08,57.5431,VNM,70_30,GRU
2024-12-24,56.99,57.105,VNM,70_30,GRU
2024-12-25,57.08,56.9794,VNM,70_30,GRU
2024-12-26,56.99,57.0612,VNM,70_30,GRU
2024-12-27,56.99,56.9742,VNM,70_30,GRU
2024-12-30,56.55,56.983,VNM,70_30,GRU
2024-12-31,56.63,56.556,VNM,70_30,GRU
2025-01-02,56.37,56.6101,VNM,70_30,GRU
2025-01-03,56.28,56.3731,VNM,70_30,GRU
2025-01-06,55.83,56.2748,VNM,70_30,GRU
2025-01-07,55.12,55.8437,VNM,70_30,GRU
2025-01-08,55.12,55.141,VNM,70_30,GRU
2025-01-09,55.21,55.1136,VNM,70_30,GRU
2025-01-10,54.76,55.2072,VNM,70_30,GRU
2025-01-13,54.85,54.785,VNM,70_30,GRU
2025-01-14,55.03,54.84,VNM,70_30,GRU
2025-01-15,55.12,55.0102,VNM,70_30,GRU
2025-01-16,55.29,55.1065,VNM,70_30,GRU
2025-01-17,55.38,55.2708,VNM,70_30,GRU
2025-01-20,55.29,55.3558,VNM,70_30,GRU
2025-01-21,55.21,55.2733,VNM,70_30,GRU
2025-01-22,55.03,55.1934,VNM,70_30,GRU
2025-01-23,55.38,55.0201,VNM,70_30,GRU
2025-01-24,55.56,55.3492,VNM,70_30,GRU
2025-02-03,54.04,55.542,VNM,70_30,GRU
2025-02-04,53.78,54.0986,VNM,70_30,GRU
2025-02-05,54.94,53.7712,VNM,70_30,GRU
2025-02-06,54.22,54.8808,VNM,70_30,GRU
2025-02-07,54.31,54.2702,VNM,70_30,GRU
2025-02-10,54.13,54.3075,VNM,70_30,GRU
2025-02-11,53.95,54.1175,VNM,70_30,GRU
2025-02-12,54.49,53.9372,VNM,70_30,GRU
2025-02-13,54.22,54.4613,VNM,70_30,GRU
2025-02-14,53.87,54.2231,VNM,70_30,GRU
2025-02-17,53.6,53.8716,VNM,70_30,GRU
2025-02-18,53.87,53.5941,VNM,70_30,GRU
2025-02-19,54.31,53.8422,VNM,70_30,GRU
2025-02-20,54.22,54.2883,VNM,70_30,GRU
2025-02-21,54.85,54.2178,VNM,70_30,GRU
2025-02-24,56.99,54.8008,VNM,70_30,GRU
2025-02-25,56.19,56.8662,VNM,70_30,GRU
2025-02-26,56.37,56.2106,VNM,70_30,GRU
2025-02-27,55.56,56.3178,VNM,70_30,GRU
2025-02-28,55.56,55.5497,VNM,70_30,GRU
2025-03-03,56.46,55.524,VNM,70_30,GRU
2025-03-04,56.72,56.4216,VNM,70_30,GRU
2025-03-05,56.01,56.7064,VNM,70_30,GRU
2025-03-06,56.19,56.0328,VNM,70_30,GRU
2025-03-07,56.01,56.1481,VNM,70_30,GRU
2025-03-10,55.83,55.9936,VNM,70_30,GRU
2025-03-11,55.74,55.829,VNM,70_30,GRU
2025-03-12,55.56,55.7384,VNM,70_30,GRU
2025-03-13,55.38,55.5551,VNM,70_30,GRU
2025-03-14,55.47,55.3795,VNM,70_30,GRU
2025-03-17,56.28,55.4564,VNM,70_30,GRU
2025-03-18,55.83,56.2337,VNM,70_30,GRU
2025-03-19,55.65,55.8436,VNM,70_30,GRU
2025-03-20,55.21,55.6359,VNM,70_30,GRU
2025-03-21,54.76,55.2056,VNM,70_30,GRU
2025-03-24,54.85,54.7623,VNM,70_30,GRU
2025-03-25,54.85,54.8442,VNM,70_30,GRU
2025-03-26,54.67,54.8501,VNM,70_30,GRU
2025-03-27,54.58,54.6768,VNM,70_30,GRU
2025-03-28,53.87,54.5743,VNM,70_30,GRU
2025-03-31,54.13,53.8889,VNM,70_30,GRU
2025-04-01,54.31,54.1059,VNM,70_30,GRU
2025-04-02,54.04,54.2996,VNM,70_30,GRU
2025-04-03,50.47,54.0491,VNM,70_30,GRU
2025-04-04,52.26,50.6308,VNM,70_30,GRU
2025-04-08,48.68,52.17,VNM,70_30,GRU
2025-04-09,46.45,48.8977,VNM,70_30,GRU
2025-04-10,49.67,46.5893,VNM,70_30,GRU
2025-04-11,51.36,49.5952,VNM,70_30,GRU
2025-04-14,50.83,51.3597,VNM,70_30,GRU
2025-04-15,50.29,50.9235,VNM,70_30,GRU
2025-04-16,50.02,50.2743,VNM,70_30,GRU
2025-04-17,50.02,49.9492,VNM,70_30,GRU
2025-04-18,50.56,49.9955,VNM,70_30,GRU
2025-04-21,50.65,50.5412,VNM,70_30,GRU
2025-04-22,50.02,50.6465,VNM,70_30,GRU
2025-04-23,50.38,50.0351,VNM,70_30,GRU
2025-04-24,50.29,50.339,VNM,70_30,GRU
2025-04-25,52.08,50.2789,VNM,70_30,GRU
2025-04-28,51.36,51.9897,VNM,70_30,GRU
2025-04-29,51.45,51.3937,VNM,70_30,GRU
2025-05-05,50.83,51.4115,VNM,70_30,GRU
2025-05-06,50.83,50.8273,VNM,70_30,GRU
2025-05-07,51.1,50.8001,VNM,70_30,GRU
2025-05-08,51.27,51.0899,VNM,70_30,GRU
2025-05-09,51.54,51.2579,VNM,70_30,GRU
2025-05-12,52.35,51.5206,VNM,70_30,GRU
2025-05-13,52.26,52.2922,VNM,70_30,GRU
2025-05-14,51.98,52.2425,VNM,70_30,GRU
2025-05-15,52.54,51.9637,VNM,70_30,GRU
2025-05-16,51.98,52.4827,VNM,70_30,GRU
2025-05-19,51.8,51.9863,VNM,70_30,GRU
2025-05-20,51.7,51.7939,VNM,70_30,GRU
2025-05-21,51.24,51.6915,VNM,70_30,GRU
2025-05-22,50.87,51.2501,VNM,70_30,GRU
2025-05-23,51.15,50.8847,VNM,70_30,GRU
2025-05-26,51.52,51.1316,VNM,70_30,GRU
2025-05-27,51.24,51.5027,VNM,70_30,GRU
2025-05-28,51.06,51.2507,VNM,70_30,GRU
2025-05-29,50.96,51.0513,VNM,70_30,GRU
2025-05-30,50.78,50.943,VNM,70_30,GRU
2025-06-02,50.5,50.7752,VNM,70_30,GRU
2025-06-03,51.33,50.5071,VNM,70_30,GRU
2025-06-04,52.63,51.2836,VNM,70_30,GRU
2025-06-05,52.07,52.5654,VNM,70_30,GRU
2025-06-06,51.15,52.0865,VNM,70_30,GRU
2025-06-09,51.15,51.1575,VNM,70_30,GRU
2025-06-10,51.15,51.1076,VNM,70_30,GRU
2025-06-11,51.06,51.1363,VNM,70_30,GRU
2025-06-12,51.7,51.0742,VNM,70_30,GRU
2025-06-13,51.33,51.6705,VNM,70_30,GRU
2025-06-16,52.07,51.3365,VNM,70_30,GRU
2025-06-17,51.98,52.0162,VNM,70_30,GRU
2025-06-18,51.8,51.9675,VNM,70_30,GRU
2025-06-19,51.89,51.7835,VNM,70_30,GRU
2025-06-20,52.35,51.866,VNM,70_30,GRU
2025-06-23,51.7,52.3066,VNM,70_30,GRU
2025-06-24,52.17,51.7215,VNM,70_30,GRU
2025-06-25,52.54,52.1299,VNM,70_30,GRU
2025-06-26,52.17,52.5081,VNM,70_30,GRU
2025-06-27,53.46,52.1736,VNM,70_30,GRU
2025-06-30,53.65,53.3844,VNM,70_30,GRU
2025-07-01,53.18,53.6217,VNM,70_30,GRU
2025-07-02,53.37,53.1767,VNM,70_30,GRU
2025-07-03,53.18,53.329,VNM,70_30,GRU
2025-07-04,53.46,53.1574,VNM,70_30,GRU
2025-07-07,53.55,53.4351,VNM,70_30,GRU
2025-07-08,54.57,53.5381,VNM,70_30,GRU
2025-07-09,55.68,54.5054,VNM,70_30,GRU
2025-07-10,55.22,55.613,VNM,70_30,GRU
2025-07-11,55.31,55.2141,VNM,70_30,GRU
2025-07-14,55.77,55.2611,VNM,70_30,GRU
2025-07-15,55.59,55.7047,VNM,70_30,GRU
2025-07-16,55.59,55.5747,VNM,70_30,GRU
2025-07-17,55.59,55.5755,VNM,70_30,GRU
2025-07-18,55.68,55.5678,VNM,70_30,GRU
2025-07-21,55.5,55.6566,VNM,70_30,GRU
2025-07-22,55.68,55.4963,VNM,70_30,GRU
2025-07-23,57.07,55.6551,VNM,70_30,GRU
2025-07-24,58.92,56.9911,VNM,70_30,GRU
2025-07-25,58.45,58.8213,VNM,70_30,GRU
2025-07-28,58.55,58.449,VNM,70_30,GRU
2025-07-29,58.45,58.4856,VNM,70_30,GRU
2025-07-30,58.18,58.3931,VNM,70_30,GRU
2025-07-31,56.61,58.1559,VNM,70_30,GRU
2025-08-01,55.5,56.6742,VNM,70_30,GRU
2025-08-04,55.87,55.5364,VNM,70_30,GRU
2025-08-05,55.59,55.8586,VNM,70_30,GRU
2025-08-06,56.7,55.6313,VNM,70_30,GRU
2025-08-07,56.33,56.6727,VNM,70_30,GRU
2025-08-08,56.24,56.3507,VNM,70_30,GRU
2025-08-11,56.88,56.2169,VNM,70_30,GRU
2025-08-12,57.16,56.8251,VNM,70_30,GRU
2025-08-13,56.51,57.1234,VNM,70_30,GRU
2025-08-14,57.07,56.5269,VNM,70_30,GRU
2025-08-15,56.42,57.0157,VNM,70_30,GRU
2025-08-18,56.14,56.43,VNM,70_30,GRU
2025-08-19,55.96,56.1379,VNM,70_30,GRU
2025-08-20,55.5,55.9604,VNM,70_30,GRU
2025-08-21,55.59,55.5112,VNM,70_30,GRU
2025-08-22,54.29,55.586,VNM,70_30,GRU
2025-08-25,54.29,54.3486,VNM,70_30,GRU
2025-08-26,55.22,54.2829,VNM,70_30,GRU
2025-08-27,55.96,55.1827,VNM,70_30,GRU
2025-08-28,56.42,55.9344,VNM,70_30,GRU
2025-08-29,55.77,56.3964,VNM,70_30,GRU
2025-09-03,56.88,55.764,VNM,70_30,GRU
2025-09-04,57.16,56.7811,VNM,70_30,GRU
2025-09-05,56.33,57.1233,VNM,70_30,GRU
2025-09-08,56.05,56.3483,VNM,70_30,GRU
2025-09-09,55.77,56.0361,VNM,70_30,GRU
2025-09-10,55.31,55.7551,VNM,70_30,GRU
2025-09-11,56.61,55.3281,VNM,70_30,GRU
2025-09-12,58.45,56.5549,VNM,70_30,GRU
2025-09-15,58.36,58.3674,VNM,70_30,GRU
2025-09-16,59.84,58.3545,VNM,70_30,GRU
2025-09-17,60.21,59.7224,VNM,70_30,GRU
2025-09-18,58.82,60.1303,VNM,70_30,GRU
2025-09-19,57.35,58.8312,VNM,70_30,GRU
2025-09-22,56.79,57.376,VNM,70_30,GRU
2025-09-23,56.98,56.7854,VNM,70_30,GRU
2025-09-24,57.35,56.9876,VNM,70_30,GRU
2025-09-25,56.88,57.3694,VNM,70_30,GRU
2025-09-26,56.51,56.9177,VNM,70_30,GRU
2025-09-29,55.77,56.5128,VNM,70_30,GRU
2025-09-30,55.5,55.7846,VNM,70_30,GRU
2025-10-01,57.44,55.5018,VNM,70_30,GRU
2025-10-02,56.61,57.3575,VNM,70_30,GRU
2025-10-03,56.7,56.6648,VNM,70_30,GRU
2025-10-06,57.72,56.679,VNM,70_30,GRU
2025-10-07,56.79,57.6403,VNM,70_30,GRU
2025-10-08,58.64,56.8069,VNM,70_30,GRU
2025-10-09,58.18,58.5413,VNM,70_30,GRU
2025-10-10,57.72,58.1874,VNM,70_30,GRU
2025-10-13,59.19,57.7098,VNM,70_30,GRU
2025-10-14,58.73,59.0965,VNM,70_30,GRU
2025-10-15,58.82,58.7268,VNM,70_30,GRU
2025-10-16,59.26,58.8007,VNM,70_30,GRU
2025-10-17,56.94,59.2123,VNM,70_30,GRU
2025-10-20,53.26,57.0221,VNM,70_30,GRU
2025-10-21,54.71,53.4153,VNM,70_30,GRU
2025-10-22,54.52,54.6512,VNM,70_30,GRU
2025-10-23,54.81,54.6012,VNM,70_30,GRU
2025-10-24,56.26,54.8696,VNM,70_30,GRU
2025-10-27,55.19,56.2187,VNM,70_30,GRU
2025-10-28,55.58,55.2101,VNM,70_30,GRU
2025-10-29,55.68,55.5311,VNM,70_30,GRU
2025-10-30,55.29,55.6461,VNM,70_30,GRU
2025-10-31,55.77,55.2864,VNM,70_30,GRU
2025-11-03,55.48,55.7412,VNM,70_30,GRU
2025-11-04,55.48,55.4766,VNM,70_30,GRU
2025-11-05,56.16,55.4646,VNM,70_30,GRU
2025-11-06,56.16,56.1145,VNM,70_30,GRU
2025-11-07,55.77,56.1443,VNM,70_30,GRU
2025-11-10,55.19,55.7709,VNM,70_30,GRU
2025-11-11,57.03,55.1903,VNM,70_30,GRU
2025-11-12,57.9,56.9239,VNM,70_30,GRU
2025-11-13,59.84,57.8643,VNM,70_30,GRU
2025-11-14,60.81,59.7338,VNM,70_30,GRU
2025-11-17,60.13,60.7221,VNM,70_30,GRU
2025-11-18,58.78,60.0858,VNM,70_30,GRU
2025-11-19,58.97,58.7731,VNM,70_30,GRU
2025-11-20,58.78,58.9065,VNM,70_30,GRU
2025-11-21,58.0,58.7854,VNM,70_30,GRU
2025-11-24,61.0,58.051,VNM,70_30,GRU
2025-11-25,59.94,60.8691,VNM,70_30,GRU
2025-11-26,60.81,60.0017,VNM,70_30,GRU
2025-11-27,60.03,60.746,VNM,70_30,GRU
2025-11-28,61.97,60.033,VNM,70_30,GRU
2025-12-01,62.84,61.8293,VNM,70_30,GRU
2025-12-02,62.94,62.8017,VNM,70_30,GRU
2025-12-03,62.55,62.9022,VNM,70_30,GRU
2025-12-04,61.39,62.524,VNM,70_30,GRU
2025-12-05,61.39,61.383,VNM,70_30,GRU
2025-12-08,61.49,61.3609,VNM,70_30,GRU
2025-12-09,60.52,61.4862,VNM,70_30,GRU
2025-12-10,61.1,60.5745,VNM,70_30,GRU
2025-12-11,59.55,61.0722,VNM,70_30,GRU
2025-12-12,58.29,59.6183,VNM,70_30,GRU
2025-12-15,60.03,58.3394,VNM,70_30,GRU
2025-12-16,62.16,59.957,VNM,70_30,GRU
2025-12-17,60.91,62.0849,VNM,70_30,GRU
2025-12-18,61.87,60.9931,VNM,70_30,GRU
2025-12-19,61.97,61.7816,VNM,70_30,GRU
2025-12-22,61.2,61.9054,VNM,70_30,GRU
2025-12-23,60.62,61.2009,VNM,70_30,GRU
2025-12-24,59.55,60.6321,VNM,70_30,GRU
2025-12-25,59.36,59.5746,VNM,70_30,GRU
2025-12-26,59.55,59.3675,VNM,70_30,GRU
2025-12-29,60.13,59.5571,VNM,70_30,GRU
2025-12-30,59.84,60.1162,VNM,70_30,GRU
2025-12-31,59.26,59.8569,VNM,70_30,GRU
2026-01-05,58.39,59.2645,VNM,70_30,GRU
2026-01-06,58.87,58.4043,VNM,70_30,GRU
2026-01-07,58.97,58.8326,VNM,70_30,GRU
2026-01-08,60.23,58.9744,VNM,70_30,GRU
2026-01-09,59.07,60.1748,VNM,70_30,GRU
2026-01-12,60.71,59.1188,VNM,70_30,GRU
2026-01-13,61.29,60.5972,VNM,70_30,GRU
2026-01-14,65.55,61.2442,VNM,70_30,GRU
2026-01-15,68.75,65.3242,VNM,70_30,GRU
2026-01-16,67.39,68.5823,VNM,70_30,GRU
2026-01-19,68.36,67.3752,VNM,70_30,GRU
2026-01-20,71.07,68.1899,VNM,70_30,GRU
2026-01-21,68.07,70.824,VNM,70_30,GRU
2026-01-22,68.65,68.1782,VNM,70_30,GRU
2026-01-23,65.07,68.591,VNM,70_30,GRU
2026-01-26,66.72,65.2078,VNM,70_30,GRU
2026-01-27,65.55,66.6401,VNM,70_30,GRU
2026-01-28,65.55,65.678,VNM,70_30,GRU
2026-01-29,68.85,65.5717,VNM,70_30,GRU
2026-01-30,68.36,68.7292,VNM,70_30,GRU
2026-02-02,70.3,68.3774,VNM,70_30,GRU
2026-02-03,69.33,70.1821,VNM,70_30,GRU
2026-02-04,69.72,69.3191,VNM,70_30,GRU
2026-02-05,66.91,69.6234,VNM,70_30,GRU
2026-02-06,66.91,67.0155,VNM,70_30,GRU
2026-02-09,67.39,66.8756,VNM,70_30,GRU
2026-02-10,66.23,67.3917,VNM,70_30,GRU
2026-02-11,66.91,66.3107,VNM,70_30,GRU
2026-02-12,66.81,66.8983,VNM,70_30,GRU
2026-02-13,67.3,66.8041,VNM,70_30,GRU
2026-02-23,68.36,67.2646,VNM,70_30,GRU
2026-02-24,67.97,68.3015,VNM,70_30,GRU
2026-02-25,70.01,67.9593,VNM,70_30,GRU
2026-02-26,68.36,69.8793,VNM,70_30,GRU
2026-02-27,66.04,68.4092,VNM,70_30,GRU
2026-03-02,64.49,66.103,VNM,70_30,GRU
2026-03-03,61.39,64.5332,VNM,70_30,GRU
2026-03-04,62.84,61.5345,VNM,70_30,GRU
2026-03-05,61.2,62.834,VNM,70_30,GRU
2026-03-06,60.42,61.3638,VNM,70_30,GRU
2026-03-09,56.26,60.5007,VNM,70_30,GRU
2026-03-10,60.13,56.4798,VNM,70_30,GRU
2026-03-11,61.0,59.9748,VNM,70_30,GRU
2026-03-12,59.65,61.0715,VNM,70_30,GRU
2026-03-13,61.1,59.7649,VNM,70_30,GRU
2026-03-16,59.84,61.0215,VNM,70_30,GRU
2026-03-17,59.55,59.8351,VNM,70_30,GRU
2026-03-18,59.74,59.5435,VNM,70_30,GRU
2026-03-19,59.07,59.7269,VNM,70_30,GRU
2026-03-20,58.1,59.0889,VNM,70_30,GRU
2026-03-23,58.87,58.1498,VNM,70_30,GRU
2026-03-24,59.26,58.8257,VNM,70_30,GRU
2026-03-25,60.13,59.2475,VNM,70_30,GRU
2026-03-26,59.07,60.0936,VNM,70_30,GRU
2026-03-27,59.55,59.1059,VNM,70_30,GRU
2026-03-30,58.68,59.484,VNM,70_30,GRU
2026-03-31,58.58,58.6988,VNM,70_30,GRU
2026-04-01,59.36,58.5677,VNM,70_30,GRU
2026-04-02,58.87,59.326,VNM,70_30,GRU
2026-04-03,58.1,58.8882,VNM,70_30,GRU
2026-04-06,58.97,58.1268,VNM,70_30,GRU
2026-04-07,59.07,58.9071,VNM,70_30,GRU
2026-04-08,60.62,59.0572,VNM,70_30,GRU
2026-04-09,59.84,60.5446,VNM,70_30,GRU
2026-04-10,60.81,59.8638,VNM,70_30,GRU
2026-04-13,60.81,60.7183,VNM,70_30,GRU
2026-04-14,60.03,60.7791,VNM,70_30,GRU
2026-04-15,59.36,60.0314,VNM,70_30,GRU
2026-04-16,59.16,59.3702,VNM,70_30,GRU
2026-04-17,59.36,59.1456,VNM,70_30,GRU
2026-04-20,59.55,59.3541,VNM,70_30,GRU
2026-04-21,59.65,59.5507,VNM,70_30,GRU
2026-04-22,59.84,59.6412,VNM,70_30,GRU
2026-04-23,60.03,59.8128,VNM,70_30,GRU
2026-04-24,59.45,59.9979,VNM,70_30,GRU
2026-04-28,59.26,59.4551,VNM,70_30,GRU
2026-04-29,58.97,59.2451,VNM,70_30,GRU
2026-05-04,58.97,58.9672,VNM,70_30,GRU
2026-05-05,59.16,58.962,VNM,70_30,GRU
2026-05-06,59.55,59.1501,VNM,70_30,GRU
2026-05-07,59.55,59.5238,VNM,70_30,GRU
2026-05-08,58.97,59.5373,VNM,70_30,GRU
2026-05-11,58.68,58.9741,VNM,70_30,GRU
2026-05-12,58.19,58.6672,VNM,70_30,GRU
2026-05-13,57.42,58.1965,VNM,70_30,GRU
2026-05-14,58.19,57.4514,VNM,70_30,GRU
2026-05-15,57.9,58.1563,VNM,70_30,GRU
2026-05-18,58.58,57.9216,VNM,70_30,GRU
2026-05-19,57.9,58.5453,VNM,70_30,GRU
2026-05-20,57.23,57.9213,VNM,70_30,GRU
2026-05-21,57.13,57.2313,VNM,70_30,GRU
2026-05-22,57.61,57.1185,VNM,70_30,GRU
2026-05-25,57.23,57.5802,VNM,70_30,GRU
2026-05-26,57.23,57.2563,VNM,70_30,GRU
2026-05-27,56.94,57.2209,VNM,70_30,GRU
2026-05-28,57.13,56.9358,VNM,70_30,GRU
2026-05-29,57.32,57.1041,VNM,70_30,GRU
2026-06-01,57.23,57.305,VNM,70_30,GRU
2026-06-02,56.74,57.222,VNM,70_30,GRU
2026-06-03,56.45,56.7467,VNM,70_30,GRU
2026-06-04,56.74,56.442,VNM,70_30,GRU
2026-06-05,56.55,56.7143,VNM,70_30,GRU
2026-06-08,56.16,56.5569,VNM,70_30,GRU
2026-06-09,56.45,56.1719,VNM,70_30,GRU
2026-06-10,57.03,56.4221,VNM,70_30,GRU
2026-06-11,57.32,56.9912,VNM,70_30,GRU
2026-06-12,57.13,57.2989,VNM,70_30,GRU
2026-06-15,57.81,57.1195,VNM,70_30,GRU
2026-06-16,57.23,57.7451,VNM,70_30,GRU
2026-06-17,57.13,57.2324,VNM,70_30,GRU
2026-06-18,57.32,57.1103,VNM,70_30,GRU
2026-06-19,57.13,57.2936,VNM,70_30,GRU
2026-06-22,56.74,57.1244,VNM,70_30,GRU
2026-06-23,56.55,56.7509,VNM,70_30,GRU
2026-06-24,56.45,56.543,VNM,70_30,GRU
2026-06-25,56.45,56.4431,VNM,70_30,GRU
2026-06-26,56.3,56.4457,VNM,70_30,GRU
2026-06-29,56.1,56.3018,VNM,70_30,GRU
2026-06-30,54.8,56.0982,VNM,70_30,GRU
2026-07-01,55.2,54.8487,VNM,70_30,GRU
2026-07-02,55.5,55.1696,VNM,70_30,GRU
2026-07-03,54.9,55.4926,VNM,70_30,GRU
2026-07-06,55.3,54.9353,VNM,70_30,GRU
2026-07-07,55.1,55.2763,VNM,70_30,GRU
2026-07-08,55.7,55.0911,VNM,70_30,GRU
2026-07-09,55.7,55.6582,VNM,70_30,GRU
2026-07-10,56.6,55.6916,VNM,70_30,GRU
2026-07-13,55.4,56.5339,VNM,70_30,GRU
2026-07-14,56.0,55.4387,VNM,70_30,GRU
2026-07-15,56.2,55.9387,VNM,70_30,GRU
2026-07-16,56.2,56.1768,VNM,70_30,GRU
2026-07-17,59.0,56.1865,VNM,70_30,GRU
2026-07-20,58.5,58.8642,VNM,70_30,GRU
2026-07-21,58.4,58.5094,VNM,70_30,GRU
2026-07-22,59.1,58.3621,VNM,70_30,GRU
2026-07-23,57.8,59.0131,VNM,70_30,GRU
2026-07-24,58.9,57.817,VNM,70_30,GRU
2026-07-27,57.9,58.8357,VNM,70_30,GRU
2026-07-28,59.6,57.9416,VNM,70_30,GRU
2026-07-29,60.0,59.5078,VNM,70_30,GRU
2026-07-30,61.2,59.9868,VNM,70_30,GRU
2026-07-31,60.9,61.1126,VNM,70_30,GRU
2026-08-03,60.3,60.8857,VNM,70_30,GRU
2026-08-04,59.5,60.2672,VNM,70_30,GRU
2026-08-05,58.6,59.498,VNM,70_30,GRU
2026-08-06,59.0,58.6176,VNM,70_30,GRU
2026-08-07,62.0,58.9865,VNM,70_30,GRU
2026-08-10,62.1,61.882,VNM,70_30,GRU
2026-08-11,62.0,62.1176,VNM,70_30,GRU
2026-08-12,61.8,61.9702,VNM,70_30,GRU
2026-08-13,61.6,61.738,VNM,70_30,GRU
2026-08-14,61.6,61.5471,VNM,70_30,GRU
2026-08-17,62.2,61.5849,VNM,70_30,GRU
2026-08-18,62.1,62.1622,VNM,70_30,GRU
2026-08-19,63.1,62.096,VNM,70_30,GRU
2026-08-20,64.0,63.0333,VNM,70_30,GRU
2026-08-21,63.8,63.9342,VNM,70_30,GRU
2026-08-24,63.2,63.7768,VNM,70_30,GRU
2026-08-25,62.6,63.1869,VNM,70_30,GRU
2026-08-26,62.8,62.5822,VNM,70_30,GRU
2026-08-27,62.5,62.7686,VNM,70_30,GRU
2026-08-28,62.3,62.5169,VNM,70_30,GRU
2026-09-03,61.2,62.3087,VNM,70_30,GRU
2026-09-04,61.9,61.2433,VNM,70_30,GRU
2026-09-07,60.7,61.8536,VNM,70_30,GRU
2026-09-08,61.0,60.7626,VNM,70_30,GRU
2026-09-09,61.3,60.9831,VNM,70_30,GRU
2026-09-10,61.6,61.2897,VNM,70_30,GRU
2026-09-11,59.9,61.577,VNM,70_30,GRU
2026-09-14,59.3,59.9759,VNM,70_30,GRU
2026-09-15,59.7,59.2976,VNM,70_30,GRU
2026-09-16,59.6,59.6739,VNM,70_30,GRU
2026-09-17,60.2,59.6204,VNM,70_30,GRU
2026-09-18,61.2,60.1881,VNM,70_30,GRU
2026-09-21,60.3,61.1422,VNM,70_30,GRU
2026-09-22,61.2,60.3191,VNM,70_30,GRU
2026-09-23,60.5,61.1229,VNM,70_30,GRU
2026-09-24,60.6,60.5048,VNM,70_30,GRU
2026-09-25,59.8,60.5697,VNM,70_30,GRU
2026-09-28,60.3,59.8287,VNM,70_30,GRU
2026-09-29,60.3,60.2566,VNM,70_30,GRU
2026-09-30,59.4,60.3031,VNM,70_30,GRU
2026-10-01,58.6,59.4332,VNM,70_30,GRU
2026-10-02,57.3,58.6237,VNM,70_30,GRU
2025-03-12,65.67,63.7371,VCB,80_20,GRU
2025-03-13,64.49,65.7178,VCB,80_20,GRU
2025-03-14,64.98,64.4424,VCB,80_20,GRU
2025-03-17,66.26,65.0176,VCB,80_20,GRU
2025-03-18,65.77,66.325,VCB,80_20,GRU
2025-03-19,65.47,65.7665,VCB,80_20,GRU
2025-03-20,65.77,65.4941,VCB,80_20,GRU
2025-03-21,64.98,65.8229,VCB,80_20,GRU
2025-03-24,65.47,65.0075,VCB,80_20,GRU
2025-03-25,65.18,65.5494,VCB,80_20,GRU
2025-03-26,64.78,65.2235,VCB,80_20,GRU
2025-03-27,64.49,64.8225,VCB,80_20,GRU
2025-03-28,63.8,64.5448,VCB,80_20,GRU
2025-03-31,63.01,63.8478,VCB,80_20,GRU
2025-04-01,63.5,63.0684,VCB,80_20,GRU
2025-04-02,63.8,63.6,VCB,80_20,GRU
2025-04-03,59.37,63.869,VCB,80_20,GRU
2025-04-04,59.07,59.3253,VCB,80_20,GRU
2025-04-08,54.94,59.2116,VCB,80_20,GRU
2025-04-09,51.69,54.9846,VCB,80_20,GRU
2025-04-10,55.23,51.8012,VCB,80_20,GRU
2025-04-11,58.88,55.5954,VCB,80_20,GRU
2025-04-14,58.38,59.0569,VCB,80_20,GRU
2025-04-15,59.07,58.3031,VCB,80_20,GRU
2025-04-16,58.38,59.0221,VCB,80_20,GRU
2025-04-17,57.2,58.3271,VCB,80_20,GRU
2025-04-18,57.2,57.2023,VCB,80_20,GRU
2025-04-21,57.3,57.2813,VCB,80_20,GRU
2025-04-22,57.6,57.3753,VCB,80_20,GRU
2025-04-23,57.1,57.6653,VCB,80_20,GRU
2025-04-24,57.3,57.1269,VCB,80_20,GRU
2025-04-25,56.61,57.3506,VCB,80_20,GRU
2025-04-28,56.61,56.6372,VCB,80_20,GRU
2025-04-29,56.42,56.6689,VCB,80_20,GRU
2025-05-05,56.22,56.4722,VCB,80_20,GRU
2025-05-06,56.12,56.2687,VCB,80_20,GRU
2025-05-07,56.12,56.1716,VCB,80_20,GRU
2025-05-08,56.22,56.17,VCB,80_20,GRU
2025-05-09,55.73,56.2687,VCB,80_20,GRU
2025-05-12,55.73,55.7591,VCB,80_20,GRU
2025-05-13,55.92,55.7811,VCB,80_20,GRU
2025-05-14,57.79,55.9744,VCB,80_20,GRU
2025-05-15,57.79,57.8776,VCB,80_20,GRU
2025-05-16,56.61,57.7814,VCB,80_20,GRU
2025-05-19,56.12,56.5811,VCB,80_20,GRU
2025-05-20,56.22,56.1538,VCB,80_20,GRU
2025-05-21,56.22,56.291,VCB,80_20,GRU
2025-05-22,56.02,56.2844,VCB,80_20,GRU
2025-05-23,55.92,56.0667,VCB,80_20,GRU
2025-05-26,56.12,55.9646,VCB,80_20,GRU
2025-05-27,55.92,56.1715,VCB,80_20,GRU
2025-05-28,55.92,55.9554,VCB,80_20,GRU
2025-05-29,55.82,55.9633,VCB,80_20,GRU
2025-05-30,55.53,55.8603,VCB,80_20,GRU
2025-06-02,55.33,55.5674,VCB,80_20,GRU
2025-06-03,55.92,55.3762,VCB,80_20,GRU
2025-06-04,55.73,55.9873,VCB,80_20,GRU
2025-06-05,55.43,55.7596,VCB,80_20,GRU
2025-06-06,55.23,55.4589,VCB,80_20,GRU
2025-06-09,55.04,55.2706,VCB,80_20,GRU
2025-06-10,55.04,55.0863,VCB,80_20,GRU
2025-06-11,54.84,55.0941,VCB,80_20,GRU
2025-06-12,55.14,54.8836,VCB,80_20,GRU
2025-06-13,55.33,55.1955,VCB,80_20,GRU
2025-06-16,55.73,55.3719,VCB,80_20,GRU
2025-06-17,56.32,55.7697,VCB,80_20,GRU
2025-06-18,55.82,56.3557,VCB,80_20,GRU
2025-06-19,55.73,55.8206,VCB,80_20,GRU
2025-06-20,56.22,55.761,VCB,80_20,GRU
2025-06-23,55.73,56.2751,VCB,80_20,GRU
2025-06-24,55.73,55.7519,VCB,80_20,GRU
2025-06-25,55.73,55.7757,VCB,80_20,GRU
2025-06-26,55.53,55.7752,VCB,80_20,GRU
2025-06-27,55.82,55.569,VCB,80_20,GRU
2025-06-30,56.12,55.8749,VCB,80_20,GRU
2025-07-01,57.3,56.164,VCB,80_20,GRU
2025-07-02,57.1,57.3563,VCB,80_20,GRU
2025-07-03,57.01,57.0963,VCB,80_20,GRU
2025-07-04,57.5,57.021,VCB,80_20,GRU
2025-07-07,57.7,57.5414,VCB,80_20,GRU
2025-07-08,58.09,57.7305,VCB,80_20,GRU
2025-07-09,60.55,58.1261,VCB,80_20,GRU
2025-07-10,60.45,60.6308,VCB,80_20,GRU
2025-07-11,61.73,60.4123,VCB,80_20,GRU
2025-07-14,61.44,61.7397,VCB,80_20,GRU
2025-07-15,60.45,61.4103,VCB,80_20,GRU
2025-07-16,60.85,60.437,VCB,80_20,GRU
2025-07-17,61.24,60.9192,VCB,80_20,GRU
2025-07-18,60.94,61.3013,VCB,80_20,GRU
2025-07-21,60.35,60.9727,VCB,80_20,GRU
2025-07-22,61.24,60.3796,VCB,80_20,GRU
2025-07-23,61.14,61.32,VCB,80_20,GRU
2025-07-24,61.14,61.1739,VCB,80_20,GRU
2025-07-25,61.04,61.1756,VCB,80_20,GRU
2025-07-28,61.83,61.0754,VCB,80_20,GRU
2025-07-29,60.06,61.8912,VCB,80_20,GRU
2025-07-30,59.96,60.05,VCB,80_20,GRU
2025-07-31,59.27,60.0304,VCB,80_20,GRU
2025-08-01,59.27,59.3294,VCB,80_20,GRU
2025-08-04,60.16,59.3511,VCB,80_20,GRU
2025-08-05,60.55,60.2522,VCB,80_20,GRU
2025-08-06,61.34,60.5887,VCB,80_20,GRU
2025-08-07,60.75,61.3746,VCB,80_20,GRU
2025-08-08,60.94,60.7397,VCB,80_20,GRU
2025-08-11,61.53,60.9746,VCB,80_20,GRU
2025-08-12,62.03,61.5831,VCB,80_20,GRU
2025-08-13,61.53,62.0688,VCB,80_20,GRU
2025-08-14,64.19,61.5379,VCB,80_20,GRU
2025-08-15,63.31,64.2942,VCB,80_20,GRU
2025-08-18,63.5,63.2717,VCB,80_20,GRU
2025-08-19,63.21,63.5147,VCB,80_20,GRU
2025-08-20,62.03,63.2309,VCB,80_20,GRU
2025-08-21,63.21,62.0478,VCB,80_20,GRU
2025-08-22,63.6,63.3254,VCB,80_20,GRU
2025-08-25,62.62,63.6537,VCB,80_20,GRU
2025-08-26,63.6,62.6244,VCB,80_20,GRU
2025-08-27,68.03,63.6771,VCB,80_20,GRU
2025-08-28,67.93,68.1746,VCB,80_20,GRU
2025-08-29,67.54,67.8502,VCB,80_20,GRU
2025-09-03,65.97,67.471,VCB,80_20,GRU
2025-09-04,67.84,65.931,VCB,80_20,GRU
2025-09-05,66.46,67.9599,VCB,80_20,GRU
2025-09-08,64.29,66.4734,VCB,80_20,GRU
2025-09-09,63.9,64.3049,VCB,80_20,GRU
2025-09-10,64.78,64.0078,VCB,80_20,GRU
2025-09-11,64.69,64.9148,VCB,80_20,GRU
2025-09-12,64.78,64.757,VCB,80_20,GRU
2025-09-15,64.78,64.8284,VCB,80_20,GRU
2025-09-16,64.59,64.8166,VCB,80_20,GRU
2025-09-17,63.8,64.6259,VCB,80_20,GRU
2025-09-18,62.91,63.8326,VCB,80_20,GRU
2025-09-19,62.03,62.9592,VCB,80_20,GRU
2025-09-22,61.04,62.0972,VCB,80_20,GRU
2025-09-23,61.24,61.1144,VCB,80_20,GRU
2025-09-24,61.73,61.3506,VCB,80_20,GRU
2025-09-25,62.03,61.8202,VCB,80_20,GRU
2025-09-26,62.03,62.0823,VCB,80_20,GRU
2025-09-29,61.63,62.0585,VCB,80_20,GRU
2025-09-30,61.04,61.6508,VCB,80_20,GRU
2025-10-01,61.44,61.0742,VCB,80_20,GRU
2025-10-02,61.14,61.5164,VCB,80_20,GRU
2025-10-03,61.19,61.1856,VCB,80_20,GRU
2025-10-06,63.47,61.2439,VCB,80_20,GRU
2025-10-07,63.17,63.5753,VCB,80_20,GRU
2025-10-08,64.06,63.1508,VCB,80_20,GRU
2025-10-09,63.27,64.0811,VCB,80_20,GRU
2025-10-10,63.67,63.2515,VCB,80_20,GRU
2025-10-13,62.58,63.715,VCB,80_20,GRU
2025-10-14,62.58,62.5992,VCB,80_20,GRU
2025-10-15,61.98,62.6494,VCB,80_20,GRU
2025-10-16,62.38,62.0349,VCB,80_20,GRU
2025-10-17,61.39,62.462,VCB,80_20,GRU
2025-10-20,58.91,61.4222,VCB,80_20,GRU
2025-10-21,58.81,58.9231,VCB,80_20,GRU
2025-10-22,59.11,58.9344,VCB,80_20,GRU
2025-10-23,59.3,59.2287,VCB,80_20,GRU
2025-10-24,59.01,59.3794,VCB,80_20,GRU
2025-10-27,58.71,59.0497,VCB,80_20,GRU
2025-10-28,59.5,58.7452,VCB,80_20,GRU
2025-10-29,60.2,59.5716,VCB,80_20,GRU
2025-10-30,60.1,60.2479,VCB,80_20,GRU
2025-10-31,59.11,60.1101,VCB,80_20,GRU
2025-11-03,58.81,59.1093,VCB,80_20,GRU
2025-11-04,59.6,58.8594,VCB,80_20,GRU
2025-11-05,60.3,59.6895,VCB,80_20,GRU
2025-11-06,59.8,60.3594,VCB,80_20,GRU
2025-11-07,58.81,59.8058,VCB,80_20,GRU
2025-11-10,58.31,58.8191,VCB,80_20,GRU
2025-11-11,58.41,58.3634,VCB,80_20,GRU
2025-11-12,59.01,58.4922,VCB,80_20,GRU
2025-11-13,59.3,59.0915,VCB,80_20,GRU
2025-11-14,59.5,59.3436,VCB,80_20,GRU
2025-11-17,59.7,59.5272,VCB,80_20,GRU
2025-11-18,59.4,59.7265,VCB,80_20,GRU
2025-11-19,58.91,59.4187,VCB,80_20,GRU
2025-11-20,58.91,58.9403,VCB,80_20,GRU
2025-11-21,58.51,58.9681,VCB,80_20,GRU
2025-11-24,58.31,58.5569,VCB,80_20,GRU
2025-11-25,57.72,58.3659,VCB,80_20,GRU
2025-11-26,57.62,57.7652,VCB,80_20,GRU
2025-11-27,57.42,57.6842,VCB,80_20,GRU
2025-11-28,56.92,57.4776,VCB,80_20,GRU
2025-12-01,57.02,56.9659,VCB,80_20,GRU
2025-12-02,57.12,57.0857,VCB,80_20,GRU
2025-12-03,58.41,57.1754,VCB,80_20,GRU
2025-12-04,58.41,58.4855,VCB,80_20,GRU
2025-12-05,57.82,58.4176,VCB,80_20,GRU
2025-12-08,57.42,57.8172,VCB,80_20,GRU
2025-12-09,57.52,57.4497,VCB,80_20,GRU
2025-12-10,57.72,57.5798,VCB,80_20,GRU
2025-12-11,57.12,57.7804,VCB,80_20,GRU
2025-12-12,56.33,57.1491,VCB,80_20,GRU
2025-12-15,56.33,56.3648,VCB,80_20,GRU
2025-12-16,56.43,56.4014,VCB,80_20,GRU
2025-12-17,56.23,56.4976,VCB,80_20,GRU
2025-12-18,56.33,56.2772,VCB,80_20,GRU
2025-12-19,57.02,56.3803,VCB,80_20,GRU
2025-12-22,57.32,57.0775,VCB,80_20,GRU
2025-12-23,56.73,57.3494,VCB,80_20,GRU
2025-12-24,56.53,56.7343,VCB,80_20,GRU
2025-12-25,56.63,56.5648,VCB,80_20,GRU
2025-12-26,56.63,56.6835,VCB,80_20,GRU
2025-12-29,56.63,56.6787,VCB,80_20,GRU
2025-12-30,56.82,56.6745,VCB,80_20,GRU
2025-12-31,57.02,56.8649,VCB,80_20,GRU
2026-01-05,56.63,57.0598,VCB,80_20,GRU
2026-01-06,56.82,56.6526,VCB,80_20,GRU
2026-01-07,59.11,56.8682,VCB,80_20,GRU
2026-01-08,63.17,59.2087,VCB,80_20,GRU
2026-01-09,67.44,63.2471,VCB,80_20,GRU
2026-01-12,72.1,67.403,VCB,80_20,GRU
2026-01-13,73.39,71.973,VCB,80_20,GRU
2026-01-14,75.37,73.1454,VCB,80_20,GRU
2026-01-15,71.3,75.2132,VCB,80_20,GRU
2026-01-16,72.39,71.1147,VCB,80_20,GRU
2026-01-19,72.1,72.4862,VCB,80_20,GRU
2026-01-20,72.89,72.175,VCB,80_20,GRU
2026-01-21,72.2,72.9846,VCB,80_20,GRU
2026-01-22,70.41,72.2318,VCB,80_20,GRU
2026-01-23,68.03,70.4196,VCB,80_20,GRU
2026-01-26,69.02,68.0775,VCB,80_20,GRU
2026-01-27,70.01,69.2028,VCB,80_20,GRU
2026-01-28,69.02,70.1405,VCB,80_20,GRU
2026-01-29,69.22,69.0418,VCB,80_20,GRU
2026-01-30,69.91,69.2782,VCB,80_20,GRU
2026-02-02,70.91,69.9741,VCB,80_20,GRU
2026-02-03,71.2,70.9679,VCB,80_20,GRU
2026-02-04,70.21,71.2182,VCB,80_20,GRU
2026-02-05,67.83,70.1987,VCB,80_20,GRU
2026-02-06,64.56,67.8302,VCB,80_20,GRU
2026-02-09,64.46,64.605,VCB,80_20,GRU
2026-02-10,62.58,64.6507,VCB,80_20,GRU
2026-02-11,64.16,62.6889,VCB,80_20,GRU
2026-02-12,63.67,64.3558,VCB,80_20,GRU
2026-02-13,63.87,63.7273,VCB,80_20,GRU
2026-02-23,65.85,63.9222,VCB,80_20,GRU
2026-02-24,64.46,65.9405,VCB,80_20,GRU
2026-02-25,64.56,64.4212,VCB,80_20,GRU
2026-02-26,64.86,64.5999,VCB,80_20,GRU
2026-02-27,64.36,64.9145,VCB,80_20,GRU
2026-03-02,62.38,64.3916,VCB,80_20,GRU
2026-03-03,61.09,62.395,VCB,80_20,GRU
2026-03-04,62.48,61.161,VCB,80_20,GRU
2026-03-05,61.98,62.6451,VCB,80_20,GRU
2026-03-06,61.09,62.0361,VCB,80_20,GRU
2026-03-09,56.82,61.1235,VCB,80_20,GRU
2026-03-10,59.9,56.7981,VCB,80_20,GRU
2026-03-11,59.9,60.1719,VCB,80_20,GRU
2026-03-12,59.3,59.9775,VCB,80_20,GRU
2026-03-13,58.51,59.3186,VCB,80_20,GRU
2026-03-16,58.31,58.5327,VCB,80_20,GRU
2026-03-17,60.0,58.3627,VCB,80_20,GRU
2026-03-18,60.0,60.1169,VCB,80_20,GRU
2026-03-19,59.3,60.0182,VCB,80_20,GRU
2026-03-20,57.52,59.2961,VCB,80_20,GRU
2026-03-23,57.12,57.5204,VCB,80_20,GRU
2026-03-24,57.72,57.2033,VCB,80_20,GRU
2026-03-25,57.92,57.8362,VCB,80_20,GRU
2026-03-26,57.42,57.9872,VCB,80_20,GRU
2026-03-27,58.31,57.4469,VCB,80_20,GRU
2026-03-30,57.52,58.3757,VCB,80_20,GRU
2026-03-31,57.62,57.527,VCB,80_20,GRU
2026-04-01,58.51,57.6694,VCB,80_20,GRU
2026-04-02,57.72,58.5794,VCB,80_20,GRU
2026-04-03,57.22,57.7249,VCB,80_20,GRU
2026-04-06,57.52,57.2534,VCB,80_20,GRU
2026-04-07,57.52,57.587,VCB,80_20,GRU
2026-04-08,59.7,57.5701,VCB,80_20,GRU
2026-04-09,58.91,59.8011,VCB,80_20,GRU
2026-04-10,59.3,58.8799,VCB,80_20,GRU
2026-04-13,58.71,59.3195,VCB,80_20,GRU
2026-04-14,58.81,58.7179,VCB,80_20,GRU
2026-04-15,59.4,58.8582,VCB,80_20,GRU
2026-04-16,58.91,59.4668,VCB,80_20,GRU
2026-04-17,59.01,58.9297,VCB,80_20,GRU
2026-04-20,59.6,59.0561,VCB,80_20,GRU
2026-04-21,59.11,59.6564,VCB,80_20,GRU
2026-04-22,58.91,59.1273,VCB,80_20,GRU
2026-04-23,62.28,58.9486,VCB,80_20,GRU
2026-04-24,60.1,62.4199,VCB,80_20,GRU
2026-04-28,59.3,60.0288,VCB,80_20,GRU
2026-04-29,59.3,59.3106,VCB,80_20,GRU
2026-05-04,60.2,59.3683,VCB,80_20,GRU
2026-05-05,59.4,60.2911,VCB,80_20,GRU
2026-05-06,60.0,59.4254,VCB,80_20,GRU
2026-05-07,59.8,60.0622,VCB,80_20,GRU
2026-05-08,60.2,59.8292,VCB,80_20,GRU
2026-05-11,59.8,60.2489,VCB,80_20,GRU
2026-05-12,59.4,59.8251,VCB,80_20,GRU
2026-05-13,59.6,59.434,VCB,80_20,GRU
2026-05-14,60.49,59.6629,VCB,80_20,GRU
2026-05-15,60.2,60.5611,VCB,80_20,GRU
2026-05-18,62.68,60.217,VCB,80_20,GRU
2026-05-19,63.87,62.772,VCB,80_20,GRU
2026-05-20,64.06,63.8679,VCB,80_20,GRU
2026-05-21,64.36,64.0175,VCB,80_20,GRU
2026-05-22,62.97,64.3465,VCB,80_20,GRU
2026-05-25,63.17,62.9436,VCB,80_20,GRU
2026-05-26,63.87,63.2401,VCB,80_20,GRU
2026-05-27,63.67,63.9538,VCB,80_20,GRU
2026-05-28,62.28,63.7052,VCB,80_20,GRU
2026-05-29,61.49,62.2897,VCB,80_20,GRU
2026-06-01,61.68,61.5461,VCB,80_20,GRU
2026-06-02,61.09,61.7794,VCB,80_20,GRU
2026-06-03,61.39,61.1527,VCB,80_20,GRU
2026-06-04,61.68,61.4707,VCB,80_20,GRU
2026-06-05,61.19,61.7388,VCB,80_20,GRU
2026-06-08,60.79,61.2155,VCB,80_20,GRU
2026-06-09,60.99,60.8302,VCB,80_20,GRU
2026-06-10,61.19,61.0544,VCB,80_20,GRU
2026-06-11,61.09,61.2472,VCB,80_20,GRU
2026-06-12,61.09,61.13,VCB,80_20,GRU
2026-06-15,61.09,61.1315,VCB,80_20,GRU
2026-06-16,61.29,61.1322,VCB,80_20,GRU
2026-06-17,61.68,61.3386,VCB,80_20,GRU
2026-06-18,61.09,61.7284,VCB,80_20,GRU
2026-06-19,61.19,61.1065,VCB,80_20,GRU
2026-06-22,60.79,61.24,VCB,80_20,GRU
2026-06-23,60.79,60.8292,VCB,80_20,GRU
2026-06-24,60.49,60.8473,VCB,80_20,GRU
2026-06-25,60.3,60.5379,VCB,80_20,GRU
2026-06-26,60.89,60.3515,VCB,80_20,GRU
2026-06-29,61.49,60.9618,VCB,80_20,GRU
2026-06-30,61.68,61.5406,VCB,80_20,GRU
2026-07-01,62.48,61.7033,VCB,80_20,GRU
2026-07-02,61.58,62.5167,VCB,80_20,GRU
2026-07-03,61.49,61.569,VCB,80_20,GRU
2026-07-06,60.69,61.5312,VCB,80_20,GRU
2026-07-07,60.79,60.7268,VCB,80_20,GRU
2026-07-08,61.09,60.866,VCB,80_20,GRU
2026-07-09,60.59,61.163,VCB,80_20,GRU
2026-07-10,60.0,60.6236,VCB,80_20,GRU
2026-07-13,58.41,60.0393,VCB,80_20,GRU
2026-07-14,58.71,58.4389,VCB,80_20,GRU
2026-07-15,58.71,58.8193,VCB,80_20,GRU
2026-07-16,58.91,58.7911,VCB,80_20,GRU
2026-07-17,58.01,58.9744,VCB,80_20,GRU
2026-07-20,56.23,58.0322,VCB,80_20,GRU
2026-07-21,56.23,56.2485,VCB,80_20,GRU
2026-07-22,54.05,56.3343,VCB,80_20,GRU
2026-07-23,54.0,54.0906,VCB,80_20,GRU
2026-07-24,54.1,54.1216,VCB,80_20,GRU
2026-07-27,54.0,54.2016,VCB,80_20,GRU
2026-07-28,54.1,54.0633,VCB,80_20,GRU
2026-07-29,54.6,54.1547,VCB,80_20,GRU
2026-07-30,56.5,54.6492,VCB,80_20,GRU
2026-07-31,59.3,56.5704,VCB,80_20,GRU
2026-08-03,60.8,59.3407,VCB,80_20,GRU
2026-08-04,60.0,60.7425,VCB,80_20,GRU
2026-08-05,59.3,59.8922,VCB,80_20,GRU
2026-08-06,59.0,59.2636,VCB,80_20,GRU
2026-08-07,59.7,59.0346,VCB,80_20,GRU
2026-08-10,60.3,59.7851,VCB,80_20,GRU
2026-08-11,59.8,60.3597,VCB,80_20,GRU
2026-08-12,59.7,59.8087,VCB,80_20,GRU
2026-08-13,59.5,59.7323,VCB,80_20,GRU
2026-08-14,58.5,59.54,VCB,80_20,GRU
2026-08-17,58.2,58.5305,VCB,80_20,GRU
2026-08-18,58.0,58.2694,VCB,80_20,GRU
2026-08-19,57.4,58.0706,VCB,80_20,GRU
2026-08-20,57.8,57.4537,VCB,80_20,GRU
2026-08-21,59.1,57.8812,VCB,80_20,GRU
2026-08-24,59.2,59.1811,VCB,80_20,GRU
2026-08-25,59.4,59.2107,VCB,80_20,GRU
2026-08-26,60.3,59.4121,VCB,80_20,GRU
2026-08-27,60.1,60.3353,VCB,80_20,GRU
2026-08-28,60.1,60.1014,VCB,80_20,GRU
2026-09-03,58.7,60.1242,VCB,80_20,GRU
2026-09-04,58.9,58.704,VCB,80_20,GRU
2026-09-07,58.0,58.9811,VCB,80_20,GRU
2026-09-08,58.1,58.0491,VCB,80_20,GRU
2026-09-09,58.7,58.1813,VCB,80_20,GRU
2026-09-10,59.0,58.7799,VCB,80_20,GRU
2026-09-11,58.2,59.0419,VCB,80_20,GRU
2026-09-14,58.5,58.2072,VCB,80_20,GRU
2026-09-15,60.0,58.5545,VCB,80_20,GRU
2026-09-16,59.3,60.0816,VCB,80_20,GRU
2026-09-17,59.6,59.2917,VCB,80_20,GRU
2026-09-18,59.9,59.634,VCB,80_20,GRU
2026-09-21,58.9,59.9356,VCB,80_20,GRU
2026-09-22,58.9,58.9068,VCB,80_20,GRU
2026-09-23,58.5,58.9617,VCB,80_20,GRU
2026-09-24,58.1,58.5499,VCB,80_20,GRU
2026-09-25,58.0,58.1543,VCB,80_20,GRU
2026-09-28,58.3,58.0646,VCB,80_20,GRU
2026-09-29,58.0,58.3659,VCB,80_20,GRU
2026-09-30,58.0,58.0372,VCB,80_20,GRU
2026-10-01,57.6,58.0463,VCB,80_20,GRU
2026-10-02,57.1,57.6359,VCB,80_20,GRU
2025-03-12,103.99,105.3156,FPT,80_20,GRU
2025-03-13,104.45,104.1318,FPT,80_20,GRU
2025-03-14,100.55,104.6547,FPT,80_20,GRU
2025-03-17,99.48,100.6312,FPT,80_20,GRU
2025-03-18,99.48,99.6832,FPT,80_20,GRU
2025-03-19,95.35,99.7102,FPT,80_20,GRU
2025-03-20,95.65,95.4573,FPT,80_20,GRU
2025-03-21,97.95,95.9156,FPT,80_20,GRU
2025-03-24,98.71,98.2084,FPT,80_20,GRU
2025-03-25,96.8,98.8176,FPT,80_20,GRU
2025-03-26,94.12,96.806,FPT,80_20,GRU
2025-03-27,96.57,94.156,FPT,80_20,GRU
2025-03-28,94.89,96.8188,FPT,80_20,GRU
2025-03-31,92.59,94.9826,FPT,80_20,GRU
2025-04-01,92.21,92.681,FPT,80_20,GRU
2025-04-02,93.36,92.3836,FPT,80_20,GRU
2025-04-03,86.85,93.5551,FPT,80_20,GRU
2025-04-04,86.47,86.8705,FPT,80_20,GRU
2025-04-08,80.42,86.7378,FPT,80_20,GRU
2025-04-09,80.58,80.5685,FPT,80_20,GRU
2025-04-10,86.16,80.9507,FPT,80_20,GRU
2025-04-11,90.68,86.6312,FPT,80_20,GRU
2025-04-14,90.68,90.8356,FPT,80_20,GRU
2025-04-15,88.76,90.5521,FPT,80_20,GRU
2025-04-16,82.57,88.5977,FPT,80_20,GRU
2025-04-17,83.71,82.5096,FPT,80_20,GRU
2025-04-18,85.4,84.0295,FPT,80_20,GRU
2025-04-21,85.47,85.695,FPT,80_20,GRU
2025-04-22,84.48,85.6006,FPT,80_20,GRU
2025-04-23,84.48,84.5321,FPT,80_20,GRU
2025-04-24,85.7,84.5464,FPT,80_20,GRU
2025-04-25,86.01,85.8161,FPT,80_20,GRU
2025-04-28,83.79,86.0761,FPT,80_20,GRU
2025-04-29,83.71,83.7967,FPT,80_20,GRU
2025-05-05,83.1,83.8226,FPT,80_20,GRU
2025-05-06,83.94,83.2128,FPT,80_20,GRU
2025-05-07,83.94,84.0897,FPT,80_20,GRU
2025-05-08,87.46,84.0291,FPT,80_20,GRU
2025-05-09,88.76,87.6079,FPT,80_20,GRU
2025-05-12,90.52,88.758,FPT,80_20,GRU
2025-05-13,91.44,90.4933,FPT,80_20,GRU
2025-05-14,96.65,91.3906,FPT,80_20,GRU
2025-05-15,95.65,96.7215,FPT,80_20,GRU
2025-05-16,92.59,95.5131,FPT,80_20,GRU
2025-05-19,90.45,92.4959,FPT,80_20,GRU
2025-05-20,91.21,90.5261,FPT,80_20,GRU
2025-05-21,90.52,91.4399,FPT,80_20,GRU
2025-05-22,89.38,90.6845,FPT,80_20,GRU
2025-05-23,89.61,89.4999,FPT,80_20,GRU
2025-05-26,89.76,89.7532,FPT,80_20,GRU
2025-05-27,91.06,89.8748,FPT,80_20,GRU
2025-05-28,90.6,91.1841,FPT,80_20,GRU
2025-05-29,89.61,90.6387,FPT,80_20,GRU
2025-05-30,89.15,89.6477,FPT,80_20,GRU
2025-06-02,88.84,89.2407,FPT,80_20,GRU
2025-06-03,89.84,88.9524,FPT,80_20,GRU
2025-06-04,89.61,89.9842,FPT,80_20,GRU
2025-06-05,89.38,89.6831,FPT,80_20,GRU
2025-06-06,88.0,89.4456,FPT,80_20,GRU
2025-06-09,88.92,88.0538,FPT,80_20,GRU
2025-06-10,88.53,89.063,FPT,80_20,GRU
2025-06-11,90.22,88.6209,FPT,80_20,GRU
2025-06-12,90.3,90.3502,FPT,80_20,GRU
2025-06-13,89.06,90.3431,FPT,80_20,GRU
2025-06-16,91.84,89.0713,FPT,80_20,GRU
2025-06-17,91.69,91.9957,FPT,80_20,GRU
2025-06-18,90.3,91.7147,FPT,80_20,GRU
2025-06-19,89.53,90.3114,FPT,80_20,GRU
2025-06-20,89.6,89.608,FPT,80_20,GRU
2025-06-23,89.45,89.7252,FPT,80_20,GRU
2025-06-24,89.91,89.5716,FPT,80_20,GRU
2025-06-25,90.37,90.0275,FPT,80_20,GRU
2025-06-26,90.3,90.4569,FPT,80_20,GRU
2025-06-27,90.53,90.3567,FPT,80_20,GRU
2025-06-30,91.22,90.5992,FPT,80_20,GRU
2025-07-01,91.69,91.2997,FPT,80_20,GRU
2025-07-02,91.53,91.7532,FPT,80_20,GRU
2025-07-03,91.07,91.5742,FPT,80_20,GRU
2025-07-04,94.54,91.1222,FPT,80_20,GRU
2025-07-07,95.55,94.7092,FPT,80_20,GRU
2025-07-08,96.09,95.5721,FPT,80_20,GRU
2025-07-09,94.77,96.0745,FPT,80_20,GRU
2025-07-10,95.62,94.7373,FPT,80_20,GRU
2025-07-11,97.71,95.7041,FPT,80_20,GRU
2025-07-14,98.09,97.8377,FPT,80_20,GRU
2025-07-15,97.24,98.1229,FPT,80_20,GRU
2025-07-16,97.47,97.2433,FPT,80_20,GRU
2025-07-17,98.01,97.5353,FPT,80_20,GRU
2025-07-18,97.24,98.1034,FPT,80_20,GRU
2025-07-21,97.89,97.3039,FPT,80_20,GRU
2025-07-22,99.49,98.0029,FPT,80_20,GRU
2025-07-23,99.22,99.6044,FPT,80_20,GRU
2025-07-24,98.6,99.2512,FPT,80_20,GRU
2025-07-25,98.25,98.6385,FPT,80_20,GRU
2025-07-28,98.78,98.3259,FPT,80_20,GRU
2025-07-29,94.07,98.8993,FPT,80_20,GRU
2025-07-30,94.16,94.0908,FPT,80_20,GRU
2025-07-31,92.3,94.3881,FPT,80_20,GRU
2025-08-01,94.96,92.4706,FPT,80_20,GRU
2025-08-04,94.61,95.2416,FPT,80_20,GRU
2025-08-05,93.9,94.7094,FPT,80_20,GRU
2025-08-06,93.1,93.9455,FPT,80_20,GRU
2025-08-07,94.25,93.1732,FPT,80_20,GRU
2025-08-08,93.72,94.3883,FPT,80_20,GRU
2025-08-11,94.43,93.7997,FPT,80_20,GRU
2025-08-12,95.41,94.5341,FPT,80_20,GRU
2025-08-13,93.28,95.4975,FPT,80_20,GRU
2025-08-14,92.12,93.2828,FPT,80_20,GRU
2025-08-15,89.99,92.2116,FPT,80_20,GRU
2025-08-18,89.19,90.102,FPT,80_20,GRU
2025-08-19,89.02,89.3751,FPT,80_20,GRU
2025-08-20,86.71,89.2124,FPT,80_20,GRU
2025-08-21,90.26,86.8169,FPT,80_20,GRU
2025-08-22,87.86,90.5358,FPT,80_20,GRU
2025-08-25,87.68,87.8842,FPT,80_20,GRU
2025-08-26,88.75,87.782,FPT,80_20,GRU
2025-08-27,93.19,88.8913,FPT,80_20,GRU
2025-08-28,92.74,93.3704,FPT,80_20,GRU
2025-08-29,90.17,92.6937,FPT,80_20,GRU
2025-09-03,91.59,90.0955,FPT,80_20,GRU
2025-09-04,93.19,91.7151,FPT,80_20,GRU
2025-09-05,91.77,93.3173,FPT,80_20,GRU
2025-09-08,90.44,91.7962,FPT,80_20,GRU
2025-09-09,90.61,90.497,FPT,80_20,GRU
2025-09-10,89.81,90.7364,FPT,80_20,GRU
2025-09-11,90.52,89.9199,FPT,80_20,GRU
2025-09-12,90.17,90.6694,FPT,80_20,GRU
2025-09-15,90.44,90.2551,FPT,80_20,GRU
2025-09-16,91.86,90.5307,FPT,80_20,GRU
2025-09-17,93.63,91.9689,FPT,80_20,GRU
2025-09-18,91.41,93.7022,FPT,80_20,GRU
2025-09-19,91.41,91.3688,FPT,80_20,GRU
2025-09-22,88.48,91.4872,FPT,80_20,GRU
2025-09-23,86.97,88.5328,FPT,80_20,GRU
2025-09-24,88.31,87.13,FPT,80_20,GRU
2025-09-25,86.97,88.5623,FPT,80_20,GRU
2025-09-26,86.53,87.079,FPT,80_20,GRU
2025-09-29,84.76,86.6538,FPT,80_20,GRU
2025-09-30,82.54,84.8445,FPT,80_20,GRU
2025-10-01,82.89,82.649,FPT,80_20,GRU
2025-10-02,81.74,83.1025,FPT,80_20,GRU
2025-10-03,82.89,81.8751,FPT,80_20,GRU
2025-10-06,84.76,83.0666,FPT,80_20,GRU
2025-10-07,84.76,84.8894,FPT,80_20,GRU
2025-10-08,83.87,84.7706,FPT,80_20,GRU
2025-10-09,83.6,83.8712,FPT,80_20,GRU
2025-10-10,85.29,83.6564,FPT,80_20,GRU
2025-10-13,83.42,85.4215,FPT,80_20,GRU
2025-10-14,82.0,83.441,FPT,80_20,GRU
2025-10-15,79.52,82.0718,FPT,80_20,GRU
2025-10-16,79.7,79.6143,FPT,80_20,GRU
2025-10-17,78.19,79.9063,FPT,80_20,GRU
2025-10-20,77.21,78.3311,FPT,80_20,GRU
2025-10-21,82.54,77.3516,FPT,80_20,GRU
2025-10-22,86.09,82.851,FPT,80_20,GRU
2025-10-23,84.31,86.1576,FPT,80_20,GRU
2025-10-24,86.71,84.1596,FPT,80_20,GRU
2025-10-27,86.97,86.7189,FPT,80_20,GRU
2025-10-28,90.7,86.9351,FPT,80_20,GRU
2025-10-29,90.26,90.7964,FPT,80_20,GRU
2025-10-30,91.15,90.2015,FPT,80_20,GRU
2025-10-31,92.21,91.1383,FPT,80_20,GRU
2025-11-03,93.19,92.2361,FPT,80_20,GRU
2025-11-04,91.68,93.2165,FPT,80_20,GRU
2025-11-05,89.55,91.6698,FPT,80_20,GRU
2025-11-06,88.93,89.5879,FPT,80_20,GRU
2025-11-07,89.64,89.0776,FPT,80_20,GRU
2025-11-10,85.38,89.8306,FPT,80_20,GRU
2025-11-11,85.29,85.4346,FPT,80_20,GRU
2025-11-12,89.28,85.5037,FPT,80_20,GRU
2025-11-13,87.77,89.5809,FPT,80_20,GRU
2025-11-14,88.75,87.7971,FPT,80_20,GRU
2025-11-17,89.64,88.8353,FPT,80_20,GRU
2025-11-18,88.75,89.6898,FPT,80_20,GRU
2025-11-19,86.97,88.761,FPT,80_20,GRU
2025-11-20,87.86,87.0164,FPT,80_20,GRU
2025-11-21,89.46,88.0134,FPT,80_20,GRU
2025-11-24,88.93,89.6081,FPT,80_20,GRU
2025-11-25,88.48,88.9712,FPT,80_20,GRU
2025-11-26,87.86,88.5254,FPT,80_20,GRU
2025-11-27,88.31,87.9219,FPT,80_20,GRU
2025-11-28,86.18,88.4262,FPT,80_20,GRU
2025-12-01,86.62,86.237,FPT,80_20,GRU
2025-12-02,86.62,86.7733,FPT,80_20,GRU
2025-12-03,86.62,86.7429,FPT,80_20,GRU
2025-12-04,87.43,86.7205,FPT,80_20,GRU
2025-12-05,86.27,87.5364,FPT,80_20,GRU
2025-12-08,85.64,86.3013,FPT,80_20,GRU
2025-12-09,86.89,85.7182,FPT,80_20,GRU
2025-12-10,85.73,87.0322,FPT,80_20,GRU
2025-12-11,86.09,85.7834,FPT,80_20,GRU
2025-12-12,84.02,86.1968,FPT,80_20,GRU
2025-12-15,84.11,84.067,FPT,80_20,GRU
2025-12-16,85.1,84.2505,FPT,80_20,GRU
2025-12-17,86.0,85.2566,FPT,80_20,GRU
2025-12-18,84.65,86.0992,FPT,80_20,GRU
2025-12-19,84.2,84.668,FPT,80_20,GRU
2025-12-22,84.02,84.2665,FPT,80_20,GRU
2025-12-23,84.29,84.1201,FPT,80_20,GRU
2025-12-24,83.93,84.4055,FPT,80_20,GRU
2025-12-25,83.4,84.0149,FPT,80_20,GRU
2025-12-26,82.95,83.4753,FPT,80_20,GRU
2025-12-29,84.56,83.0384,FPT,80_20,GRU
2025-12-30,86.54,84.7029,FPT,80_20,GRU
2025-12-31,85.91,86.6386,FPT,80_20,GRU
2026-01-05,85.19,85.8905,FPT,80_20,GRU
2026-01-06,84.29,85.197,FPT,80_20,GRU
2026-01-07,87.43,84.3427,FPT,80_20,GRU
2026-01-08,86.54,87.6254,FPT,80_20,GRU
2026-01-09,87.34,86.5624,FPT,80_20,GRU
2026-01-12,89.23,87.402,FPT,80_20,GRU
2026-01-13,88.69,89.3079,FPT,80_20,GRU
2026-01-14,89.49,88.6777,FPT,80_20,GRU
2026-01-15,88.33,89.546,FPT,80_20,GRU
2026-01-16,94.43,88.344,FPT,80_20,GRU
2026-01-19,94.87,94.6818,FPT,80_20,GRU
2026-01-20,93.35,94.8318,FPT,80_20,GRU
2026-01-21,94.16,93.2595,FPT,80_20,GRU
2026-01-22,92.81,94.2116,FPT,80_20,GRU
2026-01-23,90.57,92.8406,FPT,80_20,GRU
2026-01-26,88.33,90.6523,FPT,80_20,GRU
2026-01-27,91.56,88.4673,FPT,80_20,GRU
2026-01-28,93.71,91.8688,FPT,80_20,GRU
2026-01-29,95.14,93.8675,FPT,80_20,GRU
2026-01-30,93.71,95.1671,FPT,80_20,GRU
2026-02-02,93.53,93.64,FPT,80_20,GRU
2026-02-03,93.17,93.553,FPT,80_20,GRU
2026-02-04,91.38,93.2519,FPT,80_20,GRU
2026-02-05,88.78,91.4593,FPT,80_20,GRU
2026-02-06,87.52,88.8882,FPT,80_20,GRU
2026-02-09,88.78,87.7037,FPT,80_20,GRU
2026-02-10,87.7,89.0283,FPT,80_20,GRU
2026-02-11,88.42,87.8169,FPT,80_20,GRU
2026-02-12,88.6,88.5568,FPT,80_20,GRU
2026-02-13,86.36,88.6831,FPT,80_20,GRU
2026-02-23,84.74,86.3855,FPT,80_20,GRU
2026-02-24,82.95,84.8445,FPT,80_20,GRU
2026-02-25,79.9,83.0891,FPT,80_20,GRU
2026-02-26,81.15,80.0434,FPT,80_20,GRU
2026-02-27,83.31,81.434,FPT,80_20,GRU
2026-03-02,80.35,83.5292,FPT,80_20,GRU
2026-03-03,78.02,80.3557,FPT,80_20,GRU
2026-03-04,76.31,78.0904,FPT,80_20,GRU
2026-03-05,75.68,76.4519,FPT,80_20,GRU
2026-03-06,73.17,75.8812,FPT,80_20,GRU
2026-03-09,68.06,73.3107,FPT,80_20,GRU
2026-03-10,71.29,68.1674,FPT,80_20,GRU
2026-03-11,71.92,71.697,FPT,80_20,GRU
2026-03-12,69.68,72.1135,FPT,80_20,GRU
2026-03-13,69.05,69.7242,FPT,80_20,GRU
2026-03-16,70.12,69.1517,FPT,80_20,GRU
2026-03-17,71.2,70.2549,FPT,80_20,GRU
2026-03-18,70.48,71.3093,FPT,80_20,GRU
2026-03-19,68.87,70.5027,FPT,80_20,GRU
2026-03-20,66.9,68.8851,FPT,80_20,GRU
2026-03-23,65.55,66.966,FPT,80_20,GRU
2026-03-24,67.61,65.686,FPT,80_20,GRU
2026-03-25,69.05,67.8476,FPT,80_20,GRU
2026-03-26,66.54,69.1727,FPT,80_20,GRU
2026-03-27,68.24,66.5116,FPT,80_20,GRU
2026-03-30,66.36,68.3589,FPT,80_20,GRU
2026-03-31,66.99,66.3768,FPT,80_20,GRU
2026-04-01,67.52,67.1118,FPT,80_20,GRU
2026-04-02,66.99,67.6225,FPT,80_20,GRU
2026-04-03,66.36,67.0302,FPT,80_20,GRU
2026-04-06,66.27,66.4154,FPT,80_20,GRU
2026-04-07,66.36,66.3472,FPT,80_20,GRU
2026-04-08,70.93,66.4465,FPT,80_20,GRU
2026-04-09,70.21,71.1282,FPT,80_20,GRU
2026-04-10,69.68,70.1512,FPT,80_20,GRU
2026-04-13,68.15,69.6407,FPT,80_20,GRU
2026-04-14,68.33,68.1516,FPT,80_20,GRU
2026-04-15,67.34,68.4382,FPT,80_20,GRU
2026-04-16,66.45,67.4332,FPT,80_20,GRU
2026-04-17,68.15,66.5466,FPT,80_20,GRU
2026-04-20,68.96,68.3138,FPT,80_20,GRU
2026-04-21,67.34,69.0325,FPT,80_20,GRU
2026-04-22,66.9,67.3316,FPT,80_20,GRU
2026-04-23,66.63,66.9595,FPT,80_20,GRU
2026-04-24,65.82,66.7166,FPT,80_20,GRU
2026-04-28,66.72,65.9053,FPT,80_20,GRU
2026-04-29,67.7,66.8514,FPT,80_20,GRU
2026-05-04,66.09,67.7867,FPT,80_20,GRU
2026-05-05,66.63,66.0888,FPT,80_20,GRU
2026-05-06,65.73,66.7162,FPT,80_20,GRU
2026-05-07,65.46,65.78,FPT,80_20,GRU
2026-05-08,64.48,65.5467,FPT,80_20,GRU
2026-05-11,62.77,64.5566,FPT,80_20,GRU
2026-05-12,63.31,62.842,FPT,80_20,GRU
2026-05-13,63.4,63.4674,FPT,80_20,GRU
2026-05-14,66.27,63.51,FPT,80_20,GRU
2026-05-15,65.37,66.4194,FPT,80_20,GRU
2026-05-18,67.17,65.3424,FPT,80_20,GRU
2026-05-19,66.81,67.2139,FPT,80_20,GRU
2026-05-20,69.68,66.7923,FPT,80_20,GRU
2026-05-21,68.6,69.7633,FPT,80_20,GRU
2026-05-22,67.34,68.5566,FPT,80_20,GRU
2026-05-25,65.91,67.3309,FPT,80_20,GRU
2026-05-26,66.81,65.9692,FPT,80_20,GRU
2026-05-27,66.0,66.966,FPT,80_20,GRU
2026-05-28,64.73,66.0885,FPT,80_20,GRU
2026-05-29,65.09,64.7997,FPT,80_20,GRU
2026-06-01,66.27,65.2134,FPT,80_20,GRU
2026-06-02,68.0,66.3875,FPT,80_20,GRU
2026-06-03,69.55,68.0838,FPT,80_20,GRU
2026-06-04,69.18,69.5658,FPT,80_20,GRU
2026-06-05,68.18,69.1205,FPT,80_20,GRU
2026-06-08,66.27,68.1548,FPT,80_20,GRU
2026-06-09,67.0,66.298,FPT,80_20,GRU
2026-06-10,67.46,67.1558,FPT,80_20,GRU
2026-06-11,66.46,67.5832,FPT,80_20,GRU
2026-06-12,66.82,66.5114,FPT,80_20,GRU
2026-06-15,66.91,66.9097,FPT,80_20,GRU
2026-06-16,66.55,66.9763,FPT,80_20,GRU
2026-06-17,65.73,66.605,FPT,80_20,GRU
2026-06-18,65.09,65.7847,FPT,80_20,GRU
2026-06-19,65.0,65.1658,FPT,80_20,GRU
2026-06-22,64.18,65.103,FPT,80_20,GRU
2026-06-23,64.36,64.2589,FPT,80_20,GRU
2026-06-24,64.36,64.4655,FPT,80_20,GRU
2026-06-25,64.55,64.4423,FPT,80_20,GRU
2026-06-26,64.36,64.6222,FPT,80_20,GRU
2026-06-29,64.0,64.413,FPT,80_20,GRU
2026-06-30,63.82,64.0501,FPT,80_20,GRU
2026-07-01,66.27,63.8867,FPT,80_20,GRU
2026-07-02,65.91,66.4037,FPT,80_20,GRU
2026-07-03,65.73,65.9105,FPT,80_20,GRU
2026-07-06,66.36,65.7395,FPT,80_20,GRU
2026-07-07,66.55,66.4096,FPT,80_20,GRU
2026-07-08,65.55,66.5886,FPT,80_20,GRU
2026-07-09,65.55,65.5756,FPT,80_20,GRU
2026-07-10,64.18,65.6248,FPT,80_20,GRU
2026-07-13,64.09,64.233,FPT,80_20,GRU
2026-07-14,63.91,64.2019,FPT,80_20,GRU
2026-07-15,60.73,64.0123,FPT,80_20,GRU
2026-07-16,61.82,60.7654,FPT,80_20,GRU
2026-07-17,60.91,62.0169,FPT,80_20,GRU
2026-07-20,61.0,61.0122,FPT,80_20,GRU
2026-07-21,58.91,61.1135,FPT,80_20,GRU
2026-07-22,58.73,58.9606,FPT,80_20,GRU
2026-07-23,58.82,58.8471,FPT,80_20,GRU
2026-07-24,57.18,58.9437,FPT,80_20,GRU
2026-07-27,56.55,57.2403,FPT,80_20,GRU
2026-07-28,57.27,56.6543,FPT,80_20,GRU
2026-07-29,59.18,57.4012,FPT,80_20,GRU
2026-07-30,60.91,59.3022,FPT,80_20,GRU
2026-07-31,61.0,60.9526,FPT,80_20,GRU
2026-08-03,65.18,60.948,FPT,80_20,GRU
2026-08-04,65.0,65.244,FPT,80_20,GRU
2026-08-05,63.91,64.8948,FPT,80_20,GRU
2026-08-06,64.27,63.8341,FPT,80_20,GRU
2026-08-07,64.36,64.3077,FPT,80_20,GRU
2026-08-10,65.27,64.415,FPT,80_20,GRU
2026-08-11,64.73,65.356,FPT,80_20,GRU
2026-08-12,64.36,64.7542,FPT,80_20,GRU
2026-08-13,62.91,64.3985,FPT,80_20,GRU
2026-08-14,62.09,62.9511,FPT,80_20,GRU
2026-08-17,62.55,62.1846,FPT,80_20,GRU
2026-08-18,62.73,62.6899,FPT,80_20,GRU
2026-08-19,62.64,62.8275,FPT,80_20,GRU
2026-08-20,63.46,62.7036,FPT,80_20,GRU
2026-08-21,65.46,63.531,FPT,80_20,GRU
2026-08-24,64.91,65.5335,FPT,80_20,GRU
2026-08-25,64.27,64.8819,FPT,80_20,GRU
2026-08-26,66.0,64.2674,FPT,80_20,GRU
2026-08-27,65.64,66.0919,FPT,80_20,GRU
2026-08-28,66.55,65.6581,FPT,80_20,GRU
2026-09-03,65.64,66.6094,FPT,80_20,GRU
2026-09-04,66.18,65.6455,FPT,80_20,GRU
2026-09-07,65.82,66.2465,FPT,80_20,GRU
2026-09-08,65.64,65.8709,FPT,80_20,GRU
2026-09-09,65.82,65.7008,FPT,80_20,GRU
2026-09-10,67.73,65.8968,FPT,80_20,GRU
2026-09-11,66.09,67.8346,FPT,80_20,GRU
2026-09-14,65.82,66.0736,FPT,80_20,GRU
2026-09-15,66.09,65.8731,FPT,80_20,GRU
2026-09-16,67.09,66.1771,FPT,80_20,GRU
2026-09-17,67.55,67.1863,FPT,80_20,GRU
2026-09-18,65.18,67.6031,FPT,80_20,GRU
2026-09-21,66.4,65.1611,FPT,80_20,GRU
2026-09-22,66.6,66.5294,FPT,80_20,GRU
2026-09-23,66.1,66.683,FPT,80_20,GRU
2026-09-24,65.3,66.152,FPT,80_20,GRU
2026-09-25,64.7,65.3547,FPT,80_20,GRU
2026-09-28,63.7,64.7713,FPT,80_20,GRU
2026-09-29,63.2,63.784,FPT,80_20,GRU
2026-09-30,63.0,63.309,FPT,80_20,GRU
2026-10-01,62.7,63.1103,FPT,80_20,GRU
2026-10-02,62.1,62.7914,FPT,80_20,GRU
2025-03-12,20.68,20.9569,HPG,80_20,GRU
2025-03-13,20.61,20.6912,HPG,80_20,GRU
2025-03-14,20.49,20.6067,HPG,80_20,GRU
2025-03-17,20.72,20.4802,HPG,80_20,GRU
2025-03-18,20.53,20.7206,HPG,80_20,GRU
2025-03-19,20.27,20.5276,HPG,80_20,GRU
2025-03-20,20.2,20.2621,HPG,80_20,GRU
2025-03-21,20.2,20.1871,HPG,80_20,GRU
2025-03-24,20.2,20.1902,HPG,80_20,GRU
2025-03-25,20.23,20.19,HPG,80_20,GRU
2025-03-26,20.49,20.2291,HPG,80_20,GRU
2025-03-27,20.46,20.5065,HPG,80_20,GRU
2025-03-28,20.2,20.4805,HPG,80_20,GRU
2025-03-31,19.9,20.2083,HPG,80_20,GRU
2025-04-01,20.09,19.8905,HPG,80_20,GRU
2025-04-02,20.27,20.0814,HPG,80_20,GRU
2025-04-03,18.86,20.27,HPG,80_20,GRU
2025-04-04,18.3,18.8205,HPG,80_20,GRU
2025-04-08,17.04,18.2261,HPG,80_20,GRU
2025-04-09,15.85,16.9322,HPG,80_20,GRU
2025-04-10,16.92,15.702,HPG,80_20,GRU
2025-04-11,18.08,16.7969,HPG,80_20,GRU
2025-04-14,18.86,18.0782,HPG,80_20,GRU
2025-04-15,19.23,18.9423,HPG,80_20,GRU
2025-04-16,18.97,19.361,HPG,80_20,GRU
2025-04-17,18.97,19.0918,HPG,80_20,GRU
2025-04-18,18.93,19.0369,HPG,80_20,GRU
2025-04-21,18.56,18.9549,HPG,80_20,GRU
2025-04-22,18.64,18.5506,HPG,80_20,GRU
2025-04-23,19.01,18.622,HPG,80_20,GRU
2025-04-24,19.04,19.0161,HPG,80_20,GRU
2025-04-25,19.12,19.0568,HPG,80_20,GRU
2025-04-28,19.08,19.1419,HPG,80_20,GRU
2025-04-29,18.97,19.1051,HPG,80_20,GRU
2025-05-05,19.12,18.9836,HPG,80_20,GRU
2025-05-06,18.93,19.1278,HPG,80_20,GRU
2025-05-07,18.9,18.9325,HPG,80_20,GRU
2025-05-08,19.12,18.8974,HPG,80_20,GRU
2025-05-09,19.08,19.1268,HPG,80_20,GRU
2025-05-12,18.9,19.0919,HPG,80_20,GRU
2025-05-13,19.19,18.9019,HPG,80_20,GRU
2025-05-14,19.45,19.203,HPG,80_20,GRU
2025-05-15,19.45,19.4774,HPG,80_20,GRU
2025-05-16,19.19,19.4762,HPG,80_20,GRU
2025-05-19,19.08,19.2041,HPG,80_20,GRU
2025-05-20,19.08,19.0846,HPG,80_20,GRU
2025-05-21,19.16,19.075,HPG,80_20,GRU
2025-05-22,19.08,19.1553,HPG,80_20,GRU
2025-05-23,19.04,19.0775,HPG,80_20,GRU
2025-05-26,19.01,19.0416,HPG,80_20,GRU
2025-05-27,19.01,19.0121,HPG,80_20,GRU
2025-05-28,19.04,19.012,HPG,80_20,GRU
2025-05-29,19.01,19.0427,HPG,80_20,GRU
2025-05-30,19.16,19.0146,HPG,80_20,GRU
2025-06-02,19.01,19.171,HPG,80_20,GRU
2025-06-03,19.34,19.018,HPG,80_20,GRU
2025-06-04,19.3,19.3577,HPG,80_20,GRU
2025-06-05,19.16,19.3197,HPG,80_20,GRU
2025-06-06,19.38,19.1725,HPG,80_20,GRU
2025-06-09,19.57,19.3934,HPG,80_20,GRU
2025-06-10,19.49,19.5955,HPG,80_20,GRU
2025-06-11,19.42,19.5076,HPG,80_20,GRU
2025-06-12,19.94,19.4325,HPG,80_20,GRU
2025-06-13,19.64,19.9715,HPG,80_20,GRU
2025-06-16,19.9,19.6609,HPG,80_20,GRU
2025-06-17,19.97,19.9206,HPG,80_20,GRU
2025-06-18,20.2,19.9957,HPG,80_20,GRU
2025-06-19,20.01,20.2337,HPG,80_20,GRU
2025-06-20,20.09,20.0264,HPG,80_20,GRU
2025-06-23,19.97,20.109,HPG,80_20,GRU
2025-06-24,20.09,19.9772,HPG,80_20,GRU
2025-06-25,20.23,20.0975,HPG,80_20,GRU
2025-06-26,20.35,20.2409,HPG,80_20,GRU
2025-06-27,20.4,20.3719,HPG,80_20,GRU
2025-06-30,20.27,20.4226,HPG,80_20,GRU
2025-07-01,20.22,20.2875,HPG,80_20,GRU
2025-07-02,20.44,20.2278,HPG,80_20,GRU
2025-07-03,20.62,20.4511,HPG,80_20,GRU
2025-07-04,20.76,20.6396,HPG,80_20,GRU
2025-07-07,21.07,20.7869,HPG,80_20,GRU
2025-07-08,22.05,21.1113,HPG,80_20,GRU
2025-07-09,22.1,22.1332,HPG,80_20,GRU
2025-07-10,22.45,22.1857,HPG,80_20,GRU
2025-07-11,23.21,22.5351,HPG,80_20,GRU
2025-07-14,22.99,23.314,HPG,80_20,GRU
2025-07-15,22.76,23.0718,HPG,80_20,GRU
2025-07-16,23.3,22.7957,HPG,80_20,GRU
2025-07-17,23.21,23.342,HPG,80_20,GRU
2025-07-18,23.12,23.2431,HPG,80_20,GRU
2025-07-21,23.39,23.1312,HPG,80_20,GRU
2025-07-22,23.61,23.4125,HPG,80_20,GRU
2025-07-23,23.57,23.6465,HPG,80_20,GRU
2025-07-24,23.21,23.5948,HPG,80_20,GRU
2025-07-25,23.26,23.2193,HPG,80_20,GRU
2025-07-28,23.52,23.2631,HPG,80_20,GRU
2025-07-29,22.63,23.5276,HPG,80_20,GRU
2025-07-30,22.68,22.6083,HPG,80_20,GRU
2025-07-31,22.27,22.6489,HPG,80_20,GRU
2025-08-01,22.45,22.2358,HPG,80_20,GRU
2025-08-04,22.59,22.4213,HPG,80_20,GRU
2025-08-05,23.57,22.5742,HPG,80_20,GRU
2025-08-06,24.19,23.6197,HPG,80_20,GRU
2025-08-07,25.44,24.2791,HPG,80_20,GRU
2025-08-08,25.0,25.5939,HPG,80_20,GRU
2025-08-11,25.13,25.1245,HPG,80_20,GRU
2025-08-12,25.44,25.2257,HPG,80_20,GRU
2025-08-13,25.09,25.5073,HPG,80_20,GRU
2025-08-14,25.18,25.1228,HPG,80_20,GRU
2025-08-15,25.0,25.1817,HPG,80_20,GRU
2025-08-18,25.35,25.0041,HPG,80_20,GRU
2025-08-19,25.13,25.3617,HPG,80_20,GRU
2025-08-20,24.46,25.1348,HPG,80_20,GRU
2025-08-21,24.46,24.4446,HPG,80_20,GRU
2025-08-22,23.21,24.4315,HPG,80_20,GRU
2025-08-25,23.17,23.1473,HPG,80_20,GRU
2025-08-26,24.28,23.0865,HPG,80_20,GRU
2025-08-27,23.88,24.2549,HPG,80_20,GRU
2025-08-28,24.19,23.8871,HPG,80_20,GRU
2025-08-29,24.55,24.21,HPG,80_20,GRU
2025-09-03,25.13,24.6089,HPG,80_20,GRU
2025-09-04,26.65,25.2095,HPG,80_20,GRU
2025-09-05,25.71,26.7735,HPG,80_20,GRU
2025-09-08,25.8,25.8084,HPG,80_20,GRU
2025-09-09,25.76,25.8632,HPG,80_20,GRU
2025-09-10,25.76,25.797,HPG,80_20,GRU
2025-09-11,26.02,25.776,HPG,80_20,GRU
2025-09-12,26.78,26.0174,HPG,80_20,GRU
2025-09-15,27.09,26.8335,HPG,80_20,GRU
2025-09-16,26.74,27.1628,HPG,80_20,GRU
2025-09-17,26.07,26.7956,HPG,80_20,GRU
2025-09-18,26.02,26.0824,HPG,80_20,GRU
2025-09-19,26.11,26.0054,HPG,80_20,GRU
2025-09-22,25.35,26.0845,HPG,80_20,GRU
2025-09-23,25.58,25.3037,HPG,80_20,GRU
2025-09-24,25.93,25.5445,HPG,80_20,GRU
2025-09-25,25.71,25.931,HPG,80_20,GRU
2025-09-26,25.49,25.7153,HPG,80_20,GRU
2025-09-29,25.53,25.4849,HPG,80_20,GRU
2025-09-30,25.13,25.536,HPG,80_20,GRU
2025-10-01,25.26,25.1167,HPG,80_20,GRU
2025-10-02,25.09,25.2415,HPG,80_20,GRU
2025-10-03,24.68,25.0768,HPG,80_20,GRU
2025-10-06,26.07,24.6579,HPG,80_20,GRU
2025-10-07,25.89,26.0985,HPG,80_20,GRU
2025-10-08,26.07,25.9436,HPG,80_20,GRU
2025-10-09,25.84,26.123,HPG,80_20,GRU
2025-10-10,26.42,25.88,HPG,80_20,GRU
2025-10-13,25.89,26.4763,HPG,80_20,GRU
2025-10-14,25.31,25.9004,HPG,80_20,GRU
2025-10-15,25.22,25.2932,HPG,80_20,GRU
2025-10-16,25.22,25.186,HPG,80_20,GRU
2025-10-17,25.0,25.1934,HPG,80_20,GRU
2025-10-20,23.26,24.9643,HPG,80_20,GRU
2025-10-21,23.93,23.1843,HPG,80_20,GRU
2025-10-22,23.84,23.8616,HPG,80_20,GRU
2025-10-23,23.66,23.7951,HPG,80_20,GRU
2025-10-24,23.57,23.625,HPG,80_20,GRU
2025-10-27,23.43,23.5445,HPG,80_20,GRU
2025-10-28,23.93,23.4328,HPG,80_20,GRU
2025-10-29,24.33,23.9369,HPG,80_20,GRU
2025-10-30,24.01,24.366,HPG,80_20,GRU
2025-10-31,23.84,24.0425,HPG,80_20,GRU
2025-11-03,23.26,23.8571,HPG,80_20,GRU
2025-11-04,23.88,23.2492,HPG,80_20,GRU
2025-11-05,23.48,23.8718,HPG,80_20,GRU
2025-11-06,23.3,23.4658,HPG,80_20,GRU
2025-11-07,23.26,23.2853,HPG,80_20,GRU
2025-11-10,23.61,23.2465,HPG,80_20,GRU
2025-11-11,23.75,23.622,HPG,80_20,GRU
2025-11-12,24.1,23.7638,HPG,80_20,GRU
2025-11-13,23.7,24.1394,HPG,80_20,GRU
2025-11-14,24.01,23.7284,HPG,80_20,GRU
2025-11-17,24.37,24.0384,HPG,80_20,GRU
2025-11-18,24.55,24.4056,HPG,80_20,GRU
2025-11-19,24.64,24.5931,HPG,80_20,GRU
2025-11-20,24.33,24.6788,HPG,80_20,GRU
2025-11-21,24.46,24.3591,HPG,80_20,GRU
2025-11-24,24.19,24.4758,HPG,80_20,GRU
2025-11-25,24.01,24.188,HPG,80_20,GRU
2025-11-26,24.19,23.9949,HPG,80_20,GRU
2025-11-27,24.01,24.18,HPG,80_20,GRU
2025-11-28,23.7,24.0062,HPG,80_20,GRU
2025-12-01,23.66,23.683,HPG,80_20,GRU
2025-12-02,23.66,23.644,HPG,80_20,GRU
2025-12-03,23.93,23.6497,HPG,80_20,GRU
2025-12-04,24.37,23.9312,HPG,80_20,GRU
2025-12-05,24.1,24.4004,HPG,80_20,GRU
2025-12-08,23.88,24.132,HPG,80_20,GRU
2025-12-09,23.57,23.8951,HPG,80_20,GRU
2025-12-10,23.79,23.5644,HPG,80_20,GRU
2025-12-11,23.7,23.7812,HPG,80_20,GRU
2025-12-12,23.21,23.6879,HPG,80_20,GRU
2025-12-15,23.43,23.1897,HPG,80_20,GRU
2025-12-16,23.84,23.4166,HPG,80_20,GRU
2025-12-17,23.57,23.8548,HPG,80_20,GRU
2025-12-18,23.57,23.5801,HPG,80_20,GRU
2025-12-19,23.84,23.5785,HPG,80_20,GRU
2025-12-22,24.01,23.8654,HPG,80_20,GRU
2025-12-23,23.88,24.0392,HPG,80_20,GRU
2025-12-24,23.7,23.8977,HPG,80_20,GRU
2025-12-25,23.43,23.7113,HPG,80_20,GRU
2025-12-26,24.01,23.4249,HPG,80_20,GRU
2025-12-29,23.84,24.0171,HPG,80_20,GRU
2025-12-30,23.66,23.8501,HPG,80_20,GRU
2025-12-31,23.57,23.6654,HPG,80_20,GRU
2026-01-05,23.17,23.571,HPG,80_20,GRU
2026-01-06,23.17,23.1584,HPG,80_20,GRU
2026-01-07,23.75,23.1428,HPG,80_20,GRU
2026-01-08,23.57,23.754,HPG,80_20,GRU
2026-01-09,23.39,23.5854,HPG,80_20,GRU
2026-01-12,24.55,23.3987,HPG,80_20,GRU
2026-01-13,24.33,24.6074,HPG,80_20,GRU
2026-01-14,24.33,24.3906,HPG,80_20,GRU
2026-01-15,24.64,24.37,HPG,80_20,GRU
2026-01-16,24.64,24.6868,HPG,80_20,GRU
2026-01-19,24.73,24.6856,HPG,80_20,GRU
2026-01-20,24.33,24.7505,HPG,80_20,GRU
2026-01-21,23.93,24.3384,HPG,80_20,GRU
2026-01-22,23.97,23.9143,HPG,80_20,GRU
2026-01-23,23.88,23.9437,HPG,80_20,GRU
2026-01-26,23.48,23.8571,HPG,80_20,GRU
2026-01-27,23.61,23.4478,HPG,80_20,GRU
2026-01-28,23.84,23.5897,HPG,80_20,GRU
2026-01-29,24.19,23.8428,HPG,80_20,GRU
2026-01-30,23.93,24.2135,HPG,80_20,GRU
2026-02-02,23.7,23.9517,HPG,80_20,GRU
2026-02-03,23.88,23.7127,HPG,80_20,GRU
2026-02-04,25.26,23.8884,HPG,80_20,GRU
2026-02-05,24.59,25.3228,HPG,80_20,GRU
2026-02-06,23.93,24.6389,HPG,80_20,GRU
2026-02-09,23.88,23.9434,HPG,80_20,GRU
2026-02-10,23.7,23.8743,HPG,80_20,GRU
2026-02-11,23.97,23.68,HPG,80_20,GRU
2026-02-12,24.01,23.9381,HPG,80_20,GRU
2026-02-13,23.97,24.0079,HPG,80_20,GRU
2026-02-23,24.55,23.9834,HPG,80_20,GRU
2026-02-24,25.26,24.5855,HPG,80_20,GRU
2026-02-25,26.16,25.3343,HPG,80_20,GRU
2026-02-26,26.25,26.2717,HPG,80_20,GRU
2026-02-27,25.71,26.3636,HPG,80_20,GRU
2026-03-02,25.44,25.7828,HPG,80_20,GRU
2026-03-03,24.73,25.463,HPG,80_20,GRU
2026-03-04,24.73,24.6998,HPG,80_20,GRU
2026-03-05,24.33,24.6738,HPG,80_20,GRU
2026-03-06,24.33,24.271,HPG,80_20,GRU
2026-03-09,22.63,24.2873,HPG,80_20,GRU
2026-03-10,24.19,22.5494,HPG,80_20,GRU
2026-03-11,24.46,24.1549,HPG,80_20,GRU
2026-03-12,23.93,24.4754,HPG,80_20,GRU
2026-03-13,23.79,23.9479,HPG,80_20,GRU
2026-03-16,23.88,23.7933,HPG,80_20,GRU
2026-03-17,24.01,23.9081,HPG,80_20,GRU
2026-03-18,23.93,24.0094,HPG,80_20,GRU
2026-03-19,23.84,23.9284,HPG,80_20,GRU
2026-03-20,23.12,23.846,HPG,80_20,GRU
2026-03-23,22.76,23.1002,HPG,80_20,GRU
2026-03-24,23.17,22.7147,HPG,80_20,GRU
2026-03-25,23.52,23.1364,HPG,80_20,GRU
2026-03-26,23.12,23.5192,HPG,80_20,GRU
2026-03-27,23.66,23.1205,HPG,80_20,GRU
2026-03-30,24.01,23.6896,HPG,80_20,GRU
2026-03-31,24.01,24.0644,HPG,80_20,GRU
2026-04-01,24.24,24.056,HPG,80_20,GRU
2026-04-02,24.42,24.2824,HPG,80_20,GRU
2026-04-03,23.79,24.4728,HPG,80_20,GRU
2026-04-06,23.97,23.8026,HPG,80_20,GRU
2026-04-07,23.93,23.9681,HPG,80_20,GRU
2026-04-08,25.0,23.9289,HPG,80_20,GRU
2026-04-09,25.22,25.0393,HPG,80_20,GRU
2026-04-10,25.0,25.2832,HPG,80_20,GRU
2026-04-13,24.82,25.064,HPG,80_20,GRU
2026-04-14,25.49,24.8565,HPG,80_20,GRU
2026-04-15,25.04,25.5395,HPG,80_20,GRU
2026-04-16,24.95,25.0558,HPG,80_20,GRU
2026-04-17,25.0,24.951,HPG,80_20,GRU
2026-04-20,25.4,25.0039,HPG,80_20,GRU
2026-04-21,25.49,25.423,HPG,80_20,GRU
2026-04-22,25.18,25.5111,HPG,80_20,GRU
2026-04-23,24.82,25.1991,HPG,80_20,GRU
2026-04-24,24.91,24.818,HPG,80_20,GRU
2026-04-28,24.77,24.9015,HPG,80_20,GRU
2026-04-29,24.77,24.7529,HPG,80_20,GRU
2026-05-04,24.64,24.7554,HPG,80_20,GRU
2026-05-05,24.37,24.6315,HPG,80_20,GRU
2026-05-06,24.64,24.3588,HPG,80_20,GRU
2026-05-07,24.77,24.6348,HPG,80_20,GRU
2026-05-08,24.86,24.7803,HPG,80_20,GRU
2026-05-11,24.55,24.8783,HPG,80_20,GRU
2026-05-12,24.45,24.5599,HPG,80_20,GRU
2026-05-13,24.64,24.4533,HPG,80_20,GRU
2026-05-14,24.59,24.642,HPG,80_20,GRU
2026-05-15,24.14,24.593,HPG,80_20,GRU
2026-05-18,24.05,24.1269,HPG,80_20,GRU
2026-05-19,23.86,24.0333,HPG,80_20,GRU
2026-05-20,23.82,23.8388,HPG,80_20,GRU
2026-05-21,24.14,23.796,HPG,80_20,GRU
2026-05-22,23.95,24.1353,HPG,80_20,GRU
2026-05-25,24.1,23.9569,HPG,80_20,GRU
2026-05-26,24.25,24.1124,HPG,80_20,GRU
2026-05-27,24.15,24.273,HPG,80_20,GRU
2026-05-28,24.0,24.17,HPG,80_20,GRU
2026-05-29,24.0,24.0045,HPG,80_20,GRU
2026-06-01,24.05,24.0043,HPG,80_20,GRU
2026-06-02,23.7,24.053,HPG,80_20,GRU
2026-06-03,24.15,23.6901,HPG,80_20,GRU
2026-06-04,23.95,24.1553,HPG,80_20,GRU
2026-06-05,23.75,23.9596,HPG,80_20,GRU
2026-06-08,23.3,23.7499,HPG,80_20,GRU
2026-06-09,23.55,23.2794,HPG,80_20,GRU
2026-06-10,23.6,23.5385,HPG,80_20,GRU
2026-06-11,23.3,23.5905,HPG,80_20,GRU
2026-06-12,23.2,23.2906,HPG,80_20,GRU
2026-06-15,24.35,23.1887,HPG,80_20,GRU
2026-06-16,24.2,24.3923,HPG,80_20,GRU
2026-06-17,24.0,24.2492,HPG,80_20,GRU
2026-06-18,23.65,24.0351,HPG,80_20,GRU
2026-06-19,23.6,23.6653,HPG,80_20,GRU
2026-06-22,23.6,23.6017,HPG,80_20,GRU
2026-06-23,23.3,23.5789,HPG,80_20,GRU
2026-06-24,23.5,23.278,HPG,80_20,GRU
2026-06-25,23.4,23.4895,HPG,80_20,GRU
2026-06-26,23.5,23.3995,HPG,80_20,GRU
2026-06-29,23.65,23.5051,HPG,80_20,GRU
2026-06-30,23.3,23.6638,HPG,80_20,GRU
2026-07-01,23.45,23.3083,HPG,80_20,GRU
2026-07-02,23.4,23.453,HPG,80_20,GRU
2026-07-03,23.25,23.4052,HPG,80_20,GRU
2026-07-06,23.1,23.248,HPG,80_20,GRU
2026-07-07,23.1,23.0889,HPG,80_20,GRU
2026-07-08,23.2,23.0948,HPG,80_20,GRU
2026-07-09,23.2,23.1981,HPG,80_20,GRU
2026-07-10,22.95,23.204,HPG,80_20,GRU
2026-07-13,22.4,22.9492,HPG,80_20,GRU
2026-07-14,22.5,22.3783,HPG,80_20,GRU
2026-07-15,22.4,22.4738,HPG,80_20,GRU
2026-07-16,22.2,22.3756,HPG,80_20,GRU
2026-07-17,21.85,22.1751,HPG,80_20,GRU
2026-07-20,20.6,21.8206,HPG,80_20,GRU
2026-07-21,20.8,20.5384,HPG,80_20,GRU
2026-07-22,20.7,20.7263,HPG,80_20,GRU
2026-07-23,20.8,20.6421,HPG,80_20,GRU
2026-07-24,20.8,20.7647,HPG,80_20,GRU
2026-07-27,20.35,20.7855,HPG,80_20,GRU
2026-07-28,21.0,20.3461,HPG,80_20,GRU
2026-07-29,21.65,21.0092,HPG,80_20,GRU
2026-07-30,21.8,21.6995,HPG,80_20,GRU
2026-07-31,21.7,21.8625,HPG,80_20,GRU
2026-08-03,22.55,21.7533,HPG,80_20,GRU
2026-08-04,22.15,22.6339,HPG,80_20,GRU
2026-08-05,22.0,22.2032,HPG,80_20,GRU
2026-08-06,21.85,22.0203,HPG,80_20,GRU
2026-08-07,22.0,21.8529,HPG,80_20,GRU
2026-08-10,22.1,22.0052,HPG,80_20,GRU
2026-08-11,22.05,22.0973,HPG,80_20,GRU
2026-08-12,22.1,22.0586,HPG,80_20,GRU
2026-08-13,21.7,22.1127,HPG,80_20,GRU
2026-08-14,21.25,21.6997,HPG,80_20,GRU
2026-08-17,21.2,21.2235,HPG,80_20,GRU
2026-08-18,21.0,21.1647,HPG,80_20,GRU
2026-08-19,21.2,20.9647,HPG,80_20,GRU
2026-08-20,21.15,21.177,HPG,80_20,GRU
2026-08-21,21.7,21.144,HPG,80_20,GRU
2026-08-24,22.25,21.727,HPG,80_20,GRU
2026-08-25,21.8,22.3086,HPG,80_20,GRU
2026-08-26,22.05,21.847,HPG,80_20,GRU
2026-08-27,22.2,22.087,HPG,80_20,GRU
2026-08-28,22.1,22.2385,HPG,80_20,GRU
2026-09-03,21.6,22.1207,HPG,80_20,GRU
2026-09-04,21.7,21.5886,HPG,80_20,GRU
2026-09-07,21.55,21.6916,HPG,80_20,GRU
2026-09-08,21.85,21.5344,HPG,80_20,GRU
2026-09-09,22.05,21.8457,HPG,80_20,GRU
2026-09-10,21.85,22.0652,HPG,80_20,GRU
2026-09-11,21.3,21.871,HPG,80_20,GRU
2026-09-14,20.9,21.2926,HPG,80_20,GRU
2026-09-15,21.2,20.8697,HPG,80_20,GRU
2026-09-16,20.95,21.1703,HPG,80_20,GRU
2026-09-17,21.2,20.9222,HPG,80_20,GRU
2026-09-18,21.55,21.1904,HPG,80_20,GRU
2026-09-21,21.1,21.5731,HPG,80_20,GRU
2026-09-22,21.15,21.1183,HPG,80_20,GRU
2026-09-23,21.05,21.1542,HPG,80_20,GRU
2026-09-24,20.8,21.0535,HPG,80_20,GRU
2026-09-25,20.65,20.788,HPG,80_20,GRU
2026-09-28,20.2,20.6252,HPG,80_20,GRU
2026-09-29,20.3,20.1697,HPG,80_20,GRU
2026-09-30,20.15,20.2695,HPG,80_20,GRU
2026-10-01,20.05,20.1251,HPG,80_20,GRU
2026-10-02,20.05,20.031,HPG,80_20,GRU
2025-03-12,24.05,23.6694,VIC,80_20,GRU
2025-03-13,25.7,24.0956,VIC,80_20,GRU
2025-03-14,26.1,25.8844,VIC,80_20,GRU
2025-03-17,26.05,26.1662,VIC,80_20,GRU
2025-03-18,25.65,26.061,VIC,80_20,GRU
2025-03-19,25.95,25.6359,VIC,80_20,GRU
2025-03-20,25.75,25.9924,VIC,80_20,GRU
2025-03-21,26.5,25.75,VIC,80_20,GRU
2025-03-24,28.35,26.5746,VIC,80_20,GRU
2025-03-25,28.45,28.5507,VIC,80_20,GRU
2025-03-26,28.5,28.4918,VIC,80_20,GRU
2025-03-27,28.55,28.5176,VIC,80_20,GRU
2025-03-28,29.0,28.574,VIC,80_20,GRU
2025-03-31,29.0,29.0601,VIC,80_20,GRU
2025-04-01,29.85,29.0166,VIC,80_20,GRU
2025-04-02,30.2,29.9371,VIC,80_20,GRU
2025-04-03,28.1,30.2508,VIC,80_20,GRU
2025-04-04,29.15,27.9937,VIC,80_20,GRU
2025-04-08,27.55,29.2577,VIC,80_20,GRU
2025-04-09,28.5,27.4828,VIC,80_20,GRU
2025-04-10,30.45,28.5943,VIC,80_20,GRU
2025-04-11,32.55,30.6679,VIC,80_20,GRU
2025-04-14,34.8,32.7923,VIC,80_20,GRU
2025-04-15,35.25,35.0369,VIC,80_20,GRU
2025-04-16,33.95,35.3177,VIC,80_20,GRU
2025-04-17,35.5,33.8909,VIC,80_20,GRU
2025-04-18,33.05,35.6708,VIC,80_20,GRU
2025-04-21,30.75,32.9546,VIC,80_20,GRU
2025-04-22,29.5,30.6074,VIC,80_20,GRU
2025-04-23,29.3,29.4006,VIC,80_20,GRU
2025-04-24,31.35,29.2828,VIC,80_20,GRU
2025-04-25,33.5,31.5519,VIC,80_20,GRU
2025-04-28,34.0,33.7393,VIC,80_20,GRU
2025-04-29,34.0,34.0713,VIC,80_20,GRU
2025-05-05,35.0,34.0189,VIC,80_20,GRU
2025-05-06,35.25,35.1142,VIC,80_20,GRU
2025-05-07,36.7,35.3062,VIC,80_20,GRU
2025-05-08,39.25,36.8503,VIC,80_20,GRU
2025-05-09,38.25,39.5286,VIC,80_20,GRU
2025-05-12,39.7,38.2306,VIC,80_20,GRU
2025-05-13,39.8,39.8482,VIC,80_20,GRU
2025-05-14,39.9,39.856,VIC,80_20,GRU
2025-05-15,39.9,39.9384,VIC,80_20,GRU
2025-05-16,40.0,39.9164,VIC,80_20,GRU
2025-05-19,42.8,40.0316,VIC,80_20,GRU
2025-05-20,45.75,43.0991,VIC,80_20,GRU
2025-05-21,46.75,46.0855,VIC,80_20,GRU
2025-05-22,46.25,46.8768,VIC,80_20,GRU
2025-05-23,46.5,46.2425,VIC,80_20,GRU
2025-05-26,47.25,46.5543,VIC,80_20,GRU
2025-05-27,47.25,47.3528,VIC,80_20,GRU
2025-05-28,48.5,47.2805,VIC,80_20,GRU
2025-05-29,48.5,48.6265,VIC,80_20,GRU
2025-05-30,49.2,48.5353,VIC,80_20,GRU
2025-06-02,49.0,49.282,VIC,80_20,GRU
2025-06-03,49.05,49.0138,VIC,80_20,GRU
2025-06-04,49.05,49.0783,VIC,80_20,GRU
2025-06-05,49.0,49.0717,VIC,80_20,GRU
2025-06-06,48.5,49.0185,VIC,80_20,GRU
2025-06-09,45.15,48.4791,VIC,80_20,GRU
2025-06-10,45.3,44.9577,VIC,80_20,GRU
2025-06-11,45.1,45.3121,VIC,80_20,GRU
2025-06-12,43.4,45.1054,VIC,80_20,GRU
2025-06-13,42.75,43.2862,VIC,80_20,GRU
2025-06-16,42.7,42.687,VIC,80_20,GRU
2025-06-17,43.85,42.7066,VIC,80_20,GRU
2025-06-18,44.0,43.9641,VIC,80_20,GRU
2025-06-19,44.7,44.0333,VIC,80_20,GRU
2025-06-20,43.4,44.7751,VIC,80_20,GRU
2025-06-23,46.4,43.3352,VIC,80_20,GRU
2025-06-24,47.9,46.7221,VIC,80_20,GRU
2025-06-25,47.9,48.0959,VIC,80_20,GRU
2025-06-26,47.5,47.9385,VIC,80_20,GRU
2025-06-27,47.75,47.4915,VIC,80_20,GRU
2025-06-30,47.8,47.8053,VIC,80_20,GRU
2025-07-01,47.8,47.8334,VIC,80_20,GRU
2025-07-02,47.7,47.8185,VIC,80_20,GRU
2025-07-03,47.25,47.7095,VIC,80_20,GRU
2025-07-04,45.95,47.2342,VIC,80_20,GRU
2025-07-07,46.5,45.8692,VIC,80_20,GRU
2025-07-08,46.65,46.5546,VIC,80_20,GRU
2025-07-09,47.5,46.6859,VIC,80_20,GRU
2025-07-10,50.8,47.5884,VIC,80_20,GRU
2025-07-11,54.0,51.1497,VIC,80_20,GRU
2025-07-14,56.5,54.3594,VIC,80_20,GRU
2025-07-15,55.8,56.7665,VIC,80_20,GRU
2025-07-16,58.7,55.7966,VIC,80_20,GRU
2025-07-17,61.0,59.0086,VIC,80_20,GRU
2025-07-18,59.5,61.2804,VIC,80_20,GRU
2025-07-21,56.0,59.4545,VIC,80_20,GRU
2025-07-22,58.75,55.799,VIC,80_20,GRU
2025-07-23,57.5,59.0528,VIC,80_20,GRU
2025-07-24,58.0,57.4889,VIC,80_20,GRU
2025-07-25,57.05,58.0512,VIC,80_20,GRU
2025-07-28,57.8,57.0024,VIC,80_20,GRU
2025-07-29,56.6,57.8923,VIC,80_20,GRU
2025-07-30,54.75,56.5376,VIC,80_20,GRU
2025-07-31,52.75,54.6299,VIC,80_20,GRU
2025-08-01,52.0,52.607,VIC,80_20,GRU
2025-08-04,55.6,51.9419,VIC,80_20,GRU
2025-08-05,58.75,55.9736,VIC,80_20,GRU
2025-08-06,59.25,59.1092,VIC,80_20,GRU
2025-08-07,57.5,59.3386,VIC,80_20,GRU
2025-08-08,58.5,57.4117,VIC,80_20,GRU
2025-08-11,57.75,58.6256,VIC,80_20,GRU
2025-08-12,57.75,57.7476,VIC,80_20,GRU
2025-08-13,58.0,57.767,VIC,80_20,GRU
2025-08-14,59.1,58.0382,VIC,80_20,GRU
2025-08-15,59.1,59.2235,VIC,80_20,GRU
2025-08-18,59.1,59.1312,VIC,80_20,GRU
2025-08-19,59.1,59.1244,VIC,80_20,GRU
2025-08-20,62.1,59.1274,VIC,80_20,GRU
2025-08-21,62.5,62.4146,VIC,80_20,GRU
2025-08-22,62.05,62.5931,VIC,80_20,GRU
2025-08-25,65.5,62.0464,VIC,80_20,GRU
2025-08-26,67.75,65.8611,VIC,80_20,GRU
2025-08-27,66.0,68.0301,VIC,80_20,GRU
2025-08-28,65.05,65.9305,VIC,80_20,GRU
2025-08-29,64.15,65.0026,VIC,80_20,GRU
2025-09-03,62.5,64.1241,VIC,80_20,GRU
2025-09-04,62.5,62.4008,VIC,80_20,GRU
2025-09-05,62.5,62.4973,VIC,80_20,GRU
2025-09-08,62.5,62.5171,VIC,80_20,GRU
2025-09-09,64.6,62.5163,VIC,80_20,GRU
2025-09-10,65.45,64.8065,VIC,80_20,GRU
2025-09-11,68.0,65.5691,VIC,80_20,GRU
2025-09-12,68.9,68.2623,VIC,80_20,GRU
2025-09-15,68.9,69.0293,VIC,80_20,GRU
2025-09-16,67.5,68.9458,VIC,80_20,GRU
2025-09-17,71.55,67.4342,VIC,80_20,GRU
2025-09-18,72.5,71.9839,VIC,80_20,GRU
2025-09-19,76.6,72.6676,VIC,80_20,GRU
2025-09-22,74.4,77.0253,VIC,80_20,GRU
2025-09-23,74.6,74.3304,VIC,80_20,GRU
2025-09-24,74.5,74.6614,VIC,80_20,GRU
2025-09-25,79.0,74.5449,VIC,80_20,GRU
2025-09-26,82.0,79.4916,VIC,80_20,GRU
2025-09-29,86.4,82.3431,VIC,80_20,GRU
2025-09-30,87.45,86.8611,VIC,80_20,GRU
2025-10-01,85.0,87.6108,VIC,80_20,GRU
2025-10-02,85.5,84.8962,VIC,80_20,GRU
2025-10-03,88.25,85.5872,VIC,80_20,GRU
2025-10-06,89.85,88.5673,VIC,80_20,GRU
2025-10-07,90.0,90.0522,VIC,80_20,GRU
2025-10-08,89.05,90.0538,VIC,80_20,GRU
2025-10-09,89.75,89.023,VIC,80_20,GRU
2025-10-10,96.0,89.8537,VIC,80_20,GRU
2025-10-13,102.7,96.6798,VIC,80_20,GRU
2025-10-14,105.95,103.4595,VIC,80_20,GRU
2025-10-15,104.75,106.32,VIC,80_20,GRU
2025-10-16,106.55,104.736,VIC,80_20,GRU
2025-10-17,102.0,106.7756,VIC,80_20,GRU
2025-10-20,97.45,101.7983,VIC,80_20,GRU
2025-10-21,101.7,97.1581,VIC,80_20,GRU
2025-10-22,101.5,102.1206,VIC,80_20,GRU
2025-10-23,107.5,101.5927,VIC,80_20,GRU
2025-10-24,109.5,108.1026,VIC,80_20,GRU
2025-10-27,107.0,109.773,VIC,80_20,GRU
2025-10-28,110.05,106.9061,VIC,80_20,GRU
2025-10-29,106.0,110.3651,VIC,80_20,GRU
2025-10-30,102.05,105.84,VIC,80_20,GRU
2025-10-31,95.5,101.7924,VIC,80_20,GRU
2025-11-03,97.7,95.0719,VIC,80_20,GRU
2025-11-04,100.5,97.8991,VIC,80_20,GRU
2025-11-05,103.25,100.7968,VIC,80_20,GRU
2025-11-06,103.9,103.5378,VIC,80_20,GRU
2025-11-07,99.85,104.0002,VIC,80_20,GRU
2025-11-10,99.5,99.6388,VIC,80_20,GRU
2025-11-11,100.5,99.509,VIC,80_20,GRU
2025-11-12,105.6,100.6415,VIC,80_20,GRU
2025-11-13,105.6,106.1327,VIC,80_20,GRU
2025-11-14,105.5,105.6859,VIC,80_20,GRU
2025-11-17,108.5,105.5388,VIC,80_20,GRU
2025-11-18,110.0,108.824,VIC,80_20,GRU
2025-11-19,110.25,110.2255,VIC,80_20,GRU
2025-11-20,114.0,110.3279,VIC,80_20,GRU
2025-11-21,114.85,114.3866,VIC,80_20,GRU
2025-11-24,119.75,115.0207,VIC,80_20,GRU
2025-11-25,121.5,120.2567,VIC,80_20,GRU
2025-11-26,122.5,121.7498,VIC,80_20,GRU
2025-11-27,124.0,122.6619,VIC,80_20,GRU
2025-11-28,130.2,124.1947,VIC,80_20,GRU
2025-12-01,134.95,130.869,VIC,80_20,GRU
2025-12-02,137.5,135.4926,VIC,80_20,GRU
2025-12-03,134.7,137.8088,VIC,80_20,GRU
2025-12-04,133.5,134.5916,VIC,80_20,GRU
2025-12-05,142.8,133.4836,VIC,80_20,GRU
2025-12-08,152.7,143.8248,VIC,80_20,GRU
2025-12-09,160.0,153.8526,VIC,80_20,GRU
2025-12-10,148.8,160.7898,VIC,80_20,GRU
2025-12-11,146.0,148.3212,VIC,80_20,GRU
2025-12-12,144.0,145.9017,VIC,80_20,GRU
2025-12-15,142.9,143.9767,VIC,80_20,GRU
2025-12-16,142.9,142.868,VIC,80_20,GRU
2025-12-17,142.9,142.8814,VIC,80_20,GRU
2025-12-18,142.7,142.9366,VIC,80_20,GRU
2025-12-19,148.5,142.7276,VIC,80_20,GRU
2025-12-22,158.8,149.0852,VIC,80_20,GRU
2025-12-23,169.9,159.9334,VIC,80_20,GRU
2025-12-24,169.8,171.1205,VIC,80_20,GRU
2025-12-25,158.0,169.9598,VIC,80_20,GRU
2025-12-26,155.0,157.4309,VIC,80_20,GRU
2025-12-29,159.7,154.8758,VIC,80_20,GRU
2025-12-30,163.0,160.2558,VIC,80_20,GRU
2025-12-31,169.6,163.392,VIC,80_20,GRU
2026-01-05,173.1,170.2434,VIC,80_20,GRU
2026-01-06,173.1,173.5182,VIC,80_20,GRU
2026-01-07,179.0,173.2225,VIC,80_20,GRU
2026-01-08,176.6,179.6212,VIC,80_20,GRU
2026-01-09,176.0,176.5958,VIC,80_20,GRU
2026-01-12,163.7,176.0282,VIC,80_20,GRU
2026-01-13,167.9,163.0308,VIC,80_20,GRU
2026-01-14,160.2,168.3251,VIC,80_20,GRU
2026-01-15,153.0,159.8012,VIC,80_20,GRU
2026-01-16,159.9,152.481,VIC,80_20,GRU
2026-01-19,162.0,160.5403,VIC,80_20,GRU
2026-01-20,161.0,162.36,VIC,80_20,GRU
2026-01-21,160.5,160.9762,VIC,80_20,GRU
2026-01-22,161.1,160.5076,VIC,80_20,GRU
2026-01-23,165.4,161.2499,VIC,80_20,GRU
2026-01-26,159.9,165.8573,VIC,80_20,GRU
2026-01-27,151.0,159.6262,VIC,80_20,GRU
2026-01-28,140.5,150.4436,VIC,80_20,GRU
2026-01-29,140.5,139.8223,VIC,80_20,GRU
2026-01-30,140.5,140.4742,VIC,80_20,GRU
2026-02-02,130.7,140.4973,VIC,80_20,GRU
2026-02-03,130.7,130.0799,VIC,80_20,GRU
2026-02-04,121.6,130.6484,VIC,80_20,GRU
2026-02-05,130.1,121.082,VIC,80_20,GRU
2026-02-06,131.0,130.9874,VIC,80_20,GRU
2026-02-09,132.3,131.2485,VIC,80_20,GRU
2026-02-10,141.5,132.4858,VIC,80_20,GRU
2026-02-11,150.8,142.4697,VIC,80_20,GRU
2026-02-12,159.0,151.8799,VIC,80_20,GRU
2026-02-13,160.0,159.8754,VIC,80_20,GRU
2026-02-23,162.3,160.2077,VIC,80_20,GRU
2026-02-24,162.9,162.6007,VIC,80_20,GRU
2026-02-25,158.0,163.0918,VIC,80_20,GRU
2026-02-26,168.9,157.7658,VIC,80_20,GRU
2026-02-27,172.0,170.0587,VIC,80_20,GRU
2026-03-02,167.2,172.5041,VIC,80_20,GRU
2026-03-03,155.5,166.9778,VIC,80_20,GRU
2026-03-04,155.6,154.8354,VIC,80_20,GRU
2026-03-05,164.8,155.6822,VIC,80_20,GRU
2026-03-06,156.5,165.812,VIC,80_20,GRU
2026-03-09,145.6,156.1319,VIC,80_20,GRU
2026-03-10,141.8,144.9146,VIC,80_20,GRU
2026-03-11,146.0,141.5325,VIC,80_20,GRU
2026-03-12,145.0,146.4518,VIC,80_20,GRU
2026-03-13,144.6,144.9699,VIC,80_20,GRU
2026-03-16,144.7,144.5679,VIC,80_20,GRU
2026-03-17,146.2,144.7571,VIC,80_20,GRU
2026-03-18,146.0,146.4037,VIC,80_20,GRU
2026-03-19,145.0,146.0511,VIC,80_20,GRU
2026-03-20,135.0,144.9764,VIC,80_20,GRU
2026-03-23,125.6,134.4376,VIC,80_20,GRU
2026-03-24,124.0,124.9805,VIC,80_20,GRU
2026-03-25,128.7,123.8294,VIC,80_20,GRU
2026-03-26,130.0,129.1457,VIC,80_20,GRU
2026-03-27,132.6,130.1573,VIC,80_20,GRU
2026-03-30,129.5,132.8481,VIC,80_20,GRU
2026-03-31,135.0,129.3596,VIC,80_20,GRU
2026-04-01,141.0,135.5743,VIC,80_20,GRU
2026-04-02,139.9,141.6862,VIC,80_20,GRU
2026-04-03,141.0,139.9493,VIC,80_20,GRU
2026-04-06,141.6,141.1411,VIC,80_20,GRU
2026-04-07,143.4,141.7579,VIC,80_20,GRU
2026-04-08,153.4,143.6418,VIC,80_20,GRU
2026-04-09,149.2,154.4661,VIC,80_20,GRU
2026-04-10,151.7,149.1074,VIC,80_20,GRU
2026-04-13,160.0,151.974,VIC,80_20,GRU
2026-04-14,165.5,160.9256,VIC,80_20,GRU
2026-04-15,177.0,166.1849,VIC,80_20,GRU
2026-04-16,189.3,178.2024,VIC,80_20,GRU
2026-04-17,187.9,190.6416,VIC,80_20,GRU
2026-04-20,191.0,188.0097,VIC,80_20,GRU
2026-04-21,193.7,191.3617,VIC,80_20,GRU
2026-04-22,207.2,194.1133,VIC,80_20,GRU
2026-04-23,214.5,208.6997,VIC,80_20,GRU
2026-04-24,212.1,215.3643,VIC,80_20,GRU
2026-04-28,225.5,212.0901,VIC,80_20,GRU
2026-04-29,214.0,226.9119,VIC,80_20,GRU
2026-05-04,212.0,213.6293,VIC,80_20,GRU
2026-05-05,219.5,211.9469,VIC,80_20,GRU
2026-05-06,219.5,220.3241,VIC,80_20,GRU
2026-05-07,224.0,219.7459,VIC,80_20,GRU
2026-05-08,226.0,224.4276,VIC,80_20,GRU
2026-05-11,223.0,226.3063,VIC,80_20,GRU
2026-05-12,222.0,222.9195,VIC,80_20,GRU
2026-05-13,221.0,221.9973,VIC,80_20,GRU
2026-05-14,229.8,221.0277,VIC,80_20,GRU
2026-05-15,228.0,230.6979,VIC,80_20,GRU
2026-05-18,225.0,228.0454,VIC,80_20,GRU
2026-05-19,225.1,224.8529,VIC,80_20,GRU
2026-05-20,226.7,225.1958,VIC,80_20,GRU
2026-05-21,218.7,226.9678,VIC,80_20,GRU
2026-05-22,216.5,218.2279,VIC,80_20,GRU
2026-05-25,218.8,216.3409,VIC,80_20,GRU
2026-05-26,213.0,219.0698,VIC,80_20,GRU
2026-05-27,210.8,212.6783,VIC,80_20,GRU
2026-05-28,210.8,210.6223,VIC,80_20,GRU
2026-05-29,211.3,210.859,VIC,80_20,GRU
2026-06-01,204.9,211.4227,VIC,80_20,GRU
2026-06-02,204.9,204.4937,VIC,80_20,GRU
2026-06-03,197.6,204.9222,VIC,80_20,GRU
2026-06-04,200.2,197.1618,VIC,80_20,GRU
2026-06-05,207.0,200.4363,VIC,80_20,GRU
2026-06-08,195.0,207.7025,VIC,80_20,GRU
2026-06-09,193.2,194.4076,VIC,80_20,GRU
2026-06-10,196.0,193.0663,VIC,80_20,GRU
2026-06-11,196.0,196.3602,VIC,80_20,GRU
2026-06-12,195.5,196.1301,VIC,80_20,GRU
2026-06-15,192.6,195.4823,VIC,80_20,GRU
2026-06-16,194.0,192.45,VIC,80_20,GRU
2026-06-17,192.0,194.1832,VIC,80_20,GRU
2026-06-18,205.4,191.9351,VIC,80_20,GRU
2026-06-19,205.5,206.8114,VIC,80_20,GRU
2026-06-22,219.8,205.7666,VIC,80_20,GRU
2026-06-23,229.0,221.3084,VIC,80_20,GRU
2026-06-24,230.5,230.0774,VIC,80_20,GRU
2026-06-25,225.0,230.8421,VIC,80_20,GRU
2026-06-26,228.0,224.7424,VIC,80_20,GRU
2026-06-29,217.2,228.4059,VIC,80_20,GRU
2026-06-30,220.0,216.6567,VIC,80_20,GRU
2026-07-01,217.1,220.2649,VIC,80_20,GRU
2026-07-02,220.3,216.9903,VIC,80_20,GRU
2026-07-03,220.3,220.6376,VIC,80_20,GRU
2026-07-06,220.3,220.3823,VIC,80_20,GRU
2026-07-07,220.3,220.3975,VIC,80_20,GRU
2026-07-08,220.7,220.3816,VIC,80_20,GRU
2026-07-09,221.0,220.8357,VIC,80_20,GRU
2026-07-10,223.0,221.1151,VIC,80_20,GRU
2026-07-13,221.5,223.2561,VIC,80_20,GRU
2026-07-14,219.0,221.4918,VIC,80_20,GRU
2026-07-15,217.0,218.8844,VIC,80_20,GRU
2026-07-16,223.0,216.9131,VIC,80_20,GRU
2026-07-17,220.0,223.6121,VIC,80_20,GRU
2026-07-20,220.0,219.9201,VIC,80_20,GRU
2026-07-21,217.3,220.0549,VIC,80_20,GRU
2026-07-22,202.1,217.1881,VIC,80_20,GRU
2026-07-23,214.0,201.246,VIC,80_20,GRU
2026-07-24,213.1,215.2179,VIC,80_20,GRU
2026-07-27,213.5,213.3382,VIC,80_20,GRU
2026-07-28,213.8,213.6181,VIC,80_20,GRU
2026-07-29,219.4,213.896,VIC,80_20,GRU
2026-07-30,220.0,220.0425,VIC,80_20,GRU
2026-07-31,214.1,220.1917,VIC,80_20,GRU
2026-08-03,213.0,213.7749,VIC,80_20,GRU
2026-08-04,218.0,212.9719,VIC,80_20,GRU
2026-08-05,220.0,218.5524,VIC,80_20,GRU
2026-08-06,218.8,220.3001,VIC,80_20,GRU
2026-08-07,215.0,218.7868,VIC,80_20,GRU
2026-08-10,208.5,214.7984,VIC,80_20,GRU
2026-08-11,208.5,208.1081,VIC,80_20,GRU
2026-08-12,215.5,208.5336,VIC,80_20,GRU
2026-08-13,207.9,216.2094,VIC,80_20,GRU
2026-08-14,200.4,207.5167,VIC,80_20,GRU
2026-08-17,198.0,199.8789,VIC,80_20,GRU
2026-08-18,200.0,197.853,VIC,80_20,GRU
2026-08-19,200.0,200.2469,VIC,80_20,GRU
2026-08-20,202.0,200.044,VIC,80_20,GRU
2026-08-21,205.0,202.2061,VIC,80_20,GRU
2026-08-24,214.5,205.345,VIC,80_20,GRU
2026-08-25,220.5,215.4975,VIC,80_20,GRU
2026-08-26,230.0,221.1992,VIC,80_20,GRU
2026-08-27,236.0,230.9937,VIC,80_20,GRU
2026-08-28,236.0,236.7004,VIC,80_20,GRU
2026-09-03,244.5,236.1884,VIC,80_20,GRU
2026-09-04,256.1,245.3956,VIC,80_20,GRU
2026-09-07,245.0,257.4002,VIC,80_20,GRU
2026-09-08,249.6,244.5426,VIC,80_20,GRU
2026-09-09,247.7,250.0891,VIC,80_20,GRU
2026-09-10,247.7,247.8061,VIC,80_20,GRU
2026-09-11,243.3,247.8362,VIC,80_20,GRU
2026-09-14,241.4,243.0283,VIC,80_20,GRU
2026-09-15,241.3,241.3273,VIC,80_20,GRU
2026-09-16,241.2,241.3584,VIC,80_20,GRU
2026-09-17,241.2,241.2748,VIC,80_20,GRU
2026-09-18,241.2,241.2676,VIC,80_20,GRU
2026-09-21,235.0,241.2854,VIC,80_20,GRU
2026-09-22,243.8,234.6401,VIC,80_20,GRU
2026-09-23,236.0,244.6665,VIC,80_20,GRU
2026-09-24,230.0,235.6697,VIC,80_20,GRU
2026-09-25,232.0,229.6,VIC,80_20,GRU
2026-09-28,231.9,232.2167,VIC,80_20,GRU
2026-09-29,230.0,232.0412,VIC,80_20,GRU
2026-09-30,227.9,229.8919,VIC,80_20,GRU
2026-10-01,220.0,227.7856,VIC,80_20,GRU
2026-10-02,224.0,219.5137,VIC,80_20,GRU
2025-03-12,55.56,55.7618,VNM,80_20,GRU
2025-03-13,55.38,55.5772,VNM,80_20,GRU
2025-03-14,55.47,55.4017,VNM,80_20,GRU
2025-03-17,56.28,55.4838,VNM,80_20,GRU
2025-03-18,55.83,56.2678,VNM,80_20,GRU
2025-03-19,55.65,55.8389,VNM,80_20,GRU
2025-03-20,55.21,55.6578,VNM,80_20,GRU
2025-03-21,54.76,55.2277,VNM,80_20,GRU
2025-03-24,54.85,54.789,VNM,80_20,GRU
2025-03-25,54.85,54.8783,VNM,80_20,GRU
2025-03-26,54.67,54.8715,VNM,80_20,GRU
2025-03-27,54.58,54.6927,VNM,80_20,GRU
2025-03-28,53.87,54.5965,VNM,80_20,GRU
2025-03-31,54.13,53.9019,VNM,80_20,GRU
2025-04-01,54.31,54.147,VNM,80_20,GRU
2025-04-02,54.04,54.3222,VNM,80_20,GRU
2025-04-03,50.47,54.059,VNM,80_20,GRU
2025-04-04,52.26,50.6049,VNM,80_20,GRU
2025-04-08,48.68,52.3021,VNM,80_20,GRU
2025-04-09,46.45,48.8578,VNM,80_20,GRU
2025-04-10,49.67,46.6369,VNM,80_20,GRU
2025-04-11,51.36,49.7431,VNM,80_20,GRU
2025-04-14,50.83,51.3578,VNM,80_20,GRU
2025-04-15,50.29,50.8638,VNM,80_20,GRU
2025-04-16,50.02,50.2822,VNM,80_20,GRU
2025-04-17,50.02,49.99,VNM,80_20,GRU
2025-04-18,50.56,50.0295,VNM,80_20,GRU
2025-04-21,50.65,50.5696,VNM,80_20,GRU
2025-04-22,50.02,50.6538,VNM,80_20,GRU
2025-04-23,50.38,50.0377,VNM,80_20,GRU
2025-04-24,50.29,50.3778,VNM,80_20,GRU
2025-04-25,52.08,50.2951,VNM,80_20,GRU
2025-04-28,51.36,52.0408,VNM,80_20,GRU
2025-04-29,51.45,51.3623,VNM,80_20,GRU
2025-05-05,50.83,51.4361,VNM,80_20,GRU
2025-05-06,50.83,50.8415,VNM,80_20,GRU
2025-05-07,51.1,50.8377,VNM,80_20,GRU
2025-05-08,51.27,51.1164,VNM,80_20,GRU
2025-05-09,51.54,51.2743,VNM,80_20,GRU
2025-05-12,52.35,51.5374,VNM,80_20,GRU
2025-05-13,52.26,52.319,VNM,80_20,GRU
2025-05-14,51.98,52.242,VNM,80_20,GRU
2025-05-15,52.54,51.9756,VNM,80_20,GRU
2025-05-16,51.98,52.5204,VNM,80_20,GRU
2025-05-19,51.8,51.9896,VNM,80_20,GRU
2025-05-20,51.7,51.8186,VNM,80_20,GRU
2025-05-21,51.24,51.7173,VNM,80_20,GRU
2025-05-22,50.87,51.2672,VNM,80_20,GRU
2025-05-23,51.15,50.9074,VNM,80_20,GRU
2025-05-26,51.52,51.1666,VNM,80_20,GRU
2025-05-27,51.24,51.5245,VNM,80_20,GRU
2025-05-28,51.06,51.2542,VNM,80_20,GRU
2025-05-29,50.96,51.0706,VNM,80_20,GRU
2025-05-30,50.78,50.9679,VNM,80_20,GRU
2025-06-02,50.5,50.7962,VNM,80_20,GRU
2025-06-03,51.33,50.5257,VNM,80_20,GRU
2025-06-04,52.63,51.3243,VNM,80_20,GRU
2025-06-05,52.07,52.5913,VNM,80_20,GRU
2025-06-06,51.15,52.0621,VNM,80_20,GRU
2025-06-09,51.15,51.1648,VNM,80_20,GRU
2025-06-10,51.15,51.1545,VNM,80_20,GRU
2025-06-11,51.06,51.1662,VNM,80_20,GRU
2025-06-12,51.7,51.0901,VNM,80_20,GRU
2025-06-13,51.33,51.7004,VNM,80_20,GRU
2025-06-16,52.07,51.3369,VNM,80_20,GRU
2025-06-17,51.98,52.0521,VNM,80_20,GRU
2025-06-18,51.8,51.9727,VNM,80_20,GRU
2025-06-19,51.89,51.7985,VNM,80_20,GRU
2025-06-20,52.35,51.8915,VNM,80_20,GRU
2025-06-23,51.7,52.3359,VNM,80_20,GRU
2025-06-24,52.17,51.7201,VNM,80_20,GRU
2025-06-25,52.54,52.1682,VNM,80_20,GRU
2025-06-26,52.17,52.5295,VNM,80_20,GRU
2025-06-27,53.46,52.1772,VNM,80_20,GRU
2025-06-30,53.65,53.4314,VNM,80_20,GRU
2025-07-01,53.18,53.6213,VNM,80_20,GRU
2025-07-02,53.37,53.1766,VNM,80_20,GRU
2025-07-03,53.18,53.3615,VNM,80_20,GRU
2025-07-04,53.46,53.178,VNM,80_20,GRU
2025-07-07,53.55,53.4632,VNM,80_20,GRU
2025-07-08,54.57,53.5542,VNM,80_20,GRU
2025-07-09,55.68,54.5401,VNM,80_20,GRU
2025-07-10,55.22,55.6296,VNM,80_20,GRU
2025-07-11,55.31,55.1964,VNM,80_20,GRU
2025-07-14,55.77,55.2862,VNM,80_20,GRU
2025-07-15,55.59,55.7389,VNM,80_20,GRU
2025-07-16,55.59,55.5854,VNM,80_20,GRU
2025-07-17,55.59,55.5962,VNM,80_20,GRU
2025-07-18,55.68,55.591,VNM,80_20,GRU
2025-07-21,55.5,55.6806,VNM,80_20,GRU
2025-07-22,55.68,55.5122,VNM,80_20,GRU
2025-07-23,57.07,55.6827,VNM,80_20,GRU
2025-07-24,58.92,57.0346,VNM,80_20,GRU
2025-07-25,58.45,58.8441,VNM,80_20,GRU
2025-07-28,58.55,58.4117,VNM,80_20,GRU
2025-07-29,58.45,58.5067,VNM,80_20,GRU
2025-07-30,58.18,58.4201,VNM,80_20,GRU
2025-07-31,56.61,58.1807,VNM,80_20,GRU
2025-08-01,55.5,56.6776,VNM,80_20,GRU
2025-08-04,55.87,55.5761,VNM,80_20,GRU
2025-08-05,55.59,55.9204,VNM,80_20,GRU
2025-08-06,56.7,55.646,VNM,80_20,GRU
2025-08-07,56.33,56.7114,VNM,80_20,GRU
2025-08-08,56.24,56.3415,VNM,80_20,GRU
2025-08-11,56.88,56.2377,VNM,80_20,GRU
2025-08-12,57.16,56.8626,VNM,80_20,GRU
2025-08-13,56.51,57.1397,VNM,80_20,GRU
2025-08-14,57.07,56.5264,VNM,80_20,GRU
2025-08-15,56.42,57.0594,VNM,80_20,GRU
2025-08-18,56.14,56.436,VNM,80_20,GRU
2025-08-19,55.96,56.1654,VNM,80_20,GRU
2025-08-20,55.5,55.9884,VNM,80_20,GRU
2025-08-21,55.59,55.5323,VNM,80_20,GRU
2025-08-22,54.29,55.6181,VNM,80_20,GRU
2025-08-25,54.29,54.3502,VNM,80_20,GRU
2025-08-26,55.22,54.3304,VNM,80_20,GRU
2025-08-27,55.96,55.2276,VNM,80_20,GRU
2025-08-28,56.42,55.9471,VNM,80_20,GRU
2025-08-29,55.77,56.3987,VNM,80_20,GRU
2025-09-03,56.88,55.7597,VNM,80_20,GRU
2025-09-04,57.16,56.8363,VNM,80_20,GRU
2025-09-05,56.33,57.1328,VNM,80_20,GRU
2025-09-08,56.05,56.3436,VNM,80_20,GRU
2025-09-09,55.77,56.0682,VNM,80_20,GRU
2025-09-10,55.31,55.7874,VNM,80_20,GRU
2025-09-11,56.61,55.3503,VNM,80_20,GRU
2025-09-12,58.45,56.6085,VNM,80_20,GRU
2025-09-15,58.36,58.3954,VNM,80_20,GRU
2025-09-16,59.84,58.3236,VNM,80_20,GRU
2025-09-17,60.21,59.7585,VNM,80_20,GRU
2025-09-18,58.82,60.132,VNM,80_20,GRU
2025-09-19,57.35,58.818,VNM,80_20,GRU
2025-09-22,56.79,57.4031,VNM,80_20,GRU
2025-09-23,56.98,56.8439,VNM,80_20,GRU
2025-09-24,57.35,57.0348,VNM,80_20,GRU
2025-09-25,56.88,57.3918,VNM,80_20,GRU
2025-09-26,56.51,56.9184,VNM,80_20,GRU
2025-09-29,55.77,56.5347,VNM,80_20,GRU
2025-09-30,55.5,55.8065,VNM,80_20,GRU
2025-10-01,57.44,55.5381,VNM,80_20,GRU
2025-10-02,56.61,57.4236,VNM,80_20,GRU
2025-10-03,56.7,56.632,VNM,80_20,GRU
2025-10-06,57.72,56.7041,VNM,80_20,GRU
2025-10-07,56.79,57.6854,VNM,80_20,GRU
2025-10-08,58.64,56.7971,VNM,80_20,GRU
2025-10-09,58.18,58.6076,VNM,80_20,GRU
2025-10-10,57.72,58.1698,VNM,80_20,GRU
2025-10-13,59.19,57.7235,VNM,80_20,GRU
2025-10-14,58.73,59.1581,VNM,80_20,GRU
2025-10-15,58.82,58.719,VNM,80_20,GRU
2025-10-16,59.26,58.8225,VNM,80_20,GRU
2025-10-17,56.94,59.2439,VNM,80_20,GRU
2025-10-20,53.26,57.0039,VNM,80_20,GRU
2025-10-21,54.71,53.4294,VNM,80_20,GRU
2025-10-22,54.52,54.7922,VNM,80_20,GRU
2025-10-23,54.81,54.6118,VNM,80_20,GRU
2025-10-24,56.26,54.8804,VNM,80_20,GRU
2025-10-27,55.19,56.2531,VNM,80_20,GRU
2025-10-28,55.58,55.1851,VNM,80_20,GRU
2025-10-29,55.68,55.5713,VNM,80_20,GRU
2025-10-30,55.29,55.6705,VNM,80_20,GRU
2025-10-31,55.77,55.3004,VNM,80_20,GRU
2025-11-03,55.48,55.7759,VNM,80_20,GRU
2025-11-04,55.48,55.4868,VNM,80_20,GRU
2025-11-05,56.16,55.4887,VNM,80_20,GRU
2025-11-06,56.16,56.1489,VNM,80_20,GRU
2025-11-07,55.77,56.1521,VNM,80_20,GRU
2025-11-10,55.19,55.7802,VNM,80_20,GRU
2025-11-11,57.03,55.2111,VNM,80_20,GRU
2025-11-12,57.9,56.9965,VNM,80_20,GRU
2025-11-13,59.84,57.8643,VNM,80_20,GRU
2025-11-14,60.81,59.7558,VNM,80_20,GRU
2025-11-17,60.13,60.7108,VNM,80_20,GRU
2025-11-18,58.78,60.0659,VNM,80_20,GRU
2025-11-19,58.97,58.7847,VNM,80_20,GRU
2025-11-20,58.78,58.9728,VNM,80_20,GRU
2025-11-21,58.0,58.8129,VNM,80_20,GRU
2025-11-24,61.0,58.0611,VNM,80_20,GRU
2025-11-25,59.94,60.9636,VNM,80_20,GRU
2025-11-26,60.81,59.9497,VNM,80_20,GRU
2025-11-27,60.03,60.7845,VNM,80_20,GRU
2025-11-28,61.97,60.0337,VNM,80_20,GRU
2025-12-01,62.84,61.9087,VNM,80_20,GRU
2025-12-02,62.94,62.8009,VNM,80_20,GRU
2025-12-03,62.55,62.8961,VNM,80_20,GRU
2025-12-04,61.39,62.5322,VNM,80_20,GRU
2025-12-05,61.39,61.4016,VNM,80_20,GRU
2025-12-08,61.49,61.4149,VNM,80_20,GRU
2025-12-09,60.52,61.5197,VNM,80_20,GRU
2025-12-10,61.1,60.5788,VNM,80_20,GRU
2025-12-11,59.55,61.1227,VNM,80_20,GRU
2025-12-12,58.29,59.6124,VNM,80_20,GRU
2025-12-15,60.03,58.3713,VNM,80_20,GRU
2025-12-16,62.16,60.0471,VNM,80_20,GRU
2025-12-17,60.91,62.1174,VNM,80_20,GRU
2025-12-18,61.87,60.9332,VNM,80_20,GRU
2025-12-19,61.97,61.8314,VNM,80_20,GRU
2025-12-22,61.2,61.9256,VNM,80_20,GRU
2025-12-23,60.62,61.2091,VNM,80_20,GRU
2025-12-24,59.55,60.6598,VNM,80_20,GRU
2025-12-25,59.36,59.6015,VNM,80_20,GRU
2025-12-26,59.55,59.414,VNM,80_20,GRU
2025-12-29,60.13,59.5919,VNM,80_20,GRU
2025-12-30,59.84,60.1435,VNM,80_20,GRU
2025-12-31,59.26,59.8581,VNM,80_20,GRU
2026-01-05,58.39,59.2796,VNM,80_20,GRU
2026-01-06,58.87,58.4285,VNM,80_20,GRU
2026-01-07,58.97,58.8878,VNM,80_20,GRU
2026-01-08,60.23,58.9931,VNM,80_20,GRU
2026-01-09,59.07,60.2114,VNM,80_20,GRU
2026-01-12,60.71,59.0936,VNM,80_20,GRU
2026-01-13,61.29,60.6673,VNM,80_20,GRU
2026-01-14,65.55,61.2512,VNM,80_20,GRU
2026-01-15,68.75,65.4107,VNM,80_20,GRU
2026-01-16,67.39,68.5622,VNM,80_20,GRU
2026-01-19,68.36,67.2762,VNM,80_20,GRU
2026-01-20,71.07,68.2398,VNM,80_20,GRU
2026-01-21,68.07,70.9066,VNM,80_20,GRU
2026-01-22,68.65,68.1053,VNM,80_20,GRU
2026-01-23,65.07,68.6702,VNM,80_20,GRU
2026-01-26,66.72,65.1959,VNM,80_20,GRU
2026-01-27,65.55,66.7756,VNM,80_20,GRU
2026-01-28,65.55,65.6677,VNM,80_20,GRU
2026-01-29,68.85,65.6112,VNM,80_20,GRU
2026-01-30,68.36,68.8177,VNM,80_20,GRU
2026-02-02,70.3,68.3285,VNM,80_20,GRU
2026-02-03,69.33,70.2258,VNM,80_20,GRU
2026-02-04,69.72,69.2938,VNM,80_20,GRU
2026-02-05,66.91,69.6734,VNM,80_20,GRU
2026-02-06,66.91,66.9991,VNM,80_20,GRU
2026-02-09,67.39,66.9641,VNM,80_20,GRU
2026-02-10,66.23,67.4426,VNM,80_20,GRU
2026-02-11,66.91,66.3079,VNM,80_20,GRU
2026-02-12,66.81,66.9501,VNM,80_20,GRU
2026-02-13,67.3,66.8221,VNM,80_20,GRU
2026-02-23,68.36,67.2966,VNM,80_20,GRU
2026-02-24,67.97,68.3329,VNM,80_20,GRU
2026-02-25,70.01,67.954,VNM,80_20,GRU
2026-02-26,68.36,69.943,VNM,80_20,GRU
2026-02-27,66.04,68.3707,VNM,80_20,GRU
2026-03-02,64.49,66.1167,VNM,80_20,GRU
2026-03-03,61.39,64.5956,VNM,80_20,GRU
2026-03-04,62.84,61.5666,VNM,80_20,GRU
2026-03-05,61.2,62.9518,VNM,80_20,GRU
2026-03-06,60.42,61.3453,VNM,80_20,GRU
2026-03-09,56.26,60.5316,VNM,80_20,GRU
2026-03-10,60.13,56.4687,VNM,80_20,GRU
2026-03-11,61.0,60.1729,VNM,80_20,GRU
2026-03-12,59.65,61.047,VNM,80_20,GRU
2026-03-13,61.1,59.7187,VNM,80_20,GRU
2026-03-16,59.84,61.0912,VNM,80_20,GRU
2026-03-17,59.55,59.83,VNM,80_20,GRU
2026-03-18,59.74,59.5806,VNM,80_20,GRU
2026-03-19,59.07,59.7664,VNM,80_20,GRU
2026-03-20,58.1,59.1029,VNM,80_20,GRU
2026-03-23,58.87,58.1667,VNM,80_20,GRU
2026-03-24,59.26,58.8866,VNM,80_20,GRU
2026-03-25,60.13,59.2669,VNM,80_20,GRU
2026-03-26,59.07,60.1144,VNM,80_20,GRU
2026-03-27,59.55,59.0883,VNM,80_20,GRU
2026-03-30,58.68,59.534,VNM,80_20,GRU
2026-03-31,58.58,58.7067,VNM,80_20,GRU
2026-04-01,59.36,58.606,VNM,80_20,GRU
2026-04-02,58.87,59.3678,VNM,80_20,GRU
2026-04-03,58.1,58.8878,VNM,80_20,GRU
2026-04-06,58.97,58.1397,VNM,80_20,GRU
2026-04-07,59.07,58.9653,VNM,80_20,GRU
2026-04-08,60.62,59.0702,VNM,80_20,GRU
2026-04-09,59.84,60.5841,VNM,80_20,GRU
2026-04-10,60.81,59.8384,VNM,80_20,GRU
2026-04-13,60.81,60.7663,VNM,80_20,GRU
2026-04-14,60.03,60.7884,VNM,80_20,GRU
2026-04-15,59.36,60.0391,VNM,80_20,GRU
2026-04-16,59.16,59.398,VNM,80_20,GRU
2026-04-17,59.36,59.1879,VNM,80_20,GRU
2026-04-20,59.55,59.3886,VNM,80_20,GRU
2026-04-21,59.65,59.5709,VNM,80_20,GRU
2026-04-22,59.84,59.658,VNM,80_20,GRU
2026-04-23,60.03,59.8348,VNM,80_20,GRU
2026-04-24,59.45,60.0197,VNM,80_20,GRU
2026-04-28,59.26,59.4637,VNM,80_20,GRU
2026-04-29,58.97,59.2763,VNM,80_20,GRU
2026-05-04,58.97,58.9941,VNM,80_20,GRU
2026-05-05,59.16,58.9924,VNM,80_20,GRU
2026-05-06,59.55,59.1762,VNM,80_20,GRU
2026-05-07,59.55,59.5482,VNM,80_20,GRU
2026-05-08,58.97,59.5493,VNM,80_20,GRU
2026-05-11,58.68,58.9847,VNM,80_20,GRU
2026-05-12,58.19,58.6983,VNM,80_20,GRU
2026-05-13,57.42,58.2226,VNM,80_20,GRU
2026-05-14,58.19,57.4736,VNM,80_20,GRU
2026-05-15,57.9,58.2099,VNM,80_20,GRU
2026-05-18,58.58,57.9268,VNM,80_20,GRU
2026-05-19,57.9,58.578,VNM,80_20,GRU
2026-05-20,57.23,57.9187,VNM,80_20,GRU
2026-05-21,57.13,57.2544,VNM,80_20,GRU
2026-05-22,57.61,57.158,VNM,80_20,GRU
2026-05-25,57.23,57.6189,VNM,80_20,GRU
2026-05-26,57.23,57.2602,VNM,80_20,GRU
2026-05-27,56.94,57.2458,VNM,80_20,GRU
2026-05-28,57.13,56.9558,VNM,80_20,GRU
2026-05-29,57.32,57.1366,VNM,80_20,GRU
2026-06-01,57.23,57.3269,VNM,80_20,GRU
2026-06-02,56.74,57.2367,VNM,80_20,GRU
2026-06-03,56.45,56.7605,VNM,80_20,GRU
2026-06-04,56.74,56.4709,VNM,80_20,GRU
2026-06-05,56.55,56.7511,VNM,80_20,GRU
2026-06-08,56.16,56.5707,VNM,80_20,GRU
2026-06-09,56.45,56.1877,VNM,80_20,GRU
2026-06-10,57.03,56.4578,VNM,80_20,GRU
2026-06-11,57.32,57.0199,VNM,80_20,GRU
2026-06-12,57.13,57.3099,VNM,80_20,GRU
2026-06-15,57.81,57.1267,VNM,80_20,GRU
2026-06-16,57.23,57.7819,VNM,80_20,GRU
2026-06-17,57.13,57.2335,VNM,80_20,GRU
2026-06-18,57.32,57.1389,VNM,80_20,GRU
2026-06-19,57.13,57.3251,VNM,80_20,GRU
2026-06-22,56.74,57.1415,VNM,80_20,GRU
2026-06-23,56.55,56.7676,VNM,80_20,GRU
2026-06-24,56.45,56.5713,VNM,80_20,GRU
2026-06-25,56.45,56.4705,VNM,80_20,GRU
2026-06-26,56.3,56.47,VNM,80_20,GRU
2026-06-29,56.1,56.3204,VNM,80_20,GRU
2026-06-30,54.8,56.1192,VNM,80_20,GRU
2026-07-01,55.2,54.855,VNM,80_20,GRU
2026-07-02,55.5,55.227,VNM,80_20,GRU
2026-07-03,54.9,55.5188,VNM,80_20,GRU
2026-07-06,55.3,54.9364,VNM,80_20,GRU
2026-07-07,55.1,55.312,VNM,80_20,GRU
2026-07-08,55.7,55.106,VNM,80_20,GRU
2026-07-09,55.7,55.6916,VNM,80_20,GRU
2026-07-10,56.6,55.6999,VNM,80_20,GRU
2026-07-13,55.4,56.5675,VNM,80_20,GRU
2026-07-14,56.0,55.4218,VNM,80_20,GRU
2026-07-15,56.2,55.9917,VNM,80_20,GRU
2026-07-16,56.2,56.1981,VNM,80_20,GRU
2026-07-17,59.0,56.2015,VNM,80_20,GRU
2026-07-20,58.5,58.9344,VNM,80_20,GRU
2026-07-21,58.4,58.4642,VNM,80_20,GRU
2026-07-22,59.1,58.373,VNM,80_20,GRU
2026-07-23,57.8,59.0562,VNM,80_20,GRU
2026-07-24,58.9,57.8134,VNM,80_20,GRU
2026-07-27,57.9,58.8992,VNM,80_20,GRU
2026-07-28,59.6,57.9343,VNM,80_20,GRU
2026-07-29,60.0,59.5762,VNM,80_20,GRU
2026-07-30,61.2,59.9837,VNM,80_20,GRU
2026-07-31,60.9,61.1379,VNM,80_20,GRU
2026-08-03,60.3,60.8733,VNM,80_20,GRU
2026-08-04,59.5,60.2829,VNM,80_20,GRU
2026-08-05,58.6,59.5251,VNM,80_20,GRU
2026-08-06,59.0,58.6507,VNM,80_20,GRU
2026-08-07,62.0,59.0395,VNM,80_20,GRU
2026-08-10,62.1,61.9559,VNM,80_20,GRU
2026-08-11,62.0,62.0707,VNM,80_20,GRU
2026-08-12,61.8,61.9649,VNM,80_20,GRU
2026-08-13,61.6,61.7628,VNM,80_20,GRU
2026-08-14,61.6,61.5819,VNM,80_20,GRU
2026-08-17,62.2,61.6146,VNM,80_20,GRU
2026-08-18,62.1,62.197,VNM,80_20,GRU
2026-08-19,63.1,62.1043,VNM,80_20,GRU
2026-08-20,64.0,63.0717,VNM,80_20,GRU
2026-08-21,63.8,63.9529,VNM,80_20,GRU
2026-08-24,63.2,63.7722,VNM,80_20,GRU
2026-08-25,62.6,63.1994,VNM,80_20,GRU
2026-08-26,62.8,62.6143,VNM,80_20,GRU
2026-08-27,62.5,62.8158,VNM,80_20,GRU
2026-08-28,62.3,62.535,VNM,80_20,GRU
2026-09-03,61.2,62.3324,VNM,80_20,GRU
2026-09-04,61.9,61.2548,VNM,80_20,GRU
2026-09-07,60.7,61.9149,VNM,80_20,GRU
2026-09-08,61.0,60.7594,VNM,80_20,GRU
2026-09-09,61.3,61.0314,VNM,80_20,GRU
2026-09-10,61.6,61.3179,VNM,80_20,GRU
2026-09-11,59.9,61.5983,VNM,80_20,GRU
2026-09-14,59.3,59.9619,VNM,80_20,GRU
2026-09-15,59.7,59.3462,VNM,80_20,GRU
2026-09-16,59.6,59.7296,VNM,80_20,GRU
2026-09-17,60.2,59.6371,VNM,80_20,GRU
2026-09-18,61.2,60.2153,VNM,80_20,GRU
2026-09-21,60.3,61.1686,VNM,80_20,GRU
2026-09-22,61.2,60.3029,VNM,80_20,GRU
2026-09-23,60.5,61.1743,VNM,80_20,GRU
2026-09-24,60.6,60.5063,VNM,80_20,GRU
2026-09-25,59.8,60.6058,VNM,80_20,GRU
2026-09-28,60.3,59.8404,VNM,80_20,GRU
2026-09-29,60.3,60.3071,VNM,80_20,GRU
2026-09-30,59.4,60.3192,VNM,80_20,GRU
2026-10-01,58.6,59.4382,VNM,80_20,GRU
2026-10-02,57.3,58.6514,VNM,80_20,GRU
