date,actual,predicted,ticker,split,model
2024-05-30,58.35,59.2904,VCB,70_30,Linear Regression
2024-05-31,57.43,58.3995,VCB,70_30,Linear Regression
2024-06-03,58.09,57.6527,VCB,70_30,Linear Regression
2024-06-04,58.42,58.46,VCB,70_30,Linear Regression
2024-06-05,58.48,58.5873,VCB,70_30,Linear Regression
2024-06-06,58.61,58.5435,VCB,70_30,Linear Regression
2024-06-07,58.28,58.6469,VCB,70_30,Linear Regression
2024-06-10,57.95,58.369,VCB,70_30,Linear Regression
2024-06-11,57.43,58.1047,VCB,70_30,Linear Regression
2024-06-12,58.42,57.5787,VCB,70_30,Linear Regression
2024-06-13,58.22,58.5521,VCB,70_30,Linear Regression
2024-06-14,57.63,58.343,VCB,70_30,Linear Regression
2024-06-17,57.36,57.7456,VCB,70_30,Linear Regression
2024-06-18,57.36,57.4737,VCB,70_30,Linear Regression
2024-06-19,57.03,57.6692,VCB,70_30,Linear Regression
2024-06-20,56.64,57.205,VCB,70_30,Linear Regression
2024-06-21,56.64,56.6676,VCB,70_30,Linear Regression
2024-06-24,56.31,56.7142,VCB,70_30,Linear Regression
2024-06-25,56.31,56.5393,VCB,70_30,Linear Regression
2024-06-26,56.11,56.5004,VCB,70_30,Linear Regression
2024-06-27,56.11,56.2453,VCB,70_30,Linear Regression
2024-06-28,56.11,56.2139,VCB,70_30,Linear Regression
2024-07-01,56.7,56.1769,VCB,70_30,Linear Regression
2024-07-02,58.09,56.7528,VCB,70_30,Linear Regression
2024-07-03,58.28,58.2824,VCB,70_30,Linear Regression
2024-07-04,57.95,58.3634,VCB,70_30,Linear Regression
2024-07-05,57.95,58.1807,VCB,70_30,Linear Regression
2024-07-08,57.43,58.2255,VCB,70_30,Linear Regression
2024-07-09,58.02,57.7092,VCB,70_30,Linear Regression
2024-07-10,58.35,58.1499,VCB,70_30,Linear Regression
2024-07-11,58.02,58.5768,VCB,70_30,Linear Regression
2024-07-12,57.69,58.1313,VCB,70_30,Linear Regression
2024-07-15,57.63,57.8047,VCB,70_30,Linear Regression
2024-07-16,57.89,57.8681,VCB,70_30,Linear Regression
2024-07-17,57.95,58.1522,VCB,70_30,Linear Regression
2024-07-18,57.95,58.2782,VCB,70_30,Linear Regression
2024-07-19,57.63,58.1027,VCB,70_30,Linear Regression
2024-07-22,57.76,57.7624,VCB,70_30,Linear Regression
2024-07-23,57.63,57.8833,VCB,70_30,Linear Regression
2024-07-24,57.63,57.8253,VCB,70_30,Linear Regression
2024-07-25,57.49,57.7865,VCB,70_30,Linear Regression
2024-07-26,57.49,57.5815,VCB,70_30,Linear Regression
2024-07-29,57.49,57.6295,VCB,70_30,Linear Regression
2024-07-30,57.63,57.6703,VCB,70_30,Linear Regression
2024-07-31,58.74,57.8573,VCB,70_30,Linear Regression
2024-08-01,59.73,58.9145,VCB,70_30,Linear Regression
2024-08-02,58.42,60.0385,VCB,70_30,Linear Regression
2024-08-05,57.23,58.4718,VCB,70_30,Linear Regression
2024-08-06,57.49,57.3114,VCB,70_30,Linear Regression
2024-08-07,57.76,57.7566,VCB,70_30,Linear Regression
2024-08-08,57.49,57.9731,VCB,70_30,Linear Regression
2024-08-09,57.76,57.5647,VCB,70_30,Linear Regression
2024-08-12,57.82,57.8512,VCB,70_30,Linear Regression
2024-08-13,58.94,57.8816,VCB,70_30,Linear Regression
2024-08-14,57.95,58.9969,VCB,70_30,Linear Regression
2024-08-15,57.69,58.0684,VCB,70_30,Linear Regression
2024-08-16,58.02,57.8184,VCB,70_30,Linear Regression
2024-08-19,58.48,58.2705,VCB,70_30,Linear Regression
2024-08-20,59.8,58.6949,VCB,70_30,Linear Regression
2024-08-21,61.12,59.8819,VCB,70_30,Linear Regression
2024-08-22,60.85,61.0957,VCB,70_30,Linear Regression
2024-08-23,60.85,60.8554,VCB,70_30,Linear Regression
2024-08-26,60.59,60.6368,VCB,70_30,Linear Regression
2024-08-27,60.26,60.749,VCB,70_30,Linear Regression
2024-08-28,60.0,60.3415,VCB,70_30,Linear Regression
2024-08-29,60.26,60.1522,VCB,70_30,Linear Regression
2024-08-30,60.39,60.4186,VCB,70_30,Linear Regression
2024-09-04,59.93,60.4905,VCB,70_30,Linear Regression
2024-09-05,59.34,59.7687,VCB,70_30,Linear Regression
2024-09-06,59.4,59.4028,VCB,70_30,Linear Regression
2024-09-09,59.4,59.4878,VCB,70_30,Linear Regression
2024-09-10,58.61,59.3317,VCB,70_30,Linear Regression
2024-09-11,58.22,58.6198,VCB,70_30,Linear Regression
2024-09-12,58.94,58.1352,VCB,70_30,Linear Regression
2024-09-13,59.21,59.0208,VCB,70_30,Linear Regression
2024-09-16,58.55,59.2286,VCB,70_30,Linear Regression
2024-09-17,59.6,58.5236,VCB,70_30,Linear Regression
2024-09-18,59.93,59.5322,VCB,70_30,Linear Regression
2024-09-19,60.26,60.0395,VCB,70_30,Linear Regression
2024-09-20,59.67,60.3118,VCB,70_30,Linear Regression
2024-09-23,59.86,59.8006,VCB,70_30,Linear Regression
2024-09-24,60.06,60.013,VCB,70_30,Linear Regression
2024-09-25,61.12,60.1698,VCB,70_30,Linear Regression
2024-09-26,60.92,61.2232,VCB,70_30,Linear Regression
2024-09-27,60.92,61.1151,VCB,70_30,Linear Regression
2024-09-30,60.59,61.0256,VCB,70_30,Linear Regression
2024-10-01,60.59,60.6578,VCB,70_30,Linear Regression
2024-10-02,61.05,60.8629,VCB,70_30,Linear Regression
2024-10-03,60.98,61.1024,VCB,70_30,Linear Regression
2024-10-04,60.79,61.1483,VCB,70_30,Linear Regression
2024-10-07,60.59,60.7878,VCB,70_30,Linear Regression
2024-10-08,60.26,60.5692,VCB,70_30,Linear Regression
2024-10-09,59.93,60.2547,VCB,70_30,Linear Regression
2024-10-10,60.52,60.0353,VCB,70_30,Linear Regression
2024-10-11,60.26,60.732,VCB,70_30,Linear Regression
2024-10-14,60.19,60.2621,VCB,70_30,Linear Regression
2024-10-15,60.19,60.2513,VCB,70_30,Linear Regression
2024-10-16,60.26,60.3278,VCB,70_30,Linear Regression
2024-10-17,60.72,60.3618,VCB,70_30,Linear Regression
2024-10-18,60.85,60.8176,VCB,70_30,Linear Regression
2024-10-21,60.59,60.9826,VCB,70_30,Linear Regression
2024-10-22,60.19,60.7495,VCB,70_30,Linear Regression
2024-10-23,60.26,60.2545,VCB,70_30,Linear Regression
2024-10-24,60.39,60.3651,VCB,70_30,Linear Regression
2024-10-25,60.46,60.541,VCB,70_30,Linear Regression
2024-10-28,60.59,60.5729,VCB,70_30,Linear Regression
2024-10-29,60.59,60.6235,VCB,70_30,Linear Regression
2024-10-30,60.39,60.7115,VCB,70_30,Linear Regression
2024-10-31,61.64,60.4647,VCB,70_30,Linear Regression
2024-11-01,61.58,61.9025,VCB,70_30,Linear Regression
2024-11-04,60.92,61.872,VCB,70_30,Linear Regression
2024-11-05,60.98,61.1228,VCB,70_30,Linear Regression
2024-11-06,61.18,61.002,VCB,70_30,Linear Regression
2024-11-07,61.38,61.4236,VCB,70_30,Linear Regression
2024-11-08,60.72,61.6209,VCB,70_30,Linear Regression
2024-11-11,60.59,60.8542,VCB,70_30,Linear Regression
2024-11-12,60.52,60.6907,VCB,70_30,Linear Regression
2024-11-13,60.92,60.7553,VCB,70_30,Linear Regression
2024-11-14,60.59,61.0954,VCB,70_30,Linear Regression
2024-11-15,60.39,60.6594,VCB,70_30,Linear Regression
2024-11-18,59.93,60.435,VCB,70_30,Linear Regression
2024-11-19,59.27,60.0237,VCB,70_30,Linear Regression
2024-11-20,59.47,59.3916,VCB,70_30,Linear Regression
2024-11-21,59.6,59.6315,VCB,70_30,Linear Regression
2024-11-22,59.67,59.7289,VCB,70_30,Linear Regression
2024-11-25,60.13,59.7474,VCB,70_30,Linear Regression
2024-11-26,60.85,60.2606,VCB,70_30,Linear Regression
2024-11-27,61.05,60.981,VCB,70_30,Linear Regression
2024-11-28,60.98,61.1623,VCB,70_30,Linear Regression
2024-11-29,61.44,61.1166,VCB,70_30,Linear Regression
2024-12-02,62.04,61.4976,VCB,70_30,Linear Regression
2024-12-03,61.25,62.3263,VCB,70_30,Linear Regression
2024-12-04,61.58,61.3092,VCB,70_30,Linear Regression
2024-12-05,61.91,61.598,VCB,70_30,Linear Regression
2024-12-06,62.04,62.0593,VCB,70_30,Linear Regression
2024-12-09,62.76,62.2686,VCB,70_30,Linear Regression
2024-12-10,62.24,62.787,VCB,70_30,Linear Regression
2024-12-11,61.44,62.3041,VCB,70_30,Linear Regression
2024-12-12,61.58,61.475,VCB,70_30,Linear Regression
2024-12-13,61.31,61.7822,VCB,70_30,Linear Regression
2024-12-16,61.31,61.4355,VCB,70_30,Linear Regression
2024-12-17,61.25,61.3005,VCB,70_30,Linear Regression
2024-12-18,61.31,61.2215,VCB,70_30,Linear Regression
2024-12-19,60.85,61.34,VCB,70_30,Linear Regression
2024-12-20,60.92,60.8231,VCB,70_30,Linear Regression
2024-12-23,60.85,61.0244,VCB,70_30,Linear Regression
2024-12-24,60.65,60.9665,VCB,70_30,Linear Regression
2024-12-25,60.85,60.7093,VCB,70_30,Linear Regression
2024-12-26,60.65,61.0784,VCB,70_30,Linear Regression
2024-12-27,60.72,60.7423,VCB,70_30,Linear Regression
2024-12-30,60.59,60.8586,VCB,70_30,Linear Regression
2024-12-31,60.06,60.6641,VCB,70_30,Linear Regression
2025-01-02,60.52,60.153,VCB,70_30,Linear Regression
2025-01-03,60.59,60.6675,VCB,70_30,Linear Regression
2025-01-06,61.18,60.7188,VCB,70_30,Linear Regression
2025-01-07,60.79,61.2767,VCB,70_30,Linear Regression
2025-01-08,60.85,60.8486,VCB,70_30,Linear Regression
2025-01-09,60.52,60.752,VCB,70_30,Linear Regression
2025-01-10,60.19,60.5278,VCB,70_30,Linear Regression
2025-01-13,60.52,60.3188,VCB,70_30,Linear Regression
2025-01-14,60.39,60.5467,VCB,70_30,Linear Regression
2025-01-15,60.19,60.3659,VCB,70_30,Linear Regression
2025-01-16,61.05,60.2101,VCB,70_30,Linear Regression
2025-01-17,60.92,61.232,VCB,70_30,Linear Regression
2025-01-20,60.39,61.0345,VCB,70_30,Linear Regression
2025-01-21,60.19,60.4118,VCB,70_30,Linear Regression
2025-01-22,60.06,60.2874,VCB,70_30,Linear Regression
2025-01-23,60.92,60.2394,VCB,70_30,Linear Regression
2025-01-24,60.98,61.077,VCB,70_30,Linear Regression
2025-02-03,60.33,61.0729,VCB,70_30,Linear Regression
2025-02-04,60.59,60.322,VCB,70_30,Linear Regression
2025-02-05,60.98,60.6471,VCB,70_30,Linear Regression
2025-02-06,61.18,61.1764,VCB,70_30,Linear Regression
2025-02-07,61.25,61.3855,VCB,70_30,Linear Regression
2025-02-10,60.72,61.3052,VCB,70_30,Linear Regression
2025-02-11,60.52,60.7338,VCB,70_30,Linear Regression
2025-02-12,60.26,60.5549,VCB,70_30,Linear Regression
2025-02-13,60.33,60.4581,VCB,70_30,Linear Regression
2025-02-14,60.33,60.445,VCB,70_30,Linear Regression
2025-02-17,60.33,60.4256,VCB,70_30,Linear Regression
2025-02-18,60.33,60.3815,VCB,70_30,Linear Regression
2025-02-19,60.39,60.3789,VCB,70_30,Linear Regression
2025-02-20,60.39,60.407,VCB,70_30,Linear Regression
2025-02-21,61.31,60.5276,VCB,70_30,Linear Regression
2025-02-24,61.58,61.4624,VCB,70_30,Linear Regression
2025-02-25,60.98,61.6532,VCB,70_30,Linear Regression
2025-02-26,60.79,61.0301,VCB,70_30,Linear Regression
2025-02-27,61.91,60.879,VCB,70_30,Linear Regression
2025-02-28,61.44,62.5194,VCB,70_30,Linear Regression
2025-03-03,61.44,61.6372,VCB,70_30,Linear Regression
2025-03-04,61.25,61.4711,VCB,70_30,Linear Regression
2025-03-05,61.25,61.3562,VCB,70_30,Linear Regression
2025-03-06,61.58,61.4803,VCB,70_30,Linear Regression
2025-03-07,62.63,61.8401,VCB,70_30,Linear Regression
2025-03-10,63.75,62.8172,VCB,70_30,Linear Regression
2025-03-11,63.75,64.0485,VCB,70_30,Linear Regression
2025-03-12,65.67,63.6508,VCB,70_30,Linear Regression
2025-03-13,64.49,66.2621,VCB,70_30,Linear Regression
2025-03-14,64.98,64.6398,VCB,70_30,Linear Regression
2025-03-17,66.26,65.1268,VCB,70_30,Linear Regression
2025-03-18,65.77,66.3602,VCB,70_30,Linear Regression
2025-03-19,65.47,65.936,VCB,70_30,Linear Regression
2025-03-20,65.77,65.4918,VCB,70_30,Linear Regression
2025-03-21,64.98,65.7757,VCB,70_30,Linear Regression
2025-03-24,65.47,65.1125,VCB,70_30,Linear Regression
2025-03-25,65.18,65.3223,VCB,70_30,Linear Regression
2025-03-26,64.78,65.2814,VCB,70_30,Linear Regression
2025-03-27,64.49,64.7992,VCB,70_30,Linear Regression
2025-03-28,63.8,64.4435,VCB,70_30,Linear Regression
2025-03-31,63.01,63.8808,VCB,70_30,Linear Regression
2025-04-01,63.5,63.1069,VCB,70_30,Linear Regression
2025-04-02,63.8,63.6435,VCB,70_30,Linear Regression
2025-04-03,59.37,64.0971,VCB,70_30,Linear Regression
2025-04-04,59.07,59.5755,VCB,70_30,Linear Regression
2025-04-08,54.94,58.5548,VCB,70_30,Linear Regression
2025-04-09,51.69,55.6188,VCB,70_30,Linear Regression
2025-04-10,55.23,53.0587,VCB,70_30,Linear Regression
2025-04-11,58.88,56.1237,VCB,70_30,Linear Regression
2025-04-14,58.38,59.4071,VCB,70_30,Linear Regression
2025-04-15,59.07,57.9652,VCB,70_30,Linear Regression
2025-04-16,58.38,58.627,VCB,70_30,Linear Regression
2025-04-17,57.2,58.431,VCB,70_30,Linear Regression
2025-04-18,57.2,57.2928,VCB,70_30,Linear Regression
2025-04-21,57.3,57.6537,VCB,70_30,Linear Regression
2025-04-22,57.6,57.5066,VCB,70_30,Linear Regression
2025-04-23,57.1,56.7999,VCB,70_30,Linear Regression
2025-04-24,57.3,57.2069,VCB,70_30,Linear Regression
2025-04-25,56.61,57.4492,VCB,70_30,Linear Regression
2025-04-28,56.61,56.9267,VCB,70_30,Linear Regression
2025-04-29,56.42,56.8707,VCB,70_30,Linear Regression
2025-05-05,56.22,56.7181,VCB,70_30,Linear Regression
2025-05-06,56.12,56.3299,VCB,70_30,Linear Regression
2025-05-07,56.12,56.2508,VCB,70_30,Linear Regression
2025-05-08,56.22,56.1767,VCB,70_30,Linear Regression
2025-05-09,55.73,56.2823,VCB,70_30,Linear Regression
2025-05-12,55.73,55.895,VCB,70_30,Linear Regression
2025-05-13,55.92,55.972,VCB,70_30,Linear Regression
2025-05-14,57.79,56.2812,VCB,70_30,Linear Regression
2025-05-15,57.79,58.116,VCB,70_30,Linear Regression
2025-05-16,56.61,58.2443,VCB,70_30,Linear Regression
2025-05-19,56.12,56.8367,VCB,70_30,Linear Regression
2025-05-20,56.22,56.3452,VCB,70_30,Linear Regression
2025-05-21,56.22,56.5686,VCB,70_30,Linear Regression
2025-05-22,56.02,56.6614,VCB,70_30,Linear Regression
2025-05-23,55.92,56.2246,VCB,70_30,Linear Regression
2025-05-26,56.12,56.1146,VCB,70_30,Linear Regression
2025-05-27,55.92,56.0827,VCB,70_30,Linear Regression
2025-05-28,55.92,56.1653,VCB,70_30,Linear Regression
2025-05-29,55.82,56.2505,VCB,70_30,Linear Regression
2025-05-30,55.53,56.0224,VCB,70_30,Linear Regression
2025-06-02,55.33,55.6883,VCB,70_30,Linear Regression
2025-06-03,55.92,55.4452,VCB,70_30,Linear Regression
2025-06-04,55.73,56.1192,VCB,70_30,Linear Regression
2025-06-05,55.43,55.8927,VCB,70_30,Linear Regression
2025-06-06,55.23,55.5585,VCB,70_30,Linear Regression
2025-06-09,55.04,55.4363,VCB,70_30,Linear Regression
2025-06-10,55.04,55.2838,VCB,70_30,Linear Regression
2025-06-11,54.84,55.2762,VCB,70_30,Linear Regression
2025-06-12,55.14,55.0438,VCB,70_30,Linear Regression
2025-06-13,55.33,55.2754,VCB,70_30,Linear Regression
2025-06-16,55.73,55.6061,VCB,70_30,Linear Regression
2025-06-17,56.32,55.9463,VCB,70_30,Linear Regression
2025-06-18,55.82,56.6471,VCB,70_30,Linear Regression
2025-06-19,55.73,55.9997,VCB,70_30,Linear Regression
2025-06-20,56.22,55.9285,VCB,70_30,Linear Regression
2025-06-23,55.73,56.521,VCB,70_30,Linear Regression
2025-06-24,55.73,55.898,VCB,70_30,Linear Regression
2025-06-25,55.73,55.9676,VCB,70_30,Linear Regression
2025-06-26,55.53,55.9682,VCB,70_30,Linear Regression
2025-06-27,55.82,55.7402,VCB,70_30,Linear Regression
2025-06-30,56.12,56.1144,VCB,70_30,Linear Regression
2025-07-01,57.3,56.4061,VCB,70_30,Linear Regression
2025-07-02,57.1,57.7098,VCB,70_30,Linear Regression
2025-07-03,57.01,57.2701,VCB,70_30,Linear Regression
2025-07-04,57.5,57.3202,VCB,70_30,Linear Regression
2025-07-07,57.7,57.7613,VCB,70_30,Linear Regression
2025-07-08,58.09,58.0251,VCB,70_30,Linear Regression
2025-07-09,60.55,58.4865,VCB,70_30,Linear Regression
2025-07-10,60.45,60.9918,VCB,70_30,Linear Regression
2025-07-11,61.73,60.6634,VCB,70_30,Linear Regression
2025-07-14,61.44,61.9433,VCB,70_30,Linear Regression
2025-07-15,60.45,61.393,VCB,70_30,Linear Regression
2025-07-16,60.85,60.6333,VCB,70_30,Linear Regression
2025-07-17,61.24,61.0165,VCB,70_30,Linear Regression
2025-07-18,60.94,61.6156,VCB,70_30,Linear Regression
2025-07-21,60.35,61.0868,VCB,70_30,Linear Regression
2025-07-22,61.24,60.4906,VCB,70_30,Linear Regression
2025-07-23,61.14,61.2106,VCB,70_30,Linear Regression
2025-07-24,61.14,61.2455,VCB,70_30,Linear Regression
2025-07-25,61.04,61.4793,VCB,70_30,Linear Regression
2025-07-28,61.83,61.159,VCB,70_30,Linear Regression
2025-07-29,60.06,62.0107,VCB,70_30,Linear Regression
2025-07-30,59.96,60.3064,VCB,70_30,Linear Regression
2025-07-31,59.27,60.1085,VCB,70_30,Linear Regression
2025-08-01,59.27,59.6172,VCB,70_30,Linear Regression
2025-08-04,60.16,59.3756,VCB,70_30,Linear Regression
2025-08-05,60.55,60.2759,VCB,70_30,Linear Regression
2025-08-06,61.34,61.3348,VCB,70_30,Linear Regression
2025-08-07,60.75,61.5174,VCB,70_30,Linear Regression
2025-08-08,60.94,60.9187,VCB,70_30,Linear Regression
2025-08-11,61.53,61.3752,VCB,70_30,Linear Regression
2025-08-12,62.03,61.8391,VCB,70_30,Linear Regression
2025-08-13,61.53,62.6327,VCB,70_30,Linear Regression
2025-08-14,64.19,61.606,VCB,70_30,Linear Regression
2025-08-15,63.31,64.6861,VCB,70_30,Linear Regression
2025-08-18,63.5,63.99,VCB,70_30,Linear Regression
2025-08-19,63.21,63.6176,VCB,70_30,Linear Regression
2025-08-20,62.03,63.5641,VCB,70_30,Linear Regression
2025-08-21,63.21,62.1618,VCB,70_30,Linear Regression
2025-08-22,63.6,63.5074,VCB,70_30,Linear Regression
2025-08-25,62.62,64.3131,VCB,70_30,Linear Regression
2025-08-26,63.6,62.7661,VCB,70_30,Linear Regression
2025-08-27,68.03,63.399,VCB,70_30,Linear Regression
2025-08-28,67.93,68.395,VCB,70_30,Linear Regression
2025-08-29,67.54,68.0729,VCB,70_30,Linear Regression
2025-09-03,65.97,67.5324,VCB,70_30,Linear Regression
2025-09-04,67.84,66.102,VCB,70_30,Linear Regression
2025-09-05,66.46,67.8185,VCB,70_30,Linear Regression
2025-09-08,64.29,66.8098,VCB,70_30,Linear Regression
2025-09-09,63.9,64.3895,VCB,70_30,Linear Regression
2025-09-10,64.78,64.0099,VCB,70_30,Linear Regression
2025-09-11,64.69,64.8797,VCB,70_30,Linear Regression
2025-09-12,64.78,64.5537,VCB,70_30,Linear Regression
2025-09-15,64.78,64.6096,VCB,70_30,Linear Regression
2025-09-16,64.59,64.6426,VCB,70_30,Linear Regression
2025-09-17,63.8,64.6159,VCB,70_30,Linear Regression
2025-09-18,62.91,63.8332,VCB,70_30,Linear Regression
2025-09-19,62.03,62.9314,VCB,70_30,Linear Regression
2025-09-22,61.04,62.1965,VCB,70_30,Linear Regression
2025-09-23,61.24,61.129,VCB,70_30,Linear Regression
2025-09-24,61.73,61.4962,VCB,70_30,Linear Regression
2025-09-25,62.03,61.6917,VCB,70_30,Linear Regression
2025-09-26,62.03,62.0791,VCB,70_30,Linear Regression
2025-09-29,61.63,62.0132,VCB,70_30,Linear Regression
2025-09-30,61.04,61.5148,VCB,70_30,Linear Regression
2025-10-01,61.44,61.0612,VCB,70_30,Linear Regression
2025-10-02,61.14,61.482,VCB,70_30,Linear Regression
2025-10-03,61.19,61.2874,VCB,70_30,Linear Regression
2025-10-06,63.47,61.0739,VCB,70_30,Linear Regression
2025-10-07,63.17,63.6437,VCB,70_30,Linear Regression
2025-10-08,64.06,63.1471,VCB,70_30,Linear Regression
2025-10-09,63.27,64.0493,VCB,70_30,Linear Regression
2025-10-10,63.67,63.4981,VCB,70_30,Linear Regression
2025-10-13,62.58,63.729,VCB,70_30,Linear Regression
2025-10-14,62.58,62.6561,VCB,70_30,Linear Regression
2025-10-15,61.98,62.8446,VCB,70_30,Linear Regression
2025-10-16,62.38,62.1652,VCB,70_30,Linear Regression
2025-10-17,61.39,62.4252,VCB,70_30,Linear Regression
2025-10-20,58.91,61.5186,VCB,70_30,Linear Regression
2025-10-21,58.81,59.1039,VCB,70_30,Linear Regression
2025-10-22,59.11,59.3545,VCB,70_30,Linear Regression
2025-10-23,59.3,59.3299,VCB,70_30,Linear Regression
2025-10-24,59.01,59.3657,VCB,70_30,Linear Regression
2025-10-27,58.71,58.7898,VCB,70_30,Linear Regression
2025-10-28,59.5,58.7141,VCB,70_30,Linear Regression
2025-10-29,60.2,59.4845,VCB,70_30,Linear Regression
2025-10-30,60.1,60.2938,VCB,70_30,Linear Regression
2025-10-31,59.11,60.1407,VCB,70_30,Linear Regression
2025-11-03,58.81,59.1144,VCB,70_30,Linear Regression
2025-11-04,59.6,59.0062,VCB,70_30,Linear Regression
2025-11-05,60.3,59.7764,VCB,70_30,Linear Regression
2025-11-06,59.8,60.4657,VCB,70_30,Linear Regression
2025-11-07,58.81,59.8941,VCB,70_30,Linear Regression
2025-11-10,58.31,58.7193,VCB,70_30,Linear Regression
2025-11-11,58.41,58.5346,VCB,70_30,Linear Regression
2025-11-12,59.01,58.7786,VCB,70_30,Linear Regression
2025-11-13,59.3,59.2095,VCB,70_30,Linear Regression
2025-11-14,59.5,59.2924,VCB,70_30,Linear Regression
2025-11-17,59.7,59.4518,VCB,70_30,Linear Regression
2025-11-18,59.4,59.7478,VCB,70_30,Linear Regression
2025-11-19,58.91,59.5497,VCB,70_30,Linear Regression
2025-11-20,58.91,59.0938,VCB,70_30,Linear Regression
2025-11-21,58.51,59.0763,VCB,70_30,Linear Regression
2025-11-24,58.31,58.6088,VCB,70_30,Linear Regression
2025-11-25,57.72,58.4869,VCB,70_30,Linear Regression
2025-11-26,57.62,57.9403,VCB,70_30,Linear Regression
2025-11-27,57.42,57.8383,VCB,70_30,Linear Regression
2025-11-28,56.92,57.6648,VCB,70_30,Linear Regression
2025-12-01,57.02,57.1155,VCB,70_30,Linear Regression
2025-12-02,57.12,57.2388,VCB,70_30,Linear Regression
2025-12-03,58.41,57.2019,VCB,70_30,Linear Regression
2025-12-04,58.41,58.6215,VCB,70_30,Linear Regression
2025-12-05,57.82,58.5538,VCB,70_30,Linear Regression
2025-12-08,57.42,57.9064,VCB,70_30,Linear Regression
2025-12-09,57.52,57.4943,VCB,70_30,Linear Regression
2025-12-10,57.72,57.7659,VCB,70_30,Linear Regression
2025-12-11,57.12,57.951,VCB,70_30,Linear Regression
2025-12-12,56.33,57.2548,VCB,70_30,Linear Regression
2025-12-15,56.33,56.4963,VCB,70_30,Linear Regression
2025-12-16,56.43,56.5391,VCB,70_30,Linear Regression
2025-12-17,56.23,56.6183,VCB,70_30,Linear Regression
2025-12-18,56.33,56.4548,VCB,70_30,Linear Regression
2025-12-19,57.02,56.4962,VCB,70_30,Linear Regression
2025-12-22,57.32,57.0886,VCB,70_30,Linear Regression
2025-12-23,56.73,57.4174,VCB,70_30,Linear Regression
2025-12-24,56.53,56.8453,VCB,70_30,Linear Regression
2025-12-25,56.63,56.6516,VCB,70_30,Linear Regression
2025-12-26,56.63,56.9646,VCB,70_30,Linear Regression
2025-12-29,56.63,56.7654,VCB,70_30,Linear Regression
2025-12-30,56.82,56.8213,VCB,70_30,Linear Regression
2025-12-31,57.02,57.1242,VCB,70_30,Linear Regression
2026-01-05,56.63,57.2301,VCB,70_30,Linear Regression
2026-01-06,56.82,56.7856,VCB,70_30,Linear Regression
2026-01-07,59.11,56.9253,VCB,70_30,Linear Regression
2026-01-08,63.17,59.5355,VCB,70_30,Linear Regression
2026-01-09,67.44,63.5677,VCB,70_30,Linear Regression
2026-01-12,72.1,67.8927,VCB,70_30,Linear Regression
2026-01-13,73.39,71.9616,VCB,70_30,Linear Regression
2026-01-14,75.37,73.2874,VCB,70_30,Linear Regression
2026-01-15,71.3,75.2821,VCB,70_30,Linear Regression
2026-01-16,72.39,71.1726,VCB,70_30,Linear Regression
2026-01-19,72.1,72.7201,VCB,70_30,Linear Regression
2026-01-20,72.89,71.9428,VCB,70_30,Linear Regression
2026-01-21,72.2,72.8449,VCB,70_30,Linear Regression
2026-01-22,70.41,71.5701,VCB,70_30,Linear Regression
2026-01-23,68.03,70.705,VCB,70_30,Linear Regression
2026-01-26,69.02,68.0481,VCB,70_30,Linear Regression
2026-01-27,70.01,69.2397,VCB,70_30,Linear Regression
2026-01-28,69.02,69.7553,VCB,70_30,Linear Regression
2026-01-29,69.22,68.9406,VCB,70_30,Linear Regression
2026-01-30,69.91,68.6032,VCB,70_30,Linear Regression
2026-02-02,70.91,69.7759,VCB,70_30,Linear Regression
2026-02-03,71.2,70.4319,VCB,70_30,Linear Regression
2026-02-04,70.21,71.3854,VCB,70_30,Linear Regression
2026-02-05,67.83,70.1531,VCB,70_30,Linear Regression
2026-02-06,64.56,68.0328,VCB,70_30,Linear Regression
2026-02-09,64.46,65.211,VCB,70_30,Linear Regression
2026-02-10,62.58,64.9893,VCB,70_30,Linear Regression
2026-02-11,64.16,63.2397,VCB,70_30,Linear Regression
2026-02-12,63.67,64.6503,VCB,70_30,Linear Regression
2026-02-13,63.87,63.8104,VCB,70_30,Linear Regression
2026-02-23,65.85,63.7297,VCB,70_30,Linear Regression
2026-02-24,64.46,65.7861,VCB,70_30,Linear Regression
2026-02-25,64.56,64.4858,VCB,70_30,Linear Regression
2026-02-26,64.86,64.5668,VCB,70_30,Linear Regression
2026-02-27,64.36,64.8056,VCB,70_30,Linear Regression
2026-03-02,62.38,64.5556,VCB,70_30,Linear Regression
2026-03-03,61.09,62.3869,VCB,70_30,Linear Regression
2026-03-04,62.48,61.4898,VCB,70_30,Linear Regression
2026-03-05,61.98,62.7866,VCB,70_30,Linear Regression
2026-03-06,61.09,62.2955,VCB,70_30,Linear Regression
2026-03-09,56.82,61.3335,VCB,70_30,Linear Regression
2026-03-10,59.9,57.2065,VCB,70_30,Linear Regression
2026-03-11,59.9,60.4728,VCB,70_30,Linear Regression
2026-03-12,59.3,60.4009,VCB,70_30,Linear Regression
2026-03-13,58.51,59.1716,VCB,70_30,Linear Regression
2026-03-16,58.31,58.4412,VCB,70_30,Linear Regression
2026-03-17,60.0,58.4289,VCB,70_30,Linear Regression
2026-03-18,60.0,60.2445,VCB,70_30,Linear Regression
2026-03-19,59.3,60.3496,VCB,70_30,Linear Regression
2026-03-20,57.52,59.0802,VCB,70_30,Linear Regression
2026-03-23,57.12,57.5968,VCB,70_30,Linear Regression
2026-03-24,57.72,57.3168,VCB,70_30,Linear Regression
2026-03-25,57.92,58.2292,VCB,70_30,Linear Regression
2026-03-26,57.42,58.2185,VCB,70_30,Linear Regression
2026-03-27,58.31,57.3664,VCB,70_30,Linear Regression
2026-03-30,57.52,58.2875,VCB,70_30,Linear Regression
2026-03-31,57.62,57.5976,VCB,70_30,Linear Regression
2026-04-01,58.51,57.8853,VCB,70_30,Linear Regression
2026-04-02,57.72,58.8088,VCB,70_30,Linear Regression
2026-04-03,57.22,57.7995,VCB,70_30,Linear Regression
2026-04-06,57.52,57.3402,VCB,70_30,Linear Regression
2026-04-07,57.52,57.7646,VCB,70_30,Linear Regression
2026-04-08,59.7,57.7779,VCB,70_30,Linear Regression
2026-04-09,58.91,60.1145,VCB,70_30,Linear Regression
2026-04-10,59.3,59.1281,VCB,70_30,Linear Regression
2026-04-13,58.71,59.6776,VCB,70_30,Linear Regression
2026-04-14,58.81,58.8866,VCB,70_30,Linear Regression
2026-04-15,59.4,59.1933,VCB,70_30,Linear Regression
2026-04-16,58.91,59.879,VCB,70_30,Linear Regression
2026-04-17,59.01,59.1145,VCB,70_30,Linear Regression
2026-04-20,59.6,59.215,VCB,70_30,Linear Regression
2026-04-21,59.11,59.8905,VCB,70_30,Linear Regression
2026-04-22,58.91,59.5346,VCB,70_30,Linear Regression
2026-04-23,62.28,59.0802,VCB,70_30,Linear Regression
2026-04-24,60.1,63.1144,VCB,70_30,Linear Regression
2026-04-28,59.3,60.5279,VCB,70_30,Linear Regression
2026-04-29,59.3,59.5585,VCB,70_30,Linear Regression
2026-05-04,60.2,59.7486,VCB,70_30,Linear Regression
2026-05-05,59.4,60.7129,VCB,70_30,Linear Regression
2026-05-06,60.0,59.6043,VCB,70_30,Linear Regression
2026-05-07,59.8,60.0761,VCB,70_30,Linear Regression
2026-05-08,60.2,60.1371,VCB,70_30,Linear Regression
2026-05-11,59.8,60.6293,VCB,70_30,Linear Regression
2026-05-12,59.4,60.1748,VCB,70_30,Linear Regression
2026-05-13,59.6,59.5974,VCB,70_30,Linear Regression
2026-05-14,60.49,59.9484,VCB,70_30,Linear Regression
2026-05-15,60.2,60.7536,VCB,70_30,Linear Regression
2026-05-18,62.68,60.5947,VCB,70_30,Linear Regression
2026-05-19,63.87,62.8821,VCB,70_30,Linear Regression
2026-05-20,64.06,64.292,VCB,70_30,Linear Regression
2026-05-21,64.36,63.7081,VCB,70_30,Linear Regression
2026-05-22,62.97,64.7382,VCB,70_30,Linear Regression
2026-05-25,63.17,63.1658,VCB,70_30,Linear Regression
2026-05-26,63.87,63.1177,VCB,70_30,Linear Regression
2026-05-27,63.67,63.9768,VCB,70_30,Linear Regression
2026-05-28,62.28,63.6975,VCB,70_30,Linear Regression
2026-05-29,61.49,62.2683,VCB,70_30,Linear Regression
2026-06-01,61.68,61.6422,VCB,70_30,Linear Regression
2026-06-02,61.09,61.9404,VCB,70_30,Linear Regression
2026-06-03,61.39,61.4072,VCB,70_30,Linear Regression
2026-06-04,61.68,61.5037,VCB,70_30,Linear Regression
2026-06-05,61.19,61.6633,VCB,70_30,Linear Regression
2026-06-08,60.79,61.1909,VCB,70_30,Linear Regression
2026-06-09,60.99,60.8552,VCB,70_30,Linear Regression
2026-06-10,61.19,61.0333,VCB,70_30,Linear Regression
2026-06-11,61.09,61.3686,VCB,70_30,Linear Regression
2026-06-12,61.09,61.0868,VCB,70_30,Linear Regression
2026-06-15,61.09,61.2413,VCB,70_30,Linear Regression
2026-06-16,61.29,61.3362,VCB,70_30,Linear Regression
2026-06-17,61.68,61.4616,VCB,70_30,Linear Regression
2026-06-18,61.09,61.8285,VCB,70_30,Linear Regression
2026-06-19,61.19,61.2093,VCB,70_30,Linear Regression
2026-06-22,60.79,61.1857,VCB,70_30,Linear Regression
2026-06-23,60.79,60.8761,VCB,70_30,Linear Regression
2026-06-24,60.49,61.1409,VCB,70_30,Linear Regression
2026-06-25,60.3,60.5929,VCB,70_30,Linear Regression
2026-06-26,60.89,60.3903,VCB,70_30,Linear Regression
2026-06-29,61.49,60.9451,VCB,70_30,Linear Regression
2026-06-30,61.68,61.6284,VCB,70_30,Linear Regression
2026-07-01,62.48,61.815,VCB,70_30,Linear Regression
2026-07-02,61.58,62.4911,VCB,70_30,Linear Regression
2026-07-03,61.49,61.6773,VCB,70_30,Linear Regression
2026-07-06,60.69,61.5858,VCB,70_30,Linear Regression
2026-07-07,60.79,60.8722,VCB,70_30,Linear Regression
2026-07-08,61.09,60.9018,VCB,70_30,Linear Regression
2026-07-09,60.59,61.1836,VCB,70_30,Linear Regression
2026-07-10,60.0,60.6237,VCB,70_30,Linear Regression
2026-07-13,58.41,60.1251,VCB,70_30,Linear Regression
2026-07-14,58.71,58.5981,VCB,70_30,Linear Regression
2026-07-15,58.71,58.8696,VCB,70_30,Linear Regression
2026-07-16,58.91,58.7902,VCB,70_30,Linear Regression
2026-07-17,58.01,58.8331,VCB,70_30,Linear Regression
2026-07-20,56.23,57.9084,VCB,70_30,Linear Regression
2026-07-21,56.23,56.3267,VCB,70_30,Linear Regression
2026-07-22,54.05,56.4185,VCB,70_30,Linear Regression
2026-07-23,54.0,54.5203,VCB,70_30,Linear Regression
2026-07-24,54.1,54.0497,VCB,70_30,Linear Regression
2026-07-27,54.0,54.2246,VCB,70_30,Linear Regression
2026-07-28,54.1,54.0045,VCB,70_30,Linear Regression
2026-07-29,54.6,53.9214,VCB,70_30,Linear Regression
2026-07-30,56.5,54.5196,VCB,70_30,Linear Regression
2026-07-31,59.3,56.5591,VCB,70_30,Linear Regression
2026-08-03,60.8,59.8144,VCB,70_30,Linear Regression
2026-08-04,60.0,60.7959,VCB,70_30,Linear Regression
2026-08-05,59.3,59.8138,VCB,70_30,Linear Regression
2026-08-06,59.0,59.3964,VCB,70_30,Linear Regression
2026-08-07,59.7,59.153,VCB,70_30,Linear Regression
2026-08-10,60.3,60.1283,VCB,70_30,Linear Regression
2026-08-11,59.8,60.4334,VCB,70_30,Linear Regression
2026-08-12,59.7,59.8462,VCB,70_30,Linear Regression
2026-08-13,59.5,59.729,VCB,70_30,Linear Regression
2026-08-14,58.5,59.6996,VCB,70_30,Linear Regression
2026-08-17,58.2,58.6993,VCB,70_30,Linear Regression
2026-08-18,58.0,58.3294,VCB,70_30,Linear Regression
2026-08-19,57.4,58.1225,VCB,70_30,Linear Regression
2026-08-20,57.8,57.4096,VCB,70_30,Linear Regression
2026-08-21,59.1,57.8021,VCB,70_30,Linear Regression
2026-08-24,59.2,59.0845,VCB,70_30,Linear Regression
2026-08-25,59.4,59.518,VCB,70_30,Linear Regression
2026-08-26,60.3,59.6186,VCB,70_30,Linear Regression
2026-08-27,60.1,60.4751,VCB,70_30,Linear Regression
2026-08-28,60.1,60.5388,VCB,70_30,Linear Regression
2026-09-03,58.7,60.2756,VCB,70_30,Linear Regression
2026-09-04,58.9,58.9583,VCB,70_30,Linear Regression
2026-09-07,58.0,59.1434,VCB,70_30,Linear Regression
2026-09-08,58.1,58.3314,VCB,70_30,Linear Regression
2026-09-09,58.7,58.3069,VCB,70_30,Linear Regression
2026-09-10,59.0,59.0044,VCB,70_30,Linear Regression
2026-09-11,58.2,59.1137,VCB,70_30,Linear Regression
2026-09-14,58.5,58.2787,VCB,70_30,Linear Regression
2026-09-15,60.0,58.5865,VCB,70_30,Linear Regression
2026-09-16,59.3,60.2299,VCB,70_30,Linear Regression
2026-09-17,59.6,59.4194,VCB,70_30,Linear Regression
2026-09-18,59.9,59.586,VCB,70_30,Linear Regression
2026-09-21,58.9,60.3562,VCB,70_30,Linear Regression
2026-09-22,58.9,59.1329,VCB,70_30,Linear Regression
2026-09-23,58.5,59.1248,VCB,70_30,Linear Regression
2026-09-24,58.1,58.8446,VCB,70_30,Linear Regression
2026-09-25,58.0,58.3404,VCB,70_30,Linear Regression
2026-09-28,58.3,58.1784,VCB,70_30,Linear Regression
2026-09-29,58.0,58.4262,VCB,70_30,Linear Regression
2026-09-30,58.0,58.0909,VCB,70_30,Linear Regression
2026-10-01,57.6,58.1318,VCB,70_30,Linear Regression
2024-05-30,88.6,88.8765,FPT,70_30,Linear Regression
2024-05-31,88.33,88.2906,FPT,70_30,Linear Regression
2024-06-03,89.84,88.5909,FPT,70_30,Linear Regression
2024-06-04,91.29,90.0463,FPT,70_30,Linear Regression
2024-06-05,91.94,91.2954,FPT,70_30,Linear Regression
2024-06-06,91.62,92.3154,FPT,70_30,Linear Regression
2024-06-07,93.19,91.8734,FPT,70_30,Linear Regression
2024-06-10,94.5,93.5923,FPT,70_30,Linear Regression
2024-06-11,96.14,94.7104,FPT,70_30,Linear Regression
2024-06-12,100.31,96.1341,FPT,70_30,Linear Regression
2024-06-13,98.79,100.8827,FPT,70_30,Linear Regression
2024-06-14,99.55,98.9379,FPT,70_30,Linear Regression
2024-06-17,97.88,100.0864,FPT,70_30,Linear Regression
2024-06-18,97.27,98.0929,FPT,70_30,Linear Regression
2024-06-19,99.93,97.9872,FPT,70_30,Linear Regression
2024-06-20,101.3,100.1178,FPT,70_30,Linear Regression
2024-06-21,103.43,101.5815,FPT,70_30,Linear Regression
2024-06-24,100.39,103.5072,FPT,70_30,Linear Regression
2024-06-25,98.79,100.2791,FPT,70_30,Linear Regression
2024-06-26,100.16,98.9384,FPT,70_30,Linear Regression
2024-06-27,100.92,100.5436,FPT,70_30,Linear Regression
2024-06-28,99.17,101.0235,FPT,70_30,Linear Regression
2024-07-01,97.73,99.0641,FPT,70_30,Linear Regression
2024-07-02,97.27,98.1219,FPT,70_30,Linear Regression
2024-07-03,99.55,97.9938,FPT,70_30,Linear Regression
2024-07-04,103.2,100.2614,FPT,70_30,Linear Regression
2024-07-05,105.4,103.1216,FPT,70_30,Linear Regression
2024-07-08,106.09,105.4964,FPT,70_30,Linear Regression
2024-07-09,104.49,106.1917,FPT,70_30,Linear Regression
2024-07-10,101.83,104.4769,FPT,70_30,Linear Regression
2024-07-11,101.07,102.2751,FPT,70_30,Linear Regression
2024-07-12,101.68,102.2166,FPT,70_30,Linear Regression
2024-07-15,100.84,102.7194,FPT,70_30,Linear Regression
2024-07-16,101.83,101.398,FPT,70_30,Linear Regression
2024-07-17,100.23,102.0048,FPT,70_30,Linear Regression
2024-07-18,97.2,99.6738,FPT,70_30,Linear Regression
2024-07-19,95.75,97.4355,FPT,70_30,Linear Regression
2024-07-22,94.31,96.5732,FPT,70_30,Linear Regression
2024-07-23,95.37,94.9776,FPT,70_30,Linear Regression
2024-07-24,95.75,96.3952,FPT,70_30,Linear Regression
2024-07-25,94.99,95.5947,FPT,70_30,Linear Regression
2024-07-26,97.27,94.7207,FPT,70_30,Linear Regression
2024-07-29,98.03,97.1405,FPT,70_30,Linear Regression
2024-07-30,97.27,98.1553,FPT,70_30,Linear Regression
2024-07-31,97.73,97.0868,FPT,70_30,Linear Regression
2024-08-01,94.84,97.9173,FPT,70_30,Linear Regression
2024-08-02,93.62,95.0512,FPT,70_30,Linear Regression
2024-08-05,90.13,94.5075,FPT,70_30,Linear Regression
2024-08-06,91.8,91.0492,FPT,70_30,Linear Regression
2024-08-07,92.71,93.4948,FPT,70_30,Linear Regression
2024-08-08,92.26,93.0723,FPT,70_30,Linear Regression
2024-08-09,96.44,92.3238,FPT,70_30,Linear Regression
2024-08-12,98.79,96.6018,FPT,70_30,Linear Regression
2024-08-13,98.56,98.5899,FPT,70_30,Linear Regression
2024-08-14,98.41,98.3562,FPT,70_30,Linear Regression
2024-08-15,97.8,99.0995,FPT,70_30,Linear Regression
2024-08-16,99.25,98.1477,FPT,70_30,Linear Regression
2024-08-19,99.17,100.0034,FPT,70_30,Linear Regression
2024-08-20,99.93,99.4818,FPT,70_30,Linear Regression
2024-08-21,101.45,100.4939,FPT,70_30,Linear Regression
2024-08-22,101.68,101.8089,FPT,70_30,Linear Regression
2024-08-23,101.15,101.895,FPT,70_30,Linear Regression
2024-08-26,99.93,101.1089,FPT,70_30,Linear Regression
2024-08-27,100.69,100.1202,FPT,70_30,Linear Regression
2024-08-28,101.3,100.8179,FPT,70_30,Linear Regression
2024-08-29,101.6,101.6438,FPT,70_30,Linear Regression
2024-08-30,102.44,101.4335,FPT,70_30,Linear Regression
2024-09-04,101.07,102.4135,FPT,70_30,Linear Regression
2024-09-05,99.25,100.6564,FPT,70_30,Linear Regression
2024-09-06,100.39,99.3698,FPT,70_30,Linear Regression
2024-09-09,99.78,100.905,FPT,70_30,Linear Regression
2024-09-10,98.79,99.8405,FPT,70_30,Linear Regression
2024-09-11,99.25,99.0328,FPT,70_30,Linear Regression
2024-09-12,100.54,99.5981,FPT,70_30,Linear Regression
2024-09-13,101.07,100.761,FPT,70_30,Linear Regression
2024-09-16,99.63,101.0674,FPT,70_30,Linear Regression
2024-09-17,100.99,99.5917,FPT,70_30,Linear Regression
2024-09-18,102.29,101.3094,FPT,70_30,Linear Regression
2024-09-19,102.74,102.5601,FPT,70_30,Linear Regression
2024-09-20,102.82,102.9234,FPT,70_30,Linear Regression
2024-09-23,101.83,103.2091,FPT,70_30,Linear Regression
2024-09-24,102.21,101.9904,FPT,70_30,Linear Regression
2024-09-25,102.44,102.6017,FPT,70_30,Linear Regression
2024-09-26,102.06,102.5623,FPT,70_30,Linear Regression
2024-09-27,101.98,102.1626,FPT,70_30,Linear Regression
2024-09-30,102.21,102.1719,FPT,70_30,Linear Regression
2024-10-01,103.27,102.1663,FPT,70_30,Linear Regression
2024-10-02,102.89,103.4599,FPT,70_30,Linear Regression
2024-10-03,101.83,102.7635,FPT,70_30,Linear Regression
2024-10-04,101.91,101.9632,FPT,70_30,Linear Regression
2024-10-07,101.91,102.2334,FPT,70_30,Linear Regression
2024-10-08,101.68,102.1636,FPT,70_30,Linear Regression
2024-10-09,102.89,101.9186,FPT,70_30,Linear Regression
2024-10-10,107.68,103.178,FPT,70_30,Linear Regression
2024-10-11,106.09,108.0105,FPT,70_30,Linear Regression
2024-10-14,104.57,106.0383,FPT,70_30,Linear Regression
2024-10-15,104.11,104.99,FPT,70_30,Linear Regression
2024-10-16,103.58,104.8574,FPT,70_30,Linear Regression
2024-10-17,104.11,104.3408,FPT,70_30,Linear Regression
2024-10-18,104.11,104.4678,FPT,70_30,Linear Regression
2024-10-21,102.97,104.3207,FPT,70_30,Linear Regression
2024-10-22,101.15,103.2303,FPT,70_30,Linear Regression
2024-10-23,101.98,101.5872,FPT,70_30,Linear Regression
2024-10-24,102.06,102.3384,FPT,70_30,Linear Regression
2024-10-25,101.83,102.1857,FPT,70_30,Linear Regression
2024-10-28,102.51,101.8866,FPT,70_30,Linear Regression
2024-10-29,102.89,102.5123,FPT,70_30,Linear Regression
2024-10-30,103.27,102.9263,FPT,70_30,Linear Regression
2024-10-31,103.27,103.2968,FPT,70_30,Linear Regression
2024-11-01,102.29,103.2572,FPT,70_30,Linear Regression
2024-11-04,100.92,102.1831,FPT,70_30,Linear Regression
2024-11-05,100.77,101.3908,FPT,70_30,Linear Regression
2024-11-06,102.29,101.4917,FPT,70_30,Linear Regression
2024-11-07,102.67,102.7639,FPT,70_30,Linear Regression
2024-11-08,103.2,102.9294,FPT,70_30,Linear Regression
2024-11-11,105.1,103.4257,FPT,70_30,Linear Regression
2024-11-12,103.96,105.4338,FPT,70_30,Linear Regression
2024-11-13,104.72,103.7566,FPT,70_30,Linear Regression
2024-11-14,103.35,104.9588,FPT,70_30,Linear Regression
2024-11-15,101.75,103.712,FPT,70_30,Linear Regression
2024-11-18,101.83,102.1541,FPT,70_30,Linear Regression
2024-11-19,98.79,102.4446,FPT,70_30,Linear Regression
2024-11-20,100.61,99.3437,FPT,70_30,Linear Regression
2024-11-21,101.07,100.7718,FPT,70_30,Linear Regression
2024-11-22,101.75,101.0044,FPT,70_30,Linear Regression
2024-11-25,101.75,101.7662,FPT,70_30,Linear Regression
2024-11-26,102.74,101.7235,FPT,70_30,Linear Regression
2024-11-27,105.55,102.7531,FPT,70_30,Linear Regression
2024-11-28,105.93,105.8074,FPT,70_30,Linear Regression
2024-11-29,109.66,106.0396,FPT,70_30,Linear Regression
2024-12-02,108.81,110.1238,FPT,70_30,Linear Regression
2024-12-03,110.96,109.2518,FPT,70_30,Linear Regression
2024-12-04,109.81,111.5695,FPT,70_30,Linear Regression
2024-12-05,113.63,110.1422,FPT,70_30,Linear Regression
2024-12-06,114.4,114.1109,FPT,70_30,Linear Regression
2024-12-09,112.49,114.6187,FPT,70_30,Linear Regression
2024-12-10,114.4,112.5864,FPT,70_30,Linear Regression
2024-12-11,115.16,114.9683,FPT,70_30,Linear Regression
2024-12-12,114.93,115.4639,FPT,70_30,Linear Regression
2024-12-13,114.4,114.7759,FPT,70_30,Linear Regression
2024-12-16,114.7,114.6585,FPT,70_30,Linear Regression
2024-12-17,113.25,114.8406,FPT,70_30,Linear Regression
2024-12-18,113.79,113.36,FPT,70_30,Linear Regression
2024-12-19,113.33,114.053,FPT,70_30,Linear Regression
2024-12-20,114.4,113.2224,FPT,70_30,Linear Regression
2024-12-23,114.63,114.6301,FPT,70_30,Linear Regression
2024-12-24,115.09,114.3644,FPT,70_30,Linear Regression
2024-12-25,115.39,114.9737,FPT,70_30,Linear Regression
2024-12-26,114.63,115.4454,FPT,70_30,Linear Regression
2024-12-27,114.48,114.4935,FPT,70_30,Linear Regression
2024-12-30,115.16,114.5163,FPT,70_30,Linear Regression
2024-12-31,116.69,115.1842,FPT,70_30,Linear Regression
2025-01-02,116.31,116.8902,FPT,70_30,Linear Regression
2025-01-03,114.02,116.0488,FPT,70_30,Linear Regression
2025-01-06,114.25,114.1615,FPT,70_30,Linear Regression
2025-01-07,114.86,114.8963,FPT,70_30,Linear Regression
2025-01-08,113.48,115.4541,FPT,70_30,Linear Regression
2025-01-09,113.86,113.6093,FPT,70_30,Linear Regression
2025-01-10,112.72,114.1626,FPT,70_30,Linear Regression
2025-01-13,112.94,112.9217,FPT,70_30,Linear Regression
2025-01-14,111.03,112.9173,FPT,70_30,Linear Regression
2025-01-15,111.34,111.1127,FPT,70_30,Linear Regression
2025-01-16,112.1,111.8132,FPT,70_30,Linear Regression
2025-01-17,114.02,112.3445,FPT,70_30,Linear Regression
2025-01-20,114.78,114.1086,FPT,70_30,Linear Regression
2025-01-21,114.7,114.6731,FPT,70_30,Linear Regression
2025-01-22,114.55,114.8617,FPT,70_30,Linear Regression
2025-01-23,118.07,114.8501,FPT,70_30,Linear Regression
2025-01-24,117.38,118.6078,FPT,70_30,Linear Regression
2025-02-03,111.34,117.5181,FPT,70_30,Linear Regression
2025-02-04,111.87,111.7313,FPT,70_30,Linear Regression
2025-02-05,111.95,113.7341,FPT,70_30,Linear Regression
2025-02-06,112.1,113.3,FPT,70_30,Linear Regression
2025-02-07,111.8,112.7663,FPT,70_30,Linear Regression
2025-02-10,108.66,111.8135,FPT,70_30,Linear Regression
2025-02-11,111.26,108.8338,FPT,70_30,Linear Regression
2025-02-12,110.96,111.4352,FPT,70_30,Linear Regression
2025-02-13,109.5,110.7279,FPT,70_30,Linear Regression
2025-02-14,110.88,109.3819,FPT,70_30,Linear Regression
2025-02-17,109.88,111.4497,FPT,70_30,Linear Regression
2025-02-18,110.11,109.9862,FPT,70_30,Linear Regression
2025-02-19,110.19,110.3995,FPT,70_30,Linear Regression
2025-02-20,109.43,110.3471,FPT,70_30,Linear Regression
2025-02-21,108.66,109.7039,FPT,70_30,Linear Regression
2025-02-24,107.51,109.1187,FPT,70_30,Linear Regression
2025-02-25,106.36,107.8483,FPT,70_30,Linear Regression
2025-02-26,108.51,106.8869,FPT,70_30,Linear Regression
2025-02-27,108.12,109.037,FPT,70_30,Linear Regression
2025-02-28,107.36,108.1081,FPT,70_30,Linear Regression
2025-03-03,107.51,107.379,FPT,70_30,Linear Regression
2025-03-04,107.13,107.9626,FPT,70_30,Linear Regression
2025-03-05,106.44,107.3125,FPT,70_30,Linear Regression
2025-03-06,108.35,106.7518,FPT,70_30,Linear Regression
2025-03-07,108.2,108.916,FPT,70_30,Linear Regression
2025-03-10,106.59,108.4217,FPT,70_30,Linear Regression
2025-03-11,105.22,106.9156,FPT,70_30,Linear Regression
2025-03-12,103.99,105.723,FPT,70_30,Linear Regression
2025-03-13,104.45,104.9336,FPT,70_30,Linear Regression
2025-03-14,100.55,105.4719,FPT,70_30,Linear Regression
2025-03-17,99.48,101.0198,FPT,70_30,Linear Regression
2025-03-18,99.48,100.6813,FPT,70_30,Linear Regression
2025-03-19,95.35,100.7539,FPT,70_30,Linear Regression
2025-03-20,95.65,95.8788,FPT,70_30,Linear Regression
2025-03-21,97.95,96.9183,FPT,70_30,Linear Regression
2025-03-24,98.71,98.4949,FPT,70_30,Linear Regression
2025-03-25,96.8,98.7147,FPT,70_30,Linear Regression
2025-03-26,94.12,96.8326,FPT,70_30,Linear Regression
2025-03-27,96.57,94.5449,FPT,70_30,Linear Regression
2025-03-28,94.89,97.1709,FPT,70_30,Linear Regression
2025-03-31,92.59,95.2998,FPT,70_30,Linear Regression
2025-04-01,92.21,93.2043,FPT,70_30,Linear Regression
2025-04-02,93.36,93.1319,FPT,70_30,Linear Regression
2025-04-03,86.85,94.3591,FPT,70_30,Linear Regression
2025-04-04,86.47,87.2541,FPT,70_30,Linear Regression
2025-04-08,80.42,87.2853,FPT,70_30,Linear Regression
2025-04-09,80.58,81.8434,FPT,70_30,Linear Regression
2025-04-10,86.16,82.2289,FPT,70_30,Linear Regression
2025-04-11,90.68,87.8979,FPT,70_30,Linear Regression
2025-04-14,90.68,91.0156,FPT,70_30,Linear Regression
2025-04-15,88.76,90.0822,FPT,70_30,Linear Regression
2025-04-16,82.57,88.8858,FPT,70_30,Linear Regression
2025-04-17,83.71,83.4056,FPT,70_30,Linear Regression
2025-04-18,85.4,85.7127,FPT,70_30,Linear Regression
2025-04-21,85.47,87.259,FPT,70_30,Linear Regression
2025-04-22,84.48,86.2911,FPT,70_30,Linear Regression
2025-04-23,84.48,83.8551,FPT,70_30,Linear Regression
2025-04-24,85.7,84.5421,FPT,70_30,Linear Regression
2025-04-25,86.01,86.0212,FPT,70_30,Linear Regression
2025-04-28,83.79,85.652,FPT,70_30,Linear Regression
2025-04-29,83.71,83.7417,FPT,70_30,Linear Regression
2025-05-05,83.1,84.6741,FPT,70_30,Linear Regression
2025-05-06,83.94,83.5473,FPT,70_30,Linear Regression
2025-05-07,83.94,84.6302,FPT,70_30,Linear Regression
2025-05-08,87.46,84.0841,FPT,70_30,Linear Regression
2025-05-09,88.76,87.7156,FPT,70_30,Linear Regression
2025-05-12,90.52,88.9012,FPT,70_30,Linear Regression
2025-05-13,91.44,91.1022,FPT,70_30,Linear Regression
2025-05-14,96.65,91.9931,FPT,70_30,Linear Regression
2025-05-15,95.65,97.2933,FPT,70_30,Linear Regression
2025-05-16,92.59,95.6859,FPT,70_30,Linear Regression
2025-05-19,90.45,93.2373,FPT,70_30,Linear Regression
2025-05-20,91.21,91.5189,FPT,70_30,Linear Regression
2025-05-21,90.52,92.5976,FPT,70_30,Linear Regression
2025-05-22,89.38,91.0457,FPT,70_30,Linear Regression
2025-05-23,89.61,89.5694,FPT,70_30,Linear Regression
2025-05-26,89.76,89.8551,FPT,70_30,Linear Regression
2025-05-27,91.06,89.5303,FPT,70_30,Linear Regression
2025-05-28,90.6,90.8335,FPT,70_30,Linear Regression
2025-05-29,89.61,90.0702,FPT,70_30,Linear Regression
2025-05-30,89.15,89.5855,FPT,70_30,Linear Regression
2025-06-02,88.84,89.5523,FPT,70_30,Linear Regression
2025-06-03,89.84,89.1535,FPT,70_30,Linear Regression
2025-06-04,89.61,90.1696,FPT,70_30,Linear Regression
2025-06-05,89.38,89.6536,FPT,70_30,Linear Regression
2025-06-06,88.0,89.5568,FPT,70_30,Linear Regression
2025-06-09,88.92,88.2838,FPT,70_30,Linear Regression
2025-06-10,88.53,89.3473,FPT,70_30,Linear Regression
2025-06-11,90.22,88.7713,FPT,70_30,Linear Regression
2025-06-12,90.3,90.5916,FPT,70_30,Linear Regression
2025-06-13,89.06,90.4189,FPT,70_30,Linear Regression
2025-06-16,91.84,89.1879,FPT,70_30,Linear Regression
2025-06-17,91.69,92.2154,FPT,70_30,Linear Regression
2025-06-18,90.3,91.7097,FPT,70_30,Linear Regression
2025-06-19,89.53,90.477,FPT,70_30,Linear Regression
2025-06-20,89.6,90.1399,FPT,70_30,Linear Regression
2025-06-23,89.45,90.3112,FPT,70_30,Linear Regression
2025-06-24,89.91,89.7173,FPT,70_30,Linear Regression
2025-06-25,90.37,90.2393,FPT,70_30,Linear Regression
2025-06-26,90.3,90.7808,FPT,70_30,Linear Regression
2025-06-27,90.53,90.4579,FPT,70_30,Linear Regression
2025-06-30,91.22,90.7088,FPT,70_30,Linear Regression
2025-07-01,91.69,91.4873,FPT,70_30,Linear Regression
2025-07-02,91.53,91.8627,FPT,70_30,Linear Regression
2025-07-03,91.07,91.5378,FPT,70_30,Linear Regression
2025-07-04,94.54,91.4181,FPT,70_30,Linear Regression
2025-07-07,95.55,95.135,FPT,70_30,Linear Regression
2025-07-08,96.09,95.8759,FPT,70_30,Linear Regression
2025-07-09,94.77,96.6613,FPT,70_30,Linear Regression
2025-07-10,95.62,95.1783,FPT,70_30,Linear Regression
2025-07-11,97.71,96.3233,FPT,70_30,Linear Regression
2025-07-14,98.09,98.2743,FPT,70_30,Linear Regression
2025-07-15,97.24,97.9769,FPT,70_30,Linear Regression
2025-07-16,97.47,97.6282,FPT,70_30,Linear Regression
2025-07-17,98.01,97.8348,FPT,70_30,Linear Regression
2025-07-18,97.24,98.3073,FPT,70_30,Linear Regression
2025-07-21,97.89,97.3166,FPT,70_30,Linear Regression
2025-07-22,99.49,98.2894,FPT,70_30,Linear Regression
2025-07-23,99.22,99.2536,FPT,70_30,Linear Regression
2025-07-24,98.6,99.2135,FPT,70_30,Linear Regression
2025-07-25,98.25,98.6776,FPT,70_30,Linear Regression
2025-07-28,98.78,98.465,FPT,70_30,Linear Regression
2025-07-29,94.07,99.077,FPT,70_30,Linear Regression
2025-07-30,94.16,94.3503,FPT,70_30,Linear Regression
2025-07-31,92.3,95.3804,FPT,70_30,Linear Regression
2025-08-01,94.96,93.2049,FPT,70_30,Linear Regression
2025-08-04,94.61,95.1603,FPT,70_30,Linear Regression
2025-08-05,93.9,93.9789,FPT,70_30,Linear Regression
2025-08-06,93.1,94.0014,FPT,70_30,Linear Regression
2025-08-07,94.25,93.358,FPT,70_30,Linear Regression
2025-08-08,93.72,94.6319,FPT,70_30,Linear Regression
2025-08-11,94.43,93.6278,FPT,70_30,Linear Regression
2025-08-12,95.41,95.0121,FPT,70_30,Linear Regression
2025-08-13,93.28,95.8289,FPT,70_30,Linear Regression
2025-08-14,92.12,93.7256,FPT,70_30,Linear Regression
2025-08-15,89.99,92.9437,FPT,70_30,Linear Regression
2025-08-18,89.19,91.0396,FPT,70_30,Linear Regression
2025-08-19,89.02,90.4397,FPT,70_30,Linear Regression
2025-08-20,86.71,89.9841,FPT,70_30,Linear Regression
2025-08-21,90.26,87.3762,FPT,70_30,Linear Regression
2025-08-22,87.86,90.9115,FPT,70_30,Linear Regression
2025-08-25,87.68,87.5719,FPT,70_30,Linear Regression
2025-08-26,88.75,88.2028,FPT,70_30,Linear Regression
2025-08-27,93.19,88.8736,FPT,70_30,Linear Regression
2025-08-28,92.74,93.8296,FPT,70_30,Linear Regression
2025-08-29,90.17,92.4617,FPT,70_30,Linear Regression
2025-09-03,91.59,90.6924,FPT,70_30,Linear Regression
2025-09-04,93.19,92.1639,FPT,70_30,Linear Regression
2025-09-05,91.77,93.944,FPT,70_30,Linear Regression
2025-09-08,90.44,92.0283,FPT,70_30,Linear Regression
2025-09-09,90.61,91.2393,FPT,70_30,Linear Regression
2025-09-10,89.81,91.3605,FPT,70_30,Linear Regression
2025-09-11,90.52,90.5162,FPT,70_30,Linear Regression
2025-09-12,90.17,90.7299,FPT,70_30,Linear Regression
2025-09-15,90.44,90.1963,FPT,70_30,Linear Regression
2025-09-16,91.86,90.9759,FPT,70_30,Linear Regression
2025-09-17,93.63,92.2975,FPT,70_30,Linear Regression
2025-09-18,91.41,94.1838,FPT,70_30,Linear Regression
2025-09-19,91.41,91.3782,FPT,70_30,Linear Regression
2025-09-22,88.48,91.805,FPT,70_30,Linear Regression
2025-09-23,86.97,89.1239,FPT,70_30,Linear Regression
2025-09-24,88.31,88.3035,FPT,70_30,Linear Regression
2025-09-25,86.97,89.1184,FPT,70_30,Linear Regression
2025-09-26,86.53,87.4767,FPT,70_30,Linear Regression
2025-09-29,84.76,87.1199,FPT,70_30,Linear Regression
2025-09-30,82.54,85.1401,FPT,70_30,Linear Regression
2025-10-01,82.89,83.1673,FPT,70_30,Linear Regression
2025-10-02,81.74,83.4691,FPT,70_30,Linear Regression
2025-10-03,82.89,82.2255,FPT,70_30,Linear Regression
2025-10-06,84.76,83.4264,FPT,70_30,Linear Regression
2025-10-07,84.76,84.9291,FPT,70_30,Linear Regression
2025-10-08,83.87,84.8239,FPT,70_30,Linear Regression
2025-10-09,83.6,84.2254,FPT,70_30,Linear Regression
2025-10-10,85.29,83.8788,FPT,70_30,Linear Regression
2025-10-13,83.42,85.6739,FPT,70_30,Linear Regression
2025-10-14,82.0,83.5836,FPT,70_30,Linear Regression
2025-10-15,79.52,82.8555,FPT,70_30,Linear Regression
2025-10-16,79.7,80.7298,FPT,70_30,Linear Regression
2025-10-17,78.19,81.2249,FPT,70_30,Linear Regression
2025-10-20,77.21,78.999,FPT,70_30,Linear Regression
2025-10-21,82.54,78.353,FPT,70_30,Linear Regression
2025-10-22,86.09,83.3503,FPT,70_30,Linear Regression
2025-10-23,84.31,86.8151,FPT,70_30,Linear Regression
2025-10-24,86.71,84.013,FPT,70_30,Linear Regression
2025-10-27,86.97,87.5087,FPT,70_30,Linear Regression
2025-10-28,90.7,87.1892,FPT,70_30,Linear Regression
2025-10-29,90.26,91.6035,FPT,70_30,Linear Regression
2025-10-30,91.15,90.6758,FPT,70_30,Linear Regression
2025-10-31,92.21,92.0757,FPT,70_30,Linear Regression
2025-11-03,93.19,92.7704,FPT,70_30,Linear Regression
2025-11-04,91.68,93.8566,FPT,70_30,Linear Regression
2025-11-05,89.55,91.4325,FPT,70_30,Linear Regression
2025-11-06,88.93,89.8256,FPT,70_30,Linear Regression
2025-11-07,89.64,89.7101,FPT,70_30,Linear Regression
2025-11-10,85.38,90.2846,FPT,70_30,Linear Regression
2025-11-11,85.29,85.4287,FPT,70_30,Linear Regression
2025-11-12,89.28,86.4021,FPT,70_30,Linear Regression
2025-11-13,87.77,89.5697,FPT,70_30,Linear Regression
2025-11-14,88.75,87.3785,FPT,70_30,Linear Regression
2025-11-17,89.64,88.7073,FPT,70_30,Linear Regression
2025-11-18,88.75,89.9286,FPT,70_30,Linear Regression
2025-11-19,86.97,88.49,FPT,70_30,Linear Regression
2025-11-20,87.86,87.2137,FPT,70_30,Linear Regression
2025-11-21,89.46,88.4536,FPT,70_30,Linear Regression
2025-11-24,88.93,89.7639,FPT,70_30,Linear Regression
2025-11-25,88.48,89.1165,FPT,70_30,Linear Regression
2025-11-26,87.86,88.6026,FPT,70_30,Linear Regression
2025-11-27,88.31,88.2774,FPT,70_30,Linear Regression
2025-11-28,86.18,88.4802,FPT,70_30,Linear Regression
2025-12-01,86.62,86.3325,FPT,70_30,Linear Regression
2025-12-02,86.62,87.2488,FPT,70_30,Linear Regression
2025-12-03,86.62,86.8429,FPT,70_30,Linear Regression
2025-12-04,87.43,86.8729,FPT,70_30,Linear Regression
2025-12-05,86.27,87.6244,FPT,70_30,Linear Regression
2025-12-08,85.64,86.1904,FPT,70_30,Linear Regression
2025-12-09,86.89,86.0306,FPT,70_30,Linear Regression
2025-12-10,85.73,87.0293,FPT,70_30,Linear Regression
2025-12-11,86.09,85.7855,FPT,70_30,Linear Regression
2025-12-12,84.02,86.5569,FPT,70_30,Linear Regression
2025-12-15,84.11,84.1955,FPT,70_30,Linear Regression
2025-12-16,85.1,84.8441,FPT,70_30,Linear Regression
2025-12-17,86.0,85.0684,FPT,70_30,Linear Regression
2025-12-18,84.65,86.0943,FPT,70_30,Linear Regression
2025-12-19,84.2,84.5343,FPT,70_30,Linear Regression
2025-12-22,84.02,84.6451,FPT,70_30,Linear Regression
2025-12-23,84.29,84.4319,FPT,70_30,Linear Regression
2025-12-24,83.93,84.8538,FPT,70_30,Linear Regression
2025-12-25,83.4,83.9474,FPT,70_30,Linear Regression
2025-12-26,82.95,83.8115,FPT,70_30,Linear Regression
2025-12-29,84.56,83.0014,FPT,70_30,Linear Regression
2025-12-30,86.54,84.9097,FPT,70_30,Linear Regression
2025-12-31,85.91,86.6413,FPT,70_30,Linear Regression
2026-01-05,85.19,85.8703,FPT,70_30,Linear Regression
2026-01-06,84.29,85.1652,FPT,70_30,Linear Regression
2026-01-07,87.43,84.6725,FPT,70_30,Linear Regression
2026-01-08,86.54,87.9579,FPT,70_30,Linear Regression
2026-01-09,87.34,86.64,FPT,70_30,Linear Regression
2026-01-12,89.23,88.0306,FPT,70_30,Linear Regression
2026-01-13,88.69,89.8488,FPT,70_30,Linear Regression
2026-01-14,89.49,88.8379,FPT,70_30,Linear Regression
2026-01-15,88.33,89.7425,FPT,70_30,Linear Regression
2026-01-16,94.43,88.6614,FPT,70_30,Linear Regression
2026-01-19,94.87,95.32,FPT,70_30,Linear Regression
2026-01-20,93.35,95.3192,FPT,70_30,Linear Regression
2026-01-21,94.16,93.8301,FPT,70_30,Linear Regression
2026-01-22,92.81,94.54,FPT,70_30,Linear Regression
2026-01-23,90.57,93.1676,FPT,70_30,Linear Regression
2026-01-26,88.33,91.2061,FPT,70_30,Linear Regression
2026-01-27,91.56,89.2784,FPT,70_30,Linear Regression
2026-01-28,93.71,92.5798,FPT,70_30,Linear Regression
2026-01-29,95.14,94.1483,FPT,70_30,Linear Regression
2026-01-30,93.71,95.0005,FPT,70_30,Linear Regression
2026-02-02,93.53,93.548,FPT,70_30,Linear Regression
2026-02-03,93.17,93.2738,FPT,70_30,Linear Regression
2026-02-04,91.38,93.2285,FPT,70_30,Linear Regression
2026-02-05,88.78,91.715,FPT,70_30,Linear Regression
2026-02-06,87.52,89.7757,FPT,70_30,Linear Regression
2026-02-09,88.78,88.8155,FPT,70_30,Linear Regression
2026-02-10,87.7,89.7194,FPT,70_30,Linear Regression
2026-02-11,88.42,87.7762,FPT,70_30,Linear Regression
2026-02-12,88.6,88.4177,FPT,70_30,Linear Regression
2026-02-13,86.36,88.5446,FPT,70_30,Linear Regression
2026-02-23,84.74,86.5612,FPT,70_30,Linear Regression
2026-02-24,82.95,85.1775,FPT,70_30,Linear Regression
2026-02-25,79.9,84.1778,FPT,70_30,Linear Regression
2026-02-26,81.15,81.7294,FPT,70_30,Linear Regression
2026-02-27,83.31,82.9251,FPT,70_30,Linear Regression
2026-03-02,80.35,83.8641,FPT,70_30,Linear Regression
2026-03-03,78.02,80.4099,FPT,70_30,Linear Regression
2026-03-04,76.31,78.8247,FPT,70_30,Linear Regression
2026-03-05,75.68,77.3547,FPT,70_30,Linear Regression
2026-03-06,73.17,77.1397,FPT,70_30,Linear Regression
2026-03-09,68.06,74.2347,FPT,70_30,Linear Regression
2026-03-10,71.29,69.2088,FPT,70_30,Linear Regression
2026-03-11,71.92,73.3058,FPT,70_30,Linear Regression
2026-03-12,69.68,72.3262,FPT,70_30,Linear Regression
2026-03-13,69.05,69.7739,FPT,70_30,Linear Regression
2026-03-16,70.12,69.6006,FPT,70_30,Linear Regression
2026-03-17,71.2,70.8384,FPT,70_30,Linear Regression
2026-03-18,70.48,71.9247,FPT,70_30,Linear Regression
2026-03-19,68.87,70.5291,FPT,70_30,Linear Regression
2026-03-20,66.9,69.344,FPT,70_30,Linear Regression
2026-03-23,65.55,67.9841,FPT,70_30,Linear Regression
2026-03-24,67.61,66.6618,FPT,70_30,Linear Regression
2026-03-25,69.05,68.6251,FPT,70_30,Linear Regression
2026-03-26,66.54,69.4811,FPT,70_30,Linear Regression
2026-03-27,68.24,66.7399,FPT,70_30,Linear Regression
2026-03-30,66.36,68.9027,FPT,70_30,Linear Regression
2026-03-31,66.99,66.4516,FPT,70_30,Linear Regression
2026-04-01,67.52,67.7674,FPT,70_30,Linear Regression
2026-04-02,66.99,68.0563,FPT,70_30,Linear Regression
2026-04-03,66.36,67.2726,FPT,70_30,Linear Regression
2026-04-06,66.27,66.9324,FPT,70_30,Linear Regression
2026-04-07,66.36,66.7205,FPT,70_30,Linear Regression
2026-04-08,70.93,66.7123,FPT,70_30,Linear Regression
2026-04-09,70.21,71.6108,FPT,70_30,Linear Regression
2026-04-10,69.68,70.2277,FPT,70_30,Linear Regression
2026-04-13,68.15,70.2671,FPT,70_30,Linear Regression
2026-04-14,68.33,68.8011,FPT,70_30,Linear Regression
2026-04-15,67.34,69.2191,FPT,70_30,Linear Regression
2026-04-16,66.45,67.9862,FPT,70_30,Linear Regression
2026-04-17,68.15,67.2235,FPT,70_30,Linear Regression
2026-04-20,68.96,69.1104,FPT,70_30,Linear Regression
2026-04-21,67.34,69.2872,FPT,70_30,Linear Regression
2026-04-22,66.9,67.2928,FPT,70_30,Linear Regression
2026-04-23,66.63,67.2218,FPT,70_30,Linear Regression
2026-04-24,65.82,67.152,FPT,70_30,Linear Regression
2026-04-28,66.72,66.3327,FPT,70_30,Linear Regression
2026-04-29,67.7,66.9963,FPT,70_30,Linear Regression
2026-05-04,66.09,67.7533,FPT,70_30,Linear Regression
2026-05-05,66.63,66.2012,FPT,70_30,Linear Regression
2026-05-06,65.73,66.8468,FPT,70_30,Linear Regression
2026-05-07,65.46,65.9095,FPT,70_30,Linear Regression
2026-05-08,64.48,66.1095,FPT,70_30,Linear Regression
2026-05-11,62.77,65.0183,FPT,70_30,Linear Regression
2026-05-12,63.31,63.5247,FPT,70_30,Linear Regression
2026-05-13,63.4,64.2068,FPT,70_30,Linear Regression
2026-05-14,66.27,63.8433,FPT,70_30,Linear Regression
2026-05-15,65.37,66.8404,FPT,70_30,Linear Regression
2026-05-18,67.17,65.3201,FPT,70_30,Linear Regression
2026-05-19,66.81,67.5148,FPT,70_30,Linear Regression
2026-05-20,69.68,67.1816,FPT,70_30,Linear Regression
2026-05-21,68.6,69.9437,FPT,70_30,Linear Regression
2026-05-22,67.34,68.6594,FPT,70_30,Linear Regression
2026-05-25,65.91,68.0793,FPT,70_30,Linear Regression
2026-05-26,66.81,66.8266,FPT,70_30,Linear Regression
2026-05-27,66.0,67.7617,FPT,70_30,Linear Regression
2026-05-28,64.73,66.3394,FPT,70_30,Linear Regression
2026-05-29,65.09,65.2634,FPT,70_30,Linear Regression
2026-06-01,66.27,65.4994,FPT,70_30,Linear Regression
2026-06-02,68.0,66.6445,FPT,70_30,Linear Regression
2026-06-03,69.55,68.199,FPT,70_30,Linear Regression
2026-06-04,69.18,70.0426,FPT,70_30,Linear Regression
2026-06-05,68.18,69.3961,FPT,70_30,Linear Regression
2026-06-08,66.27,68.4148,FPT,70_30,Linear Regression
2026-06-09,67.0,66.7922,FPT,70_30,Linear Regression
2026-06-10,67.46,67.8014,FPT,70_30,Linear Regression
2026-06-11,66.46,67.9854,FPT,70_30,Linear Regression
2026-06-12,66.82,66.7021,FPT,70_30,Linear Regression
2026-06-15,66.91,67.3391,FPT,70_30,Linear Regression
2026-06-16,66.55,67.1772,FPT,70_30,Linear Regression
2026-06-17,65.73,66.6247,FPT,70_30,Linear Regression
2026-06-18,65.09,65.8846,FPT,70_30,Linear Regression
2026-06-19,65.0,65.532,FPT,70_30,Linear Regression
2026-06-22,64.18,65.4924,FPT,70_30,Linear Regression
2026-06-23,64.36,64.4798,FPT,70_30,Linear Regression
2026-06-24,64.36,64.7804,FPT,70_30,Linear Regression
2026-06-25,64.55,64.4338,FPT,70_30,Linear Regression
2026-06-26,64.36,64.7702,FPT,70_30,Linear Regression
2026-06-29,64.0,64.2716,FPT,70_30,Linear Regression
2026-06-30,63.82,64.0617,FPT,70_30,Linear Regression
2026-07-01,66.27,64.106,FPT,70_30,Linear Regression
2026-07-02,65.91,66.6472,FPT,70_30,Linear Regression
2026-07-03,65.73,66.0344,FPT,70_30,Linear Regression
2026-07-06,66.36,66.0502,FPT,70_30,Linear Regression
2026-07-07,66.55,66.8453,FPT,70_30,Linear Regression
2026-07-08,65.55,66.6866,FPT,70_30,Linear Regression
2026-07-09,65.55,65.5907,FPT,70_30,Linear Regression
2026-07-10,64.18,65.9787,FPT,70_30,Linear Regression
2026-07-13,64.09,64.6184,FPT,70_30,Linear Regression
2026-07-14,63.91,64.8168,FPT,70_30,Linear Regression
2026-07-15,60.73,64.2326,FPT,70_30,Linear Regression
2026-07-16,61.82,61.2316,FPT,70_30,Linear Regression
2026-07-17,60.91,62.1699,FPT,70_30,Linear Regression
2026-07-20,61.0,61.2023,FPT,70_30,Linear Regression
2026-07-21,58.91,61.2425,FPT,70_30,Linear Regression
2026-07-22,58.73,59.0848,FPT,70_30,Linear Regression
2026-07-23,58.82,59.6178,FPT,70_30,Linear Regression
2026-07-24,57.18,59.2217,FPT,70_30,Linear Regression
2026-07-27,56.55,57.3679,FPT,70_30,Linear Regression
2026-07-28,57.27,56.9944,FPT,70_30,Linear Regression
2026-07-29,59.18,57.6651,FPT,70_30,Linear Regression
2026-07-30,60.91,59.2116,FPT,70_30,Linear Regression
2026-07-31,61.0,60.9619,FPT,70_30,Linear Regression
2026-08-03,65.18,61.1633,FPT,70_30,Linear Regression
2026-08-04,65.0,65.7959,FPT,70_30,Linear Regression
2026-08-05,63.91,65.3396,FPT,70_30,Linear Regression
2026-08-06,64.27,64.4072,FPT,70_30,Linear Regression
2026-08-07,64.36,65.1974,FPT,70_30,Linear Regression
2026-08-10,65.27,64.9069,FPT,70_30,Linear Regression
2026-08-11,64.73,65.7161,FPT,70_30,Linear Regression
2026-08-12,64.36,65.0554,FPT,70_30,Linear Regression
2026-08-13,62.91,64.6195,FPT,70_30,Linear Regression
2026-08-14,62.09,63.2854,FPT,70_30,Linear Regression
2026-08-17,62.55,62.4711,FPT,70_30,Linear Regression
2026-08-18,62.73,62.9657,FPT,70_30,Linear Regression
2026-08-19,62.64,62.7466,FPT,70_30,Linear Regression
2026-08-20,63.46,62.5084,FPT,70_30,Linear Regression
2026-08-21,65.46,63.533,FPT,70_30,Linear Regression
2026-08-24,64.91,65.3303,FPT,70_30,Linear Regression
2026-08-25,64.27,64.8629,FPT,70_30,Linear Regression
2026-08-26,66.0,64.5316,FPT,70_30,Linear Regression
2026-08-27,65.64,66.4601,FPT,70_30,Linear Regression
2026-08-28,66.55,65.8215,FPT,70_30,Linear Regression
2026-09-03,65.64,67.0589,FPT,70_30,Linear Regression
2026-09-04,66.18,65.7626,FPT,70_30,Linear Regression
2026-09-07,65.82,66.5878,FPT,70_30,Linear Regression
2026-09-08,65.64,66.0996,FPT,70_30,Linear Regression
2026-09-09,65.82,65.7922,FPT,70_30,Linear Regression
2026-09-10,67.73,66.0049,FPT,70_30,Linear Regression
2026-09-11,66.09,68.0053,FPT,70_30,Linear Regression
2026-09-14,65.82,65.9032,FPT,70_30,Linear Regression
2026-09-15,66.09,66.1471,FPT,70_30,Linear Regression
2026-09-16,67.09,66.43,FPT,70_30,Linear Regression
2026-09-17,67.55,67.0286,FPT,70_30,Linear Regression
2026-09-18,65.18,67.352,FPT,70_30,Linear Regression
2026-09-21,66.4,65.3646,FPT,70_30,Linear Regression
2026-09-22,66.6,66.8774,FPT,70_30,Linear Regression
2026-09-23,66.1,66.8543,FPT,70_30,Linear Regression
2026-09-24,65.3,66.2435,FPT,70_30,Linear Regression
2026-09-25,64.7,65.4589,FPT,70_30,Linear Regression
2026-09-28,63.7,65.0866,FPT,70_30,Linear Regression
2026-09-29,63.2,63.9167,FPT,70_30,Linear Regression
2026-09-30,63.0,63.6192,FPT,70_30,Linear Regression
2026-10-01,62.7,63.3572,FPT,70_30,Linear Regression
2024-05-30,21.02,21.2882,HPG,70_30,Linear Regression
2024-05-31,21.28,21.0562,HPG,70_30,Linear Regression
2024-06-03,21.57,21.3315,HPG,70_30,Linear Regression
2024-06-04,21.8,21.6205,HPG,70_30,Linear Regression
2024-06-05,21.76,21.8459,HPG,70_30,Linear Regression
2024-06-06,21.8,21.7756,HPG,70_30,Linear Regression
2024-06-07,21.8,21.8026,HPG,70_30,Linear Regression
2024-06-10,21.8,21.7919,HPG,70_30,Linear Regression
2024-06-11,21.65,21.7992,HPG,70_30,Linear Regression
2024-06-12,22.02,21.6701,HPG,70_30,Linear Regression
2024-06-13,21.95,22.0194,HPG,70_30,Linear Regression
2024-06-14,21.65,21.9072,HPG,70_30,Linear Regression
2024-06-17,21.91,21.6682,HPG,70_30,Linear Regression
2024-06-18,21.87,21.9426,HPG,70_30,Linear Regression
2024-06-19,21.83,21.8511,HPG,70_30,Linear Regression
2024-06-20,21.83,21.8165,HPG,70_30,Linear Regression
2024-06-21,21.61,21.7651,HPG,70_30,Linear Regression
2024-06-24,21.35,21.5607,HPG,70_30,Linear Regression
2024-06-25,21.35,21.2665,HPG,70_30,Linear Regression
2024-06-26,21.5,21.3352,HPG,70_30,Linear Regression
2024-06-27,21.46,21.4675,HPG,70_30,Linear Regression
2024-06-28,21.05,21.3976,HPG,70_30,Linear Regression
2024-07-01,21.09,20.9932,HPG,70_30,Linear Regression
2024-07-02,21.35,21.066,HPG,70_30,Linear Regression
2024-07-03,21.39,21.2981,HPG,70_30,Linear Regression
2024-07-04,21.35,21.357,HPG,70_30,Linear Regression
2024-07-05,21.31,21.3183,HPG,70_30,Linear Regression
2024-07-08,21.42,21.2853,HPG,70_30,Linear Regression
2024-07-09,21.57,21.3925,HPG,70_30,Linear Regression
2024-07-10,21.54,21.5296,HPG,70_30,Linear Regression
2024-07-11,21.46,21.5284,HPG,70_30,Linear Regression
2024-07-12,21.2,21.4493,HPG,70_30,Linear Regression
2024-07-15,21.16,21.159,HPG,70_30,Linear Regression
2024-07-16,21.16,21.1306,HPG,70_30,Linear Regression
2024-07-17,20.98,21.139,HPG,70_30,Linear Regression
2024-07-18,21.13,20.8505,HPG,70_30,Linear Regression
2024-07-19,20.98,21.0784,HPG,70_30,Linear Regression
2024-07-22,20.87,20.9089,HPG,70_30,Linear Regression
2024-07-23,20.68,20.7792,HPG,70_30,Linear Regression
2024-07-24,20.61,20.6411,HPG,70_30,Linear Regression
2024-07-25,20.35,20.4946,HPG,70_30,Linear Regression
2024-07-26,20.42,20.2818,HPG,70_30,Linear Regression
2024-07-29,20.76,20.4101,HPG,70_30,Linear Regression
2024-07-30,20.76,20.7459,HPG,70_30,Linear Regression
2024-07-31,20.23,20.7202,HPG,70_30,Linear Regression
2024-08-01,19.86,20.1505,HPG,70_30,Linear Regression
2024-08-02,20.27,19.8804,HPG,70_30,Linear Regression
2024-08-05,19.3,20.2441,HPG,70_30,Linear Regression
2024-08-06,19.57,19.151,HPG,70_30,Linear Regression
2024-08-07,19.38,19.6397,HPG,70_30,Linear Regression
2024-08-08,19.04,19.3393,HPG,70_30,Linear Regression
2024-08-09,19.38,19.0164,HPG,70_30,Linear Regression
2024-08-12,19.23,19.3977,HPG,70_30,Linear Regression
2024-08-13,18.9,19.1375,HPG,70_30,Linear Regression
2024-08-14,18.93,18.8347,HPG,70_30,Linear Regression
2024-08-15,18.75,18.93,HPG,70_30,Linear Regression
2024-08-16,19.04,18.6983,HPG,70_30,Linear Regression
2024-08-19,19.23,18.9822,HPG,70_30,Linear Regression
2024-08-20,19.19,19.2089,HPG,70_30,Linear Regression
2024-08-21,19.45,19.1568,HPG,70_30,Linear Regression
2024-08-22,19.16,19.4248,HPG,70_30,Linear Regression
2024-08-23,19.38,19.0797,HPG,70_30,Linear Regression
2024-08-26,19.34,19.3084,HPG,70_30,Linear Regression
2024-08-27,19.16,19.2978,HPG,70_30,Linear Regression
2024-08-28,19.12,19.1,HPG,70_30,Linear Regression
2024-08-29,19.04,19.0974,HPG,70_30,Linear Regression
2024-08-30,18.97,19.01,HPG,70_30,Linear Regression
2024-09-04,18.78,18.9317,HPG,70_30,Linear Regression
2024-09-05,18.64,18.7001,HPG,70_30,Linear Regression
2024-09-06,18.9,18.6038,HPG,70_30,Linear Regression
2024-09-09,19.04,18.8155,HPG,70_30,Linear Regression
2024-09-10,18.71,18.9943,HPG,70_30,Linear Regression
2024-09-11,18.86,18.6548,HPG,70_30,Linear Regression
2024-09-12,18.67,18.8495,HPG,70_30,Linear Regression
2024-09-13,18.6,18.624,HPG,70_30,Linear Regression
2024-09-16,18.49,18.5957,HPG,70_30,Linear Regression
2024-09-17,18.78,18.4824,HPG,70_30,Linear Regression
2024-09-18,18.67,18.7537,HPG,70_30,Linear Regression
2024-09-19,18.78,18.6265,HPG,70_30,Linear Regression
2024-09-20,19.08,18.802,HPG,70_30,Linear Regression
2024-09-23,19.12,19.1089,HPG,70_30,Linear Regression
2024-09-24,19.23,19.1148,HPG,70_30,Linear Regression
2024-09-25,19.49,19.2094,HPG,70_30,Linear Regression
2024-09-26,19.38,19.5172,HPG,70_30,Linear Regression
2024-09-27,19.38,19.3581,HPG,70_30,Linear Regression
2024-09-30,19.6,19.3801,HPG,70_30,Linear Regression
2024-10-01,19.9,19.6222,HPG,70_30,Linear Regression
2024-10-02,19.57,19.9469,HPG,70_30,Linear Regression
2024-10-03,19.49,19.527,HPG,70_30,Linear Regression
2024-10-04,19.49,19.5333,HPG,70_30,Linear Regression
2024-10-07,19.64,19.5085,HPG,70_30,Linear Regression
2024-10-08,20.05,19.6462,HPG,70_30,Linear Regression
2024-10-09,20.46,20.0399,HPG,70_30,Linear Regression
2024-10-10,20.27,20.4632,HPG,70_30,Linear Regression
2024-10-11,20.31,20.2712,HPG,70_30,Linear Regression
2024-10-14,20.12,20.3324,HPG,70_30,Linear Regression
2024-10-15,20.2,20.1295,HPG,70_30,Linear Regression
2024-10-16,20.16,20.2676,HPG,70_30,Linear Regression
2024-10-17,20.27,20.1814,HPG,70_30,Linear Regression
2024-10-18,20.05,20.2433,HPG,70_30,Linear Regression
2024-10-21,19.9,20.0494,HPG,70_30,Linear Regression
2024-10-22,19.83,19.9233,HPG,70_30,Linear Regression
2024-10-23,19.68,19.8339,HPG,70_30,Linear Regression
2024-10-24,19.68,19.6709,HPG,70_30,Linear Regression
2024-10-25,19.68,19.6944,HPG,70_30,Linear Regression
2024-10-28,19.9,19.6902,HPG,70_30,Linear Regression
2024-10-29,20.12,19.9035,HPG,70_30,Linear Regression
2024-10-30,20.09,20.0939,HPG,70_30,Linear Regression
2024-10-31,20.01,20.0441,HPG,70_30,Linear Regression
2024-11-01,19.75,19.9952,HPG,70_30,Linear Regression
2024-11-04,19.57,19.7092,HPG,70_30,Linear Regression
2024-11-05,19.71,19.5499,HPG,70_30,Linear Regression
2024-11-06,20.05,19.7025,HPG,70_30,Linear Regression
2024-11-07,20.05,20.0398,HPG,70_30,Linear Regression
2024-11-08,20.09,20.0381,HPG,70_30,Linear Regression
2024-11-11,20.61,20.1226,HPG,70_30,Linear Regression
2024-11-12,20.46,20.5797,HPG,70_30,Linear Regression
2024-11-13,20.12,20.3776,HPG,70_30,Linear Regression
2024-11-14,19.57,20.0535,HPG,70_30,Linear Regression
2024-11-15,19.27,19.5598,HPG,70_30,Linear Regression
2024-11-18,19.19,19.3036,HPG,70_30,Linear Regression
2024-11-19,18.93,19.1831,HPG,70_30,Linear Regression
2024-11-20,19.04,18.9284,HPG,70_30,Linear Regression
2024-11-21,19.23,19.0344,HPG,70_30,Linear Regression
2024-11-22,19.42,19.1874,HPG,70_30,Linear Regression
2024-11-25,19.57,19.378,HPG,70_30,Linear Regression
2024-11-26,19.6,19.5223,HPG,70_30,Linear Regression
2024-11-27,19.57,19.5566,HPG,70_30,Linear Regression
2024-11-28,19.64,19.5138,HPG,70_30,Linear Regression
2024-11-29,19.9,19.6327,HPG,70_30,Linear Regression
2024-12-02,20.01,19.8552,HPG,70_30,Linear Regression
2024-12-03,20.09,20.0042,HPG,70_30,Linear Regression
2024-12-04,19.86,20.0481,HPG,70_30,Linear Regression
2024-12-05,20.72,19.8259,HPG,70_30,Linear Regression
2024-12-06,20.53,20.6822,HPG,70_30,Linear Regression
2024-12-09,20.57,20.4595,HPG,70_30,Linear Regression
2024-12-10,20.76,20.6093,HPG,70_30,Linear Regression
2024-12-11,20.64,20.7889,HPG,70_30,Linear Regression
2024-12-12,20.46,20.599,HPG,70_30,Linear Regression
2024-12-13,20.23,20.4475,HPG,70_30,Linear Regression
2024-12-16,20.09,20.2186,HPG,70_30,Linear Regression
2024-12-17,20.09,20.1031,HPG,70_30,Linear Regression
2024-12-18,20.35,20.1049,HPG,70_30,Linear Regression
2024-12-19,19.97,20.345,HPG,70_30,Linear Regression
2024-12-20,19.86,19.9074,HPG,70_30,Linear Regression
2024-12-23,20.09,19.8999,HPG,70_30,Linear Regression
2024-12-24,19.86,20.1072,HPG,70_30,Linear Regression
2024-12-25,20.2,19.8007,HPG,70_30,Linear Regression
2024-12-26,20.09,20.2165,HPG,70_30,Linear Regression
2024-12-27,19.97,20.0358,HPG,70_30,Linear Regression
2024-12-30,19.9,19.9602,HPG,70_30,Linear Regression
2024-12-31,19.83,19.892,HPG,70_30,Linear Regression
2025-01-02,20.09,19.8159,HPG,70_30,Linear Regression
2025-01-03,19.79,20.0928,HPG,70_30,Linear Regression
2025-01-06,19.38,19.7363,HPG,70_30,Linear Regression
2025-01-07,19.38,19.379,HPG,70_30,Linear Regression
2025-01-08,19.53,19.4359,HPG,70_30,Linear Regression
2025-01-09,19.34,19.4915,HPG,70_30,Linear Regression
2025-01-10,19.01,19.2724,HPG,70_30,Linear Regression
2025-01-13,19.27,18.9774,HPG,70_30,Linear Regression
2025-01-14,19.23,19.2463,HPG,70_30,Linear Regression
2025-01-15,19.49,19.1643,HPG,70_30,Linear Regression
2025-01-16,19.57,19.4581,HPG,70_30,Linear Regression
2025-01-17,19.71,19.5034,HPG,70_30,Linear Regression
2025-01-20,19.68,19.635,HPG,70_30,Linear Regression
2025-01-21,19.57,19.6529,HPG,70_30,Linear Regression
2025-01-22,19.45,19.519,HPG,70_30,Linear Regression
2025-01-23,19.83,19.422,HPG,70_30,Linear Regression
2025-01-24,19.75,19.8023,HPG,70_30,Linear Regression
2025-02-03,19.64,19.6715,HPG,70_30,Linear Regression
2025-02-04,19.97,19.5944,HPG,70_30,Linear Regression
2025-02-05,19.94,19.9697,HPG,70_30,Linear Regression
2025-02-06,19.94,19.888,HPG,70_30,Linear Regression
2025-02-07,19.83,19.9227,HPG,70_30,Linear Regression
2025-02-10,18.9,19.796,HPG,70_30,Linear Regression
2025-02-11,19.42,18.8327,HPG,70_30,Linear Regression
2025-02-12,19.23,19.4941,HPG,70_30,Linear Regression
2025-02-13,19.27,19.1856,HPG,70_30,Linear Regression
2025-02-14,19.42,19.2886,HPG,70_30,Linear Regression
2025-02-17,19.45,19.4447,HPG,70_30,Linear Regression
2025-02-18,19.75,19.4153,HPG,70_30,Linear Regression
2025-02-19,19.71,19.7618,HPG,70_30,Linear Regression
2025-02-20,19.75,19.6693,HPG,70_30,Linear Regression
2025-02-21,19.68,19.7513,HPG,70_30,Linear Regression
2025-02-24,20.61,19.6641,HPG,70_30,Linear Regression
2025-02-25,20.46,20.8219,HPG,70_30,Linear Regression
2025-02-26,20.64,20.3568,HPG,70_30,Linear Regression
2025-02-27,21.16,20.7065,HPG,70_30,Linear Regression
2025-02-28,20.83,21.1569,HPG,70_30,Linear Regression
2025-03-03,20.87,20.7713,HPG,70_30,Linear Regression
2025-03-04,20.72,20.944,HPG,70_30,Linear Regression
2025-03-05,20.49,20.7082,HPG,70_30,Linear Regression
2025-03-06,20.79,20.5146,HPG,70_30,Linear Regression
2025-03-07,20.87,20.8297,HPG,70_30,Linear Regression
2025-03-10,20.79,20.8318,HPG,70_30,Linear Regression
2025-03-11,20.94,20.8071,HPG,70_30,Linear Regression
2025-03-12,20.68,20.9085,HPG,70_30,Linear Regression
2025-03-13,20.61,20.6609,HPG,70_30,Linear Regression
2025-03-14,20.49,20.6557,HPG,70_30,Linear Regression
2025-03-17,20.72,20.5124,HPG,70_30,Linear Regression
2025-03-18,20.53,20.7866,HPG,70_30,Linear Regression
2025-03-19,20.27,20.5183,HPG,70_30,Linear Regression
2025-03-20,20.2,20.2563,HPG,70_30,Linear Regression
2025-03-21,20.2,20.2264,HPG,70_30,Linear Regression
2025-03-24,20.2,20.2026,HPG,70_30,Linear Regression
2025-03-25,20.23,20.1641,HPG,70_30,Linear Regression
2025-03-26,20.49,20.2215,HPG,70_30,Linear Regression
2025-03-27,20.46,20.4881,HPG,70_30,Linear Regression
2025-03-28,20.2,20.4256,HPG,70_30,Linear Regression
2025-03-31,19.9,20.1515,HPG,70_30,Linear Regression
2025-04-01,20.09,19.8762,HPG,70_30,Linear Regression
2025-04-02,20.27,20.0911,HPG,70_30,Linear Regression
2025-04-03,18.86,20.2524,HPG,70_30,Linear Regression
2025-04-04,18.3,18.693,HPG,70_30,Linear Regression
2025-04-08,17.04,18.23,HPG,70_30,Linear Regression
2025-04-09,15.85,17.0508,HPG,70_30,Linear Regression
2025-04-10,16.92,15.9602,HPG,70_30,Linear Regression
2025-04-11,18.08,17.3149,HPG,70_30,Linear Regression
2025-04-14,18.86,18.1283,HPG,70_30,Linear Regression
2025-04-15,19.23,18.8742,HPG,70_30,Linear Regression
2025-04-16,18.97,19.1871,HPG,70_30,Linear Regression
2025-04-17,18.97,18.8762,HPG,70_30,Linear Regression
2025-04-18,18.93,18.8654,HPG,70_30,Linear Regression
2025-04-21,18.56,18.9103,HPG,70_30,Linear Regression
2025-04-22,18.64,18.5353,HPG,70_30,Linear Regression
2025-04-23,19.01,18.4618,HPG,70_30,Linear Regression
2025-04-24,19.04,19.0627,HPG,70_30,Linear Regression
2025-04-25,19.12,18.9734,HPG,70_30,Linear Regression
2025-04-28,19.08,19.0685,HPG,70_30,Linear Regression
2025-04-29,18.97,19.0213,HPG,70_30,Linear Regression
2025-05-05,19.12,18.9305,HPG,70_30,Linear Regression
2025-05-06,18.93,19.0766,HPG,70_30,Linear Regression
2025-05-07,18.9,18.8859,HPG,70_30,Linear Regression
2025-05-08,19.12,18.8762,HPG,70_30,Linear Regression
2025-05-09,19.08,19.0837,HPG,70_30,Linear Regression
2025-05-12,18.9,19.0277,HPG,70_30,Linear Regression
2025-05-13,19.19,18.8091,HPG,70_30,Linear Regression
2025-05-14,19.45,19.2543,HPG,70_30,Linear Regression
2025-05-15,19.45,19.4715,HPG,70_30,Linear Regression
2025-05-16,19.19,19.4195,HPG,70_30,Linear Regression
2025-05-19,19.08,19.2023,HPG,70_30,Linear Regression
2025-05-20,19.08,19.1064,HPG,70_30,Linear Regression
2025-05-21,19.16,19.1057,HPG,70_30,Linear Regression
2025-05-22,19.08,19.1899,HPG,70_30,Linear Regression
2025-05-23,19.04,19.0714,HPG,70_30,Linear Regression
2025-05-26,19.01,19.056,HPG,70_30,Linear Regression
2025-05-27,19.01,18.9417,HPG,70_30,Linear Regression
2025-05-28,19.04,19.0378,HPG,70_30,Linear Regression
2025-05-29,19.01,19.0454,HPG,70_30,Linear Regression
2025-05-30,19.16,18.9923,HPG,70_30,Linear Regression
2025-06-02,19.01,19.2113,HPG,70_30,Linear Regression
2025-06-03,19.34,18.9283,HPG,70_30,Linear Regression
2025-06-04,19.3,19.3753,HPG,70_30,Linear Regression
2025-06-05,19.16,19.2884,HPG,70_30,Linear Regression
2025-06-06,19.38,19.1374,HPG,70_30,Linear Regression
2025-06-09,19.57,19.4308,HPG,70_30,Linear Regression
2025-06-10,19.49,19.528,HPG,70_30,Linear Regression
2025-06-11,19.42,19.4966,HPG,70_30,Linear Regression
2025-06-12,19.94,19.4088,HPG,70_30,Linear Regression
2025-06-13,19.64,19.9453,HPG,70_30,Linear Regression
2025-06-16,19.9,19.5434,HPG,70_30,Linear Regression
2025-06-17,19.97,19.9163,HPG,70_30,Linear Regression
2025-06-18,20.2,19.9655,HPG,70_30,Linear Regression
2025-06-19,20.01,20.1774,HPG,70_30,Linear Regression
2025-06-20,20.09,19.9696,HPG,70_30,Linear Regression
2025-06-23,19.97,20.1017,HPG,70_30,Linear Regression
2025-06-24,20.09,19.9207,HPG,70_30,Linear Regression
2025-06-25,20.23,20.1326,HPG,70_30,Linear Regression
2025-06-26,20.35,20.2381,HPG,70_30,Linear Regression
2025-06-27,20.4,20.4039,HPG,70_30,Linear Regression
2025-06-30,20.27,20.4179,HPG,70_30,Linear Regression
2025-07-01,20.22,20.2833,HPG,70_30,Linear Regression
2025-07-02,20.44,20.2459,HPG,70_30,Linear Regression
2025-07-03,20.62,20.4335,HPG,70_30,Linear Regression
2025-07-04,20.76,20.6775,HPG,70_30,Linear Regression
2025-07-07,21.07,20.7788,HPG,70_30,Linear Regression
2025-07-08,22.05,21.1369,HPG,70_30,Linear Regression
2025-07-09,22.1,22.0491,HPG,70_30,Linear Regression
2025-07-10,22.45,22.1102,HPG,70_30,Linear Regression
2025-07-11,23.21,22.4983,HPG,70_30,Linear Regression
2025-07-14,22.99,23.2501,HPG,70_30,Linear Regression
2025-07-15,22.76,22.9897,HPG,70_30,Linear Regression
2025-07-16,23.3,22.8712,HPG,70_30,Linear Regression
2025-07-17,23.21,23.3709,HPG,70_30,Linear Regression
2025-07-18,23.12,23.2342,HPG,70_30,Linear Regression
2025-07-21,23.39,23.1889,HPG,70_30,Linear Regression
2025-07-22,23.61,23.5789,HPG,70_30,Linear Regression
2025-07-23,23.57,23.619,HPG,70_30,Linear Regression
2025-07-24,23.21,23.6694,HPG,70_30,Linear Regression
2025-07-25,23.26,23.2506,HPG,70_30,Linear Regression
2025-07-28,23.52,23.3597,HPG,70_30,Linear Regression
2025-07-29,22.63,23.6011,HPG,70_30,Linear Regression
2025-07-30,22.68,22.6376,HPG,70_30,Linear Regression
2025-07-31,22.27,22.8194,HPG,70_30,Linear Regression
2025-08-01,22.45,22.3015,HPG,70_30,Linear Regression
2025-08-04,22.59,22.5252,HPG,70_30,Linear Regression
2025-08-05,23.57,22.5864,HPG,70_30,Linear Regression
2025-08-06,24.19,23.6442,HPG,70_30,Linear Regression
2025-08-07,25.44,24.2445,HPG,70_30,Linear Regression
2025-08-08,25.0,25.412,HPG,70_30,Linear Regression
2025-08-11,25.13,24.8934,HPG,70_30,Linear Regression
2025-08-12,25.44,25.2098,HPG,70_30,Linear Regression
2025-08-13,25.09,25.513,HPG,70_30,Linear Regression
2025-08-14,25.18,25.0267,HPG,70_30,Linear Regression
2025-08-15,25.0,25.2553,HPG,70_30,Linear Regression
2025-08-18,25.35,25.0525,HPG,70_30,Linear Regression
2025-08-19,25.13,25.4585,HPG,70_30,Linear Regression
2025-08-20,24.46,25.1375,HPG,70_30,Linear Regression
2025-08-21,24.46,24.4183,HPG,70_30,Linear Regression
2025-08-22,23.21,24.5747,HPG,70_30,Linear Regression
2025-08-25,23.17,23.1687,HPG,70_30,Linear Regression
2025-08-26,24.28,23.3858,HPG,70_30,Linear Regression
2025-08-27,23.88,24.3041,HPG,70_30,Linear Regression
2025-08-28,24.19,23.7909,HPG,70_30,Linear Regression
2025-08-29,24.55,24.2977,HPG,70_30,Linear Regression
2025-09-03,25.13,24.56,HPG,70_30,Linear Regression
2025-09-04,26.65,25.0957,HPG,70_30,Linear Regression
2025-09-05,25.71,26.6436,HPG,70_30,Linear Regression
2025-09-08,25.8,25.6067,HPG,70_30,Linear Regression
2025-09-09,25.76,25.9772,HPG,70_30,Linear Regression
2025-09-10,25.76,25.722,HPG,70_30,Linear Regression
2025-09-11,26.02,25.729,HPG,70_30,Linear Regression
2025-09-12,26.78,25.8841,HPG,70_30,Linear Regression
2025-09-15,27.09,26.772,HPG,70_30,Linear Regression
2025-09-16,26.74,27.1207,HPG,70_30,Linear Regression
2025-09-17,26.07,26.7214,HPG,70_30,Linear Regression
2025-09-18,26.02,26.1135,HPG,70_30,Linear Regression
2025-09-19,26.11,26.0282,HPG,70_30,Linear Regression
2025-09-22,25.35,26.095,HPG,70_30,Linear Regression
2025-09-23,25.58,25.3136,HPG,70_30,Linear Regression
2025-09-24,25.93,25.7013,HPG,70_30,Linear Regression
2025-09-25,25.71,25.8546,HPG,70_30,Linear Regression
2025-09-26,25.49,25.6932,HPG,70_30,Linear Regression
2025-09-29,25.53,25.5449,HPG,70_30,Linear Regression
2025-09-30,25.13,25.5543,HPG,70_30,Linear Regression
2025-10-01,25.26,25.0769,HPG,70_30,Linear Regression
2025-10-02,25.09,25.3154,HPG,70_30,Linear Regression
2025-10-03,24.68,25.0857,HPG,70_30,Linear Regression
2025-10-06,26.07,24.626,HPG,70_30,Linear Regression
2025-10-07,25.89,26.1484,HPG,70_30,Linear Regression
2025-10-08,26.07,25.7839,HPG,70_30,Linear Regression
2025-10-09,25.84,26.0758,HPG,70_30,Linear Regression
2025-10-10,26.42,25.8447,HPG,70_30,Linear Regression
2025-10-13,25.89,26.387,HPG,70_30,Linear Regression
2025-10-14,25.31,25.7246,HPG,70_30,Linear Regression
2025-10-15,25.22,25.3173,HPG,70_30,Linear Regression
2025-10-16,25.22,25.2922,HPG,70_30,Linear Regression
2025-10-17,25.0,25.2249,HPG,70_30,Linear Regression
2025-10-20,23.26,24.9966,HPG,70_30,Linear Regression
2025-10-21,23.93,23.2309,HPG,70_30,Linear Regression
2025-10-22,23.84,24.1064,HPG,70_30,Linear Regression
2025-10-23,23.66,23.7169,HPG,70_30,Linear Regression
2025-10-24,23.57,23.6715,HPG,70_30,Linear Regression
2025-10-27,23.43,23.5274,HPG,70_30,Linear Regression
2025-10-28,23.93,23.4234,HPG,70_30,Linear Regression
2025-10-29,24.33,23.8604,HPG,70_30,Linear Regression
2025-10-30,24.01,24.2743,HPG,70_30,Linear Regression
2025-10-31,23.84,23.9435,HPG,70_30,Linear Regression
2025-11-03,23.26,23.87,HPG,70_30,Linear Regression
2025-11-04,23.88,23.249,HPG,70_30,Linear Regression
2025-11-05,23.48,23.8876,HPG,70_30,Linear Regression
2025-11-06,23.3,23.3806,HPG,70_30,Linear Regression
2025-11-07,23.26,23.3311,HPG,70_30,Linear Regression
2025-11-10,23.61,23.2855,HPG,70_30,Linear Regression
2025-11-11,23.75,23.5871,HPG,70_30,Linear Regression
2025-11-12,24.1,23.69,HPG,70_30,Linear Regression
2025-11-13,23.7,24.0475,HPG,70_30,Linear Regression
2025-11-14,24.01,23.5965,HPG,70_30,Linear Regression
2025-11-17,24.37,23.9601,HPG,70_30,Linear Regression
2025-11-18,24.55,24.3152,HPG,70_30,Linear Regression
2025-11-19,24.64,24.4556,HPG,70_30,Linear Regression
2025-11-20,24.33,24.6564,HPG,70_30,Linear Regression
2025-11-21,24.46,24.2842,HPG,70_30,Linear Regression
2025-11-24,24.19,24.4003,HPG,70_30,Linear Regression
2025-11-25,24.01,24.162,HPG,70_30,Linear Regression
2025-11-26,24.19,24.0373,HPG,70_30,Linear Regression
2025-11-27,24.01,24.1932,HPG,70_30,Linear Regression
2025-11-28,23.7,23.9851,HPG,70_30,Linear Regression
2025-12-01,23.66,23.6924,HPG,70_30,Linear Regression
2025-12-02,23.66,23.6934,HPG,70_30,Linear Regression
2025-12-03,23.93,23.6059,HPG,70_30,Linear Regression
2025-12-04,24.37,23.8931,HPG,70_30,Linear Regression
2025-12-05,24.1,24.353,HPG,70_30,Linear Regression
2025-12-08,23.88,24.0459,HPG,70_30,Linear Regression
2025-12-09,23.57,23.8903,HPG,70_30,Linear Regression
2025-12-10,23.79,23.5773,HPG,70_30,Linear Regression
2025-12-11,23.7,23.8664,HPG,70_30,Linear Regression
2025-12-12,23.21,23.6817,HPG,70_30,Linear Regression
2025-12-15,23.43,23.2004,HPG,70_30,Linear Regression
2025-12-16,23.84,23.489,HPG,70_30,Linear Regression
2025-12-17,23.57,23.8079,HPG,70_30,Linear Regression
2025-12-18,23.57,23.487,HPG,70_30,Linear Regression
2025-12-19,23.84,23.5492,HPG,70_30,Linear Regression
2025-12-22,24.01,23.7863,HPG,70_30,Linear Regression
2025-12-23,23.88,23.9269,HPG,70_30,Linear Regression
2025-12-24,23.7,23.8186,HPG,70_30,Linear Regression
2025-12-25,23.43,23.6526,HPG,70_30,Linear Regression
2025-12-26,24.01,23.3892,HPG,70_30,Linear Regression
2025-12-29,23.84,24.1131,HPG,70_30,Linear Regression
2025-12-30,23.66,23.7405,HPG,70_30,Linear Regression
2025-12-31,23.57,23.6405,HPG,70_30,Linear Regression
2026-01-05,23.17,23.5502,HPG,70_30,Linear Regression
2026-01-06,23.17,23.0787,HPG,70_30,Linear Regression
2026-01-07,23.75,23.0799,HPG,70_30,Linear Regression
2026-01-08,23.57,23.6982,HPG,70_30,Linear Regression
2026-01-09,23.39,23.4875,HPG,70_30,Linear Regression
2026-01-12,24.55,23.3957,HPG,70_30,Linear Regression
2026-01-13,24.33,24.5364,HPG,70_30,Linear Regression
2026-01-14,24.33,24.1861,HPG,70_30,Linear Regression
2026-01-15,24.64,24.3342,HPG,70_30,Linear Regression
2026-01-16,24.64,24.6617,HPG,70_30,Linear Regression
2026-01-19,24.73,24.5879,HPG,70_30,Linear Regression
2026-01-20,24.33,24.7755,HPG,70_30,Linear Regression
2026-01-21,23.93,24.2902,HPG,70_30,Linear Regression
2026-01-22,23.97,23.9193,HPG,70_30,Linear Regression
2026-01-23,23.88,24.0617,HPG,70_30,Linear Regression
2026-01-26,23.48,23.9038,HPG,70_30,Linear Regression
2026-01-27,23.61,23.4447,HPG,70_30,Linear Regression
2026-01-28,23.84,23.6248,HPG,70_30,Linear Regression
2026-01-29,24.19,23.8472,HPG,70_30,Linear Regression
2026-01-30,23.93,24.1564,HPG,70_30,Linear Regression
2026-02-02,23.7,23.8883,HPG,70_30,Linear Regression
2026-02-03,23.88,23.6353,HPG,70_30,Linear Regression
2026-02-04,25.26,23.9173,HPG,70_30,Linear Regression
2026-02-05,24.59,25.2367,HPG,70_30,Linear Regression
2026-02-06,23.93,24.4539,HPG,70_30,Linear Regression
2026-02-09,23.88,24.0208,HPG,70_30,Linear Regression
2026-02-10,23.7,24.0068,HPG,70_30,Linear Regression
2026-02-11,23.97,23.7047,HPG,70_30,Linear Regression
2026-02-12,24.01,23.9894,HPG,70_30,Linear Regression
2026-02-13,23.97,23.973,HPG,70_30,Linear Regression
2026-02-23,24.55,23.9502,HPG,70_30,Linear Regression
2026-02-24,25.26,24.5557,HPG,70_30,Linear Regression
2026-02-25,26.16,25.1444,HPG,70_30,Linear Regression
2026-02-26,26.25,26.1236,HPG,70_30,Linear Regression
2026-02-27,25.71,26.1365,HPG,70_30,Linear Regression
2026-03-02,25.44,25.6896,HPG,70_30,Linear Regression
2026-03-03,24.73,25.4297,HPG,70_30,Linear Regression
2026-03-04,24.73,24.7617,HPG,70_30,Linear Regression
2026-03-05,24.33,24.7033,HPG,70_30,Linear Regression
2026-03-06,24.33,24.3734,HPG,70_30,Linear Regression
2026-03-09,22.63,24.3585,HPG,70_30,Linear Regression
2026-03-10,24.19,22.505,HPG,70_30,Linear Regression
2026-03-11,24.46,24.4996,HPG,70_30,Linear Regression
2026-03-12,23.93,24.3411,HPG,70_30,Linear Regression
2026-03-13,23.79,23.8348,HPG,70_30,Linear Regression
2026-03-16,23.88,23.8717,HPG,70_30,Linear Regression
2026-03-17,24.01,23.8651,HPG,70_30,Linear Regression
2026-03-18,23.93,24.041,HPG,70_30,Linear Regression
2026-03-19,23.84,23.8903,HPG,70_30,Linear Regression
2026-03-20,23.12,23.7712,HPG,70_30,Linear Regression
2026-03-23,22.76,23.1037,HPG,70_30,Linear Regression
2026-03-24,23.17,22.8243,HPG,70_30,Linear Regression
2026-03-25,23.52,23.3205,HPG,70_30,Linear Regression
2026-03-26,23.12,23.5154,HPG,70_30,Linear Regression
2026-03-27,23.66,23.0488,HPG,70_30,Linear Regression
2026-03-30,24.01,23.6535,HPG,70_30,Linear Regression
2026-03-31,24.01,23.8104,HPG,70_30,Linear Regression
2026-04-01,24.24,23.9383,HPG,70_30,Linear Regression
2026-04-02,24.42,24.2577,HPG,70_30,Linear Regression
2026-04-03,23.79,24.2784,HPG,70_30,Linear Regression
2026-04-06,23.97,23.6781,HPG,70_30,Linear Regression
2026-04-07,23.93,23.9985,HPG,70_30,Linear Regression
2026-04-08,25.0,23.8929,HPG,70_30,Linear Regression
2026-04-09,25.22,25.0628,HPG,70_30,Linear Regression
2026-04-10,25.0,25.0929,HPG,70_30,Linear Regression
2026-04-13,24.82,25.0097,HPG,70_30,Linear Regression
2026-04-14,25.49,24.8499,HPG,70_30,Linear Regression
2026-04-15,25.04,25.505,HPG,70_30,Linear Regression
2026-04-16,24.95,24.9571,HPG,70_30,Linear Regression
2026-04-17,25.0,24.964,HPG,70_30,Linear Regression
2026-04-20,25.4,25.0348,HPG,70_30,Linear Regression
2026-04-21,25.49,25.4016,HPG,70_30,Linear Regression
2026-04-22,25.18,25.564,HPG,70_30,Linear Regression
2026-04-23,24.82,25.1571,HPG,70_30,Linear Regression
2026-04-24,24.91,24.8296,HPG,70_30,Linear Regression
2026-04-28,24.77,24.9193,HPG,70_30,Linear Regression
2026-04-29,24.77,24.7741,HPG,70_30,Linear Regression
2026-05-04,24.64,24.7834,HPG,70_30,Linear Regression
2026-05-05,24.37,24.6215,HPG,70_30,Linear Regression
2026-05-06,24.64,24.3621,HPG,70_30,Linear Regression
2026-05-07,24.77,24.6719,HPG,70_30,Linear Regression
2026-05-08,24.86,24.7568,HPG,70_30,Linear Regression
2026-05-11,24.55,24.816,HPG,70_30,Linear Regression
2026-05-12,24.45,24.5337,HPG,70_30,Linear Regression
2026-05-13,24.64,24.4575,HPG,70_30,Linear Regression
2026-05-14,24.59,24.6105,HPG,70_30,Linear Regression
2026-05-15,24.14,24.5661,HPG,70_30,Linear Regression
2026-05-18,24.05,24.0729,HPG,70_30,Linear Regression
2026-05-19,23.86,24.0299,HPG,70_30,Linear Regression
2026-05-20,23.82,23.8431,HPG,70_30,Linear Regression
2026-05-21,24.14,23.7312,HPG,70_30,Linear Regression
2026-05-22,23.95,24.1144,HPG,70_30,Linear Regression
2026-05-25,24.1,23.8573,HPG,70_30,Linear Regression
2026-05-26,24.25,24.1024,HPG,70_30,Linear Regression
2026-05-27,24.15,24.1497,HPG,70_30,Linear Regression
2026-05-28,24.0,24.0785,HPG,70_30,Linear Regression
2026-05-29,24.0,23.9399,HPG,70_30,Linear Regression
2026-06-01,24.05,23.9428,HPG,70_30,Linear Regression
2026-06-02,23.7,23.9806,HPG,70_30,Linear Regression
2026-06-03,24.15,23.6146,HPG,70_30,Linear Regression
2026-06-04,23.95,24.0934,HPG,70_30,Linear Regression
2026-06-05,23.75,23.8395,HPG,70_30,Linear Regression
2026-06-08,23.3,23.7078,HPG,70_30,Linear Regression
2026-06-09,23.55,23.2486,HPG,70_30,Linear Regression
2026-06-10,23.6,23.54,HPG,70_30,Linear Regression
2026-06-11,23.3,23.5192,HPG,70_30,Linear Regression
2026-06-12,23.2,23.2155,HPG,70_30,Linear Regression
2026-06-15,24.35,23.1966,HPG,70_30,Linear Regression
2026-06-16,24.2,24.3602,HPG,70_30,Linear Regression
2026-06-17,24.0,24.0536,HPG,70_30,Linear Regression
2026-06-18,23.65,24.0045,HPG,70_30,Linear Regression
2026-06-19,23.6,23.6581,HPG,70_30,Linear Regression
2026-06-22,23.6,23.6312,HPG,70_30,Linear Regression
2026-06-23,23.3,23.6114,HPG,70_30,Linear Regression
2026-06-24,23.5,23.2727,HPG,70_30,Linear Regression
2026-06-25,23.4,23.5063,HPG,70_30,Linear Regression
2026-06-26,23.5,23.358,HPG,70_30,Linear Regression
2026-06-29,23.65,23.4568,HPG,70_30,Linear Regression
2026-06-30,23.3,23.5923,HPG,70_30,Linear Regression
2026-07-01,23.45,23.2182,HPG,70_30,Linear Regression
2026-07-02,23.4,23.4544,HPG,70_30,Linear Regression
2026-07-03,23.25,23.3473,HPG,70_30,Linear Regression
2026-07-06,23.1,23.2057,HPG,70_30,Linear Regression
2026-07-07,23.1,23.0767,HPG,70_30,Linear Regression
2026-07-08,23.2,23.0696,HPG,70_30,Linear Regression
2026-07-09,23.2,23.1632,HPG,70_30,Linear Regression
2026-07-10,22.95,23.1357,HPG,70_30,Linear Regression
2026-07-13,22.4,22.9003,HPG,70_30,Linear Regression
2026-07-14,22.5,22.3493,HPG,70_30,Linear Regression
2026-07-15,22.4,22.4348,HPG,70_30,Linear Regression
2026-07-16,22.2,22.3071,HPG,70_30,Linear Regression
2026-07-17,21.85,22.069,HPG,70_30,Linear Regression
2026-07-20,20.6,21.8138,HPG,70_30,Linear Regression
2026-07-21,20.8,20.5266,HPG,70_30,Linear Regression
2026-07-22,20.7,20.9236,HPG,70_30,Linear Regression
2026-07-23,20.8,20.6674,HPG,70_30,Linear Regression
2026-07-24,20.8,20.6927,HPG,70_30,Linear Regression
2026-07-27,20.35,20.7213,HPG,70_30,Linear Regression
2026-07-28,21.0,20.274,HPG,70_30,Linear Regression
2026-07-29,21.65,20.9122,HPG,70_30,Linear Regression
2026-07-30,21.8,21.5197,HPG,70_30,Linear Regression
2026-07-31,21.7,21.7104,HPG,70_30,Linear Regression
2026-08-03,22.55,21.6285,HPG,70_30,Linear Regression
2026-08-04,22.15,22.5084,HPG,70_30,Linear Regression
2026-08-05,22.0,22.0213,HPG,70_30,Linear Regression
2026-08-06,21.85,22.0356,HPG,70_30,Linear Regression
2026-08-07,22.0,21.8731,HPG,70_30,Linear Regression
2026-08-10,22.1,21.9849,HPG,70_30,Linear Regression
2026-08-11,22.05,22.0669,HPG,70_30,Linear Regression
2026-08-12,22.1,22.02,HPG,70_30,Linear Regression
2026-08-13,21.7,22.0668,HPG,70_30,Linear Regression
2026-08-14,21.25,21.6458,HPG,70_30,Linear Regression
2026-08-17,21.2,21.2268,HPG,70_30,Linear Regression
2026-08-18,21.0,21.2142,HPG,70_30,Linear Regression
2026-08-19,21.2,21.0012,HPG,70_30,Linear Regression
2026-08-20,21.15,21.1819,HPG,70_30,Linear Regression
2026-08-21,21.7,21.1326,HPG,70_30,Linear Regression
2026-08-24,22.25,21.6615,HPG,70_30,Linear Regression
2026-08-25,21.8,22.2462,HPG,70_30,Linear Regression
2026-08-26,22.05,21.7473,HPG,70_30,Linear Regression
2026-08-27,22.2,22.0991,HPG,70_30,Linear Regression
2026-08-28,22.1,22.1999,HPG,70_30,Linear Regression
2026-09-03,21.6,22.0885,HPG,70_30,Linear Regression
2026-09-04,21.7,21.5734,HPG,70_30,Linear Regression
2026-09-07,21.55,21.7648,HPG,70_30,Linear Regression
2026-09-08,21.85,21.5802,HPG,70_30,Linear Regression
2026-09-09,22.05,21.8543,HPG,70_30,Linear Regression
2026-09-10,21.85,22.0278,HPG,70_30,Linear Regression
2026-09-11,21.3,21.7944,HPG,70_30,Linear Regression
2026-09-14,20.9,21.2635,HPG,70_30,Linear Regression
2026-09-15,21.2,20.9136,HPG,70_30,Linear Regression
2026-09-16,20.95,21.234,HPG,70_30,Linear Regression
2026-09-17,21.2,20.8981,HPG,70_30,Linear Regression
2026-09-18,21.55,21.1573,HPG,70_30,Linear Regression
2026-09-21,21.1,21.5266,HPG,70_30,Linear Regression
2026-09-22,21.15,21.0164,HPG,70_30,Linear Regression
2026-09-23,21.05,21.1778,HPG,70_30,Linear Regression
2026-09-24,20.8,21.0198,HPG,70_30,Linear Regression
2026-09-25,20.65,20.7691,HPG,70_30,Linear Regression
2026-09-28,20.2,20.6532,HPG,70_30,Linear Regression
2026-09-29,20.3,20.1734,HPG,70_30,Linear Regression
2026-09-30,20.15,20.313,HPG,70_30,Linear Regression
2026-10-01,20.05,20.1151,HPG,70_30,Linear Regression
2024-05-30,21.58,22.1557,VIC,70_30,Linear Regression
2024-05-31,21.78,21.5009,VIC,70_30,Linear Regression
2024-06-03,21.98,21.8637,VIC,70_30,Linear Regression
2024-06-04,22.05,22.0757,VIC,70_30,Linear Regression
2024-06-05,22.1,22.0492,VIC,70_30,Linear Regression
2024-06-06,21.85,22.1066,VIC,70_30,Linear Regression
2024-06-07,21.75,21.7816,VIC,70_30,Linear Regression
2024-06-10,21.72,21.6822,VIC,70_30,Linear Regression
2024-06-11,21.6,21.733,VIC,70_30,Linear Regression
2024-06-12,21.65,21.4538,VIC,70_30,Linear Regression
2024-06-13,21.6,21.5681,VIC,70_30,Linear Regression
2024-06-14,21.0,21.5204,VIC,70_30,Linear Regression
2024-06-17,21.0,20.8939,VIC,70_30,Linear Regression
2024-06-18,21.05,20.9715,VIC,70_30,Linear Regression
2024-06-19,20.75,21.0954,VIC,70_30,Linear Regression
2024-06-20,20.72,20.6621,VIC,70_30,Linear Regression
2024-06-21,20.82,20.6226,VIC,70_30,Linear Regression
2024-06-24,20.55,20.7148,VIC,70_30,Linear Regression
2024-06-25,20.6,20.5225,VIC,70_30,Linear Regression
2024-06-26,20.6,20.6155,VIC,70_30,Linear Regression
2024-06-27,20.5,20.5765,VIC,70_30,Linear Regression
2024-06-28,20.6,20.4651,VIC,70_30,Linear Regression
2024-07-01,20.68,20.5353,VIC,70_30,Linear Regression
2024-07-02,20.8,20.6358,VIC,70_30,Linear Regression
2024-07-03,20.68,20.8084,VIC,70_30,Linear Regression
2024-07-04,20.7,20.6496,VIC,70_30,Linear Regression
2024-07-05,20.7,20.7017,VIC,70_30,Linear Regression
2024-07-08,20.2,20.6547,VIC,70_30,Linear Regression
2024-07-09,20.4,20.0931,VIC,70_30,Linear Regression
2024-07-10,20.3,20.36,VIC,70_30,Linear Regression
2024-07-11,20.55,20.2849,VIC,70_30,Linear Regression
2024-07-12,20.88,20.6117,VIC,70_30,Linear Regression
2024-07-15,20.68,21.0161,VIC,70_30,Linear Regression
2024-07-16,20.52,20.7649,VIC,70_30,Linear Regression
2024-07-17,20.3,20.5128,VIC,70_30,Linear Regression
2024-07-18,20.27,20.235,VIC,70_30,Linear Regression
2024-07-19,20.38,20.2503,VIC,70_30,Linear Regression
2024-07-22,20.38,20.3882,VIC,70_30,Linear Regression
2024-07-23,20.42,20.3418,VIC,70_30,Linear Regression
2024-07-24,20.45,20.3691,VIC,70_30,Linear Regression
2024-07-25,20.8,20.4236,VIC,70_30,Linear Regression
2024-07-26,20.8,20.9103,VIC,70_30,Linear Regression
2024-07-29,20.8,20.8789,VIC,70_30,Linear Regression
2024-07-30,21.1,20.7683,VIC,70_30,Linear Regression
2024-07-31,21.15,21.1171,VIC,70_30,Linear Regression
2024-08-01,21.05,21.1981,VIC,70_30,Linear Regression
2024-08-02,21.0,21.0837,VIC,70_30,Linear Regression
2024-08-05,20.65,20.9595,VIC,70_30,Linear Regression
2024-08-06,20.65,20.6223,VIC,70_30,Linear Regression
2024-08-07,21.18,20.6321,VIC,70_30,Linear Regression
2024-08-08,20.9,21.3951,VIC,70_30,Linear Regression
2024-08-09,20.6,20.9749,VIC,70_30,Linear Regression
2024-08-12,20.3,20.6085,VIC,70_30,Linear Regression
2024-08-13,20.35,20.3068,VIC,70_30,Linear Regression
2024-08-14,20.4,20.4748,VIC,70_30,Linear Regression
2024-08-15,20.4,20.4926,VIC,70_30,Linear Regression
2024-08-16,20.58,20.4339,VIC,70_30,Linear Regression
2024-08-19,20.58,20.6319,VIC,70_30,Linear Regression
2024-08-20,20.85,20.6164,VIC,70_30,Linear Regression
2024-08-21,20.92,20.9616,VIC,70_30,Linear Regression
2024-08-22,20.78,21.0264,VIC,70_30,Linear Regression
2024-08-23,20.78,20.8846,VIC,70_30,Linear Regression
2024-08-26,21.08,20.8711,VIC,70_30,Linear Regression
2024-08-27,22.55,21.2196,VIC,70_30,Linear Regression
2024-08-28,22.2,22.6628,VIC,70_30,Linear Regression
2024-08-29,22.1,22.377,VIC,70_30,Linear Regression
2024-08-30,22.1,22.2466,VIC,70_30,Linear Regression
2024-09-04,22.0,22.2886,VIC,70_30,Linear Regression
2024-09-05,22.52,22.1779,VIC,70_30,Linear Regression
2024-09-06,22.32,22.7544,VIC,70_30,Linear Regression
2024-09-09,21.85,22.4263,VIC,70_30,Linear Regression
2024-09-10,21.5,21.8406,VIC,70_30,Linear Regression
2024-09-11,21.5,21.458,VIC,70_30,Linear Regression
2024-09-12,21.45,21.5541,VIC,70_30,Linear Regression
2024-09-13,21.45,21.5183,VIC,70_30,Linear Regression
2024-09-16,21.02,21.4527,VIC,70_30,Linear Regression
2024-09-17,21.45,21.073,VIC,70_30,Linear Regression
2024-09-18,21.32,21.513,VIC,70_30,Linear Regression
2024-09-19,21.45,21.3782,VIC,70_30,Linear Regression
2024-09-20,21.15,21.5051,VIC,70_30,Linear Regression
2024-09-23,21.18,21.1477,VIC,70_30,Linear Regression
2024-09-24,21.28,21.1869,VIC,70_30,Linear Regression
2024-09-25,21.3,21.3122,VIC,70_30,Linear Regression
2024-09-26,21.3,21.2894,VIC,70_30,Linear Regression
2024-09-27,21.25,21.3429,VIC,70_30,Linear Regression
2024-09-30,21.0,21.2202,VIC,70_30,Linear Regression
2024-10-01,21.15,20.9899,VIC,70_30,Linear Regression
2024-10-02,21.02,21.2244,VIC,70_30,Linear Regression
2024-10-03,20.68,21.0441,VIC,70_30,Linear Regression
2024-10-04,20.5,20.6527,VIC,70_30,Linear Regression
2024-10-07,20.42,20.4396,VIC,70_30,Linear Regression
2024-10-08,20.45,20.4549,VIC,70_30,Linear Regression
2024-10-09,20.8,20.3884,VIC,70_30,Linear Regression
2024-10-10,20.7,20.8361,VIC,70_30,Linear Regression
2024-10-11,20.9,20.6934,VIC,70_30,Linear Regression
2024-10-14,21.08,20.9397,VIC,70_30,Linear Regression
2024-10-15,20.82,21.1978,VIC,70_30,Linear Regression
2024-10-16,20.75,20.87,VIC,70_30,Linear Regression
2024-10-17,20.78,20.7976,VIC,70_30,Linear Regression
2024-10-18,20.9,20.8204,VIC,70_30,Linear Regression
2024-10-21,21.12,21.0166,VIC,70_30,Linear Regression
2024-10-22,21.1,21.2583,VIC,70_30,Linear Regression
2024-10-23,21.6,21.163,VIC,70_30,Linear Regression
2024-10-24,21.02,21.8021,VIC,70_30,Linear Regression
2024-10-25,20.78,21.0638,VIC,70_30,Linear Regression
2024-10-28,20.72,20.8225,VIC,70_30,Linear Regression
2024-10-29,20.68,20.7862,VIC,70_30,Linear Regression
2024-10-30,20.5,20.7744,VIC,70_30,Linear Regression
2024-10-31,20.78,20.4882,VIC,70_30,Linear Regression
2024-11-01,20.6,20.7781,VIC,70_30,Linear Regression
2024-11-04,20.6,20.595,VIC,70_30,Linear Regression
2024-11-05,20.65,20.5925,VIC,70_30,Linear Regression
2024-11-06,20.9,20.6604,VIC,70_30,Linear Regression
2024-11-07,20.85,20.9739,VIC,70_30,Linear Regression
2024-11-08,20.52,20.9092,VIC,70_30,Linear Regression
2024-11-11,20.4,20.4814,VIC,70_30,Linear Regression
2024-11-12,20.27,20.3754,VIC,70_30,Linear Regression
2024-11-13,20.3,20.3016,VIC,70_30,Linear Regression
2024-11-14,20.35,20.3284,VIC,70_30,Linear Regression
2024-11-15,20.27,20.39,VIC,70_30,Linear Regression
2024-11-18,20.2,20.2647,VIC,70_30,Linear Regression
2024-11-19,20.18,20.1776,VIC,70_30,Linear Regression
2024-11-20,20.18,20.1813,VIC,70_30,Linear Regression
2024-11-21,20.18,20.1861,VIC,70_30,Linear Regression
2024-11-22,20.23,20.1619,VIC,70_30,Linear Regression
2024-11-25,20.5,20.2478,VIC,70_30,Linear Regression
2024-11-26,20.52,20.5527,VIC,70_30,Linear Regression
2024-11-27,20.38,20.611,VIC,70_30,Linear Regression
2024-11-28,20.35,20.4105,VIC,70_30,Linear Regression
2024-11-29,20.25,20.3893,VIC,70_30,Linear Regression
2024-12-02,20.18,20.2731,VIC,70_30,Linear Regression
2024-12-03,20.2,20.2146,VIC,70_30,Linear Regression
2024-12-04,20.0,20.2011,VIC,70_30,Linear Regression
2024-12-05,20.42,19.9247,VIC,70_30,Linear Regression
2024-12-06,20.92,20.4347,VIC,70_30,Linear Regression
2024-12-09,20.92,21.0707,VIC,70_30,Linear Regression
2024-12-10,20.6,21.1171,VIC,70_30,Linear Regression
2024-12-11,20.65,20.6457,VIC,70_30,Linear Regression
2024-12-12,20.45,20.712,VIC,70_30,Linear Regression
2024-12-13,20.4,20.5308,VIC,70_30,Linear Regression
2024-12-16,20.35,20.4552,VIC,70_30,Linear Regression
2024-12-17,20.27,20.3885,VIC,70_30,Linear Regression
2024-12-18,20.3,20.2965,VIC,70_30,Linear Regression
2024-12-19,20.15,20.3529,VIC,70_30,Linear Regression
2024-12-20,20.25,20.1235,VIC,70_30,Linear Regression
2024-12-23,20.3,20.2706,VIC,70_30,Linear Regression
2024-12-24,20.3,20.3599,VIC,70_30,Linear Regression
2024-12-25,20.32,20.3152,VIC,70_30,Linear Regression
2024-12-26,20.32,20.3658,VIC,70_30,Linear Regression
2024-12-27,20.27,20.3846,VIC,70_30,Linear Regression
2024-12-30,20.27,20.3019,VIC,70_30,Linear Regression
2024-12-31,20.27,20.2842,VIC,70_30,Linear Regression
2025-01-02,20.27,20.2639,VIC,70_30,Linear Regression
2025-01-03,20.25,20.2664,VIC,70_30,Linear Regression
2025-01-06,20.25,20.2178,VIC,70_30,Linear Regression
2025-01-07,20.25,20.2489,VIC,70_30,Linear Regression
2025-01-08,20.25,20.2496,VIC,70_30,Linear Regression
2025-01-09,20.38,20.2695,VIC,70_30,Linear Regression
2025-01-10,20.25,20.4883,VIC,70_30,Linear Regression
2025-01-13,20.15,20.2817,VIC,70_30,Linear Regression
2025-01-14,20.1,20.1426,VIC,70_30,Linear Regression
2025-01-15,20.12,20.0268,VIC,70_30,Linear Regression
2025-01-16,20.23,20.119,VIC,70_30,Linear Regression
2025-01-17,20.23,20.2641,VIC,70_30,Linear Regression
2025-01-20,20.2,20.2505,VIC,70_30,Linear Regression
2025-01-21,20.23,20.2315,VIC,70_30,Linear Regression
2025-01-22,20.2,20.2517,VIC,70_30,Linear Regression
2025-01-23,20.2,20.2059,VIC,70_30,Linear Regression
2025-01-24,20.2,20.2357,VIC,70_30,Linear Regression
2025-02-03,20.02,20.2289,VIC,70_30,Linear Regression
2025-02-04,20.05,19.9636,VIC,70_30,Linear Regression
2025-02-05,20.02,20.0141,VIC,70_30,Linear Regression
2025-02-06,20.23,20.0231,VIC,70_30,Linear Regression
2025-02-07,20.32,20.2874,VIC,70_30,Linear Regression
2025-02-10,20.0,20.3975,VIC,70_30,Linear Regression
2025-02-11,19.98,19.9767,VIC,70_30,Linear Regression
2025-02-12,19.95,19.9628,VIC,70_30,Linear Regression
2025-02-13,20.12,19.9751,VIC,70_30,Linear Regression
2025-02-14,20.12,20.2001,VIC,70_30,Linear Regression
2025-02-17,20.05,20.1555,VIC,70_30,Linear Regression
2025-02-18,20.1,20.0755,VIC,70_30,Linear Regression
2025-02-19,20.2,20.1374,VIC,70_30,Linear Regression
2025-02-20,20.48,20.2728,VIC,70_30,Linear Regression
2025-02-21,20.32,20.6427,VIC,70_30,Linear Regression
2025-02-24,20.3,20.4019,VIC,70_30,Linear Regression
2025-02-25,20.35,20.3772,VIC,70_30,Linear Regression
2025-02-26,20.5,20.4836,VIC,70_30,Linear Regression
2025-02-27,20.52,20.6467,VIC,70_30,Linear Regression
2025-02-28,20.6,20.6296,VIC,70_30,Linear Regression
2025-03-03,21.02,20.7318,VIC,70_30,Linear Regression
2025-03-04,20.98,21.255,VIC,70_30,Linear Regression
2025-03-05,21.12,21.148,VIC,70_30,Linear Regression
2025-03-06,21.18,21.3419,VIC,70_30,Linear Regression
2025-03-07,22.65,21.3756,VIC,70_30,Linear Regression
2025-03-10,23.65,22.8391,VIC,70_30,Linear Regression
2025-03-11,23.65,23.9113,VIC,70_30,Linear Regression
2025-03-12,24.05,23.8219,VIC,70_30,Linear Regression
2025-03-13,25.7,24.2315,VIC,70_30,Linear Regression
2025-03-14,26.1,25.71,VIC,70_30,Linear Regression
2025-03-17,26.05,26.331,VIC,70_30,Linear Regression
2025-03-18,25.65,26.0769,VIC,70_30,Linear Regression
2025-03-19,25.95,25.7523,VIC,70_30,Linear Regression
2025-03-20,25.75,25.8838,VIC,70_30,Linear Regression
2025-03-21,26.5,25.8871,VIC,70_30,Linear Regression
2025-03-24,28.35,26.5323,VIC,70_30,Linear Regression
2025-03-25,28.45,28.3465,VIC,70_30,Linear Regression
2025-03-26,28.5,28.596,VIC,70_30,Linear Regression
2025-03-27,28.55,28.4041,VIC,70_30,Linear Regression
2025-03-28,29.0,28.6965,VIC,70_30,Linear Regression
2025-03-31,29.0,29.1288,VIC,70_30,Linear Regression
2025-04-01,29.85,29.0267,VIC,70_30,Linear Regression
2025-04-02,30.2,29.9266,VIC,70_30,Linear Regression
2025-04-03,28.1,30.156,VIC,70_30,Linear Regression
2025-04-04,29.15,27.832,VIC,70_30,Linear Regression
2025-04-08,27.55,29.0123,VIC,70_30,Linear Regression
2025-04-09,28.5,27.3179,VIC,70_30,Linear Regression
2025-04-10,30.45,28.5405,VIC,70_30,Linear Regression
2025-04-11,32.55,30.4268,VIC,70_30,Linear Regression
2025-04-14,34.8,32.4526,VIC,70_30,Linear Regression
2025-04-15,35.25,34.611,VIC,70_30,Linear Regression
2025-04-16,33.95,35.3828,VIC,70_30,Linear Regression
2025-04-17,35.5,33.8422,VIC,70_30,Linear Regression
2025-04-18,33.05,35.3129,VIC,70_30,Linear Regression
2025-04-21,30.75,32.8676,VIC,70_30,Linear Regression
2025-04-22,29.5,30.7993,VIC,70_30,Linear Regression
2025-04-23,29.3,29.2863,VIC,70_30,Linear Regression
2025-04-24,31.35,29.2426,VIC,70_30,Linear Regression
2025-04-25,33.5,31.3106,VIC,70_30,Linear Regression
2025-04-28,34.0,33.2348,VIC,70_30,Linear Regression
2025-04-29,34.0,33.776,VIC,70_30,Linear Regression
2025-05-05,35.0,33.2612,VIC,70_30,Linear Regression
2025-05-06,35.25,35.101,VIC,70_30,Linear Regression
2025-05-07,36.7,35.1687,VIC,70_30,Linear Regression
2025-05-08,39.25,36.5849,VIC,70_30,Linear Regression
2025-05-09,38.25,38.9909,VIC,70_30,Linear Regression
2025-05-12,39.7,37.9326,VIC,70_30,Linear Regression
2025-05-13,39.8,39.413,VIC,70_30,Linear Regression
2025-05-14,39.9,39.2751,VIC,70_30,Linear Regression
2025-05-15,39.9,39.9786,VIC,70_30,Linear Regression
2025-05-16,40.0,39.4218,VIC,70_30,Linear Regression
2025-05-19,42.8,39.8982,VIC,70_30,Linear Regression
2025-05-20,45.75,42.6121,VIC,70_30,Linear Regression
2025-05-21,46.75,45.6821,VIC,70_30,Linear Regression
2025-05-22,46.25,46.1487,VIC,70_30,Linear Regression
2025-05-23,46.5,46.3241,VIC,70_30,Linear Regression
2025-05-26,47.25,46.5566,VIC,70_30,Linear Regression
2025-05-27,47.25,46.4932,VIC,70_30,Linear Regression
2025-05-28,48.5,46.6691,VIC,70_30,Linear Regression
2025-05-29,48.5,48.2733,VIC,70_30,Linear Regression
2025-05-30,49.2,48.1695,VIC,70_30,Linear Regression
2025-06-02,49.0,48.8518,VIC,70_30,Linear Regression
2025-06-03,49.05,48.3492,VIC,70_30,Linear Regression
2025-06-04,49.05,48.6404,VIC,70_30,Linear Regression
2025-06-05,49.0,48.5966,VIC,70_30,Linear Regression
2025-06-06,48.5,48.521,VIC,70_30,Linear Regression
2025-06-09,45.15,48.2916,VIC,70_30,Linear Regression
2025-06-10,45.3,44.7568,VIC,70_30,Linear Regression
2025-06-11,45.1,45.3156,VIC,70_30,Linear Regression
2025-06-12,43.4,45.0142,VIC,70_30,Linear Regression
2025-06-13,42.75,43.0069,VIC,70_30,Linear Regression
2025-06-16,42.7,41.966,VIC,70_30,Linear Regression
2025-06-17,43.85,42.357,VIC,70_30,Linear Regression
2025-06-18,44.0,43.9064,VIC,70_30,Linear Regression
2025-06-19,44.7,43.7648,VIC,70_30,Linear Regression
2025-06-20,43.4,44.5212,VIC,70_30,Linear Regression
2025-06-23,46.4,42.8054,VIC,70_30,Linear Regression
2025-06-24,47.9,46.2084,VIC,70_30,Linear Regression
2025-06-25,47.9,47.9536,VIC,70_30,Linear Regression
2025-06-26,47.5,47.6893,VIC,70_30,Linear Regression
2025-06-27,47.75,47.4646,VIC,70_30,Linear Regression
2025-06-30,47.8,47.4352,VIC,70_30,Linear Regression
2025-07-01,47.8,47.8391,VIC,70_30,Linear Regression
2025-07-02,47.7,47.6225,VIC,70_30,Linear Regression
2025-07-03,47.25,47.6479,VIC,70_30,Linear Regression
2025-07-04,45.95,47.1095,VIC,70_30,Linear Regression
2025-07-07,46.5,45.8041,VIC,70_30,Linear Regression
2025-07-08,46.65,46.5678,VIC,70_30,Linear Regression
2025-07-09,47.5,46.8325,VIC,70_30,Linear Regression
2025-07-10,50.8,47.4234,VIC,70_30,Linear Regression
2025-07-11,54.0,50.7363,VIC,70_30,Linear Regression
2025-07-14,56.5,53.9635,VIC,70_30,Linear Regression
2025-07-15,55.8,56.2414,VIC,70_30,Linear Regression
2025-07-16,58.7,55.4818,VIC,70_30,Linear Regression
2025-07-17,61.0,58.5748,VIC,70_30,Linear Regression
2025-07-18,59.5,60.9707,VIC,70_30,Linear Regression
2025-07-21,56.0,59.0006,VIC,70_30,Linear Regression
2025-07-22,58.75,55.5424,VIC,70_30,Linear Regression
2025-07-23,57.5,58.5532,VIC,70_30,Linear Regression
2025-07-24,58.0,57.4033,VIC,70_30,Linear Regression
2025-07-25,57.05,57.195,VIC,70_30,Linear Regression
2025-07-28,57.8,56.9034,VIC,70_30,Linear Regression
2025-07-29,56.6,57.5575,VIC,70_30,Linear Regression
2025-07-30,54.75,56.3238,VIC,70_30,Linear Regression
2025-07-31,52.75,54.3517,VIC,70_30,Linear Regression
2025-08-01,52.0,52.4363,VIC,70_30,Linear Regression
2025-08-04,55.6,52.1817,VIC,70_30,Linear Regression
2025-08-05,58.75,55.4038,VIC,70_30,Linear Regression
2025-08-06,59.25,58.2788,VIC,70_30,Linear Regression
2025-08-07,57.5,58.7091,VIC,70_30,Linear Regression
2025-08-08,58.5,57.2864,VIC,70_30,Linear Regression
2025-08-11,57.75,58.1436,VIC,70_30,Linear Regression
2025-08-12,57.75,57.7744,VIC,70_30,Linear Regression
2025-08-13,58.0,57.6231,VIC,70_30,Linear Regression
2025-08-14,59.1,57.5825,VIC,70_30,Linear Regression
2025-08-15,59.1,58.7494,VIC,70_30,Linear Regression
2025-08-18,59.1,59.4983,VIC,70_30,Linear Regression
2025-08-19,59.1,58.7247,VIC,70_30,Linear Regression
2025-08-20,62.1,59.0462,VIC,70_30,Linear Regression
2025-08-21,62.5,62.1442,VIC,70_30,Linear Regression
2025-08-22,62.05,62.5778,VIC,70_30,Linear Regression
2025-08-25,65.5,62.1422,VIC,70_30,Linear Regression
2025-08-26,67.75,65.4904,VIC,70_30,Linear Regression
2025-08-27,66.0,67.9987,VIC,70_30,Linear Regression
2025-08-28,65.05,65.9976,VIC,70_30,Linear Regression
2025-08-29,64.15,64.8844,VIC,70_30,Linear Regression
2025-09-03,62.5,64.1284,VIC,70_30,Linear Regression
2025-09-04,62.5,62.5512,VIC,70_30,Linear Regression
2025-09-05,62.5,62.3438,VIC,70_30,Linear Regression
2025-09-08,62.5,62.835,VIC,70_30,Linear Regression
2025-09-09,64.6,62.5108,VIC,70_30,Linear Regression
2025-09-10,65.45,64.3175,VIC,70_30,Linear Regression
2025-09-11,68.0,65.0698,VIC,70_30,Linear Regression
2025-09-12,68.9,67.879,VIC,70_30,Linear Regression
2025-09-15,68.9,68.4709,VIC,70_30,Linear Regression
2025-09-16,67.5,68.3078,VIC,70_30,Linear Regression
2025-09-17,71.55,66.9613,VIC,70_30,Linear Regression
2025-09-18,72.5,71.4714,VIC,70_30,Linear Regression
2025-09-19,76.6,72.5583,VIC,70_30,Linear Regression
2025-09-22,74.4,76.0781,VIC,70_30,Linear Regression
2025-09-23,74.6,73.73,VIC,70_30,Linear Regression
2025-09-24,74.5,74.0292,VIC,70_30,Linear Regression
2025-09-25,79.0,74.151,VIC,70_30,Linear Regression
2025-09-26,82.0,78.7753,VIC,70_30,Linear Regression
2025-09-29,86.4,81.5913,VIC,70_30,Linear Regression
2025-09-30,87.45,86.0222,VIC,70_30,Linear Regression
2025-10-01,85.0,87.6567,VIC,70_30,Linear Regression
2025-10-02,85.5,84.1039,VIC,70_30,Linear Regression
2025-10-03,88.25,85.555,VIC,70_30,Linear Regression
2025-10-06,89.85,88.0936,VIC,70_30,Linear Regression
2025-10-07,90.0,89.068,VIC,70_30,Linear Regression
2025-10-08,89.05,89.0355,VIC,70_30,Linear Regression
2025-10-09,89.75,88.0879,VIC,70_30,Linear Regression
2025-10-10,96.0,89.1978,VIC,70_30,Linear Regression
2025-10-13,102.7,95.6922,VIC,70_30,Linear Regression
2025-10-14,105.95,102.2788,VIC,70_30,Linear Regression
2025-10-15,104.75,104.8838,VIC,70_30,Linear Regression
2025-10-16,106.55,103.2585,VIC,70_30,Linear Regression
2025-10-17,102.0,105.6291,VIC,70_30,Linear Regression
2025-10-20,97.45,100.732,VIC,70_30,Linear Regression
2025-10-21,101.7,96.7682,VIC,70_30,Linear Regression
2025-10-22,101.5,100.455,VIC,70_30,Linear Regression
2025-10-23,107.5,99.8229,VIC,70_30,Linear Regression
2025-10-24,109.5,106.3605,VIC,70_30,Linear Regression
2025-10-27,107.0,108.7832,VIC,70_30,Linear Regression
2025-10-28,110.05,106.3164,VIC,70_30,Linear Regression
2025-10-29,106.0,107.5863,VIC,70_30,Linear Regression
2025-10-30,102.05,105.1915,VIC,70_30,Linear Regression
2025-10-31,95.5,101.1786,VIC,70_30,Linear Regression
2025-11-03,97.7,94.908,VIC,70_30,Linear Regression
2025-11-04,100.5,97.6329,VIC,70_30,Linear Regression
2025-11-05,103.25,100.3874,VIC,70_30,Linear Regression
2025-11-06,103.9,102.5675,VIC,70_30,Linear Regression
2025-11-07,99.85,103.0483,VIC,70_30,Linear Regression
2025-11-10,99.5,99.1731,VIC,70_30,Linear Regression
2025-11-11,100.5,99.0183,VIC,70_30,Linear Regression
2025-11-12,105.6,100.5633,VIC,70_30,Linear Regression
2025-11-13,105.6,105.4123,VIC,70_30,Linear Regression
2025-11-14,105.5,105.1483,VIC,70_30,Linear Regression
2025-11-17,108.5,104.399,VIC,70_30,Linear Regression
2025-11-18,110.0,108.3122,VIC,70_30,Linear Regression
2025-11-19,110.25,109.6197,VIC,70_30,Linear Regression
2025-11-20,114.0,110.1596,VIC,70_30,Linear Regression
2025-11-21,114.85,113.5559,VIC,70_30,Linear Regression
2025-11-24,119.75,113.9739,VIC,70_30,Linear Regression
2025-11-25,121.5,119.6848,VIC,70_30,Linear Regression
2025-11-26,122.5,121.1912,VIC,70_30,Linear Regression
2025-11-27,124.0,121.0248,VIC,70_30,Linear Regression
2025-11-28,130.2,123.633,VIC,70_30,Linear Regression
2025-12-01,134.95,129.9204,VIC,70_30,Linear Regression
2025-12-02,137.5,135.1593,VIC,70_30,Linear Regression
2025-12-03,134.7,135.9888,VIC,70_30,Linear Regression
2025-12-04,133.5,133.3478,VIC,70_30,Linear Regression
2025-12-05,142.8,132.0559,VIC,70_30,Linear Regression
2025-12-08,152.7,141.3717,VIC,70_30,Linear Regression
2025-12-09,160.0,151.4164,VIC,70_30,Linear Regression
2025-12-10,148.8,157.0236,VIC,70_30,Linear Regression
2025-12-11,146.0,146.4425,VIC,70_30,Linear Regression
2025-12-12,144.0,143.743,VIC,70_30,Linear Regression
2025-12-15,142.9,142.6011,VIC,70_30,Linear Regression
2025-12-16,142.9,142.7971,VIC,70_30,Linear Regression
2025-12-17,142.9,142.1703,VIC,70_30,Linear Regression
2025-12-18,142.7,141.5818,VIC,70_30,Linear Regression
2025-12-19,148.5,140.2011,VIC,70_30,Linear Regression
2025-12-22,158.8,147.6222,VIC,70_30,Linear Regression
2025-12-23,169.9,157.5441,VIC,70_30,Linear Regression
2025-12-24,169.8,168.1799,VIC,70_30,Linear Regression
2025-12-25,158.0,167.1338,VIC,70_30,Linear Regression
2025-12-26,155.0,157.2722,VIC,70_30,Linear Regression
2025-12-29,159.7,153.7242,VIC,70_30,Linear Regression
2025-12-30,163.0,159.6166,VIC,70_30,Linear Regression
2025-12-31,169.6,160.6786,VIC,70_30,Linear Regression
2026-01-05,173.1,167.3751,VIC,70_30,Linear Regression
2026-01-06,173.1,170.8211,VIC,70_30,Linear Regression
2026-01-07,179.0,171.5235,VIC,70_30,Linear Regression
2026-01-08,176.6,176.9986,VIC,70_30,Linear Regression
2026-01-09,176.0,176.753,VIC,70_30,Linear Regression
2026-01-12,163.7,174.5777,VIC,70_30,Linear Regression
2026-01-13,167.9,162.2523,VIC,70_30,Linear Regression
2026-01-14,160.2,168.3102,VIC,70_30,Linear Regression
2026-01-15,153.0,159.3697,VIC,70_30,Linear Regression
2026-01-16,159.9,152.2027,VIC,70_30,Linear Regression
2026-01-19,162.0,159.8657,VIC,70_30,Linear Regression
2026-01-20,161.0,160.9741,VIC,70_30,Linear Regression
2026-01-21,160.5,158.5349,VIC,70_30,Linear Regression
2026-01-22,161.1,159.7846,VIC,70_30,Linear Regression
2026-01-23,165.4,160.1954,VIC,70_30,Linear Regression
2026-01-26,159.9,164.6374,VIC,70_30,Linear Regression
2026-01-27,151.0,158.9083,VIC,70_30,Linear Regression
2026-01-28,140.5,149.7916,VIC,70_30,Linear Regression
2026-01-29,140.5,140.8314,VIC,70_30,Linear Regression
2026-01-30,140.5,141.6309,VIC,70_30,Linear Regression
2026-02-02,130.7,140.4471,VIC,70_30,Linear Regression
2026-02-03,130.7,130.7343,VIC,70_30,Linear Regression
2026-02-04,121.6,130.6755,VIC,70_30,Linear Regression
2026-02-05,130.1,121.7428,VIC,70_30,Linear Regression
2026-02-06,131.0,130.9828,VIC,70_30,Linear Regression
2026-02-09,132.3,131.8493,VIC,70_30,Linear Regression
2026-02-10,141.5,131.6014,VIC,70_30,Linear Regression
2026-02-11,150.8,140.8358,VIC,70_30,Linear Regression
2026-02-12,159.0,150.7621,VIC,70_30,Linear Regression
2026-02-13,160.0,158.8008,VIC,70_30,Linear Regression
2026-02-23,162.3,158.1281,VIC,70_30,Linear Regression
2026-02-24,162.9,162.6149,VIC,70_30,Linear Regression
2026-02-25,158.0,161.7791,VIC,70_30,Linear Regression
2026-02-26,168.9,157.4121,VIC,70_30,Linear Regression
2026-02-27,172.0,168.7907,VIC,70_30,Linear Regression
2026-03-02,167.2,172.7417,VIC,70_30,Linear Regression
2026-03-03,155.5,167.5015,VIC,70_30,Linear Regression
2026-03-04,155.6,155.165,VIC,70_30,Linear Regression
2026-03-05,164.8,157.2611,VIC,70_30,Linear Regression
2026-03-06,156.5,165.5055,VIC,70_30,Linear Regression
2026-03-09,145.6,156.3074,VIC,70_30,Linear Regression
2026-03-10,141.8,145.3199,VIC,70_30,Linear Regression
2026-03-11,146.0,141.198,VIC,70_30,Linear Regression
2026-03-12,145.0,147.5381,VIC,70_30,Linear Regression
2026-03-13,144.6,145.6709,VIC,70_30,Linear Regression
2026-03-16,144.7,143.6804,VIC,70_30,Linear Regression
2026-03-17,146.2,142.8978,VIC,70_30,Linear Regression
2026-03-18,146.0,146.2127,VIC,70_30,Linear Regression
2026-03-19,145.0,146.9255,VIC,70_30,Linear Regression
2026-03-20,135.0,145.0497,VIC,70_30,Linear Regression
2026-03-23,125.6,134.1597,VIC,70_30,Linear Regression
2026-03-24,124.0,126.1839,VIC,70_30,Linear Regression
2026-03-25,128.7,124.8759,VIC,70_30,Linear Regression
2026-03-26,130.0,130.242,VIC,70_30,Linear Regression
2026-03-27,132.6,129.4999,VIC,70_30,Linear Regression
2026-03-30,129.5,132.063,VIC,70_30,Linear Regression
2026-03-31,135.0,129.4537,VIC,70_30,Linear Regression
2026-04-01,141.0,135.2984,VIC,70_30,Linear Regression
2026-04-02,139.9,141.568,VIC,70_30,Linear Regression
2026-04-03,141.0,139.6887,VIC,70_30,Linear Regression
2026-04-06,141.6,141.4442,VIC,70_30,Linear Regression
2026-04-07,143.4,141.3791,VIC,70_30,Linear Regression
2026-04-08,153.4,144.1347,VIC,70_30,Linear Regression
2026-04-09,149.2,153.3504,VIC,70_30,Linear Regression
2026-04-10,151.7,149.3153,VIC,70_30,Linear Regression
2026-04-13,160.0,152.0628,VIC,70_30,Linear Regression
2026-04-14,165.5,160.1955,VIC,70_30,Linear Regression
2026-04-15,177.0,166.1525,VIC,70_30,Linear Regression
2026-04-16,189.3,176.9573,VIC,70_30,Linear Regression
2026-04-17,187.9,188.7337,VIC,70_30,Linear Regression
2026-04-20,191.0,187.9347,VIC,70_30,Linear Regression
2026-04-21,193.7,188.0728,VIC,70_30,Linear Regression
2026-04-22,207.2,194.2456,VIC,70_30,Linear Regression
2026-04-23,214.5,206.0109,VIC,70_30,Linear Regression
2026-04-24,212.1,213.2252,VIC,70_30,Linear Regression
2026-04-28,225.5,210.3422,VIC,70_30,Linear Regression
2026-04-29,214.0,223.4839,VIC,70_30,Linear Regression
2026-05-04,212.0,211.5605,VIC,70_30,Linear Regression
2026-05-05,219.5,209.0591,VIC,70_30,Linear Regression
2026-05-06,219.5,218.2572,VIC,70_30,Linear Regression
2026-05-07,224.0,217.2235,VIC,70_30,Linear Regression
2026-05-08,226.0,222.1221,VIC,70_30,Linear Regression
2026-05-11,223.0,222.163,VIC,70_30,Linear Regression
2026-05-12,222.0,220.3804,VIC,70_30,Linear Regression
2026-05-13,221.0,218.4954,VIC,70_30,Linear Regression
2026-05-14,229.8,216.1578,VIC,70_30,Linear Regression
2026-05-15,228.0,226.901,VIC,70_30,Linear Regression
2026-05-18,225.0,224.9142,VIC,70_30,Linear Regression
2026-05-19,225.1,222.1161,VIC,70_30,Linear Regression
2026-05-20,226.7,222.2641,VIC,70_30,Linear Regression
2026-05-21,218.7,225.2276,VIC,70_30,Linear Regression
2026-05-22,216.5,216.7876,VIC,70_30,Linear Regression
2026-05-25,218.8,213.4464,VIC,70_30,Linear Regression
2026-05-26,213.0,218.1381,VIC,70_30,Linear Regression
2026-05-27,210.8,211.8167,VIC,70_30,Linear Regression
2026-05-28,210.8,208.5549,VIC,70_30,Linear Regression
2026-05-29,211.3,210.6118,VIC,70_30,Linear Regression
2026-06-01,204.9,210.9234,VIC,70_30,Linear Regression
2026-06-02,204.9,204.0115,VIC,70_30,Linear Regression
2026-06-03,197.6,204.9145,VIC,70_30,Linear Regression
2026-06-04,200.2,195.7834,VIC,70_30,Linear Regression
2026-06-05,207.0,199.316,VIC,70_30,Linear Regression
2026-06-08,195.0,207.4239,VIC,70_30,Linear Regression
2026-06-09,193.2,194.3014,VIC,70_30,Linear Regression
2026-06-10,196.0,192.3784,VIC,70_30,Linear Regression
2026-06-11,196.0,195.7694,VIC,70_30,Linear Regression
2026-06-12,195.5,196.3514,VIC,70_30,Linear Regression
2026-06-15,192.6,194.1596,VIC,70_30,Linear Regression
2026-06-16,194.0,190.502,VIC,70_30,Linear Regression
2026-06-17,192.0,193.4396,VIC,70_30,Linear Regression
2026-06-18,205.4,191.1753,VIC,70_30,Linear Regression
2026-06-19,205.5,205.5779,VIC,70_30,Linear Regression
2026-06-22,219.8,204.6024,VIC,70_30,Linear Regression
2026-06-23,229.0,218.9943,VIC,70_30,Linear Regression
2026-06-24,230.5,228.4299,VIC,70_30,Linear Regression
2026-06-25,225.0,231.7941,VIC,70_30,Linear Regression
2026-06-26,228.0,223.1541,VIC,70_30,Linear Regression
2026-06-29,217.2,227.2694,VIC,70_30,Linear Regression
2026-06-30,220.0,216.6631,VIC,70_30,Linear Regression
2026-07-01,217.1,218.7501,VIC,70_30,Linear Regression
2026-07-02,220.3,216.2438,VIC,70_30,Linear Regression
2026-07-03,220.3,219.3798,VIC,70_30,Linear Regression
2026-07-06,220.3,219.0711,VIC,70_30,Linear Regression
2026-07-07,220.3,218.338,VIC,70_30,Linear Regression
2026-07-08,220.7,218.1272,VIC,70_30,Linear Regression
2026-07-09,221.0,219.2777,VIC,70_30,Linear Regression
2026-07-10,223.0,219.6399,VIC,70_30,Linear Regression
2026-07-13,221.5,221.5904,VIC,70_30,Linear Regression
2026-07-14,219.0,219.0845,VIC,70_30,Linear Regression
2026-07-15,217.0,216.1034,VIC,70_30,Linear Regression
2026-07-16,223.0,214.5643,VIC,70_30,Linear Regression
2026-07-17,220.0,222.1393,VIC,70_30,Linear Regression
2026-07-20,220.0,219.0236,VIC,70_30,Linear Regression
2026-07-21,217.3,218.4956,VIC,70_30,Linear Regression
2026-07-22,202.1,216.2182,VIC,70_30,Linear Regression
2026-07-23,214.0,201.9181,VIC,70_30,Linear Regression
2026-07-24,213.1,214.2815,VIC,70_30,Linear Regression
2026-07-27,213.5,213.273,VIC,70_30,Linear Regression
2026-07-28,213.8,212.5362,VIC,70_30,Linear Regression
2026-07-29,219.4,212.4173,VIC,70_30,Linear Regression
2026-07-30,220.0,219.0178,VIC,70_30,Linear Regression
2026-07-31,214.1,219.6468,VIC,70_30,Linear Regression
2026-08-03,213.0,213.4968,VIC,70_30,Linear Regression
2026-08-04,218.0,212.52,VIC,70_30,Linear Regression
2026-08-05,220.0,218.2206,VIC,70_30,Linear Regression
2026-08-06,218.8,220.3266,VIC,70_30,Linear Regression
2026-08-07,215.0,218.7092,VIC,70_30,Linear Regression
2026-08-10,208.5,213.724,VIC,70_30,Linear Regression
2026-08-11,208.5,208.6666,VIC,70_30,Linear Regression
2026-08-12,215.5,208.984,VIC,70_30,Linear Regression
2026-08-13,207.9,215.9641,VIC,70_30,Linear Regression
2026-08-14,200.4,207.6315,VIC,70_30,Linear Regression
2026-08-17,198.0,198.7129,VIC,70_30,Linear Regression
2026-08-18,200.0,197.5956,VIC,70_30,Linear Regression
2026-08-19,200.0,201.9003,VIC,70_30,Linear Regression
2026-08-20,202.0,200.2645,VIC,70_30,Linear Regression
2026-08-21,205.0,201.7517,VIC,70_30,Linear Regression
2026-08-24,214.5,204.174,VIC,70_30,Linear Regression
2026-08-25,220.5,214.3852,VIC,70_30,Linear Regression
2026-08-26,230.0,221.4683,VIC,70_30,Linear Regression
2026-08-27,236.0,229.5556,VIC,70_30,Linear Regression
2026-08-28,236.0,235.3195,VIC,70_30,Linear Regression
2026-09-03,244.5,233.9585,VIC,70_30,Linear Regression
2026-09-04,256.1,242.262,VIC,70_30,Linear Regression
2026-09-07,245.0,256.3178,VIC,70_30,Linear Regression
2026-09-08,249.6,245.4645,VIC,70_30,Linear Regression
2026-09-09,247.7,247.5977,VIC,70_30,Linear Regression
2026-09-10,247.7,246.8546,VIC,70_30,Linear Regression
2026-09-11,243.3,246.805,VIC,70_30,Linear Regression
2026-09-14,241.4,242.5787,VIC,70_30,Linear Regression
2026-09-15,241.3,239.3343,VIC,70_30,Linear Regression
2026-09-16,241.2,240.1681,VIC,70_30,Linear Regression
2026-09-17,241.2,239.8987,VIC,70_30,Linear Regression
2026-09-18,241.2,240.2483,VIC,70_30,Linear Regression
2026-09-21,235.0,238.975,VIC,70_30,Linear Regression
2026-09-22,243.8,233.0369,VIC,70_30,Linear Regression
2026-09-23,236.0,241.7549,VIC,70_30,Linear Regression
2026-09-24,230.0,235.1977,VIC,70_30,Linear Regression
2026-09-25,232.0,228.4726,VIC,70_30,Linear Regression
2026-09-28,231.9,231.5632,VIC,70_30,Linear Regression
2026-09-29,230.0,231.3261,VIC,70_30,Linear Regression
2026-09-30,227.9,228.9,VIC,70_30,Linear Regression
2026-10-01,220.0,227.1184,VIC,70_30,Linear Regression
2024-05-30,56.27,56.9711,VNM,70_30,Linear Regression
2024-05-31,56.02,56.2372,VNM,70_30,Linear Regression
2024-06-03,56.62,56.0295,VNM,70_30,Linear Regression
2024-06-04,56.53,56.8026,VNM,70_30,Linear Regression
2024-06-05,58.67,56.7289,VNM,70_30,Linear Regression
2024-06-06,57.56,58.6903,VNM,70_30,Linear Regression
2024-06-07,58.07,57.783,VNM,70_30,Linear Regression
2024-06-10,57.56,58.0595,VNM,70_30,Linear Regression
2024-06-11,56.96,57.6583,VNM,70_30,Linear Regression
2024-06-12,57.39,57.1301,VNM,70_30,Linear Regression
2024-06-13,57.3,57.4003,VNM,70_30,Linear Regression
2024-06-14,56.7,57.5013,VNM,70_30,Linear Regression
2024-06-17,56.53,56.8003,VNM,70_30,Linear Regression
2024-06-18,56.45,56.5251,VNM,70_30,Linear Regression
2024-06-19,55.93,56.547,VNM,70_30,Linear Regression
2024-06-20,56.53,55.984,VNM,70_30,Linear Regression
2024-06-21,56.53,56.554,VNM,70_30,Linear Regression
2024-06-24,56.1,56.7032,VNM,70_30,Linear Regression
2024-06-25,56.1,56.1429,VNM,70_30,Linear Regression
2024-06-26,55.85,56.0852,VNM,70_30,Linear Regression
2024-06-27,55.93,55.8869,VNM,70_30,Linear Regression
2024-06-28,56.1,55.9739,VNM,70_30,Linear Regression
2024-07-01,56.53,56.1757,VNM,70_30,Linear Regression
2024-07-02,56.7,56.5555,VNM,70_30,Linear Regression
2024-07-03,56.7,56.7794,VNM,70_30,Linear Regression
2024-07-04,56.87,56.7399,VNM,70_30,Linear Regression
2024-07-05,57.56,56.9757,VNM,70_30,Linear Regression
2024-07-08,57.9,57.6832,VNM,70_30,Linear Regression
2024-07-09,57.82,58.0492,VNM,70_30,Linear Regression
2024-07-10,57.22,57.923,VNM,70_30,Linear Regression
2024-07-11,56.79,57.2599,VNM,70_30,Linear Regression
2024-07-12,56.79,56.7926,VNM,70_30,Linear Regression
2024-07-15,56.7,56.8406,VNM,70_30,Linear Regression
2024-07-16,56.62,56.8432,VNM,70_30,Linear Regression
2024-07-17,56.27,56.6541,VNM,70_30,Linear Regression
2024-07-18,56.45,56.2177,VNM,70_30,Linear Regression
2024-07-19,55.93,56.3366,VNM,70_30,Linear Regression
2024-07-22,56.02,55.8457,VNM,70_30,Linear Regression
2024-07-23,56.45,55.959,VNM,70_30,Linear Regression
2024-07-24,56.19,56.4582,VNM,70_30,Linear Regression
2024-07-25,56.19,56.2377,VNM,70_30,Linear Regression
2024-07-26,56.36,56.0688,VNM,70_30,Linear Regression
2024-07-29,57.56,56.3585,VNM,70_30,Linear Regression
2024-07-30,57.99,57.7139,VNM,70_30,Linear Regression
2024-07-31,61.33,58.2629,VNM,70_30,Linear Regression
2024-08-01,60.21,61.3691,VNM,70_30,Linear Regression
2024-08-02,61.24,60.5062,VNM,70_30,Linear Regression
2024-08-05,59.44,61.0676,VNM,70_30,Linear Regression
2024-08-06,62.27,59.3507,VNM,70_30,Linear Regression
2024-08-07,63.21,62.1071,VNM,70_30,Linear Regression
2024-08-08,62.27,63.2392,VNM,70_30,Linear Regression
2024-08-09,62.78,62.3052,VNM,70_30,Linear Regression
2024-08-12,62.53,62.367,VNM,70_30,Linear Regression
2024-08-13,63.21,62.6053,VNM,70_30,Linear Regression
2024-08-14,63.38,63.1855,VNM,70_30,Linear Regression
2024-08-15,63.21,63.2645,VNM,70_30,Linear Regression
2024-08-16,63.21,63.2309,VNM,70_30,Linear Regression
2024-08-19,65.1,63.054,VNM,70_30,Linear Regression
2024-08-20,64.75,64.9205,VNM,70_30,Linear Regression
2024-08-21,64.5,64.8817,VNM,70_30,Linear Regression
2024-08-22,63.56,64.4718,VNM,70_30,Linear Regression
2024-08-23,64.15,63.4734,VNM,70_30,Linear Regression
2024-08-26,62.87,64.2813,VNM,70_30,Linear Regression
2024-08-27,62.96,63.1438,VNM,70_30,Linear Regression
2024-08-28,63.3,62.9741,VNM,70_30,Linear Regression
2024-08-29,62.96,63.3656,VNM,70_30,Linear Regression
2024-08-30,63.3,63.1913,VNM,70_30,Linear Regression
2024-09-04,63.64,63.3764,VNM,70_30,Linear Regression
2024-09-05,63.98,63.6692,VNM,70_30,Linear Regression
2024-09-06,64.58,64.1421,VNM,70_30,Linear Regression
2024-09-09,64.07,64.6411,VNM,70_30,Linear Regression
2024-09-10,64.15,64.086,VNM,70_30,Linear Regression
2024-09-11,63.9,64.1643,VNM,70_30,Linear Regression
2024-09-12,63.98,63.9464,VNM,70_30,Linear Regression
2024-09-13,62.44,64.141,VNM,70_30,Linear Regression
2024-09-16,61.59,62.5992,VNM,70_30,Linear Regression
2024-09-17,62.87,61.6687,VNM,70_30,Linear Regression
2024-09-18,62.78,62.8975,VNM,70_30,Linear Regression
2024-09-19,62.78,63.1022,VNM,70_30,Linear Regression
2024-09-20,62.27,62.7575,VNM,70_30,Linear Regression
2024-09-23,62.44,62.2342,VNM,70_30,Linear Regression
2024-09-24,62.31,62.3985,VNM,70_30,Linear Regression
2024-09-25,61.69,62.3395,VNM,70_30,Linear Regression
2024-09-26,62.66,61.7287,VNM,70_30,Linear Regression
2024-09-27,62.93,62.6023,VNM,70_30,Linear Regression
2024-09-30,62.13,63.0551,VNM,70_30,Linear Regression
2024-10-01,62.13,62.1799,VNM,70_30,Linear Regression
2024-10-02,62.13,62.0739,VNM,70_30,Linear Regression
2024-10-03,62.31,62.1085,VNM,70_30,Linear Regression
2024-10-04,60.71,62.355,VNM,70_30,Linear Regression
2024-10-07,59.47,60.717,VNM,70_30,Linear Regression
2024-10-08,60.45,59.4722,VNM,70_30,Linear Regression
2024-10-09,60.09,60.3954,VNM,70_30,Linear Regression
2024-10-10,60.0,60.3554,VNM,70_30,Linear Regression
2024-10-11,60.0,59.9707,VNM,70_30,Linear Regression
2024-10-14,59.56,59.7869,VNM,70_30,Linear Regression
2024-10-15,59.21,59.4851,VNM,70_30,Linear Regression
2024-10-16,59.83,59.0803,VNM,70_30,Linear Regression
2024-10-17,59.92,59.7646,VNM,70_30,Linear Regression
2024-10-18,59.74,59.8972,VNM,70_30,Linear Regression
2024-10-21,59.65,59.6651,VNM,70_30,Linear Regression
2024-10-22,59.65,59.5111,VNM,70_30,Linear Regression
2024-10-23,59.65,59.5664,VNM,70_30,Linear Regression
2024-10-24,60.62,59.5681,VNM,70_30,Linear Regression
2024-10-25,60.27,60.596,VNM,70_30,Linear Regression
2024-10-28,59.56,60.2667,VNM,70_30,Linear Regression
2024-10-29,59.38,59.3367,VNM,70_30,Linear Regression
2024-10-30,58.76,59.1531,VNM,70_30,Linear Regression
2024-10-31,58.59,58.748,VNM,70_30,Linear Regression
2024-11-01,58.32,58.342,VNM,70_30,Linear Regression
2024-11-04,58.14,58.1476,VNM,70_30,Linear Regression
2024-11-05,58.05,58.051,VNM,70_30,Linear Regression
2024-11-06,58.32,57.8593,VNM,70_30,Linear Regression
2024-11-07,58.41,58.0745,VNM,70_30,Linear Regression
2024-11-08,58.23,58.2166,VNM,70_30,Linear Regression
2024-11-11,57.79,58.0164,VNM,70_30,Linear Regression
2024-11-12,57.52,57.4693,VNM,70_30,Linear Regression
2024-11-13,57.61,57.3315,VNM,70_30,Linear Regression
2024-11-14,57.61,57.4527,VNM,70_30,Linear Regression
2024-11-15,56.46,57.4009,VNM,70_30,Linear Regression
2024-11-18,56.02,56.2696,VNM,70_30,Linear Regression
2024-11-19,55.84,55.7935,VNM,70_30,Linear Regression
2024-11-20,56.37,55.6975,VNM,70_30,Linear Regression
2024-11-21,56.64,56.3003,VNM,70_30,Linear Regression
2024-11-22,56.99,56.513,VNM,70_30,Linear Regression
2024-11-25,56.99,56.8847,VNM,70_30,Linear Regression
2024-11-26,57.43,56.832,VNM,70_30,Linear Regression
2024-11-27,57.26,57.3165,VNM,70_30,Linear Regression
2024-11-28,57.17,57.1954,VNM,70_30,Linear Regression
2024-11-29,57.26,57.0702,VNM,70_30,Linear Regression
2024-12-02,57.17,57.1384,VNM,70_30,Linear Regression
2024-12-03,56.64,57.0829,VNM,70_30,Linear Regression
2024-12-04,56.1,56.5231,VNM,70_30,Linear Regression
2024-12-05,56.99,55.9239,VNM,70_30,Linear Regression
2024-12-06,56.81,56.9122,VNM,70_30,Linear Regression
2024-12-09,56.81,56.9078,VNM,70_30,Linear Regression
2024-12-10,56.64,56.6978,VNM,70_30,Linear Regression
2024-12-11,56.9,56.4979,VNM,70_30,Linear Regression
2024-12-12,57.26,56.8452,VNM,70_30,Linear Regression
2024-12-13,56.9,57.2584,VNM,70_30,Linear Regression
2024-12-16,57.61,56.8544,VNM,70_30,Linear Regression
2024-12-17,57.26,57.5558,VNM,70_30,Linear Regression
2024-12-18,57.34,57.3107,VNM,70_30,Linear Regression
2024-12-19,56.64,57.3803,VNM,70_30,Linear Regression
2024-12-20,57.61,56.6082,VNM,70_30,Linear Regression
2024-12-23,57.08,57.6097,VNM,70_30,Linear Regression
2024-12-24,56.99,57.2175,VNM,70_30,Linear Regression
2024-12-25,57.08,56.974,VNM,70_30,Linear Regression
2024-12-26,56.99,57.0995,VNM,70_30,Linear Regression
2024-12-27,56.99,57.0616,VNM,70_30,Linear Regression
2024-12-30,56.55,56.9738,VNM,70_30,Linear Regression
2024-12-31,56.63,56.4952,VNM,70_30,Linear Regression
2025-01-02,56.37,56.598,VNM,70_30,Linear Regression
2025-01-03,56.28,56.3735,VNM,70_30,Linear Regression
2025-01-06,55.83,56.2248,VNM,70_30,Linear Regression
2025-01-07,55.12,55.7523,VNM,70_30,Linear Regression
2025-01-08,55.12,55.0433,VNM,70_30,Linear Regression
2025-01-09,55.21,54.9292,VNM,70_30,Linear Regression
2025-01-10,54.76,55.0953,VNM,70_30,Linear Regression
2025-01-13,54.85,54.6767,VNM,70_30,Linear Regression
2025-01-14,55.03,54.6637,VNM,70_30,Linear Regression
2025-01-15,55.12,54.9057,VNM,70_30,Linear Regression
2025-01-16,55.29,55.0816,VNM,70_30,Linear Regression
2025-01-17,55.38,55.2177,VNM,70_30,Linear Regression
2025-01-20,55.29,55.3239,VNM,70_30,Linear Regression
2025-01-21,55.21,55.17,VNM,70_30,Linear Regression
2025-01-22,55.03,55.0716,VNM,70_30,Linear Regression
2025-01-23,55.38,54.9112,VNM,70_30,Linear Regression
2025-01-24,55.56,55.3485,VNM,70_30,Linear Regression
2025-02-03,54.04,55.5869,VNM,70_30,Linear Regression
2025-02-04,53.78,53.9361,VNM,70_30,Linear Regression
2025-02-05,54.94,53.511,VNM,70_30,Linear Regression
2025-02-06,54.22,54.9471,VNM,70_30,Linear Regression
2025-02-07,54.31,54.3719,VNM,70_30,Linear Regression
2025-02-10,54.13,54.1451,VNM,70_30,Linear Regression
2025-02-11,53.95,54.0036,VNM,70_30,Linear Regression
2025-02-12,54.49,53.854,VNM,70_30,Linear Regression
2025-02-13,54.22,54.397,VNM,70_30,Linear Regression
2025-02-14,53.87,54.1726,VNM,70_30,Linear Regression
2025-02-17,53.6,53.7551,VNM,70_30,Linear Regression
2025-02-18,53.87,53.4983,VNM,70_30,Linear Regression
2025-02-19,54.31,53.8416,VNM,70_30,Linear Regression
2025-02-20,54.22,54.3499,VNM,70_30,Linear Regression
2025-02-21,54.85,54.2259,VNM,70_30,Linear Regression
2025-02-24,56.99,54.8606,VNM,70_30,Linear Regression
2025-02-25,56.19,57.0368,VNM,70_30,Linear Regression
2025-02-26,56.37,56.4082,VNM,70_30,Linear Regression
2025-02-27,55.56,56.3131,VNM,70_30,Linear Regression
2025-02-28,55.56,55.582,VNM,70_30,Linear Regression
2025-03-03,56.46,55.7752,VNM,70_30,Linear Regression
2025-03-04,56.72,56.5079,VNM,70_30,Linear Regression
2025-03-05,56.01,56.9122,VNM,70_30,Linear Regression
2025-03-06,56.19,56.0447,VNM,70_30,Linear Regression
2025-03-07,56.01,56.0302,VNM,70_30,Linear Regression
2025-03-10,55.83,56.0807,VNM,70_30,Linear Regression
2025-03-11,55.74,55.9427,VNM,70_30,Linear Regression
2025-03-12,55.56,55.7277,VNM,70_30,Linear Regression
2025-03-13,55.38,55.6435,VNM,70_30,Linear Regression
2025-03-14,55.47,55.4546,VNM,70_30,Linear Regression
2025-03-17,56.28,55.5579,VNM,70_30,Linear Regression
2025-03-18,55.83,56.4358,VNM,70_30,Linear Regression
2025-03-19,55.65,55.9885,VNM,70_30,Linear Regression
2025-03-20,55.21,55.6233,VNM,70_30,Linear Regression
2025-03-21,54.76,55.1739,VNM,70_30,Linear Regression
2025-03-24,54.85,54.8652,VNM,70_30,Linear Regression
2025-03-25,54.85,54.946,VNM,70_30,Linear Regression
2025-03-26,54.67,54.9345,VNM,70_30,Linear Regression
2025-03-27,54.58,54.7384,VNM,70_30,Linear Regression
2025-03-28,53.87,54.5649,VNM,70_30,Linear Regression
2025-03-31,54.13,53.8309,VNM,70_30,Linear Regression
2025-04-01,54.31,54.1924,VNM,70_30,Linear Regression
2025-04-02,54.04,54.3044,VNM,70_30,Linear Regression
2025-04-03,50.47,54.1104,VNM,70_30,Linear Regression
2025-04-04,52.26,50.4876,VNM,70_30,Linear Regression
2025-04-08,48.68,51.8306,VNM,70_30,Linear Regression
2025-04-09,46.45,49.4096,VNM,70_30,Linear Regression
2025-04-10,49.67,47.1717,VNM,70_30,Linear Regression
2025-04-11,51.36,50.1016,VNM,70_30,Linear Regression
2025-04-14,50.83,52.2103,VNM,70_30,Linear Regression
2025-04-15,50.29,51.1168,VNM,70_30,Linear Regression
2025-04-16,50.02,50.2556,VNM,70_30,Linear Regression
2025-04-17,50.02,50.2506,VNM,70_30,Linear Regression
2025-04-18,50.56,50.23,VNM,70_30,Linear Regression
2025-04-21,50.65,50.9245,VNM,70_30,Linear Regression
2025-04-22,50.02,50.8727,VNM,70_30,Linear Regression
2025-04-23,50.38,49.8179,VNM,70_30,Linear Regression
2025-04-24,50.29,50.5261,VNM,70_30,Linear Regression
2025-04-25,52.08,50.4947,VNM,70_30,Linear Regression
2025-04-28,51.36,52.0716,VNM,70_30,Linear Regression
2025-04-29,51.45,51.5359,VNM,70_30,Linear Regression
2025-05-05,50.83,51.3318,VNM,70_30,Linear Regression
2025-05-06,50.83,50.7746,VNM,70_30,Linear Regression
2025-05-07,51.1,50.8821,VNM,70_30,Linear Regression
2025-05-08,51.27,51.1235,VNM,70_30,Linear Regression
2025-05-09,51.54,51.2887,VNM,70_30,Linear Regression
2025-05-12,52.35,51.5889,VNM,70_30,Linear Regression
2025-05-13,52.26,52.3282,VNM,70_30,Linear Regression
2025-05-14,51.98,52.328,VNM,70_30,Linear Regression
2025-05-15,52.54,51.961,VNM,70_30,Linear Regression
2025-05-16,51.98,52.4943,VNM,70_30,Linear Regression
2025-05-19,51.8,52.0925,VNM,70_30,Linear Regression
2025-05-20,51.7,51.9009,VNM,70_30,Linear Regression
2025-05-21,51.24,51.7462,VNM,70_30,Linear Regression
2025-05-22,50.87,51.3577,VNM,70_30,Linear Regression
2025-05-23,51.15,50.9281,VNM,70_30,Linear Regression
2025-05-26,51.52,51.2185,VNM,70_30,Linear Regression
2025-05-27,51.24,51.5833,VNM,70_30,Linear Regression
2025-05-28,51.06,51.3306,VNM,70_30,Linear Regression
2025-05-29,50.96,51.0311,VNM,70_30,Linear Regression
2025-05-30,50.78,50.9857,VNM,70_30,Linear Regression
2025-06-02,50.5,50.8428,VNM,70_30,Linear Regression
2025-06-03,51.33,50.5578,VNM,70_30,Linear Regression
2025-06-04,52.63,51.4363,VNM,70_30,Linear Regression
2025-06-05,52.07,52.8759,VNM,70_30,Linear Regression
2025-06-06,51.15,52.3223,VNM,70_30,Linear Regression
2025-06-09,51.15,51.1262,VNM,70_30,Linear Regression
2025-06-10,51.15,51.2972,VNM,70_30,Linear Regression
2025-06-11,51.06,51.4619,VNM,70_30,Linear Regression
2025-06-12,51.7,51.2714,VNM,70_30,Linear Regression
2025-06-13,51.33,51.8152,VNM,70_30,Linear Regression
2025-06-16,52.07,51.4127,VNM,70_30,Linear Regression
2025-06-17,51.98,52.1117,VNM,70_30,Linear Regression
2025-06-18,51.8,52.1575,VNM,70_30,Linear Regression
2025-06-19,51.89,51.9701,VNM,70_30,Linear Regression
2025-06-20,52.35,51.9376,VNM,70_30,Linear Regression
2025-06-23,51.7,52.4653,VNM,70_30,Linear Regression
2025-06-24,52.17,51.8442,VNM,70_30,Linear Regression
2025-06-25,52.54,52.209,VNM,70_30,Linear Regression
2025-06-26,52.17,52.7976,VNM,70_30,Linear Regression
2025-06-27,53.46,52.3519,VNM,70_30,Linear Regression
2025-06-30,53.65,53.5117,VNM,70_30,Linear Regression
2025-07-01,53.18,53.9961,VNM,70_30,Linear Regression
2025-07-02,53.37,53.3118,VNM,70_30,Linear Regression
2025-07-03,53.18,53.3888,VNM,70_30,Linear Regression
2025-07-04,53.46,53.4085,VNM,70_30,Linear Regression
2025-07-07,53.55,53.5942,VNM,70_30,Linear Regression
2025-07-08,54.57,53.7352,VNM,70_30,Linear Regression
2025-07-09,55.68,54.7205,VNM,70_30,Linear Regression
2025-07-10,55.22,55.9024,VNM,70_30,Linear Regression
2025-07-11,55.31,55.4747,VNM,70_30,Linear Regression
2025-07-14,55.77,55.4684,VNM,70_30,Linear Regression
2025-07-15,55.59,55.8882,VNM,70_30,Linear Regression
2025-07-16,55.59,55.9683,VNM,70_30,Linear Regression
2025-07-17,55.59,55.7145,VNM,70_30,Linear Regression
2025-07-18,55.68,55.803,VNM,70_30,Linear Regression
2025-07-21,55.5,56.0222,VNM,70_30,Linear Regression
2025-07-22,55.68,55.8063,VNM,70_30,Linear Regression
2025-07-23,57.07,55.8267,VNM,70_30,Linear Regression
2025-07-24,58.92,57.2629,VNM,70_30,Linear Regression
2025-07-25,58.45,59.2251,VNM,70_30,Linear Regression
2025-07-28,58.55,58.7409,VNM,70_30,Linear Regression
2025-07-29,58.45,58.626,VNM,70_30,Linear Regression
2025-07-30,58.18,58.6876,VNM,70_30,Linear Regression
2025-07-31,56.61,58.5373,VNM,70_30,Linear Regression
2025-08-01,55.5,56.7599,VNM,70_30,Linear Regression
2025-08-04,55.87,55.6725,VNM,70_30,Linear Regression
2025-08-05,55.59,56.1146,VNM,70_30,Linear Regression
2025-08-06,56.7,56.0583,VNM,70_30,Linear Regression
2025-08-07,56.33,56.8359,VNM,70_30,Linear Regression
2025-08-08,56.24,56.4858,VNM,70_30,Linear Regression
2025-08-11,56.88,56.3139,VNM,70_30,Linear Regression
2025-08-12,57.16,56.937,VNM,70_30,Linear Regression
2025-08-13,56.51,57.3617,VNM,70_30,Linear Regression
2025-08-14,57.07,56.5981,VNM,70_30,Linear Regression
2025-08-15,56.42,57.0891,VNM,70_30,Linear Regression
2025-08-18,56.14,56.6674,VNM,70_30,Linear Regression
2025-08-19,55.96,56.2983,VNM,70_30,Linear Regression
2025-08-20,55.5,56.141,VNM,70_30,Linear Regression
2025-08-21,55.59,55.6976,VNM,70_30,Linear Regression
2025-08-22,54.29,55.6992,VNM,70_30,Linear Regression
2025-08-25,54.29,54.3899,VNM,70_30,Linear Regression
2025-08-26,55.22,54.3654,VNM,70_30,Linear Regression
2025-08-27,55.96,55.2642,VNM,70_30,Linear Regression
2025-08-28,56.42,56.1312,VNM,70_30,Linear Regression
2025-08-29,55.77,56.464,VNM,70_30,Linear Regression
2025-09-03,56.88,55.7496,VNM,70_30,Linear Regression
2025-09-04,57.16,56.749,VNM,70_30,Linear Regression
2025-09-05,56.33,57.3839,VNM,70_30,Linear Regression
2025-09-08,56.05,56.4596,VNM,70_30,Linear Regression
2025-09-09,55.77,56.0931,VNM,70_30,Linear Regression
2025-09-10,55.31,55.8889,VNM,70_30,Linear Regression
2025-09-11,56.61,55.4651,VNM,70_30,Linear Regression
2025-09-12,58.45,56.5003,VNM,70_30,Linear Regression
2025-09-15,58.36,58.4609,VNM,70_30,Linear Regression
2025-09-16,59.84,58.4432,VNM,70_30,Linear Regression
2025-09-17,60.21,59.6051,VNM,70_30,Linear Regression
2025-09-18,58.82,60.3102,VNM,70_30,Linear Regression
2025-09-19,57.35,58.8318,VNM,70_30,Linear Regression
2025-09-22,56.79,57.2667,VNM,70_30,Linear Regression
2025-09-23,56.98,56.9798,VNM,70_30,Linear Regression
2025-09-24,57.35,57.3506,VNM,70_30,Linear Regression
2025-09-25,56.88,57.4039,VNM,70_30,Linear Regression
2025-09-26,56.51,56.9645,VNM,70_30,Linear Regression
2025-09-29,55.77,56.4742,VNM,70_30,Linear Regression
2025-09-30,55.5,55.7841,VNM,70_30,Linear Regression
2025-10-01,57.44,55.627,VNM,70_30,Linear Regression
2025-10-02,56.61,57.4121,VNM,70_30,Linear Regression
2025-10-03,56.7,56.8678,VNM,70_30,Linear Regression
2025-10-06,57.72,56.6844,VNM,70_30,Linear Regression
2025-10-07,56.79,57.6388,VNM,70_30,Linear Regression
2025-10-08,58.64,57.0602,VNM,70_30,Linear Regression
2025-10-09,58.18,58.4985,VNM,70_30,Linear Regression
2025-10-10,57.72,58.3866,VNM,70_30,Linear Regression
2025-10-13,59.19,57.8459,VNM,70_30,Linear Regression
2025-10-14,58.73,58.9629,VNM,70_30,Linear Regression
2025-10-15,58.82,58.9759,VNM,70_30,Linear Regression
2025-10-16,59.26,58.8657,VNM,70_30,Linear Regression
2025-10-17,56.94,59.059,VNM,70_30,Linear Regression
2025-10-20,53.26,57.1543,VNM,70_30,Linear Regression
2025-10-21,54.71,53.6016,VNM,70_30,Linear Regression
2025-10-22,54.52,55.0901,VNM,70_30,Linear Regression
2025-10-23,54.81,55.2124,VNM,70_30,Linear Regression
2025-10-24,56.26,55.1186,VNM,70_30,Linear Regression
2025-10-27,55.19,55.9512,VNM,70_30,Linear Regression
2025-10-28,55.58,55.3882,VNM,70_30,Linear Regression
2025-10-29,55.68,55.4386,VNM,70_30,Linear Regression
2025-10-30,55.29,55.7617,VNM,70_30,Linear Regression
2025-10-31,55.77,55.5362,VNM,70_30,Linear Regression
2025-11-03,55.48,55.7819,VNM,70_30,Linear Regression
2025-11-04,55.48,55.7419,VNM,70_30,Linear Regression
2025-11-05,56.16,55.486,VNM,70_30,Linear Regression
2025-11-06,56.16,56.2275,VNM,70_30,Linear Regression
2025-11-07,55.77,56.3271,VNM,70_30,Linear Regression
2025-11-10,55.19,55.8862,VNM,70_30,Linear Regression
2025-11-11,57.03,55.229,VNM,70_30,Linear Regression
2025-11-12,57.9,56.934,VNM,70_30,Linear Regression
2025-11-13,59.84,57.9723,VNM,70_30,Linear Regression
2025-11-14,60.81,59.615,VNM,70_30,Linear Regression
2025-11-17,60.13,60.603,VNM,70_30,Linear Regression
2025-11-18,58.78,60.0116,VNM,70_30,Linear Regression
2025-11-19,58.97,58.6005,VNM,70_30,Linear Regression
2025-11-20,58.78,58.9946,VNM,70_30,Linear Regression
2025-11-21,58.0,59.0334,VNM,70_30,Linear Regression
2025-11-24,61.0,58.1281,VNM,70_30,Linear Regression
2025-11-25,59.94,60.7013,VNM,70_30,Linear Regression
2025-11-26,60.81,60.1798,VNM,70_30,Linear Regression
2025-11-27,60.03,60.6052,VNM,70_30,Linear Regression
2025-11-28,61.97,59.9865,VNM,70_30,Linear Regression
2025-12-01,62.84,61.8101,VNM,70_30,Linear Regression
2025-12-02,62.94,62.9248,VNM,70_30,Linear Regression
2025-12-03,62.55,62.8998,VNM,70_30,Linear Regression
2025-12-04,61.39,62.2758,VNM,70_30,Linear Regression
2025-12-05,61.39,61.4003,VNM,70_30,Linear Regression
2025-12-08,61.49,61.5715,VNM,70_30,Linear Regression
2025-12-09,60.52,61.796,VNM,70_30,Linear Regression
2025-12-10,61.1,60.8351,VNM,70_30,Linear Regression
2025-12-11,59.55,61.1961,VNM,70_30,Linear Regression
2025-12-12,58.29,59.8361,VNM,70_30,Linear Regression
2025-12-15,60.03,58.4797,VNM,70_30,Linear Regression
2025-12-16,62.16,60.0184,VNM,70_30,Linear Regression
2025-12-17,60.91,62.2612,VNM,70_30,Linear Regression
2025-12-18,61.87,61.0906,VNM,70_30,Linear Regression
2025-12-19,61.97,61.4661,VNM,70_30,Linear Regression
2025-12-22,61.2,61.8721,VNM,70_30,Linear Regression
2025-12-23,60.62,61.3702,VNM,70_30,Linear Regression
2025-12-24,59.55,60.711,VNM,70_30,Linear Regression
2025-12-25,59.36,59.8403,VNM,70_30,Linear Regression
2025-12-26,59.55,59.7318,VNM,70_30,Linear Regression
2025-12-29,60.13,59.8795,VNM,70_30,Linear Regression
2025-12-30,59.84,60.2938,VNM,70_30,Linear Regression
2025-12-31,59.26,59.9288,VNM,70_30,Linear Regression
2026-01-05,58.39,59.2609,VNM,70_30,Linear Regression
2026-01-06,58.87,58.4087,VNM,70_30,Linear Regression
2026-01-07,58.97,58.9109,VNM,70_30,Linear Regression
2026-01-08,60.23,59.138,VNM,70_30,Linear Regression
2026-01-09,59.07,60.3489,VNM,70_30,Linear Regression
2026-01-12,60.71,59.1698,VNM,70_30,Linear Regression
2026-01-13,61.29,60.468,VNM,70_30,Linear Regression
2026-01-14,65.55,61.5738,VNM,70_30,Linear Regression
2026-01-15,68.75,65.1868,VNM,70_30,Linear Regression
2026-01-16,67.39,68.7232,VNM,70_30,Linear Regression
2026-01-19,68.36,67.3654,VNM,70_30,Linear Regression
2026-01-20,71.07,67.372,VNM,70_30,Linear Regression
2026-01-21,68.07,70.7037,VNM,70_30,Linear Regression
2026-01-22,68.65,68.1026,VNM,70_30,Linear Regression
2026-01-23,65.07,68.0814,VNM,70_30,Linear Regression
2026-01-26,66.72,65.1732,VNM,70_30,Linear Regression
2026-01-27,65.55,66.5708,VNM,70_30,Linear Regression
2026-01-28,65.55,65.4625,VNM,70_30,Linear Regression
2026-01-29,68.85,65.6705,VNM,70_30,Linear Regression
2026-01-30,68.36,68.0994,VNM,70_30,Linear Regression
2026-02-02,70.3,68.454,VNM,70_30,Linear Regression
2026-02-03,69.33,69.4908,VNM,70_30,Linear Regression
2026-02-04,69.72,69.0439,VNM,70_30,Linear Regression
2026-02-05,66.91,69.2907,VNM,70_30,Linear Regression
2026-02-06,66.91,66.9904,VNM,70_30,Linear Regression
2026-02-09,67.39,67.0634,VNM,70_30,Linear Regression
2026-02-10,66.23,67.7481,VNM,70_30,Linear Regression
2026-02-11,66.91,66.7965,VNM,70_30,Linear Regression
2026-02-12,66.81,66.9652,VNM,70_30,Linear Regression
2026-02-13,67.3,67.0314,VNM,70_30,Linear Regression
2026-02-23,68.36,67.3354,VNM,70_30,Linear Regression
2026-02-24,67.97,68.3532,VNM,70_30,Linear Regression
2026-02-25,70.01,68.0762,VNM,70_30,Linear Regression
2026-02-26,68.36,69.7567,VNM,70_30,Linear Regression
2026-02-27,66.04,68.19,VNM,70_30,Linear Regression
2026-03-02,64.49,66.0639,VNM,70_30,Linear Regression
2026-03-03,61.39,64.8957,VNM,70_30,Linear Regression
2026-03-04,62.84,62.3592,VNM,70_30,Linear Regression
2026-03-05,61.2,63.0438,VNM,70_30,Linear Regression
2026-03-06,60.42,62.0732,VNM,70_30,Linear Regression
2026-03-09,56.26,60.8642,VNM,70_30,Linear Regression
2026-03-10,60.13,56.8132,VNM,70_30,Linear Regression
2026-03-11,61.0,60.3516,VNM,70_30,Linear Regression
2026-03-12,59.65,61.7849,VNM,70_30,Linear Regression
2026-03-13,61.1,60.167,VNM,70_30,Linear Regression
2026-03-16,59.84,60.7983,VNM,70_30,Linear Regression
2026-03-17,59.55,60.2903,VNM,70_30,Linear Regression
2026-03-18,59.74,59.9948,VNM,70_30,Linear Regression
2026-03-19,59.07,60.1437,VNM,70_30,Linear Regression
2026-03-20,58.1,59.6279,VNM,70_30,Linear Regression
2026-03-23,58.87,58.5285,VNM,70_30,Linear Regression
2026-03-24,59.26,58.9957,VNM,70_30,Linear Regression
2026-03-25,60.13,59.605,VNM,70_30,Linear Regression
2026-03-26,59.07,60.1642,VNM,70_30,Linear Regression
2026-03-27,59.55,59.067,VNM,70_30,Linear Regression
2026-03-30,58.68,59.3146,VNM,70_30,Linear Regression
2026-03-31,58.58,58.6426,VNM,70_30,Linear Regression
2026-04-01,59.36,58.6149,VNM,70_30,Linear Regression
2026-04-02,58.87,59.3053,VNM,70_30,Linear Regression
2026-04-03,58.1,58.9074,VNM,70_30,Linear Regression
2026-04-06,58.97,58.0534,VNM,70_30,Linear Regression
2026-04-07,59.07,58.7793,VNM,70_30,Linear Regression
2026-04-08,60.62,59.076,VNM,70_30,Linear Regression
2026-04-09,59.84,60.4726,VNM,70_30,Linear Regression
2026-04-10,60.81,59.7419,VNM,70_30,Linear Regression
2026-04-13,60.81,60.7052,VNM,70_30,Linear Regression
2026-04-14,60.03,60.6299,VNM,70_30,Linear Regression
2026-04-15,59.36,60.0521,VNM,70_30,Linear Regression
2026-04-16,59.16,59.2725,VNM,70_30,Linear Regression
2026-04-17,59.36,59.2002,VNM,70_30,Linear Regression
2026-04-20,59.55,59.6103,VNM,70_30,Linear Regression
2026-04-21,59.65,59.6574,VNM,70_30,Linear Regression
2026-04-22,59.84,59.6925,VNM,70_30,Linear Regression
2026-04-23,60.03,59.7671,VNM,70_30,Linear Regression
2026-04-24,59.45,59.8588,VNM,70_30,Linear Regression
2026-04-28,59.26,59.2517,VNM,70_30,Linear Regression
2026-04-29,58.97,59.0482,VNM,70_30,Linear Regression
2026-05-04,58.97,58.931,VNM,70_30,Linear Regression
2026-05-05,59.16,59.029,VNM,70_30,Linear Regression
2026-05-06,59.55,59.065,VNM,70_30,Linear Regression
2026-05-07,59.55,59.5142,VNM,70_30,Linear Regression
2026-05-08,58.97,59.5463,VNM,70_30,Linear Regression
2026-05-11,58.68,58.9916,VNM,70_30,Linear Regression
2026-05-12,58.19,58.6459,VNM,70_30,Linear Regression
2026-05-13,57.42,58.236,VNM,70_30,Linear Regression
2026-05-14,58.19,57.3914,VNM,70_30,Linear Regression
2026-05-15,57.9,58.1702,VNM,70_30,Linear Regression
2026-05-18,58.58,58.0583,VNM,70_30,Linear Regression
2026-05-19,57.9,58.5402,VNM,70_30,Linear Regression
2026-05-20,57.23,57.9397,VNM,70_30,Linear Regression
2026-05-21,57.13,57.1487,VNM,70_30,Linear Regression
2026-05-22,57.61,57.1087,VNM,70_30,Linear Regression
2026-05-25,57.23,57.6755,VNM,70_30,Linear Regression
2026-05-26,57.23,57.3638,VNM,70_30,Linear Regression
2026-05-27,56.94,57.1649,VNM,70_30,Linear Regression
2026-05-28,57.13,56.8835,VNM,70_30,Linear Regression
2026-05-29,57.32,57.2168,VNM,70_30,Linear Regression
2026-06-01,57.23,57.3092,VNM,70_30,Linear Regression
2026-06-02,56.74,57.1814,VNM,70_30,Linear Regression
2026-06-03,56.45,56.6666,VNM,70_30,Linear Regression
2026-06-04,56.74,56.3275,VNM,70_30,Linear Regression
2026-06-05,56.55,56.6666,VNM,70_30,Linear Regression
2026-06-08,56.16,56.5345,VNM,70_30,Linear Regression
2026-06-09,56.45,56.0518,VNM,70_30,Linear Regression
2026-06-10,57.03,56.3032,VNM,70_30,Linear Regression
2026-06-11,57.32,56.9946,VNM,70_30,Linear Regression
2026-06-12,57.13,57.3365,VNM,70_30,Linear Regression
2026-06-15,57.81,57.1434,VNM,70_30,Linear Regression
2026-06-16,57.23,57.7707,VNM,70_30,Linear Regression
2026-06-17,57.13,57.268,VNM,70_30,Linear Regression
2026-06-18,57.32,57.1331,VNM,70_30,Linear Regression
2026-06-19,57.13,57.3347,VNM,70_30,Linear Regression
2026-06-22,56.74,57.1843,VNM,70_30,Linear Regression
2026-06-23,56.55,56.7102,VNM,70_30,Linear Regression
2026-06-24,56.45,56.4915,VNM,70_30,Linear Regression
2026-06-25,56.45,56.3868,VNM,70_30,Linear Regression
2026-06-26,56.3,56.3892,VNM,70_30,Linear Regression
2026-06-29,56.1,56.1358,VNM,70_30,Linear Regression
2026-06-30,54.8,55.929,VNM,70_30,Linear Regression
2026-07-01,55.2,54.6302,VNM,70_30,Linear Regression
2026-07-02,55.5,55.0314,VNM,70_30,Linear Regression
2026-07-03,54.9,55.584,VNM,70_30,Linear Regression
2026-07-06,55.3,54.8824,VNM,70_30,Linear Regression
2026-07-07,55.1,55.0577,VNM,70_30,Linear Regression
2026-07-08,55.7,55.0376,VNM,70_30,Linear Regression
2026-07-09,55.7,55.6643,VNM,70_30,Linear Regression
2026-07-10,56.6,55.6986,VNM,70_30,Linear Regression
2026-07-13,55.4,56.6353,VNM,70_30,Linear Regression
2026-07-14,56.0,55.4458,VNM,70_30,Linear Regression
2026-07-15,56.2,55.86,VNM,70_30,Linear Regression
2026-07-16,56.2,56.2377,VNM,70_30,Linear Regression
2026-07-17,59.0,56.2007,VNM,70_30,Linear Regression
2026-07-20,58.5,58.8967,VNM,70_30,Linear Regression
2026-07-21,58.4,58.6369,VNM,70_30,Linear Regression
2026-07-22,59.1,58.3601,VNM,70_30,Linear Regression
2026-07-23,57.8,59.0942,VNM,70_30,Linear Regression
2026-07-24,58.9,57.8585,VNM,70_30,Linear Regression
2026-07-27,57.9,58.8823,VNM,70_30,Linear Regression
2026-07-28,59.6,58.1468,VNM,70_30,Linear Regression
2026-07-29,60.0,59.4458,VNM,70_30,Linear Regression
2026-07-30,61.2,60.121,VNM,70_30,Linear Regression
2026-07-31,60.9,61.0977,VNM,70_30,Linear Regression
2026-08-03,60.3,60.7366,VNM,70_30,Linear Regression
2026-08-04,59.5,60.2024,VNM,70_30,Linear Regression
2026-08-05,58.6,59.4132,VNM,70_30,Linear Regression
2026-08-06,59.0,58.8408,VNM,70_30,Linear Regression
2026-08-07,62.0,59.1894,VNM,70_30,Linear Regression
2026-08-10,62.1,62.0229,VNM,70_30,Linear Regression
2026-08-11,62.0,62.3733,VNM,70_30,Linear Regression
2026-08-12,61.8,61.9591,VNM,70_30,Linear Regression
2026-08-13,61.6,61.678,VNM,70_30,Linear Regression
2026-08-14,61.6,61.8531,VNM,70_30,Linear Regression
2026-08-17,62.2,61.7539,VNM,70_30,Linear Regression
2026-08-18,62.1,62.3961,VNM,70_30,Linear Regression
2026-08-19,63.1,62.2465,VNM,70_30,Linear Regression
2026-08-20,64.0,63.0041,VNM,70_30,Linear Regression
2026-08-21,63.8,64.0338,VNM,70_30,Linear Regression
2026-08-24,63.2,63.8831,VNM,70_30,Linear Regression
2026-08-25,62.6,63.2813,VNM,70_30,Linear Regression
2026-08-26,62.8,62.7298,VNM,70_30,Linear Regression
2026-08-27,62.5,63.0034,VNM,70_30,Linear Regression
2026-08-28,62.3,62.7357,VNM,70_30,Linear Regression
2026-09-03,61.2,62.4322,VNM,70_30,Linear Regression
2026-09-04,61.9,61.2714,VNM,70_30,Linear Regression
2026-09-07,60.7,61.9046,VNM,70_30,Linear Regression
2026-09-08,61.0,60.9687,VNM,70_30,Linear Regression
2026-09-09,61.3,61.0212,VNM,70_30,Linear Regression
2026-09-10,61.6,61.446,VNM,70_30,Linear Regression
2026-09-11,59.9,61.7488,VNM,70_30,Linear Regression
2026-09-14,59.3,59.9616,VNM,70_30,Linear Regression
2026-09-15,59.7,59.2067,VNM,70_30,Linear Regression
2026-09-16,59.6,59.9173,VNM,70_30,Linear Regression
2026-09-17,60.2,59.9804,VNM,70_30,Linear Regression
2026-09-18,61.2,60.2784,VNM,70_30,Linear Regression
2026-09-21,60.3,61.2278,VNM,70_30,Linear Regression
2026-09-22,61.2,60.4548,VNM,70_30,Linear Regression
2026-09-23,60.5,61.0624,VNM,70_30,Linear Regression
2026-09-24,60.6,60.6238,VNM,70_30,Linear Regression
2026-09-25,59.8,60.6332,VNM,70_30,Linear Regression
2026-09-28,60.3,59.8519,VNM,70_30,Linear Regression
2026-09-29,60.3,60.1816,VNM,70_30,Linear Regression
2026-09-30,59.4,60.2701,VNM,70_30,Linear Regression
2026-10-01,58.6,59.4495,VNM,70_30,Linear Regression
2025-03-11,63.75,63.8918,VCB,80_20,Linear Regression
2025-03-12,65.67,63.5195,VCB,80_20,Linear Regression
2025-03-13,64.49,66.0556,VCB,80_20,Linear Regression
2025-03-14,64.98,64.4999,VCB,80_20,Linear Regression
2025-03-17,66.26,65.0061,VCB,80_20,Linear Regression
2025-03-18,65.77,66.2602,VCB,80_20,Linear Regression
2025-03-19,65.47,65.8185,VCB,80_20,Linear Regression
2025-03-20,65.77,65.4087,VCB,80_20,Linear Regression
2025-03-21,64.98,65.7406,VCB,80_20,Linear Regression
2025-03-24,65.47,65.0485,VCB,80_20,Linear Regression
2025-03-25,65.18,65.2939,VCB,80_20,Linear Regression
2025-03-26,64.78,65.2102,VCB,80_20,Linear Regression
2025-03-27,64.49,64.7494,VCB,80_20,Linear Regression
2025-03-28,63.8,64.4175,VCB,80_20,Linear Regression
2025-03-31,63.01,63.8259,VCB,80_20,Linear Regression
2025-04-01,63.5,63.0573,VCB,80_20,Linear Regression
2025-04-02,63.8,63.6089,VCB,80_20,Linear Regression
2025-04-03,59.37,64.0194,VCB,80_20,Linear Regression
2025-04-04,59.07,59.3197,VCB,80_20,Linear Regression
2025-04-08,54.94,58.392,VCB,80_20,Linear Regression
2025-04-09,51.69,55.392,VCB,80_20,Linear Regression
2025-04-10,55.23,52.7268,VCB,80_20,Linear Regression
2025-04-11,58.88,56.1104,VCB,80_20,Linear Regression
2025-04-14,58.38,59.2153,VCB,80_20,Linear Regression
2025-04-15,59.07,57.8501,VCB,80_20,Linear Regression
2025-04-16,58.38,58.5607,VCB,80_20,Linear Regression
2025-04-17,57.2,58.3631,VCB,80_20,Linear Regression
2025-04-18,57.2,57.2054,VCB,80_20,Linear Regression
2025-04-21,57.3,57.5968,VCB,80_20,Linear Regression
2025-04-22,57.6,57.4813,VCB,80_20,Linear Regression
2025-04-23,57.1,56.822,VCB,80_20,Linear Regression
2025-04-24,57.3,57.1683,VCB,80_20,Linear Regression
2025-04-25,56.61,57.4018,VCB,80_20,Linear Regression
2025-04-28,56.61,56.8146,VCB,80_20,Linear Regression
2025-04-29,56.42,56.804,VCB,80_20,Linear Regression
2025-05-05,56.22,56.6305,VCB,80_20,Linear Regression
2025-05-06,56.12,56.2532,VCB,80_20,Linear Regression
2025-05-07,56.12,56.1504,VCB,80_20,Linear Regression
2025-05-08,56.22,56.0903,VCB,80_20,Linear Regression
2025-05-09,55.73,56.1865,VCB,80_20,Linear Regression
2025-05-12,55.73,55.7371,VCB,80_20,Linear Regression
2025-05-13,55.92,55.8258,VCB,80_20,Linear Regression
2025-05-14,57.79,56.1021,VCB,80_20,Linear Regression
2025-05-15,57.79,57.9286,VCB,80_20,Linear Regression
2025-05-16,56.61,58.0119,VCB,80_20,Linear Regression
2025-05-19,56.12,56.6179,VCB,80_20,Linear Regression
2025-05-20,56.22,56.2239,VCB,80_20,Linear Regression
2025-05-21,56.22,56.4528,VCB,80_20,Linear Regression
2025-05-22,56.02,56.5048,VCB,80_20,Linear Regression
2025-05-23,55.92,56.1148,VCB,80_20,Linear Regression
2025-05-26,56.12,56.016,VCB,80_20,Linear Regression
2025-05-27,55.92,55.9804,VCB,80_20,Linear Regression
2025-05-28,55.92,56.0097,VCB,80_20,Linear Regression
2025-05-29,55.82,56.1119,VCB,80_20,Linear Regression
2025-05-30,55.53,55.9196,VCB,80_20,Linear Regression
2025-06-02,55.33,55.5901,VCB,80_20,Linear Regression
2025-06-03,55.92,55.3735,VCB,80_20,Linear Regression
2025-06-04,55.73,56.0385,VCB,80_20,Linear Regression
2025-06-05,55.43,55.816,VCB,80_20,Linear Regression
2025-06-06,55.23,55.4931,VCB,80_20,Linear Regression
2025-06-09,55.04,55.3836,VCB,80_20,Linear Regression
2025-06-10,55.04,55.2375,VCB,80_20,Linear Regression
2025-06-11,54.84,55.2347,VCB,80_20,Linear Regression
2025-06-12,55.14,55.0051,VCB,80_20,Linear Regression
2025-06-13,55.33,55.2319,VCB,80_20,Linear Regression
2025-06-16,55.73,55.4906,VCB,80_20,Linear Regression
2025-06-17,56.32,55.8411,VCB,80_20,Linear Regression
2025-06-18,55.82,56.5117,VCB,80_20,Linear Regression
2025-06-19,55.73,55.9072,VCB,80_20,Linear Regression
2025-06-20,56.22,55.8715,VCB,80_20,Linear Regression
2025-06-23,55.73,56.3643,VCB,80_20,Linear Regression
2025-06-24,55.73,55.821,VCB,80_20,Linear Regression
2025-06-25,55.73,55.8832,VCB,80_20,Linear Regression
2025-06-26,55.53,55.898,VCB,80_20,Linear Regression
2025-06-27,55.82,55.6657,VCB,80_20,Linear Regression
2025-06-30,56.12,56.0125,VCB,80_20,Linear Regression
2025-07-01,57.3,56.3121,VCB,80_20,Linear Regression
2025-07-02,57.1,57.4598,VCB,80_20,Linear Regression
2025-07-03,57.01,57.1615,VCB,80_20,Linear Regression
2025-07-04,57.5,57.1246,VCB,80_20,Linear Regression
2025-07-07,57.7,57.6284,VCB,80_20,Linear Regression
2025-07-08,58.09,57.8063,VCB,80_20,Linear Regression
2025-07-09,60.55,58.2179,VCB,80_20,Linear Regression
2025-07-10,60.45,60.6332,VCB,80_20,Linear Regression
2025-07-11,61.73,60.4334,VCB,80_20,Linear Regression
2025-07-14,61.44,61.6633,VCB,80_20,Linear Regression
2025-07-15,60.45,61.2522,VCB,80_20,Linear Regression
2025-07-16,60.85,60.4797,VCB,80_20,Linear Regression
2025-07-17,61.24,60.8695,VCB,80_20,Linear Regression
2025-07-18,60.94,61.3831,VCB,80_20,Linear Regression
2025-07-21,60.35,60.9203,VCB,80_20,Linear Regression
2025-07-22,61.24,60.3593,VCB,80_20,Linear Regression
2025-07-23,61.14,61.1243,VCB,80_20,Linear Regression
2025-07-24,61.14,61.117,VCB,80_20,Linear Regression
2025-07-25,61.04,61.2622,VCB,80_20,Linear Regression
2025-07-28,61.83,61.0363,VCB,80_20,Linear Regression
2025-07-29,60.06,61.7796,VCB,80_20,Linear Regression
2025-07-30,59.96,60.0651,VCB,80_20,Linear Regression
2025-07-31,59.27,59.9704,VCB,80_20,Linear Regression
2025-08-01,59.27,59.4891,VCB,80_20,Linear Regression
2025-08-04,60.16,59.282,VCB,80_20,Linear Regression
2025-08-05,60.55,60.1924,VCB,80_20,Linear Regression
2025-08-06,61.34,60.9041,VCB,80_20,Linear Regression
2025-08-07,60.75,61.4066,VCB,80_20,Linear Regression
2025-08-08,60.94,60.7096,VCB,80_20,Linear Regression
2025-08-11,61.53,61.1317,VCB,80_20,Linear Regression
2025-08-12,62.03,61.6714,VCB,80_20,Linear Regression
2025-08-13,61.53,62.3362,VCB,80_20,Linear Regression
2025-08-14,64.19,61.442,VCB,80_20,Linear Regression
2025-08-15,63.31,64.3163,VCB,80_20,Linear Regression
2025-08-18,63.5,63.6016,VCB,80_20,Linear Regression
2025-08-19,63.21,63.4465,VCB,80_20,Linear Regression
2025-08-20,62.03,63.3612,VCB,80_20,Linear Regression
2025-08-21,63.21,61.9394,VCB,80_20,Linear Regression
2025-08-22,63.6,63.322,VCB,80_20,Linear Regression
2025-08-25,62.62,63.8827,VCB,80_20,Linear Regression
2025-08-26,63.6,62.5861,VCB,80_20,Linear Regression
2025-08-27,68.03,63.2784,VCB,80_20,Linear Regression
2025-08-28,67.93,67.8198,VCB,80_20,Linear Regression
2025-08-29,67.54,67.8568,VCB,80_20,Linear Regression
2025-09-03,65.97,67.2447,VCB,80_20,Linear Regression
2025-09-04,67.84,65.838,VCB,80_20,Linear Regression
2025-09-05,66.46,67.7134,VCB,80_20,Linear Regression
2025-09-08,64.29,66.5687,VCB,80_20,Linear Regression
2025-09-09,63.9,64.1542,VCB,80_20,Linear Regression
2025-09-10,64.78,63.9244,VCB,80_20,Linear Regression
2025-09-11,64.69,64.7988,VCB,80_20,Linear Regression
2025-09-12,64.78,64.4183,VCB,80_20,Linear Regression
2025-09-15,64.78,64.5022,VCB,80_20,Linear Regression
2025-09-16,64.59,64.5338,VCB,80_20,Linear Regression
2025-09-17,63.8,64.4631,VCB,80_20,Linear Regression
2025-09-18,62.91,63.6928,VCB,80_20,Linear Regression
2025-09-19,62.03,62.7406,VCB,80_20,Linear Regression
2025-09-22,61.04,62.0433,VCB,80_20,Linear Regression
2025-09-23,61.24,60.9962,VCB,80_20,Linear Regression
2025-09-24,61.73,61.4204,VCB,80_20,Linear Regression
2025-09-25,62.03,61.6227,VCB,80_20,Linear Regression
2025-09-26,62.03,61.9979,VCB,80_20,Linear Regression
2025-09-29,61.63,61.9301,VCB,80_20,Linear Regression
2025-09-30,61.04,61.4591,VCB,80_20,Linear Regression
2025-10-01,61.44,60.9751,VCB,80_20,Linear Regression
2025-10-02,61.14,61.4287,VCB,80_20,Linear Regression
2025-10-03,61.19,61.1916,VCB,80_20,Linear Regression
2025-10-06,63.47,61.0218,VCB,80_20,Linear Regression
2025-10-07,63.17,63.4996,VCB,80_20,Linear Regression
2025-10-08,64.06,63.0245,VCB,80_20,Linear Regression
2025-10-09,63.27,63.8808,VCB,80_20,Linear Regression
2025-10-10,63.67,63.3474,VCB,80_20,Linear Regression
2025-10-13,62.58,63.6139,VCB,80_20,Linear Regression
2025-10-14,62.58,62.4633,VCB,80_20,Linear Regression
2025-10-15,61.98,62.672,VCB,80_20,Linear Regression
2025-10-16,62.38,62.0257,VCB,80_20,Linear Regression
2025-10-17,61.39,62.3083,VCB,80_20,Linear Regression
2025-10-20,58.91,61.3628,VCB,80_20,Linear Regression
2025-10-21,58.81,58.8121,VCB,80_20,Linear Regression
2025-10-22,59.11,59.147,VCB,80_20,Linear Regression
2025-10-23,59.3,59.2108,VCB,80_20,Linear Regression
2025-10-24,59.01,59.2376,VCB,80_20,Linear Regression
2025-10-27,58.71,58.6948,VCB,80_20,Linear Regression
2025-10-28,59.5,58.6462,VCB,80_20,Linear Regression
2025-10-29,60.2,59.425,VCB,80_20,Linear Regression
2025-10-30,60.1,60.1936,VCB,80_20,Linear Regression
2025-10-31,59.11,60.077,VCB,80_20,Linear Regression
2025-11-03,58.81,59.0673,VCB,80_20,Linear Regression
2025-11-04,59.6,58.9492,VCB,80_20,Linear Regression
2025-11-05,60.3,59.7144,VCB,80_20,Linear Regression
2025-11-06,59.8,60.3465,VCB,80_20,Linear Regression
2025-11-07,58.81,59.8053,VCB,80_20,Linear Regression
2025-11-10,58.31,58.6381,VCB,80_20,Linear Regression
2025-11-11,58.41,58.4669,VCB,80_20,Linear Regression
2025-11-12,59.01,58.6909,VCB,80_20,Linear Regression
2025-11-13,59.3,59.1349,VCB,80_20,Linear Regression
2025-11-14,59.5,59.2213,VCB,80_20,Linear Regression
2025-11-17,59.7,59.386,VCB,80_20,Linear Regression
2025-11-18,59.4,59.6849,VCB,80_20,Linear Regression
2025-11-19,58.91,59.4671,VCB,80_20,Linear Regression
2025-11-20,58.91,59.004,VCB,80_20,Linear Regression
2025-11-21,58.51,59.0143,VCB,80_20,Linear Regression
2025-11-24,58.31,58.5227,VCB,80_20,Linear Regression
2025-11-25,57.72,58.4333,VCB,80_20,Linear Regression
2025-11-26,57.62,57.8725,VCB,80_20,Linear Regression
2025-11-27,57.42,57.7262,VCB,80_20,Linear Regression
2025-11-28,56.92,57.5909,VCB,80_20,Linear Regression
2025-12-01,57.02,57.0363,VCB,80_20,Linear Regression
2025-12-02,57.12,57.1837,VCB,80_20,Linear Regression
2025-12-03,58.41,57.1443,VCB,80_20,Linear Regression
2025-12-04,58.41,58.4803,VCB,80_20,Linear Regression
2025-12-05,57.82,58.458,VCB,80_20,Linear Regression
2025-12-08,57.42,57.8142,VCB,80_20,Linear Regression
2025-12-09,57.52,57.454,VCB,80_20,Linear Regression
2025-12-10,57.72,57.6709,VCB,80_20,Linear Regression
2025-12-11,57.12,57.876,VCB,80_20,Linear Regression
2025-12-12,56.33,57.2116,VCB,80_20,Linear Regression
2025-12-15,56.33,56.4018,VCB,80_20,Linear Regression
2025-12-16,56.43,56.4828,VCB,80_20,Linear Regression
2025-12-17,56.23,56.4915,VCB,80_20,Linear Regression
2025-12-18,56.33,56.397,VCB,80_20,Linear Regression
2025-12-19,57.02,56.4387,VCB,80_20,Linear Regression
2025-12-22,57.32,57.0012,VCB,80_20,Linear Regression
2025-12-23,56.73,57.3354,VCB,80_20,Linear Regression
2025-12-24,56.53,56.7631,VCB,80_20,Linear Regression
2025-12-25,56.63,56.5628,VCB,80_20,Linear Regression
2025-12-26,56.63,56.8732,VCB,80_20,Linear Regression
2025-12-29,56.63,56.6972,VCB,80_20,Linear Regression
2025-12-30,56.82,56.7758,VCB,80_20,Linear Regression
2025-12-31,57.02,57.0536,VCB,80_20,Linear Regression
2026-01-05,56.63,57.1626,VCB,80_20,Linear Regression
2026-01-06,56.82,56.699,VCB,80_20,Linear Regression
2026-01-07,59.11,56.8371,VCB,80_20,Linear Regression
2026-01-08,63.17,59.2435,VCB,80_20,Linear Regression
2026-01-09,67.44,63.0166,VCB,80_20,Linear Regression
2026-01-12,72.1,67.2606,VCB,80_20,Linear Regression
2026-01-13,73.39,71.6579,VCB,80_20,Linear Regression
2026-01-14,75.37,72.8508,VCB,80_20,Linear Regression
2026-01-15,71.3,75.0421,VCB,80_20,Linear Regression
2026-01-16,72.39,70.8182,VCB,80_20,Linear Regression
2026-01-19,72.1,72.6498,VCB,80_20,Linear Regression
2026-01-20,72.89,71.9546,VCB,80_20,Linear Regression
2026-01-21,72.2,72.6279,VCB,80_20,Linear Regression
2026-01-22,70.41,71.5088,VCB,80_20,Linear Regression
2026-01-23,68.03,70.4114,VCB,80_20,Linear Regression
2026-01-26,69.02,67.7746,VCB,80_20,Linear Regression
2026-01-27,70.01,69.098,VCB,80_20,Linear Regression
2026-01-28,69.02,69.6452,VCB,80_20,Linear Regression
2026-01-29,69.22,68.732,VCB,80_20,Linear Regression
2026-01-30,69.91,68.5546,VCB,80_20,Linear Regression
2026-02-02,70.91,69.628,VCB,80_20,Linear Regression
2026-02-03,71.2,70.3136,VCB,80_20,Linear Regression
2026-02-04,70.21,71.1308,VCB,80_20,Linear Regression
2026-02-05,67.83,70.0342,VCB,80_20,Linear Regression
2026-02-06,64.56,67.8356,VCB,80_20,Linear Regression
2026-02-09,64.46,64.7082,VCB,80_20,Linear Regression
2026-02-10,62.58,64.8712,VCB,80_20,Linear Regression
2026-02-11,64.16,62.8764,VCB,80_20,Linear Regression
2026-02-12,63.67,64.4343,VCB,80_20,Linear Regression
2026-02-13,63.87,63.635,VCB,80_20,Linear Regression
2026-02-23,65.85,63.6317,VCB,80_20,Linear Regression
2026-02-24,64.46,65.6243,VCB,80_20,Linear Regression
2026-02-25,64.56,64.2358,VCB,80_20,Linear Regression
2026-02-26,64.86,64.3803,VCB,80_20,Linear Regression
2026-02-27,64.36,64.6765,VCB,80_20,Linear Regression
2026-03-02,62.38,64.3586,VCB,80_20,Linear Regression
2026-03-03,61.09,62.0215,VCB,80_20,Linear Regression
2026-03-04,62.48,61.2148,VCB,80_20,Linear Regression
2026-03-05,61.98,62.5899,VCB,80_20,Linear Regression
2026-03-06,61.09,62.1263,VCB,80_20,Linear Regression
2026-03-09,56.82,61.1032,VCB,80_20,Linear Regression
2026-03-10,59.9,56.4899,VCB,80_20,Linear Regression
2026-03-11,59.9,60.236,VCB,80_20,Linear Regression
2026-03-12,59.3,60.1101,VCB,80_20,Linear Regression
2026-03-13,58.51,58.9542,VCB,80_20,Linear Regression
2026-03-16,58.31,58.2818,VCB,80_20,Linear Regression
2026-03-17,60.0,58.2932,VCB,80_20,Linear Regression
2026-03-18,60.0,60.06,VCB,80_20,Linear Regression
2026-03-19,59.3,60.1059,VCB,80_20,Linear Regression
2026-03-20,57.52,58.9159,VCB,80_20,Linear Regression
2026-03-23,57.12,57.3862,VCB,80_20,Linear Regression
2026-03-24,57.72,57.0758,VCB,80_20,Linear Regression
2026-03-25,57.92,58.0736,VCB,80_20,Linear Regression
2026-03-26,57.42,57.9687,VCB,80_20,Linear Regression
2026-03-27,58.31,57.1833,VCB,80_20,Linear Regression
2026-03-30,57.52,58.127,VCB,80_20,Linear Regression
2026-03-31,57.62,57.3988,VCB,80_20,Linear Regression
2026-04-01,58.51,57.7034,VCB,80_20,Linear Regression
2026-04-02,57.72,58.5873,VCB,80_20,Linear Regression
2026-04-03,57.22,57.6073,VCB,80_20,Linear Regression
2026-04-06,57.52,57.1653,VCB,80_20,Linear Regression
2026-04-07,57.52,57.6332,VCB,80_20,Linear Regression
2026-04-08,59.7,57.6385,VCB,80_20,Linear Regression
2026-04-09,58.91,59.8049,VCB,80_20,Linear Regression
2026-04-10,59.3,58.9258,VCB,80_20,Linear Regression
2026-04-13,58.71,59.4746,VCB,80_20,Linear Regression
2026-04-14,58.81,58.7459,VCB,80_20,Linear Regression
2026-04-15,59.4,59.0294,VCB,80_20,Linear Regression
2026-04-16,58.91,59.6503,VCB,80_20,Linear Regression
2026-04-17,59.01,58.9794,VCB,80_20,Linear Regression
2026-04-20,59.6,59.0959,VCB,80_20,Linear Regression
2026-04-21,59.11,59.7319,VCB,80_20,Linear Regression
2026-04-22,58.91,59.3449,VCB,80_20,Linear Regression
2026-04-23,62.28,58.9927,VCB,80_20,Linear Regression
2026-04-24,60.1,62.3972,VCB,80_20,Linear Regression
2026-04-28,59.3,60.2059,VCB,80_20,Linear Regression
2026-04-29,59.3,59.3848,VCB,80_20,Linear Regression
2026-05-04,60.2,59.6088,VCB,80_20,Linear Regression
2026-05-05,59.4,60.5246,VCB,80_20,Linear Regression
2026-05-06,60.0,59.437,VCB,80_20,Linear Regression
2026-05-07,59.8,59.9622,VCB,80_20,Linear Regression
2026-05-08,60.2,59.9885,VCB,80_20,Linear Regression
2026-05-11,59.8,60.3996,VCB,80_20,Linear Regression
2026-05-12,59.4,60.0241,VCB,80_20,Linear Regression
2026-05-13,59.6,59.4466,VCB,80_20,Linear Regression
2026-05-14,60.49,59.7575,VCB,80_20,Linear Regression
2026-05-15,60.2,60.6312,VCB,80_20,Linear Regression
2026-05-18,62.68,60.3848,VCB,80_20,Linear Regression
2026-05-19,63.87,62.5312,VCB,80_20,Linear Regression
2026-05-20,64.06,63.7882,VCB,80_20,Linear Regression
2026-05-21,64.36,63.4477,VCB,80_20,Linear Regression
2026-05-22,62.97,64.334,VCB,80_20,Linear Regression
2026-05-25,63.17,62.9976,VCB,80_20,Linear Regression
2026-05-26,63.87,63.0516,VCB,80_20,Linear Regression
2026-05-27,63.67,63.8816,VCB,80_20,Linear Regression
2026-05-28,62.28,63.606,VCB,80_20,Linear Regression
2026-05-29,61.49,62.1733,VCB,80_20,Linear Regression
2026-06-01,61.68,61.532,VCB,80_20,Linear Regression
2026-06-02,61.09,61.8771,VCB,80_20,Linear Regression
2026-06-03,61.39,61.2707,VCB,80_20,Linear Regression
2026-06-04,61.68,61.4079,VCB,80_20,Linear Regression
2026-06-05,61.19,61.5841,VCB,80_20,Linear Regression
2026-06-08,60.79,61.0962,VCB,80_20,Linear Regression
2026-06-09,60.99,60.6993,VCB,80_20,Linear Regression
2026-06-10,61.19,60.9837,VCB,80_20,Linear Regression
2026-06-11,61.09,61.3086,VCB,80_20,Linear Regression
2026-06-12,61.09,61.0341,VCB,80_20,Linear Regression
2026-06-15,61.09,61.1762,VCB,80_20,Linear Regression
2026-06-16,61.29,61.2275,VCB,80_20,Linear Regression
2026-06-17,61.68,61.3913,VCB,80_20,Linear Regression
2026-06-18,61.09,61.6767,VCB,80_20,Linear Regression
2026-06-19,61.19,61.095,VCB,80_20,Linear Regression
2026-06-22,60.79,61.0916,VCB,80_20,Linear Regression
2026-06-23,60.79,60.8113,VCB,80_20,Linear Regression
2026-06-24,60.49,61.0087,VCB,80_20,Linear Regression
2026-06-25,60.3,60.5252,VCB,80_20,Linear Regression
2026-06-26,60.89,60.3133,VCB,80_20,Linear Regression
2026-06-29,61.49,60.8653,VCB,80_20,Linear Regression
2026-06-30,61.68,61.4808,VCB,80_20,Linear Regression
2026-07-01,62.48,61.6747,VCB,80_20,Linear Regression
2026-07-02,61.58,62.3762,VCB,80_20,Linear Regression
2026-07-03,61.49,61.5773,VCB,80_20,Linear Regression
2026-07-06,60.69,61.5092,VCB,80_20,Linear Regression
2026-07-07,60.79,60.7688,VCB,80_20,Linear Regression
2026-07-08,61.09,60.8356,VCB,80_20,Linear Regression
2026-07-09,60.59,61.1255,VCB,80_20,Linear Regression
2026-07-10,60.0,60.5519,VCB,80_20,Linear Regression
2026-07-13,58.41,60.0481,VCB,80_20,Linear Regression
2026-07-14,58.71,58.4458,VCB,80_20,Linear Regression
2026-07-15,58.71,58.8135,VCB,80_20,Linear Regression
2026-07-16,58.91,58.7289,VCB,80_20,Linear Regression
2026-07-17,58.01,58.7645,VCB,80_20,Linear Regression
2026-07-20,56.23,57.8687,VCB,80_20,Linear Regression
2026-07-21,56.23,56.1518,VCB,80_20,Linear Regression
2026-07-22,54.05,56.3616,VCB,80_20,Linear Regression
2026-07-23,54.0,54.2931,VCB,80_20,Linear Regression
2026-07-24,54.1,53.9298,VCB,80_20,Linear Regression
2026-07-27,54.0,54.2011,VCB,80_20,Linear Regression
2026-07-28,54.1,53.9691,VCB,80_20,Linear Regression
2026-07-29,54.6,53.9118,VCB,80_20,Linear Regression
2026-07-30,56.5,54.5052,VCB,80_20,Linear Regression
2026-07-31,59.3,56.4629,VCB,80_20,Linear Regression
2026-08-03,60.8,59.43,VCB,80_20,Linear Regression
2026-08-04,60.0,60.6331,VCB,80_20,Linear Regression
2026-08-05,59.3,59.7134,VCB,80_20,Linear Regression
2026-08-06,59.0,59.3355,VCB,80_20,Linear Regression
2026-08-07,59.7,59.1051,VCB,80_20,Linear Regression
2026-08-10,60.3,59.987,VCB,80_20,Linear Regression
2026-08-11,59.8,60.3793,VCB,80_20,Linear Regression
2026-08-12,59.7,59.7575,VCB,80_20,Linear Regression
2026-08-13,59.5,59.6813,VCB,80_20,Linear Regression
2026-08-14,58.5,59.5866,VCB,80_20,Linear Regression
2026-08-17,58.2,58.5617,VCB,80_20,Linear Regression
2026-08-18,58.0,58.2532,VCB,80_20,Linear Regression
2026-08-19,57.4,58.0466,VCB,80_20,Linear Regression
2026-08-20,57.8,57.3172,VCB,80_20,Linear Regression
2026-08-21,59.1,57.742,VCB,80_20,Linear Regression
2026-08-24,59.2,58.9911,VCB,80_20,Linear Regression
2026-08-25,59.4,59.3793,VCB,80_20,Linear Regression
2026-08-26,60.3,59.4801,VCB,80_20,Linear Regression
2026-08-27,60.1,60.3225,VCB,80_20,Linear Regression
2026-08-28,60.1,60.3968,VCB,80_20,Linear Regression
2026-09-03,58.7,60.1911,VCB,80_20,Linear Regression
2026-09-04,58.9,58.7639,VCB,80_20,Linear Regression
2026-09-07,58.0,59.0562,VCB,80_20,Linear Regression
2026-09-08,58.1,58.213,VCB,80_20,Linear Regression
2026-09-09,58.7,58.2357,VCB,80_20,Linear Regression
2026-09-10,59.0,58.8826,VCB,80_20,Linear Regression
2026-09-11,58.2,59.0261,VCB,80_20,Linear Regression
2026-09-14,58.5,58.163,VCB,80_20,Linear Regression
2026-09-15,60.0,58.4832,VCB,80_20,Linear Regression
2026-09-16,59.3,60.0222,VCB,80_20,Linear Regression
2026-09-17,59.6,59.3181,VCB,80_20,Linear Regression
2026-09-18,59.9,59.476,VCB,80_20,Linear Regression
2026-09-21,58.9,60.1211,VCB,80_20,Linear Regression
2026-09-22,58.9,58.9958,VCB,80_20,Linear Regression
2026-09-23,58.5,59.0695,VCB,80_20,Linear Regression
2026-09-24,58.1,58.7425,VCB,80_20,Linear Regression
2026-09-25,58.0,58.2425,VCB,80_20,Linear Regression
2026-09-28,58.3,58.0913,VCB,80_20,Linear Regression
2026-09-29,58.0,58.3432,VCB,80_20,Linear Regression
2026-09-30,58.0,58.0262,VCB,80_20,Linear Regression
2026-10-01,57.6,58.0763,VCB,80_20,Linear Regression
2025-03-11,105.22,106.7207,FPT,80_20,Linear Regression
2025-03-12,103.99,105.3265,FPT,80_20,Linear Regression
2025-03-13,104.45,104.6488,FPT,80_20,Linear Regression
2025-03-14,100.55,105.2481,FPT,80_20,Linear Regression
2025-03-17,99.48,100.7094,FPT,80_20,Linear Regression
2025-03-18,99.48,100.354,FPT,80_20,Linear Regression
2025-03-19,95.35,100.3764,FPT,80_20,Linear Regression
2025-03-20,95.65,95.7849,FPT,80_20,Linear Regression
2025-03-21,97.95,96.7617,FPT,80_20,Linear Regression
2025-03-24,98.71,98.4103,FPT,80_20,Linear Regression
2025-03-25,96.8,98.8171,FPT,80_20,Linear Regression
2025-03-26,94.12,96.9051,FPT,80_20,Linear Regression
2025-03-27,96.57,94.3752,FPT,80_20,Linear Regression
2025-03-28,94.89,96.8898,FPT,80_20,Linear Regression
2025-03-31,92.59,95.1311,FPT,80_20,Linear Regression
2025-04-01,92.21,93.0697,FPT,80_20,Linear Regression
2025-04-02,93.36,92.6108,FPT,80_20,Linear Regression
2025-04-03,86.85,94.0254,FPT,80_20,Linear Regression
2025-04-04,86.47,86.7275,FPT,80_20,Linear Regression
2025-04-08,80.42,86.6269,FPT,80_20,Linear Regression
2025-04-09,80.58,80.7379,FPT,80_20,Linear Regression
2025-04-10,86.16,81.6708,FPT,80_20,Linear Regression
2025-04-11,90.68,87.9749,FPT,80_20,Linear Regression
2025-04-14,90.68,91.1699,FPT,80_20,Linear Regression
2025-04-15,88.76,90.0802,FPT,80_20,Linear Regression
2025-04-16,82.57,88.406,FPT,80_20,Linear Regression
2025-04-17,83.71,83.0723,FPT,80_20,Linear Regression
2025-04-18,85.4,85.0365,FPT,80_20,Linear Regression
2025-04-21,85.47,86.905,FPT,80_20,Linear Regression
2025-04-22,84.48,85.9504,FPT,80_20,Linear Regression
2025-04-23,84.48,83.4364,FPT,80_20,Linear Regression
2025-04-24,85.7,84.4465,FPT,80_20,Linear Regression
2025-04-25,86.01,86.2114,FPT,80_20,Linear Regression
2025-04-28,83.79,85.8365,FPT,80_20,Linear Regression
2025-04-29,83.71,83.8824,FPT,80_20,Linear Regression
2025-05-05,83.1,84.3437,FPT,80_20,Linear Regression
2025-05-06,83.94,83.2441,FPT,80_20,Linear Regression
2025-05-07,83.94,84.624,FPT,80_20,Linear Regression
2025-05-08,87.46,84.1281,FPT,80_20,Linear Regression
2025-05-09,88.76,87.6589,FPT,80_20,Linear Regression
2025-05-12,90.52,88.6724,FPT,80_20,Linear Regression
2025-05-13,91.44,90.9415,FPT,80_20,Linear Regression
2025-05-14,96.65,91.6849,FPT,80_20,Linear Regression
2025-05-15,95.65,97.012,FPT,80_20,Linear Regression
2025-05-16,92.59,95.3412,FPT,80_20,Linear Regression
2025-05-19,90.45,92.8937,FPT,80_20,Linear Regression
2025-05-20,91.21,90.7197,FPT,80_20,Linear Regression
2025-05-21,90.52,91.9289,FPT,80_20,Linear Regression
2025-05-22,89.38,90.8889,FPT,80_20,Linear Regression
2025-05-23,89.61,89.4416,FPT,80_20,Linear Regression
2025-05-26,89.76,89.7994,FPT,80_20,Linear Regression
2025-05-27,91.06,89.5941,FPT,80_20,Linear Regression
2025-05-28,90.6,91.2034,FPT,80_20,Linear Regression
2025-05-29,89.61,90.3641,FPT,80_20,Linear Regression
2025-05-30,89.15,89.7397,FPT,80_20,Linear Regression
2025-06-02,88.84,89.4596,FPT,80_20,Linear Regression
2025-06-03,89.84,89.0736,FPT,80_20,Linear Regression
2025-06-04,89.61,90.1316,FPT,80_20,Linear Regression
2025-06-05,89.38,89.5762,FPT,80_20,Linear Regression
2025-06-06,88.0,89.4289,FPT,80_20,Linear Regression
2025-06-09,88.92,88.0551,FPT,80_20,Linear Regression
2025-06-10,88.53,89.2763,FPT,80_20,Linear Regression
2025-06-11,90.22,88.7204,FPT,80_20,Linear Regression
2025-06-12,90.3,90.5226,FPT,80_20,Linear Regression
2025-06-13,89.06,90.2448,FPT,80_20,Linear Regression
2025-06-16,91.84,88.9874,FPT,80_20,Linear Regression
2025-06-17,91.69,92.07,FPT,80_20,Linear Regression
2025-06-18,90.3,91.5368,FPT,80_20,Linear Regression
2025-06-19,89.53,90.4361,FPT,80_20,Linear Regression
2025-06-20,89.6,89.7117,FPT,80_20,Linear Regression
2025-06-23,89.45,90.0292,FPT,80_20,Linear Regression
2025-06-24,89.91,89.4862,FPT,80_20,Linear Regression
2025-06-25,90.37,90.1766,FPT,80_20,Linear Regression
2025-06-26,90.3,90.7991,FPT,80_20,Linear Regression
2025-06-27,90.53,90.4049,FPT,80_20,Linear Regression
2025-06-30,91.22,90.7017,FPT,80_20,Linear Regression
2025-07-01,91.69,91.4868,FPT,80_20,Linear Regression
2025-07-02,91.53,91.8083,FPT,80_20,Linear Regression
2025-07-03,91.07,91.3737,FPT,80_20,Linear Regression
2025-07-04,94.54,91.273,FPT,80_20,Linear Regression
2025-07-07,95.55,94.9427,FPT,80_20,Linear Regression
2025-07-08,96.09,95.6925,FPT,80_20,Linear Regression
2025-07-09,94.77,96.4689,FPT,80_20,Linear Regression
2025-07-10,95.62,94.7492,FPT,80_20,Linear Regression
2025-07-11,97.71,96.1678,FPT,80_20,Linear Regression
2025-07-14,98.09,98.109,FPT,80_20,Linear Regression
2025-07-15,97.24,97.9221,FPT,80_20,Linear Regression
2025-07-16,97.47,97.4146,FPT,80_20,Linear Regression
2025-07-17,98.01,97.5462,FPT,80_20,Linear Regression
2025-07-18,97.24,98.3063,FPT,80_20,Linear Regression
2025-07-21,97.89,97.3888,FPT,80_20,Linear Regression
2025-07-22,99.49,98.4298,FPT,80_20,Linear Regression
2025-07-23,99.22,99.1551,FPT,80_20,Linear Regression
2025-07-24,98.6,99.1833,FPT,80_20,Linear Regression
2025-07-25,98.25,98.6248,FPT,80_20,Linear Regression
2025-07-28,98.78,98.3413,FPT,80_20,Linear Regression
2025-07-29,94.07,98.9257,FPT,80_20,Linear Regression
2025-07-30,94.16,94.1796,FPT,80_20,Linear Regression
2025-07-31,92.3,95.1201,FPT,80_20,Linear Regression
2025-08-01,94.96,92.7514,FPT,80_20,Linear Regression
2025-08-04,94.61,95.1152,FPT,80_20,Linear Regression
2025-08-05,93.9,93.9261,FPT,80_20,Linear Regression
2025-08-06,93.1,94.1515,FPT,80_20,Linear Regression
2025-08-07,94.25,93.097,FPT,80_20,Linear Regression
2025-08-08,93.72,94.6019,FPT,80_20,Linear Regression
2025-08-11,94.43,93.6858,FPT,80_20,Linear Regression
2025-08-12,95.41,94.9861,FPT,80_20,Linear Regression
2025-08-13,93.28,95.5407,FPT,80_20,Linear Regression
2025-08-14,92.12,93.2893,FPT,80_20,Linear Regression
2025-08-15,89.99,92.5588,FPT,80_20,Linear Regression
2025-08-18,89.19,90.5438,FPT,80_20,Linear Regression
2025-08-19,89.02,90.0837,FPT,80_20,Linear Regression
2025-08-20,86.71,89.6081,FPT,80_20,Linear Regression
2025-08-21,90.26,87.041,FPT,80_20,Linear Regression
2025-08-22,87.86,90.865,FPT,80_20,Linear Regression
2025-08-25,87.68,87.5606,FPT,80_20,Linear Regression
2025-08-26,88.75,88.559,FPT,80_20,Linear Regression
2025-08-27,93.19,88.6321,FPT,80_20,Linear Regression
2025-08-28,92.74,93.713,FPT,80_20,Linear Regression
2025-08-29,90.17,92.2458,FPT,80_20,Linear Regression
2025-09-03,91.59,90.4301,FPT,80_20,Linear Regression
2025-09-04,93.19,91.6464,FPT,80_20,Linear Regression
2025-09-05,91.77,93.4988,FPT,80_20,Linear Regression
2025-09-08,90.44,91.9695,FPT,80_20,Linear Regression
2025-09-09,90.61,90.8134,FPT,80_20,Linear Regression
2025-09-10,89.81,90.9307,FPT,80_20,Linear Regression
2025-09-11,90.52,90.2673,FPT,80_20,Linear Regression
2025-09-12,90.17,90.7949,FPT,80_20,Linear Regression
2025-09-15,90.44,90.2156,FPT,80_20,Linear Regression
2025-09-16,91.86,90.8553,FPT,80_20,Linear Regression
2025-09-17,93.63,92.1574,FPT,80_20,Linear Regression
2025-09-18,91.41,94.1669,FPT,80_20,Linear Regression
2025-09-19,91.41,91.4105,FPT,80_20,Linear Regression
2025-09-22,88.48,91.3705,FPT,80_20,Linear Regression
2025-09-23,86.97,88.633,FPT,80_20,Linear Regression
2025-09-24,88.31,87.7697,FPT,80_20,Linear Regression
2025-09-25,86.97,88.7167,FPT,80_20,Linear Regression
2025-09-26,86.53,87.2316,FPT,80_20,Linear Regression
2025-09-29,84.76,87.0345,FPT,80_20,Linear Regression
2025-09-30,82.54,84.9452,FPT,80_20,Linear Regression
2025-10-01,82.89,83.0647,FPT,80_20,Linear Regression
2025-10-02,81.74,83.3145,FPT,80_20,Linear Regression
2025-10-03,82.89,82.0837,FPT,80_20,Linear Regression
2025-10-06,84.76,83.3724,FPT,80_20,Linear Regression
2025-10-07,84.76,84.8388,FPT,80_20,Linear Regression
2025-10-08,83.87,84.842,FPT,80_20,Linear Regression
2025-10-09,83.6,84.1785,FPT,80_20,Linear Regression
2025-10-10,85.29,83.704,FPT,80_20,Linear Regression
2025-10-13,83.42,85.4924,FPT,80_20,Linear Regression
2025-10-14,82.0,83.2264,FPT,80_20,Linear Regression
2025-10-15,79.52,82.5102,FPT,80_20,Linear Regression
2025-10-16,79.7,80.1029,FPT,80_20,Linear Regression
2025-10-17,78.19,80.8531,FPT,80_20,Linear Regression
2025-10-20,77.21,78.8915,FPT,80_20,Linear Regression
2025-10-21,82.54,78.3902,FPT,80_20,Linear Regression
2025-10-22,86.09,83.1879,FPT,80_20,Linear Regression
2025-10-23,84.31,86.7684,FPT,80_20,Linear Regression
2025-10-24,86.71,84.1094,FPT,80_20,Linear Regression
2025-10-27,86.97,87.0267,FPT,80_20,Linear Regression
2025-10-28,90.7,86.9036,FPT,80_20,Linear Regression
2025-10-29,90.26,91.2327,FPT,80_20,Linear Regression
2025-10-30,91.15,90.2301,FPT,80_20,Linear Regression
2025-10-31,92.21,91.631,FPT,80_20,Linear Regression
2025-11-03,93.19,91.9943,FPT,80_20,Linear Regression
2025-11-04,91.68,93.5202,FPT,80_20,Linear Regression
2025-11-05,89.55,91.3094,FPT,80_20,Linear Regression
2025-11-06,88.93,89.4045,FPT,80_20,Linear Regression
2025-11-07,89.64,89.4702,FPT,80_20,Linear Regression
2025-11-10,85.38,90.1224,FPT,80_20,Linear Regression
2025-11-11,85.29,85.5925,FPT,80_20,Linear Regression
2025-11-12,89.28,86.3408,FPT,80_20,Linear Regression
2025-11-13,87.77,89.5812,FPT,80_20,Linear Regression
2025-11-14,88.75,87.6648,FPT,80_20,Linear Regression
2025-11-17,89.64,88.9357,FPT,80_20,Linear Regression
2025-11-18,88.75,89.7747,FPT,80_20,Linear Regression
2025-11-19,86.97,88.5016,FPT,80_20,Linear Regression
2025-11-20,87.86,86.9992,FPT,80_20,Linear Regression
2025-11-21,89.46,88.2804,FPT,80_20,Linear Regression
2025-11-24,88.93,89.4178,FPT,80_20,Linear Regression
2025-11-25,88.48,88.8669,FPT,80_20,Linear Regression
2025-11-26,87.86,88.4294,FPT,80_20,Linear Regression
2025-11-27,88.31,87.9994,FPT,80_20,Linear Regression
2025-11-28,86.18,88.3564,FPT,80_20,Linear Regression
2025-12-01,86.62,86.2338,FPT,80_20,Linear Regression
2025-12-02,86.62,87.1796,FPT,80_20,Linear Regression
2025-12-03,86.62,86.5951,FPT,80_20,Linear Regression
2025-12-04,87.43,86.7747,FPT,80_20,Linear Regression
2025-12-05,86.27,87.6131,FPT,80_20,Linear Regression
2025-12-08,85.64,86.1744,FPT,80_20,Linear Regression
2025-12-09,86.89,85.9972,FPT,80_20,Linear Regression
2025-12-10,85.73,86.8151,FPT,80_20,Linear Regression
2025-12-11,86.09,85.7692,FPT,80_20,Linear Regression
2025-12-12,84.02,86.4071,FPT,80_20,Linear Regression
2025-12-15,84.11,83.9881,FPT,80_20,Linear Regression
2025-12-16,85.1,84.6506,FPT,80_20,Linear Regression
2025-12-17,86.0,84.9278,FPT,80_20,Linear Regression
2025-12-18,84.65,86.088,FPT,80_20,Linear Regression
2025-12-19,84.2,84.4373,FPT,80_20,Linear Regression
2025-12-22,84.02,84.4461,FPT,80_20,Linear Regression
2025-12-23,84.29,84.2282,FPT,80_20,Linear Regression
2025-12-24,83.93,84.8243,FPT,80_20,Linear Regression
2025-12-25,83.4,83.9027,FPT,80_20,Linear Regression
2025-12-26,82.95,83.7089,FPT,80_20,Linear Regression
2025-12-29,84.56,82.7748,FPT,80_20,Linear Regression
2025-12-30,86.54,84.8325,FPT,80_20,Linear Regression
2025-12-31,85.91,86.5813,FPT,80_20,Linear Regression
2026-01-05,85.19,85.8196,FPT,80_20,Linear Regression
2026-01-06,84.29,84.9194,FPT,80_20,Linear Regression
2026-01-07,87.43,84.3412,FPT,80_20,Linear Regression
2026-01-08,86.54,87.7699,FPT,80_20,Linear Regression
2026-01-09,87.34,86.5254,FPT,80_20,Linear Regression
2026-01-12,89.23,87.9445,FPT,80_20,Linear Regression
2026-01-13,88.69,89.4027,FPT,80_20,Linear Regression
2026-01-14,89.49,88.8347,FPT,80_20,Linear Regression
2026-01-15,88.33,89.6441,FPT,80_20,Linear Regression
2026-01-16,94.43,88.5834,FPT,80_20,Linear Regression
2026-01-19,94.87,95.0382,FPT,80_20,Linear Regression
2026-01-20,93.35,95.1015,FPT,80_20,Linear Regression
2026-01-21,94.16,93.7534,FPT,80_20,Linear Regression
2026-01-22,92.81,94.0088,FPT,80_20,Linear Regression
2026-01-23,90.57,93.0068,FPT,80_20,Linear Regression
2026-01-26,88.33,91.1457,FPT,80_20,Linear Regression
2026-01-27,91.56,88.8644,FPT,80_20,Linear Regression
2026-01-28,93.71,92.3465,FPT,80_20,Linear Regression
2026-01-29,95.14,93.9819,FPT,80_20,Linear Regression
2026-01-30,93.71,95.1514,FPT,80_20,Linear Regression
2026-02-02,93.53,93.455,FPT,80_20,Linear Regression
2026-02-03,93.17,93.0776,FPT,80_20,Linear Regression
2026-02-04,91.38,93.1772,FPT,80_20,Linear Regression
2026-02-05,88.78,91.491,FPT,80_20,Linear Regression
2026-02-06,87.52,89.2396,FPT,80_20,Linear Regression
2026-02-09,88.78,88.2009,FPT,80_20,Linear Regression
2026-02-10,87.7,89.4401,FPT,80_20,Linear Regression
2026-02-11,88.42,87.8342,FPT,80_20,Linear Regression
2026-02-12,88.6,88.5952,FPT,80_20,Linear Regression
2026-02-13,86.36,88.5009,FPT,80_20,Linear Regression
2026-02-23,84.74,86.3906,FPT,80_20,Linear Regression
2026-02-24,82.95,84.8814,FPT,80_20,Linear Regression
2026-02-25,79.9,83.4617,FPT,80_20,Linear Regression
2026-02-26,81.15,80.7474,FPT,80_20,Linear Regression
2026-02-27,83.31,82.4521,FPT,80_20,Linear Regression
2026-03-02,80.35,83.6185,FPT,80_20,Linear Regression
2026-03-03,78.02,80.1382,FPT,80_20,Linear Regression
2026-03-04,76.31,78.6476,FPT,80_20,Linear Regression
2026-03-05,75.68,76.7648,FPT,80_20,Linear Regression
2026-03-06,73.17,76.8483,FPT,80_20,Linear Regression
2026-03-09,68.06,73.819,FPT,80_20,Linear Regression
2026-03-10,71.29,68.2782,FPT,80_20,Linear Regression
2026-03-11,71.92,72.6323,FPT,80_20,Linear Regression
2026-03-12,69.68,72.1393,FPT,80_20,Linear Regression
2026-03-13,69.05,69.8889,FPT,80_20,Linear Regression
2026-03-16,70.12,69.4108,FPT,80_20,Linear Regression
2026-03-17,71.2,70.7163,FPT,80_20,Linear Regression
2026-03-18,70.48,71.9969,FPT,80_20,Linear Regression
2026-03-19,68.87,70.6079,FPT,80_20,Linear Regression
2026-03-20,66.9,69.0065,FPT,80_20,Linear Regression
2026-03-23,65.55,67.2395,FPT,80_20,Linear Regression
2026-03-24,67.61,66.3036,FPT,80_20,Linear Regression
2026-03-25,69.05,68.5526,FPT,80_20,Linear Regression
2026-03-26,66.54,69.3401,FPT,80_20,Linear Regression
2026-03-27,68.24,66.6683,FPT,80_20,Linear Regression
2026-03-30,66.36,68.6973,FPT,80_20,Linear Regression
2026-03-31,66.99,66.2334,FPT,80_20,Linear Regression
2026-04-01,67.52,67.8279,FPT,80_20,Linear Regression
2026-04-02,66.99,67.907,FPT,80_20,Linear Regression
2026-04-03,66.36,67.1624,FPT,80_20,Linear Regression
2026-04-06,66.27,66.726,FPT,80_20,Linear Regression
2026-04-07,66.36,66.5722,FPT,80_20,Linear Regression
2026-04-08,70.93,66.6964,FPT,80_20,Linear Regression
2026-04-09,70.21,71.4729,FPT,80_20,Linear Regression
2026-04-10,69.68,70.0959,FPT,80_20,Linear Regression
2026-04-13,68.15,70.0855,FPT,80_20,Linear Regression
2026-04-14,68.33,68.2533,FPT,80_20,Linear Regression
2026-04-15,67.34,69.0453,FPT,80_20,Linear Regression
2026-04-16,66.45,67.7787,FPT,80_20,Linear Regression
2026-04-17,68.15,66.9778,FPT,80_20,Linear Regression
2026-04-20,68.96,68.9606,FPT,80_20,Linear Regression
2026-04-21,67.34,69.1061,FPT,80_20,Linear Regression
2026-04-22,66.9,67.4582,FPT,80_20,Linear Regression
2026-04-23,66.63,67.1213,FPT,80_20,Linear Regression
2026-04-24,65.82,67.071,FPT,80_20,Linear Regression
2026-04-28,66.72,66.1148,FPT,80_20,Linear Regression
2026-04-29,67.7,66.8691,FPT,80_20,Linear Regression
2026-05-04,66.09,67.5832,FPT,80_20,Linear Regression
2026-05-05,66.63,66.0439,FPT,80_20,Linear Regression
2026-05-06,65.73,66.7237,FPT,80_20,Linear Regression
2026-05-07,65.46,65.7312,FPT,80_20,Linear Regression
2026-05-08,64.48,65.9863,FPT,80_20,Linear Regression
2026-05-11,62.77,64.7208,FPT,80_20,Linear Regression
2026-05-12,63.31,63.1489,FPT,80_20,Linear Regression
2026-05-13,63.4,63.9332,FPT,80_20,Linear Regression
2026-05-14,66.27,63.6501,FPT,80_20,Linear Regression
2026-05-15,65.37,66.8096,FPT,80_20,Linear Regression
2026-05-18,67.17,65.2273,FPT,80_20,Linear Regression
2026-05-19,66.81,67.3288,FPT,80_20,Linear Regression
2026-05-20,69.68,66.8735,FPT,80_20,Linear Regression
2026-05-21,68.6,69.741,FPT,80_20,Linear Regression
2026-05-22,67.34,68.3447,FPT,80_20,Linear Regression
2026-05-25,65.91,67.8312,FPT,80_20,Linear Regression
2026-05-26,66.81,66.3156,FPT,80_20,Linear Regression
2026-05-27,66.0,67.4068,FPT,80_20,Linear Regression
2026-05-28,64.73,66.2224,FPT,80_20,Linear Regression
2026-05-29,65.09,65.1145,FPT,80_20,Linear Regression
2026-06-01,66.27,65.4091,FPT,80_20,Linear Regression
2026-06-02,68.0,66.6197,FPT,80_20,Linear Regression
2026-06-03,69.55,68.2427,FPT,80_20,Linear Regression
2026-06-04,69.18,69.8433,FPT,80_20,Linear Regression
2026-06-05,68.18,69.2344,FPT,80_20,Linear Regression
2026-06-08,66.27,68.1342,FPT,80_20,Linear Regression
2026-06-09,67.0,66.4302,FPT,80_20,Linear Regression
2026-06-10,67.46,67.5219,FPT,80_20,Linear Regression
2026-06-11,66.46,67.6986,FPT,80_20,Linear Regression
2026-06-12,66.82,66.5502,FPT,80_20,Linear Regression
2026-06-15,66.91,67.1816,FPT,80_20,Linear Regression
2026-06-16,66.55,67.1838,FPT,80_20,Linear Regression
2026-06-17,65.73,66.7053,FPT,80_20,Linear Regression
2026-06-18,65.09,65.8095,FPT,80_20,Linear Regression
2026-06-19,65.0,65.2909,FPT,80_20,Linear Regression
2026-06-22,64.18,65.1556,FPT,80_20,Linear Regression
2026-06-23,64.36,64.3238,FPT,80_20,Linear Regression
2026-06-24,64.36,64.7523,FPT,80_20,Linear Regression
2026-06-25,64.55,64.3354,FPT,80_20,Linear Regression
2026-06-26,64.36,64.7457,FPT,80_20,Linear Regression
2026-06-29,64.0,64.2676,FPT,80_20,Linear Regression
2026-06-30,63.82,63.997,FPT,80_20,Linear Regression
2026-07-01,66.27,63.9777,FPT,80_20,Linear Regression
2026-07-02,65.91,66.5031,FPT,80_20,Linear Regression
2026-07-03,65.73,65.9086,FPT,80_20,Linear Regression
2026-07-06,66.36,65.8813,FPT,80_20,Linear Regression
2026-07-07,66.55,66.5419,FPT,80_20,Linear Regression
2026-07-08,65.55,66.5935,FPT,80_20,Linear Regression
2026-07-09,65.55,65.4231,FPT,80_20,Linear Regression
2026-07-10,64.18,65.8175,FPT,80_20,Linear Regression
2026-07-13,64.09,64.3683,FPT,80_20,Linear Regression
2026-07-14,63.91,64.552,FPT,80_20,Linear Regression
2026-07-15,60.73,64.0905,FPT,80_20,Linear Regression
2026-07-16,61.82,60.9926,FPT,80_20,Linear Regression
2026-07-17,60.91,61.9166,FPT,80_20,Linear Regression
2026-07-20,61.0,61.1096,FPT,80_20,Linear Regression
2026-07-21,58.91,61.2949,FPT,80_20,Linear Regression
2026-07-22,58.73,59.0508,FPT,80_20,Linear Regression
2026-07-23,58.82,59.6279,FPT,80_20,Linear Regression
2026-07-24,57.18,59.1072,FPT,80_20,Linear Regression
2026-07-27,56.55,57.3448,FPT,80_20,Linear Regression
2026-07-28,57.27,56.9767,FPT,80_20,Linear Regression
2026-07-29,59.18,57.4824,FPT,80_20,Linear Regression
2026-07-30,60.91,59.2446,FPT,80_20,Linear Regression
2026-07-31,61.0,60.9027,FPT,80_20,Linear Regression
2026-08-03,65.18,61.0535,FPT,80_20,Linear Regression
2026-08-04,65.0,65.4519,FPT,80_20,Linear Regression
2026-08-05,63.91,65.1082,FPT,80_20,Linear Regression
2026-08-06,64.27,64.2585,FPT,80_20,Linear Regression
2026-08-07,64.36,64.6983,FPT,80_20,Linear Regression
2026-08-10,65.27,64.6535,FPT,80_20,Linear Regression
2026-08-11,64.73,65.52,FPT,80_20,Linear Regression
2026-08-12,64.36,64.9509,FPT,80_20,Linear Regression
2026-08-13,62.91,64.5961,FPT,80_20,Linear Regression
2026-08-14,62.09,63.146,FPT,80_20,Linear Regression
2026-08-17,62.55,62.4819,FPT,80_20,Linear Regression
2026-08-18,62.73,62.9924,FPT,80_20,Linear Regression
2026-08-19,62.64,62.8132,FPT,80_20,Linear Regression
2026-08-20,63.46,62.6457,FPT,80_20,Linear Regression
2026-08-21,65.46,63.612,FPT,80_20,Linear Regression
2026-08-24,64.91,65.4036,FPT,80_20,Linear Regression
2026-08-25,64.27,64.9274,FPT,80_20,Linear Regression
2026-08-26,66.0,64.4801,FPT,80_20,Linear Regression
2026-08-27,65.64,66.1834,FPT,80_20,Linear Regression
2026-08-28,66.55,65.6434,FPT,80_20,Linear Regression
2026-09-03,65.64,66.8712,FPT,80_20,Linear Regression
2026-09-04,66.18,65.5023,FPT,80_20,Linear Regression
2026-09-07,65.82,66.4414,FPT,80_20,Linear Regression
2026-09-08,65.64,65.9414,FPT,80_20,Linear Regression
2026-09-09,65.82,65.7596,FPT,80_20,Linear Regression
2026-09-10,67.73,65.9445,FPT,80_20,Linear Regression
2026-09-11,66.09,67.8537,FPT,80_20,Linear Regression
2026-09-14,65.82,65.9149,FPT,80_20,Linear Regression
2026-09-15,66.09,66.1137,FPT,80_20,Linear Regression
2026-09-16,67.09,66.3113,FPT,80_20,Linear Regression
2026-09-17,67.55,66.9841,FPT,80_20,Linear Regression
2026-09-18,65.18,67.2816,FPT,80_20,Linear Regression
2026-09-21,66.4,65.2216,FPT,80_20,Linear Regression
2026-09-22,66.6,66.7069,FPT,80_20,Linear Regression
2026-09-23,66.1,66.6552,FPT,80_20,Linear Regression
2026-09-24,65.3,66.3242,FPT,80_20,Linear Regression
2026-09-25,64.7,65.3061,FPT,80_20,Linear Regression
2026-09-28,63.7,64.9556,FPT,80_20,Linear Regression
2026-09-29,63.2,63.7648,FPT,80_20,Linear Regression
2026-09-30,63.0,63.5329,FPT,80_20,Linear Regression
2026-10-01,62.7,63.3442,FPT,80_20,Linear Regression
2025-03-11,20.94,20.8167,HPG,80_20,Linear Regression
2025-03-12,20.68,20.9089,HPG,80_20,Linear Regression
2025-03-13,20.61,20.6635,HPG,80_20,Linear Regression
2025-03-14,20.49,20.6629,HPG,80_20,Linear Regression
2025-03-17,20.72,20.517,HPG,80_20,Linear Regression
2025-03-18,20.53,20.7892,HPG,80_20,Linear Regression
2025-03-19,20.27,20.5293,HPG,80_20,Linear Regression
2025-03-20,20.2,20.2691,HPG,80_20,Linear Regression
2025-03-21,20.2,20.2325,HPG,80_20,Linear Regression
2025-03-24,20.2,20.2145,HPG,80_20,Linear Regression
2025-03-25,20.23,20.174,HPG,80_20,Linear Regression
2025-03-26,20.49,20.233,HPG,80_20,Linear Regression
2025-03-27,20.46,20.4971,HPG,80_20,Linear Regression
2025-03-28,20.2,20.4324,HPG,80_20,Linear Regression
2025-03-31,19.9,20.1627,HPG,80_20,Linear Regression
2025-04-01,20.09,19.8867,HPG,80_20,Linear Regression
2025-04-02,20.27,20.0941,HPG,80_20,Linear Regression
2025-04-03,18.86,20.2595,HPG,80_20,Linear Regression
2025-04-04,18.3,18.7403,HPG,80_20,Linear Regression
2025-04-08,17.04,18.2547,HPG,80_20,Linear Regression
2025-04-09,15.85,17.0638,HPG,80_20,Linear Regression
2025-04-10,16.92,15.9979,HPG,80_20,Linear Regression
2025-04-11,18.08,17.2859,HPG,80_20,Linear Regression
2025-04-14,18.86,18.109,HPG,80_20,Linear Regression
2025-04-15,19.23,18.8869,HPG,80_20,Linear Regression
2025-04-16,18.97,19.1837,HPG,80_20,Linear Regression
2025-04-17,18.97,18.861,HPG,80_20,Linear Regression
2025-04-18,18.93,18.8564,HPG,80_20,Linear Regression
2025-04-21,18.56,18.9101,HPG,80_20,Linear Regression
2025-04-22,18.64,18.5503,HPG,80_20,Linear Regression
2025-04-23,19.01,18.459,HPG,80_20,Linear Regression
2025-04-24,19.04,19.0678,HPG,80_20,Linear Regression
2025-04-25,19.12,18.9806,HPG,80_20,Linear Regression
2025-04-28,19.08,19.0731,HPG,80_20,Linear Regression
2025-04-29,18.97,19.016,HPG,80_20,Linear Regression
2025-05-05,19.12,18.9316,HPG,80_20,Linear Regression
2025-05-06,18.93,19.068,HPG,80_20,Linear Regression
2025-05-07,18.9,18.8854,HPG,80_20,Linear Regression
2025-05-08,19.12,18.8787,HPG,80_20,Linear Regression
2025-05-09,19.08,19.077,HPG,80_20,Linear Regression
2025-05-12,18.9,19.0299,HPG,80_20,Linear Regression
2025-05-13,19.19,18.816,HPG,80_20,Linear Regression
2025-05-14,19.45,19.2578,HPG,80_20,Linear Regression
2025-05-15,19.45,19.4798,HPG,80_20,Linear Regression
2025-05-16,19.19,19.4303,HPG,80_20,Linear Regression
2025-05-19,19.08,19.2127,HPG,80_20,Linear Regression
2025-05-20,19.08,19.114,HPG,80_20,Linear Regression
2025-05-21,19.16,19.1153,HPG,80_20,Linear Regression
2025-05-22,19.08,19.1998,HPG,80_20,Linear Regression
2025-05-23,19.04,19.0849,HPG,80_20,Linear Regression
2025-05-26,19.01,19.0671,HPG,80_20,Linear Regression
2025-05-27,19.01,18.9446,HPG,80_20,Linear Regression
2025-05-28,19.04,19.051,HPG,80_20,Linear Regression
2025-05-29,19.01,19.0521,HPG,80_20,Linear Regression
2025-05-30,19.16,19.0012,HPG,80_20,Linear Regression
2025-06-02,19.01,19.2255,HPG,80_20,Linear Regression
2025-06-03,19.34,18.939,HPG,80_20,Linear Regression
2025-06-04,19.3,19.3787,HPG,80_20,Linear Regression
2025-06-05,19.16,19.2958,HPG,80_20,Linear Regression
2025-06-06,19.38,19.1489,HPG,80_20,Linear Regression
2025-06-09,19.57,19.4325,HPG,80_20,Linear Regression
2025-06-10,19.49,19.5303,HPG,80_20,Linear Regression
2025-06-11,19.42,19.507,HPG,80_20,Linear Regression
2025-06-12,19.94,19.4126,HPG,80_20,Linear Regression
2025-06-13,19.64,19.9413,HPG,80_20,Linear Regression
2025-06-16,19.9,19.5563,HPG,80_20,Linear Regression
2025-06-17,19.97,19.9208,HPG,80_20,Linear Regression
2025-06-18,20.2,19.962,HPG,80_20,Linear Regression
2025-06-19,20.01,20.181,HPG,80_20,Linear Regression
2025-06-20,20.09,19.9728,HPG,80_20,Linear Regression
2025-06-23,19.97,20.1026,HPG,80_20,Linear Regression
2025-06-24,20.09,19.9231,HPG,80_20,Linear Regression
2025-06-25,20.23,20.1377,HPG,80_20,Linear Regression
2025-06-26,20.35,20.2391,HPG,80_20,Linear Regression
2025-06-27,20.4,20.4054,HPG,80_20,Linear Regression
2025-06-30,20.27,20.4169,HPG,80_20,Linear Regression
2025-07-01,20.22,20.2876,HPG,80_20,Linear Regression
2025-07-02,20.44,20.2483,HPG,80_20,Linear Regression
2025-07-03,20.62,20.4306,HPG,80_20,Linear Regression
2025-07-04,20.76,20.6837,HPG,80_20,Linear Regression
2025-07-07,21.07,20.7819,HPG,80_20,Linear Regression
2025-07-08,22.05,21.1289,HPG,80_20,Linear Regression
2025-07-09,22.1,22.0362,HPG,80_20,Linear Regression
2025-07-10,22.45,22.1129,HPG,80_20,Linear Regression
2025-07-11,23.21,22.4964,HPG,80_20,Linear Regression
2025-07-14,22.99,23.2311,HPG,80_20,Linear Regression
2025-07-15,22.76,22.9926,HPG,80_20,Linear Regression
2025-07-16,23.3,22.8793,HPG,80_20,Linear Regression
2025-07-17,23.21,23.3585,HPG,80_20,Linear Regression
2025-07-18,23.12,23.2415,HPG,80_20,Linear Regression
2025-07-21,23.39,23.199,HPG,80_20,Linear Regression
2025-07-22,23.61,23.5696,HPG,80_20,Linear Regression
2025-07-23,23.57,23.6157,HPG,80_20,Linear Regression
2025-07-24,23.21,23.675,HPG,80_20,Linear Regression
2025-07-25,23.26,23.2514,HPG,80_20,Linear Regression
2025-07-28,23.52,23.3582,HPG,80_20,Linear Regression
2025-07-29,22.63,23.6048,HPG,80_20,Linear Regression
2025-07-30,22.68,22.6528,HPG,80_20,Linear Regression
2025-07-31,22.27,22.8184,HPG,80_20,Linear Regression
2025-08-01,22.45,22.3064,HPG,80_20,Linear Regression
2025-08-04,22.59,22.5413,HPG,80_20,Linear Regression
2025-08-05,23.57,22.5931,HPG,80_20,Linear Regression
2025-08-06,24.19,23.6631,HPG,80_20,Linear Regression
2025-08-07,25.44,24.2522,HPG,80_20,Linear Regression
2025-08-08,25.0,25.4089,HPG,80_20,Linear Regression
2025-08-11,25.13,24.9001,HPG,80_20,Linear Regression
2025-08-12,25.44,25.215,HPG,80_20,Linear Regression
2025-08-13,25.09,25.5074,HPG,80_20,Linear Regression
2025-08-14,25.18,25.0447,HPG,80_20,Linear Regression
2025-08-15,25.0,25.2695,HPG,80_20,Linear Regression
2025-08-18,25.35,25.0639,HPG,80_20,Linear Regression
2025-08-19,25.13,25.4678,HPG,80_20,Linear Regression
2025-08-20,24.46,25.1436,HPG,80_20,Linear Regression
2025-08-21,24.46,24.4229,HPG,80_20,Linear Regression
2025-08-22,23.21,24.5728,HPG,80_20,Linear Regression
2025-08-25,23.17,23.1864,HPG,80_20,Linear Regression
2025-08-26,24.28,23.38,HPG,80_20,Linear Regression
2025-08-27,23.88,24.2804,HPG,80_20,Linear Regression
2025-08-28,24.19,23.8144,HPG,80_20,Linear Regression
2025-08-29,24.55,24.3084,HPG,80_20,Linear Regression
2025-09-03,25.13,24.5531,HPG,80_20,Linear Regression
2025-09-04,26.65,25.1098,HPG,80_20,Linear Regression
2025-09-05,25.71,26.6403,HPG,80_20,Linear Regression
2025-09-08,25.8,25.6311,HPG,80_20,Linear Regression
2025-09-09,25.76,26.0078,HPG,80_20,Linear Regression
2025-09-10,25.76,25.7066,HPG,80_20,Linear Regression
2025-09-11,26.02,25.7439,HPG,80_20,Linear Regression
2025-09-12,26.78,25.8863,HPG,80_20,Linear Regression
2025-09-15,27.09,26.7802,HPG,80_20,Linear Regression
2025-09-16,26.74,27.1341,HPG,80_20,Linear Regression
2025-09-17,26.07,26.7286,HPG,80_20,Linear Regression
2025-09-18,26.02,26.1198,HPG,80_20,Linear Regression
2025-09-19,26.11,26.0138,HPG,80_20,Linear Regression
2025-09-22,25.35,26.0858,HPG,80_20,Linear Regression
2025-09-23,25.58,25.3253,HPG,80_20,Linear Regression
2025-09-24,25.93,25.7011,HPG,80_20,Linear Regression
2025-09-25,25.71,25.8446,HPG,80_20,Linear Regression
2025-09-26,25.49,25.7077,HPG,80_20,Linear Regression
2025-09-29,25.53,25.554,HPG,80_20,Linear Regression
2025-09-30,25.13,25.5576,HPG,80_20,Linear Regression
2025-10-01,25.26,25.0899,HPG,80_20,Linear Regression
2025-10-02,25.09,25.3256,HPG,80_20,Linear Regression
2025-10-03,24.68,25.0954,HPG,80_20,Linear Regression
2025-10-06,26.07,24.6428,HPG,80_20,Linear Regression
2025-10-07,25.89,26.136,HPG,80_20,Linear Regression
2025-10-08,26.07,25.801,HPG,80_20,Linear Regression
2025-10-09,25.84,26.0903,HPG,80_20,Linear Regression
2025-10-10,26.42,25.8411,HPG,80_20,Linear Regression
2025-10-13,25.89,26.3903,HPG,80_20,Linear Regression
2025-10-14,25.31,25.7491,HPG,80_20,Linear Regression
2025-10-15,25.22,25.3357,HPG,80_20,Linear Regression
2025-10-16,25.22,25.2923,HPG,80_20,Linear Regression
2025-10-17,25.0,25.2351,HPG,80_20,Linear Regression
2025-10-20,23.26,25.0112,HPG,80_20,Linear Regression
2025-10-21,23.93,23.2474,HPG,80_20,Linear Regression
2025-10-22,23.84,24.0897,HPG,80_20,Linear Regression
2025-10-23,23.66,23.703,HPG,80_20,Linear Regression
2025-10-24,23.57,23.6929,HPG,80_20,Linear Regression
2025-10-27,23.43,23.5233,HPG,80_20,Linear Regression
2025-10-28,23.93,23.4235,HPG,80_20,Linear Regression
2025-10-29,24.33,23.8553,HPG,80_20,Linear Regression
2025-10-30,24.01,24.2782,HPG,80_20,Linear Regression
2025-10-31,23.84,23.9557,HPG,80_20,Linear Regression
2025-11-03,23.26,23.8845,HPG,80_20,Linear Regression
2025-11-04,23.88,23.2558,HPG,80_20,Linear Regression
2025-11-05,23.48,23.8861,HPG,80_20,Linear Regression
2025-11-06,23.3,23.3998,HPG,80_20,Linear Regression
2025-11-07,23.26,23.3521,HPG,80_20,Linear Regression
2025-11-10,23.61,23.2924,HPG,80_20,Linear Regression
2025-11-11,23.75,23.592,HPG,80_20,Linear Regression
2025-11-12,24.1,23.695,HPG,80_20,Linear Regression
2025-11-13,23.7,24.0512,HPG,80_20,Linear Regression
2025-11-14,24.01,23.6008,HPG,80_20,Linear Regression
2025-11-17,24.37,23.9603,HPG,80_20,Linear Regression
2025-11-18,24.55,24.3107,HPG,80_20,Linear Regression
2025-11-19,24.64,24.4665,HPG,80_20,Linear Regression
2025-11-20,24.33,24.6695,HPG,80_20,Linear Regression
2025-11-21,24.46,24.2902,HPG,80_20,Linear Regression
2025-11-24,24.19,24.402,HPG,80_20,Linear Regression
2025-11-25,24.01,24.1714,HPG,80_20,Linear Regression
2025-11-26,24.19,24.0511,HPG,80_20,Linear Regression
2025-11-27,24.01,24.197,HPG,80_20,Linear Regression
2025-11-28,23.7,23.9955,HPG,80_20,Linear Regression
2025-12-01,23.66,23.7052,HPG,80_20,Linear Regression
2025-12-02,23.66,23.6984,HPG,80_20,Linear Regression
2025-12-03,23.93,23.6088,HPG,80_20,Linear Regression
2025-12-04,24.37,23.8982,HPG,80_20,Linear Regression
2025-12-05,24.1,24.3564,HPG,80_20,Linear Regression
2025-12-08,23.88,24.0598,HPG,80_20,Linear Regression
2025-12-09,23.57,23.9058,HPG,80_20,Linear Regression
2025-12-10,23.79,23.5877,HPG,80_20,Linear Regression
2025-12-11,23.7,23.8748,HPG,80_20,Linear Regression
2025-12-12,23.21,23.6974,HPG,80_20,Linear Regression
2025-12-15,23.43,23.223,HPG,80_20,Linear Regression
2025-12-16,23.84,23.494,HPG,80_20,Linear Regression
2025-12-17,23.57,23.8108,HPG,80_20,Linear Regression
2025-12-18,23.57,23.5044,HPG,80_20,Linear Regression
2025-12-19,23.84,23.5577,HPG,80_20,Linear Regression
2025-12-22,24.01,23.7868,HPG,80_20,Linear Regression
2025-12-23,23.88,23.939,HPG,80_20,Linear Regression
2025-12-24,23.7,23.8273,HPG,80_20,Linear Regression
2025-12-25,23.43,23.6589,HPG,80_20,Linear Regression
2025-12-26,24.01,23.3999,HPG,80_20,Linear Regression
2025-12-29,23.84,24.1114,HPG,80_20,Linear Regression
2025-12-30,23.66,23.7496,HPG,80_20,Linear Regression
2025-12-31,23.57,23.6595,HPG,80_20,Linear Regression
2026-01-05,23.17,23.5566,HPG,80_20,Linear Regression
2026-01-06,23.17,23.087,HPG,80_20,Linear Regression
2026-01-07,23.75,23.0793,HPG,80_20,Linear Regression
2026-01-08,23.57,23.6965,HPG,80_20,Linear Regression
2026-01-09,23.39,23.5034,HPG,80_20,Linear Regression
2026-01-12,24.55,23.4045,HPG,80_20,Linear Regression
2026-01-13,24.33,24.5203,HPG,80_20,Linear Regression
2026-01-14,24.33,24.1909,HPG,80_20,Linear Regression
2026-01-15,24.64,24.3464,HPG,80_20,Linear Regression
2026-01-16,24.64,24.6584,HPG,80_20,Linear Regression
2026-01-19,24.73,24.5973,HPG,80_20,Linear Regression
2026-01-20,24.33,24.7855,HPG,80_20,Linear Regression
2026-01-21,23.93,24.2961,HPG,80_20,Linear Regression
2026-01-22,23.97,23.931,HPG,80_20,Linear Regression
2026-01-23,23.88,24.0695,HPG,80_20,Linear Regression
2026-01-26,23.48,23.9094,HPG,80_20,Linear Regression
2026-01-27,23.61,23.4584,HPG,80_20,Linear Regression
2026-01-28,23.84,23.6282,HPG,80_20,Linear Regression
2026-01-29,24.19,23.8511,HPG,80_20,Linear Regression
2026-01-30,23.93,24.1619,HPG,80_20,Linear Regression
2026-02-02,23.7,23.8947,HPG,80_20,Linear Regression
2026-02-03,23.88,23.6407,HPG,80_20,Linear Regression
2026-02-04,25.26,23.9219,HPG,80_20,Linear Regression
2026-02-05,24.59,25.235,HPG,80_20,Linear Regression
2026-02-06,23.93,24.4751,HPG,80_20,Linear Regression
2026-02-09,23.88,24.0511,HPG,80_20,Linear Regression
2026-02-10,23.7,23.9968,HPG,80_20,Linear Regression
2026-02-11,23.97,23.7125,HPG,80_20,Linear Regression
2026-02-12,24.01,24.0,HPG,80_20,Linear Regression
2026-02-13,23.97,23.9813,HPG,80_20,Linear Regression
2026-02-23,24.55,23.9667,HPG,80_20,Linear Regression
2026-02-24,25.26,24.5527,HPG,80_20,Linear Regression
2026-02-25,26.16,25.1397,HPG,80_20,Linear Regression
2026-02-26,26.25,26.1294,HPG,80_20,Linear Regression
2026-02-27,25.71,26.1318,HPG,80_20,Linear Regression
2026-03-02,25.44,25.6994,HPG,80_20,Linear Regression
2026-03-03,24.73,25.4414,HPG,80_20,Linear Regression
2026-03-04,24.73,24.7631,HPG,80_20,Linear Regression
2026-03-05,24.33,24.7053,HPG,80_20,Linear Regression
2026-03-06,24.33,24.3807,HPG,80_20,Linear Regression
2026-03-09,22.63,24.3768,HPG,80_20,Linear Regression
2026-03-10,24.19,22.5562,HPG,80_20,Linear Regression
2026-03-11,24.46,24.4644,HPG,80_20,Linear Regression
2026-03-12,23.93,24.3326,HPG,80_20,Linear Regression
2026-03-13,23.79,23.87,HPG,80_20,Linear Regression
2026-03-16,23.88,23.8642,HPG,80_20,Linear Regression
2026-03-17,24.01,23.8615,HPG,80_20,Linear Regression
2026-03-18,23.93,24.0501,HPG,80_20,Linear Regression
2026-03-19,23.84,23.904,HPG,80_20,Linear Regression
2026-03-20,23.12,23.7872,HPG,80_20,Linear Regression
2026-03-23,22.76,23.1308,HPG,80_20,Linear Regression
2026-03-24,23.17,22.8404,HPG,80_20,Linear Regression
2026-03-25,23.52,23.319,HPG,80_20,Linear Regression
2026-03-26,23.12,23.5233,HPG,80_20,Linear Regression
2026-03-27,23.66,23.0685,HPG,80_20,Linear Regression
2026-03-30,24.01,23.6482,HPG,80_20,Linear Regression
2026-03-31,24.01,23.8042,HPG,80_20,Linear Regression
2026-04-01,24.24,23.9468,HPG,80_20,Linear Regression
2026-04-02,24.42,24.2516,HPG,80_20,Linear Regression
2026-04-03,23.79,24.2786,HPG,80_20,Linear Regression
2026-04-06,23.97,23.6893,HPG,80_20,Linear Regression
2026-04-07,23.93,24.0028,HPG,80_20,Linear Regression
2026-04-08,25.0,23.8977,HPG,80_20,Linear Regression
2026-04-09,25.22,25.0611,HPG,80_20,Linear Regression
2026-04-10,25.0,25.0985,HPG,80_20,Linear Regression
2026-04-13,24.82,25.0191,HPG,80_20,Linear Regression
2026-04-14,25.49,24.8516,HPG,80_20,Linear Regression
2026-04-15,25.04,25.4945,HPG,80_20,Linear Regression
2026-04-16,24.95,24.9639,HPG,80_20,Linear Regression
2026-04-17,25.0,24.9742,HPG,80_20,Linear Regression
2026-04-20,25.4,25.0342,HPG,80_20,Linear Regression
2026-04-21,25.49,25.4064,HPG,80_20,Linear Regression
2026-04-22,25.18,25.5706,HPG,80_20,Linear Regression
2026-04-23,24.82,25.1664,HPG,80_20,Linear Regression
2026-04-24,24.91,24.8351,HPG,80_20,Linear Regression
2026-04-28,24.77,24.9173,HPG,80_20,Linear Regression
2026-04-29,24.77,24.7853,HPG,80_20,Linear Regression
2026-05-04,24.64,24.7987,HPG,80_20,Linear Regression
2026-05-05,24.37,24.6313,HPG,80_20,Linear Regression
2026-05-06,24.64,24.3739,HPG,80_20,Linear Regression
2026-05-07,24.77,24.6759,HPG,80_20,Linear Regression
2026-05-08,24.86,24.7626,HPG,80_20,Linear Regression
2026-05-11,24.55,24.8288,HPG,80_20,Linear Regression
2026-05-12,24.45,24.545,HPG,80_20,Linear Regression
2026-05-13,24.64,24.4687,HPG,80_20,Linear Regression
2026-05-14,24.59,24.6138,HPG,80_20,Linear Regression
2026-05-15,24.14,24.5778,HPG,80_20,Linear Regression
2026-05-18,24.05,24.0933,HPG,80_20,Linear Regression
2026-05-19,23.86,24.0392,HPG,80_20,Linear Regression
2026-05-20,23.82,23.8537,HPG,80_20,Linear Regression
2026-05-21,24.14,23.7395,HPG,80_20,Linear Regression
2026-05-22,23.95,24.1196,HPG,80_20,Linear Regression
2026-05-25,24.1,23.8713,HPG,80_20,Linear Regression
2026-05-26,24.25,24.1093,HPG,80_20,Linear Regression
2026-05-27,24.15,24.1497,HPG,80_20,Linear Regression
2026-05-28,24.0,24.0876,HPG,80_20,Linear Regression
2026-05-29,24.0,23.9503,HPG,80_20,Linear Regression
2026-06-01,24.05,23.9486,HPG,80_20,Linear Regression
2026-06-02,23.7,23.9898,HPG,80_20,Linear Regression
2026-06-03,24.15,23.6324,HPG,80_20,Linear Regression
2026-06-04,23.95,24.093,HPG,80_20,Linear Regression
2026-06-05,23.75,23.8484,HPG,80_20,Linear Regression
2026-06-08,23.3,23.7242,HPG,80_20,Linear Regression
2026-06-09,23.55,23.2572,HPG,80_20,Linear Regression
2026-06-10,23.6,23.5421,HPG,80_20,Linear Regression
2026-06-11,23.3,23.5258,HPG,80_20,Linear Regression
2026-06-12,23.2,23.234,HPG,80_20,Linear Regression
2026-06-15,24.35,23.1999,HPG,80_20,Linear Regression
2026-06-16,24.2,24.3441,HPG,80_20,Linear Regression
2026-06-17,24.0,24.0662,HPG,80_20,Linear Regression
2026-06-18,23.65,24.0215,HPG,80_20,Linear Regression
2026-06-19,23.6,23.6559,HPG,80_20,Linear Regression
2026-06-22,23.6,23.6387,HPG,80_20,Linear Regression
2026-06-23,23.3,23.6209,HPG,80_20,Linear Regression
2026-06-24,23.5,23.2895,HPG,80_20,Linear Regression
2026-06-25,23.4,23.5139,HPG,80_20,Linear Regression
2026-06-26,23.5,23.3707,HPG,80_20,Linear Regression
2026-06-29,23.65,23.4668,HPG,80_20,Linear Regression
2026-06-30,23.3,23.5941,HPG,80_20,Linear Regression
2026-07-01,23.45,23.23,HPG,80_20,Linear Regression
2026-07-02,23.4,23.4599,HPG,80_20,Linear Regression
2026-07-03,23.25,23.3527,HPG,80_20,Linear Regression
2026-07-06,23.1,23.2208,HPG,80_20,Linear Regression
2026-07-07,23.1,23.0845,HPG,80_20,Linear Regression
2026-07-08,23.2,23.0776,HPG,80_20,Linear Regression
2026-07-09,23.2,23.1732,HPG,80_20,Linear Regression
2026-07-10,22.95,23.1494,HPG,80_20,Linear Regression
2026-07-13,22.4,22.9163,HPG,80_20,Linear Regression
2026-07-14,22.5,22.364,HPG,80_20,Linear Regression
2026-07-15,22.4,22.437,HPG,80_20,Linear Regression
2026-07-16,22.2,22.315,HPG,80_20,Linear Regression
2026-07-17,21.85,22.0835,HPG,80_20,Linear Regression
2026-07-20,20.6,21.8285,HPG,80_20,Linear Regression
2026-07-21,20.8,20.5408,HPG,80_20,Linear Regression
2026-07-22,20.7,20.9283,HPG,80_20,Linear Regression
2026-07-23,20.8,20.6718,HPG,80_20,Linear Regression
2026-07-24,20.8,20.7066,HPG,80_20,Linear Regression
2026-07-27,20.35,20.7356,HPG,80_20,Linear Regression
2026-07-28,21.0,20.2865,HPG,80_20,Linear Regression
2026-07-29,21.65,20.9082,HPG,80_20,Linear Regression
2026-07-30,21.8,21.5129,HPG,80_20,Linear Regression
2026-07-31,21.7,21.7244,HPG,80_20,Linear Regression
2026-08-03,22.55,21.6344,HPG,80_20,Linear Regression
2026-08-04,22.15,22.4985,HPG,80_20,Linear Regression
2026-08-05,22.0,22.0322,HPG,80_20,Linear Regression
2026-08-06,21.85,22.0476,HPG,80_20,Linear Regression
2026-08-07,22.0,21.8679,HPG,80_20,Linear Regression
2026-08-10,22.1,21.9917,HPG,80_20,Linear Regression
2026-08-11,22.05,22.0696,HPG,80_20,Linear Regression
2026-08-12,22.1,22.0277,HPG,80_20,Linear Regression
2026-08-13,21.7,22.0701,HPG,80_20,Linear Regression
2026-08-14,21.25,21.6489,HPG,80_20,Linear Regression
2026-08-17,21.2,21.228,HPG,80_20,Linear Regression
2026-08-18,21.0,21.2122,HPG,80_20,Linear Regression
2026-08-19,21.2,21.0108,HPG,80_20,Linear Regression
2026-08-20,21.15,21.1865,HPG,80_20,Linear Regression
2026-08-21,21.7,21.1436,HPG,80_20,Linear Regression
2026-08-24,22.25,21.6622,HPG,80_20,Linear Regression
2026-08-25,21.8,22.2429,HPG,80_20,Linear Regression
2026-08-26,22.05,21.7652,HPG,80_20,Linear Regression
2026-08-27,22.2,22.1031,HPG,80_20,Linear Regression
2026-08-28,22.1,22.2045,HPG,80_20,Linear Regression
2026-09-03,21.6,22.1071,HPG,80_20,Linear Regression
2026-09-04,21.7,21.5902,HPG,80_20,Linear Regression
2026-09-07,21.55,21.7698,HPG,80_20,Linear Regression
2026-09-08,21.85,21.5916,HPG,80_20,Linear Regression
2026-09-09,22.05,21.8649,HPG,80_20,Linear Regression
2026-09-10,21.85,22.0325,HPG,80_20,Linear Regression
2026-09-11,21.3,21.8077,HPG,80_20,Linear Regression
2026-09-14,20.9,21.2726,HPG,80_20,Linear Regression
2026-09-15,21.2,20.9145,HPG,80_20,Linear Regression
2026-09-16,20.95,21.23,HPG,80_20,Linear Regression
2026-09-17,21.2,20.9106,HPG,80_20,Linear Regression
2026-09-18,21.55,21.1677,HPG,80_20,Linear Regression
2026-09-21,21.1,21.5255,HPG,80_20,Linear Regression
2026-09-22,21.15,21.0315,HPG,80_20,Linear Regression
2026-09-23,21.05,21.184,HPG,80_20,Linear Regression
2026-09-24,20.8,21.0245,HPG,80_20,Linear Regression
2026-09-25,20.65,20.7851,HPG,80_20,Linear Regression
2026-09-28,20.2,20.6666,HPG,80_20,Linear Regression
2026-09-29,20.3,20.1827,HPG,80_20,Linear Regression
2026-09-30,20.15,20.3231,HPG,80_20,Linear Regression
2026-10-01,20.05,20.126,HPG,80_20,Linear Regression
2025-03-11,23.65,23.8841,VIC,80_20,Linear Regression
2025-03-12,24.05,23.798,VIC,80_20,Linear Regression
2025-03-13,25.7,24.2082,VIC,80_20,Linear Regression
2025-03-14,26.1,25.6967,VIC,80_20,Linear Regression
2025-03-17,26.05,26.3088,VIC,80_20,Linear Regression
2025-03-18,25.65,26.0596,VIC,80_20,Linear Regression
2025-03-19,25.95,25.7324,VIC,80_20,Linear Regression
2025-03-20,25.75,25.8708,VIC,80_20,Linear Regression
2025-03-21,26.5,25.8653,VIC,80_20,Linear Regression
2025-03-24,28.35,26.5169,VIC,80_20,Linear Regression
2025-03-25,28.45,28.3332,VIC,80_20,Linear Regression
2025-03-26,28.5,28.5698,VIC,80_20,Linear Regression
2025-03-27,28.55,28.389,VIC,80_20,Linear Regression
2025-03-28,29.0,28.6734,VIC,80_20,Linear Regression
2025-03-31,29.0,29.1094,VIC,80_20,Linear Regression
2025-04-01,29.85,29.007,VIC,80_20,Linear Regression
2025-04-02,30.2,29.9048,VIC,80_20,Linear Regression
2025-04-03,28.1,30.1368,VIC,80_20,Linear Regression
2025-04-04,29.15,27.8199,VIC,80_20,Linear Regression
2025-04-08,27.55,29.007,VIC,80_20,Linear Regression
2025-04-09,28.5,27.3127,VIC,80_20,Linear Regression
2025-04-10,30.45,28.531,VIC,80_20,Linear Regression
2025-04-11,32.55,30.4163,VIC,80_20,Linear Regression
2025-04-14,34.8,32.4481,VIC,80_20,Linear Regression
2025-04-15,35.25,34.61,VIC,80_20,Linear Regression
2025-04-16,33.95,35.3651,VIC,80_20,Linear Regression
2025-04-17,35.5,33.8343,VIC,80_20,Linear Regression
2025-04-18,33.05,35.3207,VIC,80_20,Linear Regression
2025-04-21,30.75,32.8622,VIC,80_20,Linear Regression
2025-04-22,29.5,30.7891,VIC,80_20,Linear Regression
2025-04-23,29.3,29.2895,VIC,80_20,Linear Regression
2025-04-24,31.35,29.2476,VIC,80_20,Linear Regression
2025-04-25,33.5,31.3083,VIC,80_20,Linear Regression
2025-04-28,34.0,33.2335,VIC,80_20,Linear Regression
2025-04-29,34.0,33.7691,VIC,80_20,Linear Regression
2025-05-05,35.0,33.2732,VIC,80_20,Linear Regression
2025-05-06,35.25,35.0893,VIC,80_20,Linear Regression
2025-05-07,36.7,35.1635,VIC,80_20,Linear Regression
2025-05-08,39.25,36.5837,VIC,80_20,Linear Regression
2025-05-09,38.25,38.9984,VIC,80_20,Linear Regression
2025-05-12,39.7,37.9284,VIC,80_20,Linear Regression
2025-05-13,39.8,39.4227,VIC,80_20,Linear Regression
2025-05-14,39.9,39.2923,VIC,80_20,Linear Regression
2025-05-15,39.9,39.973,VIC,80_20,Linear Regression
2025-05-16,40.0,39.4335,VIC,80_20,Linear Regression
2025-05-19,42.8,39.894,VIC,80_20,Linear Regression
2025-05-20,45.75,42.6167,VIC,80_20,Linear Regression
2025-05-21,46.75,45.6847,VIC,80_20,Linear Regression
2025-05-22,46.25,46.156,VIC,80_20,Linear Regression
2025-05-23,46.5,46.3054,VIC,80_20,Linear Regression
2025-05-26,47.25,46.5488,VIC,80_20,Linear Regression
2025-05-27,47.25,46.5159,VIC,80_20,Linear Regression
2025-05-28,48.5,46.6826,VIC,80_20,Linear Regression
2025-05-29,48.5,48.2727,VIC,80_20,Linear Regression
2025-05-30,49.2,48.1653,VIC,80_20,Linear Regression
2025-06-02,49.0,48.8535,VIC,80_20,Linear Regression
2025-06-03,49.05,48.3566,VIC,80_20,Linear Regression
2025-06-04,49.05,48.6409,VIC,80_20,Linear Regression
2025-06-05,49.0,48.5972,VIC,80_20,Linear Regression
2025-06-06,48.5,48.5208,VIC,80_20,Linear Regression
2025-06-09,45.15,48.2798,VIC,80_20,Linear Regression
2025-06-10,45.3,44.7459,VIC,80_20,Linear Regression
2025-06-11,45.1,45.3096,VIC,80_20,Linear Regression
2025-06-12,43.4,45.0077,VIC,80_20,Linear Regression
2025-06-13,42.75,43.001,VIC,80_20,Linear Regression
2025-06-16,42.7,41.976,VIC,80_20,Linear Regression
2025-06-17,43.85,42.358,VIC,80_20,Linear Regression
2025-06-18,44.0,43.8877,VIC,80_20,Linear Regression
2025-06-19,44.7,43.7541,VIC,80_20,Linear Regression
2025-06-20,43.4,44.511,VIC,80_20,Linear Regression
2025-06-23,46.4,42.8034,VIC,80_20,Linear Regression
2025-06-24,47.9,46.2114,VIC,80_20,Linear Regression
2025-06-25,47.9,47.945,VIC,80_20,Linear Regression
2025-06-26,47.5,47.6911,VIC,80_20,Linear Regression
2025-06-27,47.75,47.4592,VIC,80_20,Linear Regression
2025-06-30,47.8,47.4451,VIC,80_20,Linear Regression
2025-07-01,47.8,47.8386,VIC,80_20,Linear Regression
2025-07-02,47.7,47.6259,VIC,80_20,Linear Regression
2025-07-03,47.25,47.6469,VIC,80_20,Linear Regression
2025-07-04,45.95,47.1069,VIC,80_20,Linear Regression
2025-07-07,46.5,45.8011,VIC,80_20,Linear Regression
2025-07-08,46.65,46.5626,VIC,80_20,Linear Regression
2025-07-09,47.5,46.8184,VIC,80_20,Linear Regression
2025-07-10,50.8,47.4168,VIC,80_20,Linear Regression
2025-07-11,54.0,50.733,VIC,80_20,Linear Regression
2025-07-14,56.5,53.964,VIC,80_20,Linear Regression
2025-07-15,55.8,56.2468,VIC,80_20,Linear Regression
2025-07-16,58.7,55.4893,VIC,80_20,Linear Regression
2025-07-17,61.0,58.5913,VIC,80_20,Linear Regression
2025-07-18,59.5,60.9848,VIC,80_20,Linear Regression
2025-07-21,56.0,59.0138,VIC,80_20,Linear Regression
2025-07-22,58.75,55.5414,VIC,80_20,Linear Regression
2025-07-23,57.5,58.5779,VIC,80_20,Linear Regression
2025-07-24,58.0,57.4079,VIC,80_20,Linear Regression
2025-07-25,57.05,57.2204,VIC,80_20,Linear Regression
2025-07-28,57.8,56.8918,VIC,80_20,Linear Regression
2025-07-29,56.6,57.5532,VIC,80_20,Linear Regression
2025-07-30,54.75,56.3127,VIC,80_20,Linear Regression
2025-07-31,52.75,54.3484,VIC,80_20,Linear Regression
2025-08-01,52.0,52.4325,VIC,80_20,Linear Regression
2025-08-04,55.6,52.1603,VIC,80_20,Linear Regression
2025-08-05,58.75,55.4087,VIC,80_20,Linear Regression
2025-08-06,59.25,58.2839,VIC,80_20,Linear Regression
2025-08-07,57.5,58.7155,VIC,80_20,Linear Regression
2025-08-08,58.5,57.2725,VIC,80_20,Linear Regression
2025-08-11,57.75,58.1613,VIC,80_20,Linear Regression
2025-08-12,57.75,57.7751,VIC,80_20,Linear Regression
2025-08-13,58.0,57.6321,VIC,80_20,Linear Regression
2025-08-14,59.1,57.5947,VIC,80_20,Linear Regression
2025-08-15,59.1,58.76,VIC,80_20,Linear Regression
2025-08-18,59.1,59.4694,VIC,80_20,Linear Regression
2025-08-19,59.1,58.7396,VIC,80_20,Linear Regression
2025-08-20,62.1,59.0455,VIC,80_20,Linear Regression
2025-08-21,62.5,62.1488,VIC,80_20,Linear Regression
2025-08-22,62.05,62.578,VIC,80_20,Linear Regression
2025-08-25,65.5,62.1359,VIC,80_20,Linear Regression
2025-08-26,67.75,65.4991,VIC,80_20,Linear Regression
2025-08-27,66.0,67.9964,VIC,80_20,Linear Regression
2025-08-28,65.05,66.0,VIC,80_20,Linear Regression
2025-08-29,64.15,64.8926,VIC,80_20,Linear Regression
2025-09-03,62.5,64.1358,VIC,80_20,Linear Regression
2025-09-04,62.5,62.5609,VIC,80_20,Linear Regression
2025-09-05,62.5,62.3591,VIC,80_20,Linear Regression
2025-09-08,62.5,62.8184,VIC,80_20,Linear Regression
2025-09-09,64.6,62.4998,VIC,80_20,Linear Regression
2025-09-10,65.45,64.3226,VIC,80_20,Linear Regression
2025-09-11,68.0,65.08,VIC,80_20,Linear Regression
2025-09-12,68.9,67.8825,VIC,80_20,Linear Regression
2025-09-15,68.9,68.486,VIC,80_20,Linear Regression
2025-09-16,67.5,68.3297,VIC,80_20,Linear Regression
2025-09-17,71.55,66.9742,VIC,80_20,Linear Regression
2025-09-18,72.5,71.4875,VIC,80_20,Linear Regression
2025-09-19,76.6,72.5559,VIC,80_20,Linear Regression
2025-09-22,74.4,76.111,VIC,80_20,Linear Regression
2025-09-23,74.6,73.7471,VIC,80_20,Linear Regression
2025-09-24,74.5,74.0601,VIC,80_20,Linear Regression
2025-09-25,79.0,74.1713,VIC,80_20,Linear Regression
2025-09-26,82.0,78.8093,VIC,80_20,Linear Regression
2025-09-29,86.4,81.6214,VIC,80_20,Linear Regression
2025-09-30,87.45,86.0539,VIC,80_20,Linear Regression
2025-10-01,85.0,87.657,VIC,80_20,Linear Regression
2025-10-02,85.5,84.1442,VIC,80_20,Linear Regression
2025-10-03,88.25,85.5762,VIC,80_20,Linear Regression
2025-10-06,89.85,88.1262,VIC,80_20,Linear Regression
2025-10-07,90.0,89.102,VIC,80_20,Linear Regression
2025-10-08,89.05,89.0752,VIC,80_20,Linear Regression
2025-10-09,89.75,88.1259,VIC,80_20,Linear Regression
2025-10-10,96.0,89.2273,VIC,80_20,Linear Regression
2025-10-13,102.7,95.7378,VIC,80_20,Linear Regression
2025-10-14,105.95,102.3346,VIC,80_20,Linear Regression
2025-10-15,104.75,104.9345,VIC,80_20,Linear Regression
2025-10-16,106.55,103.3242,VIC,80_20,Linear Regression
2025-10-17,102.0,105.6927,VIC,80_20,Linear Regression
2025-10-20,97.45,100.7862,VIC,80_20,Linear Regression
2025-10-21,101.7,96.8145,VIC,80_20,Linear Regression
2025-10-22,101.5,100.5351,VIC,80_20,Linear Regression
2025-10-23,107.5,99.9,VIC,80_20,Linear Regression
2025-10-24,109.5,106.4195,VIC,80_20,Linear Regression
2025-10-27,107.0,108.8161,VIC,80_20,Linear Regression
2025-10-28,110.05,106.3279,VIC,80_20,Linear Regression
2025-10-29,106.0,107.6891,VIC,80_20,Linear Regression
2025-10-30,102.05,105.2251,VIC,80_20,Linear Regression
2025-10-31,95.5,101.215,VIC,80_20,Linear Regression
2025-11-03,97.7,94.9206,VIC,80_20,Linear Regression
2025-11-04,100.5,97.6676,VIC,80_20,Linear Regression
2025-11-05,103.25,100.399,VIC,80_20,Linear Regression
2025-11-06,103.9,102.5915,VIC,80_20,Linear Regression
2025-11-07,99.85,103.0664,VIC,80_20,Linear Regression
2025-11-10,99.5,99.1766,VIC,80_20,Linear Regression
2025-11-11,100.5,99.0431,VIC,80_20,Linear Regression
2025-11-12,105.6,100.5805,VIC,80_20,Linear Regression
2025-11-13,105.6,105.446,VIC,80_20,Linear Regression
2025-11-14,105.5,105.1566,VIC,80_20,Linear Regression
2025-11-17,108.5,104.4423,VIC,80_20,Linear Regression
2025-11-18,110.0,108.3349,VIC,80_20,Linear Regression
2025-11-19,110.25,109.6628,VIC,80_20,Linear Regression
2025-11-20,114.0,110.1844,VIC,80_20,Linear Regression
2025-11-21,114.85,113.6005,VIC,80_20,Linear Regression
2025-11-24,119.75,114.0292,VIC,80_20,Linear Regression
2025-11-25,121.5,119.7194,VIC,80_20,Linear Regression
2025-11-26,122.5,121.2279,VIC,80_20,Linear Regression
2025-11-27,124.0,121.1045,VIC,80_20,Linear Regression
2025-11-28,130.2,123.6709,VIC,80_20,Linear Regression
2025-12-01,134.95,129.9803,VIC,80_20,Linear Regression
2025-12-02,137.5,135.1916,VIC,80_20,Linear Regression
2025-12-03,134.7,136.0835,VIC,80_20,Linear Regression
2025-12-04,133.5,133.4122,VIC,80_20,Linear Regression
2025-12-05,142.8,132.1371,VIC,80_20,Linear Regression
2025-12-08,152.7,141.4847,VIC,80_20,Linear Regression
2025-12-09,160.0,151.5352,VIC,80_20,Linear Regression
2025-12-10,148.8,157.1749,VIC,80_20,Linear Regression
2025-12-11,146.0,146.5086,VIC,80_20,Linear Regression
2025-12-12,144.0,143.8793,VIC,80_20,Linear Regression
2025-12-15,142.9,142.7164,VIC,80_20,Linear Regression
2025-12-16,142.9,142.867,VIC,80_20,Linear Regression
2025-12-17,142.9,142.1868,VIC,80_20,Linear Regression
2025-12-18,142.7,141.6032,VIC,80_20,Linear Regression
2025-12-19,148.5,140.2695,VIC,80_20,Linear Regression
2025-12-22,158.8,147.6503,VIC,80_20,Linear Regression
2025-12-23,169.9,157.632,VIC,80_20,Linear Regression
2025-12-24,169.8,168.2946,VIC,80_20,Linear Regression
2025-12-25,158.0,167.239,VIC,80_20,Linear Regression
2025-12-26,155.0,157.2724,VIC,80_20,Linear Regression
2025-12-29,159.7,153.8527,VIC,80_20,Linear Regression
2025-12-30,163.0,159.7287,VIC,80_20,Linear Regression
2025-12-31,169.6,160.8272,VIC,80_20,Linear Regression
2026-01-05,173.1,167.4784,VIC,80_20,Linear Regression
2026-01-06,173.1,170.9338,VIC,80_20,Linear Regression
2026-01-07,179.0,171.6192,VIC,80_20,Linear Regression
2026-01-08,176.6,177.147,VIC,80_20,Linear Regression
2026-01-09,176.0,176.7617,VIC,80_20,Linear Regression
2026-01-12,163.7,174.6637,VIC,80_20,Linear Regression
2026-01-13,167.9,162.296,VIC,80_20,Linear Regression
2026-01-14,160.2,168.3626,VIC,80_20,Linear Regression
2026-01-15,153.0,159.4016,VIC,80_20,Linear Regression
2026-01-16,159.9,152.2484,VIC,80_20,Linear Regression
2026-01-19,162.0,159.8938,VIC,80_20,Linear Regression
2026-01-20,161.0,161.0253,VIC,80_20,Linear Regression
2026-01-21,160.5,158.6162,VIC,80_20,Linear Regression
2026-01-22,161.1,159.797,VIC,80_20,Linear Regression
2026-01-23,165.4,160.2405,VIC,80_20,Linear Regression
2026-01-26,159.9,164.6726,VIC,80_20,Linear Regression
2026-01-27,151.0,158.9202,VIC,80_20,Linear Regression
2026-01-28,140.5,149.8122,VIC,80_20,Linear Regression
2026-01-29,140.5,140.8026,VIC,80_20,Linear Regression
2026-01-30,140.5,141.6698,VIC,80_20,Linear Regression
2026-02-02,130.7,140.4915,VIC,80_20,Linear Regression
2026-02-03,130.7,130.6923,VIC,80_20,Linear Regression
2026-02-04,121.6,130.6618,VIC,80_20,Linear Regression
2026-02-05,130.1,121.701,VIC,80_20,Linear Regression
2026-02-06,131.0,130.9855,VIC,80_20,Linear Regression
2026-02-09,132.3,131.7817,VIC,80_20,Linear Regression
2026-02-10,141.5,131.6072,VIC,80_20,Linear Regression
2026-02-11,150.8,140.8627,VIC,80_20,Linear Regression
2026-02-12,159.0,150.8089,VIC,80_20,Linear Regression
2026-02-13,160.0,158.8778,VIC,80_20,Linear Regression
2026-02-23,162.3,158.2444,VIC,80_20,Linear Regression
2026-02-24,162.9,162.684,VIC,80_20,Linear Regression
2026-02-25,158.0,161.9037,VIC,80_20,Linear Regression
2026-02-26,168.9,157.5038,VIC,80_20,Linear Regression
2026-02-27,172.0,168.9098,VIC,80_20,Linear Regression
2026-03-02,167.2,172.7831,VIC,80_20,Linear Regression
2026-03-03,155.5,167.5148,VIC,80_20,Linear Regression
2026-03-04,155.6,155.1847,VIC,80_20,Linear Regression
2026-03-05,164.8,157.2899,VIC,80_20,Linear Regression
2026-03-06,156.5,165.5737,VIC,80_20,Linear Regression
2026-03-09,145.6,156.3033,VIC,80_20,Linear Regression
2026-03-10,141.8,145.2841,VIC,80_20,Linear Regression
2026-03-11,146.0,141.1798,VIC,80_20,Linear Regression
2026-03-12,145.0,147.5424,VIC,80_20,Linear Regression
2026-03-13,144.6,145.6456,VIC,80_20,Linear Regression
2026-03-16,144.7,143.6733,VIC,80_20,Linear Regression
2026-03-17,146.2,142.9163,VIC,80_20,Linear Regression
2026-03-18,146.0,146.1878,VIC,80_20,Linear Regression
2026-03-19,145.0,146.8638,VIC,80_20,Linear Regression
2026-03-20,135.0,145.0321,VIC,80_20,Linear Regression
2026-03-23,125.6,134.1401,VIC,80_20,Linear Regression
2026-03-24,124.0,126.1525,VIC,80_20,Linear Regression
2026-03-25,128.7,124.8785,VIC,80_20,Linear Regression
2026-03-26,130.0,130.2418,VIC,80_20,Linear Regression
2026-03-27,132.6,129.5265,VIC,80_20,Linear Regression
2026-03-30,129.5,132.0773,VIC,80_20,Linear Regression
2026-03-31,135.0,129.4527,VIC,80_20,Linear Regression
2026-04-01,141.0,135.3358,VIC,80_20,Linear Regression
2026-04-02,139.9,141.6023,VIC,80_20,Linear Regression
2026-04-03,141.0,139.7371,VIC,80_20,Linear Regression
2026-04-06,141.6,141.4681,VIC,80_20,Linear Regression
2026-04-07,143.4,141.447,VIC,80_20,Linear Regression
2026-04-08,153.4,144.1766,VIC,80_20,Linear Regression
2026-04-09,149.2,153.4574,VIC,80_20,Linear Regression
2026-04-10,151.7,149.3759,VIC,80_20,Linear Regression
2026-04-13,160.0,152.1349,VIC,80_20,Linear Regression
2026-04-14,165.5,160.2988,VIC,80_20,Linear Regression
2026-04-15,177.0,166.259,VIC,80_20,Linear Regression
2026-04-16,189.3,177.0962,VIC,80_20,Linear Regression
2026-04-17,187.9,188.9057,VIC,80_20,Linear Regression
2026-04-20,191.0,188.0163,VIC,80_20,Linear Regression
2026-04-21,193.7,188.3111,VIC,80_20,Linear Regression
2026-04-22,207.2,194.347,VIC,80_20,Linear Regression
2026-04-23,214.5,206.2225,VIC,80_20,Linear Regression
2026-04-24,212.1,213.3972,VIC,80_20,Linear Regression
2026-04-28,225.5,210.481,VIC,80_20,Linear Regression
2026-04-29,214.0,223.7007,VIC,80_20,Linear Regression
2026-05-04,212.0,211.6926,VIC,80_20,Linear Regression
2026-05-05,219.5,209.2466,VIC,80_20,Linear Regression
2026-05-06,219.5,218.3989,VIC,80_20,Linear Regression
2026-05-07,224.0,217.3857,VIC,80_20,Linear Regression
2026-05-08,226.0,222.2194,VIC,80_20,Linear Regression
2026-05-11,223.0,222.3468,VIC,80_20,Linear Regression
2026-05-12,222.0,220.4956,VIC,80_20,Linear Regression
2026-05-13,221.0,218.6495,VIC,80_20,Linear Regression
2026-05-14,229.8,216.3731,VIC,80_20,Linear Regression
2026-05-15,228.0,227.0688,VIC,80_20,Linear Regression
2026-05-18,225.0,225.0477,VIC,80_20,Linear Regression
2026-05-19,225.1,222.2462,VIC,80_20,Linear Regression
2026-05-20,226.7,222.4085,VIC,80_20,Linear Regression
2026-05-21,218.7,225.3402,VIC,80_20,Linear Regression
2026-05-22,216.5,216.8701,VIC,80_20,Linear Regression
2026-05-25,218.8,213.6031,VIC,80_20,Linear Regression
2026-05-26,213.0,218.2242,VIC,80_20,Linear Regression
2026-05-27,210.8,211.8866,VIC,80_20,Linear Regression
2026-05-28,210.8,208.6624,VIC,80_20,Linear Regression
2026-05-29,211.3,210.6419,VIC,80_20,Linear Regression
2026-06-01,204.9,210.9782,VIC,80_20,Linear Regression
2026-06-02,204.9,204.0444,VIC,80_20,Linear Regression
2026-06-03,197.6,204.9458,VIC,80_20,Linear Regression
2026-06-04,200.2,195.8625,VIC,80_20,Linear Regression
2026-06-05,207.0,199.4114,VIC,80_20,Linear Regression
2026-06-08,195.0,207.4578,VIC,80_20,Linear Regression
2026-06-09,193.2,194.3109,VIC,80_20,Linear Regression
2026-06-10,196.0,192.4282,VIC,80_20,Linear Regression
2026-06-11,196.0,195.8471,VIC,80_20,Linear Regression
2026-06-12,195.5,196.4159,VIC,80_20,Linear Regression
2026-06-15,192.6,194.2112,VIC,80_20,Linear Regression
2026-06-16,194.0,190.5736,VIC,80_20,Linear Regression
2026-06-17,192.0,193.4878,VIC,80_20,Linear Regression
2026-06-18,205.4,191.2354,VIC,80_20,Linear Regression
2026-06-19,205.5,205.6537,VIC,80_20,Linear Regression
2026-06-22,219.8,204.6684,VIC,80_20,Linear Regression
2026-06-23,229.0,219.1112,VIC,80_20,Linear Regression
2026-06-24,230.5,228.5474,VIC,80_20,Linear Regression
2026-06-25,225.0,231.8159,VIC,80_20,Linear Regression
2026-06-26,228.0,223.2789,VIC,80_20,Linear Regression
2026-06-29,217.2,227.401,VIC,80_20,Linear Regression
2026-06-30,220.0,216.7308,VIC,80_20,Linear Regression
2026-07-01,217.1,218.8826,VIC,80_20,Linear Regression
2026-07-02,220.3,216.325,VIC,80_20,Linear Regression
2026-07-03,220.3,219.4617,VIC,80_20,Linear Regression
2026-07-06,220.3,219.116,VIC,80_20,Linear Regression
2026-07-07,220.3,218.4127,VIC,80_20,Linear Regression
2026-07-08,220.7,218.2165,VIC,80_20,Linear Regression
2026-07-09,221.0,219.3375,VIC,80_20,Linear Regression
2026-07-10,223.0,219.7039,VIC,80_20,Linear Regression
2026-07-13,221.5,221.6451,VIC,80_20,Linear Regression
2026-07-14,219.0,219.1685,VIC,80_20,Linear Regression
2026-07-15,217.0,216.2135,VIC,80_20,Linear Regression
2026-07-16,223.0,214.6728,VIC,80_20,Linear Regression
2026-07-17,220.0,222.2264,VIC,80_20,Linear Regression
2026-07-20,220.0,219.0763,VIC,80_20,Linear Regression
2026-07-21,217.3,218.5824,VIC,80_20,Linear Regression
2026-07-22,202.1,216.2812,VIC,80_20,Linear Regression
2026-07-23,214.0,201.9168,VIC,80_20,Linear Regression
2026-07-24,213.1,214.3674,VIC,80_20,Linear Regression
2026-07-27,213.5,213.3325,VIC,80_20,Linear Regression
2026-07-28,213.8,212.6085,VIC,80_20,Linear Regression
2026-07-29,219.4,212.4923,VIC,80_20,Linear Regression
2026-07-30,220.0,219.0877,VIC,80_20,Linear Regression
2026-07-31,214.1,219.7241,VIC,80_20,Linear Regression
2026-08-03,213.0,213.5381,VIC,80_20,Linear Regression
2026-08-04,218.0,212.6041,VIC,80_20,Linear Regression
2026-08-05,220.0,218.2884,VIC,80_20,Linear Regression
2026-08-06,218.8,220.4018,VIC,80_20,Linear Regression
2026-08-07,215.0,218.7704,VIC,80_20,Linear Regression
2026-08-10,208.5,213.82,VIC,80_20,Linear Regression
2026-08-11,208.5,208.7207,VIC,80_20,Linear Regression
2026-08-12,215.5,209.065,VIC,80_20,Linear Regression
2026-08-13,207.9,216.0534,VIC,80_20,Linear Regression
2026-08-14,200.4,207.6596,VIC,80_20,Linear Regression
2026-08-17,198.0,198.7803,VIC,80_20,Linear Regression
2026-08-18,200.0,197.6748,VIC,80_20,Linear Regression
2026-08-19,200.0,201.9199,VIC,80_20,Linear Regression
2026-08-20,202.0,200.3085,VIC,80_20,Linear Regression
2026-08-21,205.0,201.7811,VIC,80_20,Linear Regression
2026-08-24,214.5,204.232,VIC,80_20,Linear Regression
2026-08-25,220.5,214.4572,VIC,80_20,Linear Regression
2026-08-26,230.0,221.499,VIC,80_20,Linear Regression
2026-08-27,236.0,229.6814,VIC,80_20,Linear Regression
2026-08-28,236.0,235.4516,VIC,80_20,Linear Regression
2026-09-03,244.5,234.1374,VIC,80_20,Linear Regression
2026-09-04,256.1,242.484,VIC,80_20,Linear Regression
2026-09-07,245.0,256.4711,VIC,80_20,Linear Regression
2026-09-08,249.6,245.4945,VIC,80_20,Linear Regression
2026-09-09,247.7,247.8096,VIC,80_20,Linear Regression
2026-09-10,247.7,246.9876,VIC,80_20,Linear Regression
2026-09-11,243.3,246.9679,VIC,80_20,Linear Regression
2026-09-14,241.4,242.6756,VIC,80_20,Linear Regression
2026-09-15,241.3,239.4879,VIC,80_20,Linear Regression
2026-09-16,241.2,240.273,VIC,80_20,Linear Regression
2026-09-17,241.2,239.9978,VIC,80_20,Linear Regression
2026-09-18,241.2,240.3224,VIC,80_20,Linear Regression
2026-09-21,235.0,239.0639,VIC,80_20,Linear Regression
2026-09-22,243.8,233.1049,VIC,80_20,Linear Regression
2026-09-23,236.0,241.892,VIC,80_20,Linear Regression
2026-09-24,230.0,235.2291,VIC,80_20,Linear Regression
2026-09-25,232.0,228.5555,VIC,80_20,Linear Regression
2026-09-28,231.9,231.6366,VIC,80_20,Linear Regression
2026-09-29,230.0,231.4225,VIC,80_20,Linear Regression
2026-09-30,227.9,228.9753,VIC,80_20,Linear Regression
2026-10-01,220.0,227.1671,VIC,80_20,Linear Regression
2025-03-11,55.74,55.9253,VNM,80_20,Linear Regression
2025-03-12,55.56,55.7274,VNM,80_20,Linear Regression
2025-03-13,55.38,55.6454,VNM,80_20,Linear Regression
2025-03-14,55.47,55.4789,VNM,80_20,Linear Regression
2025-03-17,56.28,55.5543,VNM,80_20,Linear Regression
2025-03-18,55.83,56.4106,VNM,80_20,Linear Regression
2025-03-19,55.65,55.9797,VNM,80_20,Linear Regression
2025-03-20,55.21,55.6164,VNM,80_20,Linear Regression
2025-03-21,54.76,55.1945,VNM,80_20,Linear Regression
2025-03-24,54.85,54.875,VNM,80_20,Linear Regression
2025-03-25,54.85,54.9494,VNM,80_20,Linear Regression
2025-03-26,54.67,54.9338,VNM,80_20,Linear Regression
2025-03-27,54.58,54.7469,VNM,80_20,Linear Regression
2025-03-28,53.87,54.586,VNM,80_20,Linear Regression
2025-03-31,54.13,53.8927,VNM,80_20,Linear Regression
2025-04-01,54.31,54.2289,VNM,80_20,Linear Regression
2025-04-02,54.04,54.3161,VNM,80_20,Linear Regression
2025-04-03,50.47,54.1474,VNM,80_20,Linear Regression
2025-04-04,52.26,50.6715,VNM,80_20,Linear Regression
2025-04-08,48.68,51.9053,VNM,80_20,Linear Regression
2025-04-09,46.45,49.5095,VNM,80_20,Linear Regression
2025-04-10,49.67,47.2122,VNM,80_20,Linear Regression
2025-04-11,51.36,50.0387,VNM,80_20,Linear Regression
2025-04-14,50.83,52.191,VNM,80_20,Linear Regression
2025-04-15,50.29,51.1004,VNM,80_20,Linear Regression
2025-04-16,50.02,50.2878,VNM,80_20,Linear Regression
2025-04-17,50.02,50.2586,VNM,80_20,Linear Regression
2025-04-18,50.56,50.255,VNM,80_20,Linear Regression
2025-04-21,50.65,50.9094,VNM,80_20,Linear Regression
2025-04-22,50.02,50.8826,VNM,80_20,Linear Regression
2025-04-23,50.38,49.877,VNM,80_20,Linear Regression
2025-04-24,50.29,50.5423,VNM,80_20,Linear Regression
2025-04-25,52.08,50.4993,VNM,80_20,Linear Regression
2025-04-28,51.36,52.09,VNM,80_20,Linear Regression
2025-04-29,51.45,51.5447,VNM,80_20,Linear Regression
2025-05-05,50.83,51.3289,VNM,80_20,Linear Regression
2025-05-06,50.83,50.8096,VNM,80_20,Linear Regression
2025-05-07,51.1,50.8668,VNM,80_20,Linear Regression
2025-05-08,51.27,51.1291,VNM,80_20,Linear Regression
2025-05-09,51.54,51.2906,VNM,80_20,Linear Regression
2025-05-12,52.35,51.5991,VNM,80_20,Linear Regression
2025-05-13,52.26,52.3361,VNM,80_20,Linear Regression
2025-05-14,51.98,52.3255,VNM,80_20,Linear Regression
2025-05-15,52.54,51.9709,VNM,80_20,Linear Regression
2025-05-16,51.98,52.4977,VNM,80_20,Linear Regression
2025-05-19,51.8,52.0971,VNM,80_20,Linear Regression
2025-05-20,51.7,51.9046,VNM,80_20,Linear Regression
2025-05-21,51.24,51.76,VNM,80_20,Linear Regression
2025-05-22,50.87,51.3749,VNM,80_20,Linear Regression
2025-05-23,51.15,50.9447,VNM,80_20,Linear Regression
2025-05-26,51.52,51.2137,VNM,80_20,Linear Regression
2025-05-27,51.24,51.5748,VNM,80_20,Linear Regression
2025-05-28,51.06,51.3392,VNM,80_20,Linear Regression
2025-05-29,50.96,51.0462,VNM,80_20,Linear Regression
2025-05-30,50.78,50.9896,VNM,80_20,Linear Regression
2025-06-02,50.5,50.8508,VNM,80_20,Linear Regression
2025-06-03,51.33,50.5748,VNM,80_20,Linear Regression
2025-06-04,52.63,51.4344,VNM,80_20,Linear Regression
2025-06-05,52.07,52.8706,VNM,80_20,Linear Regression
2025-06-06,51.15,52.2954,VNM,80_20,Linear Regression
2025-06-09,51.15,51.1395,VNM,80_20,Linear Regression
2025-06-10,51.15,51.3009,VNM,80_20,Linear Regression
2025-06-11,51.06,51.4421,VNM,80_20,Linear Regression
2025-06-12,51.7,51.2497,VNM,80_20,Linear Regression
2025-06-13,51.33,51.794,VNM,80_20,Linear Regression
2025-06-16,52.07,51.4134,VNM,80_20,Linear Regression
2025-06-17,51.98,52.0912,VNM,80_20,Linear Regression
2025-06-18,51.8,52.1339,VNM,80_20,Linear Regression
2025-06-19,51.89,51.9487,VNM,80_20,Linear Regression
2025-06-20,52.35,51.9174,VNM,80_20,Linear Regression
2025-06-23,51.7,52.4355,VNM,80_20,Linear Regression
2025-06-24,52.17,51.8389,VNM,80_20,Linear Regression
2025-06-25,52.54,52.179,VNM,80_20,Linear Regression
2025-06-26,52.17,52.7922,VNM,80_20,Linear Regression
2025-06-27,53.46,52.3269,VNM,80_20,Linear Regression
2025-06-30,53.65,53.5073,VNM,80_20,Linear Regression
2025-07-01,53.18,53.9581,VNM,80_20,Linear Regression
2025-07-02,53.37,53.2813,VNM,80_20,Linear Regression
2025-07-03,53.18,53.3695,VNM,80_20,Linear Regression
2025-07-04,53.46,53.399,VNM,80_20,Linear Regression
2025-07-07,53.55,53.5528,VNM,80_20,Linear Regression
2025-07-08,54.57,53.7074,VNM,80_20,Linear Regression
2025-07-09,55.68,54.691,VNM,80_20,Linear Regression
2025-07-10,55.22,55.8844,VNM,80_20,Linear Regression
2025-07-11,55.31,55.4423,VNM,80_20,Linear Regression
2025-07-14,55.77,55.4457,VNM,80_20,Linear Regression
2025-07-15,55.59,55.8663,VNM,80_20,Linear Regression
2025-07-16,55.59,55.9433,VNM,80_20,Linear Regression
2025-07-17,55.59,55.6871,VNM,80_20,Linear Regression
2025-07-18,55.68,55.7855,VNM,80_20,Linear Regression
2025-07-21,55.5,55.9936,VNM,80_20,Linear Regression
2025-07-22,55.68,55.7826,VNM,80_20,Linear Regression
2025-07-23,57.07,55.7855,VNM,80_20,Linear Regression
2025-07-24,58.92,57.2271,VNM,80_20,Linear Regression
2025-07-25,58.45,59.2075,VNM,80_20,Linear Regression
2025-07-28,58.55,58.6939,VNM,80_20,Linear Regression
2025-07-29,58.45,58.6107,VNM,80_20,Linear Regression
2025-07-30,58.18,58.7008,VNM,80_20,Linear Regression
2025-07-31,56.61,58.5059,VNM,80_20,Linear Regression
2025-08-01,55.5,56.8238,VNM,80_20,Linear Regression
2025-08-04,55.87,55.7018,VNM,80_20,Linear Regression
2025-08-05,55.59,56.1187,VNM,80_20,Linear Regression
2025-08-06,56.7,56.0961,VNM,80_20,Linear Regression
2025-08-07,56.33,56.8257,VNM,80_20,Linear Regression
2025-08-08,56.24,56.4953,VNM,80_20,Linear Regression
2025-08-11,56.88,56.3267,VNM,80_20,Linear Regression
2025-08-12,57.16,56.9408,VNM,80_20,Linear Regression
2025-08-13,56.51,57.3348,VNM,80_20,Linear Regression
2025-08-14,57.07,56.609,VNM,80_20,Linear Regression
2025-08-15,56.42,57.097,VNM,80_20,Linear Regression
2025-08-18,56.14,56.6812,VNM,80_20,Linear Regression
2025-08-19,55.96,56.2995,VNM,80_20,Linear Regression
2025-08-20,55.5,56.1621,VNM,80_20,Linear Regression
2025-08-21,55.59,55.7236,VNM,80_20,Linear Regression
2025-08-22,54.29,55.7221,VNM,80_20,Linear Regression
2025-08-25,54.29,54.4473,VNM,80_20,Linear Regression
2025-08-26,55.22,54.3777,VNM,80_20,Linear Regression
2025-08-27,55.96,55.2572,VNM,80_20,Linear Regression
2025-08-28,56.42,56.1037,VNM,80_20,Linear Regression
2025-08-29,55.77,56.4306,VNM,80_20,Linear Regression
2025-09-03,56.88,55.7492,VNM,80_20,Linear Regression
2025-09-04,57.16,56.7299,VNM,80_20,Linear Regression
2025-09-05,56.33,57.3601,VNM,80_20,Linear Regression
2025-09-08,56.05,56.4558,VNM,80_20,Linear Regression
2025-09-09,55.77,56.1299,VNM,80_20,Linear Regression
2025-09-10,55.31,55.8933,VNM,80_20,Linear Regression
2025-09-11,56.61,55.4596,VNM,80_20,Linear Regression
2025-09-12,58.45,56.4933,VNM,80_20,Linear Regression
2025-09-15,58.36,58.4977,VNM,80_20,Linear Regression
2025-09-16,59.84,58.41,VNM,80_20,Linear Regression
2025-09-17,60.21,59.6446,VNM,80_20,Linear Regression
2025-09-18,58.82,60.3427,VNM,80_20,Linear Regression
2025-09-19,57.35,58.8472,VNM,80_20,Linear Regression
2025-09-22,56.79,57.3117,VNM,80_20,Linear Regression
2025-09-23,56.98,57.0068,VNM,80_20,Linear Regression
2025-09-24,57.35,57.3455,VNM,80_20,Linear Regression
2025-09-25,56.88,57.3998,VNM,80_20,Linear Regression
2025-09-26,56.51,56.9791,VNM,80_20,Linear Regression
2025-09-29,55.77,56.4953,VNM,80_20,Linear Regression
2025-09-30,55.5,55.8218,VNM,80_20,Linear Regression
2025-10-01,57.44,55.6337,VNM,80_20,Linear Regression
2025-10-02,56.61,57.4011,VNM,80_20,Linear Regression
2025-10-03,56.7,56.8696,VNM,80_20,Linear Regression
2025-10-06,57.72,56.6929,VNM,80_20,Linear Regression
2025-10-07,56.79,57.6396,VNM,80_20,Linear Regression
2025-10-08,58.64,57.0562,VNM,80_20,Linear Regression
2025-10-09,58.18,58.4944,VNM,80_20,Linear Regression
2025-10-10,57.72,58.3961,VNM,80_20,Linear Regression
2025-10-13,59.19,57.8448,VNM,80_20,Linear Regression
2025-10-14,58.73,58.9987,VNM,80_20,Linear Regression
2025-10-15,58.82,58.9765,VNM,80_20,Linear Regression
2025-10-16,59.26,58.86,VNM,80_20,Linear Regression
2025-10-17,56.94,59.0754,VNM,80_20,Linear Regression
2025-10-20,53.26,57.1829,VNM,80_20,Linear Regression
2025-10-21,54.71,53.6485,VNM,80_20,Linear Regression
2025-10-22,54.52,55.0797,VNM,80_20,Linear Regression
2025-10-23,54.81,55.1689,VNM,80_20,Linear Regression
2025-10-24,56.26,55.0732,VNM,80_20,Linear Regression
2025-10-27,55.19,55.9683,VNM,80_20,Linear Regression
2025-10-28,55.58,55.3849,VNM,80_20,Linear Regression
2025-10-29,55.68,55.4216,VNM,80_20,Linear Regression
2025-10-30,55.29,55.758,VNM,80_20,Linear Regression
2025-10-31,55.77,55.5127,VNM,80_20,Linear Regression
2025-11-03,55.48,55.7897,VNM,80_20,Linear Regression
2025-11-04,55.48,55.7533,VNM,80_20,Linear Regression
2025-11-05,56.16,55.5038,VNM,80_20,Linear Regression
2025-11-06,56.16,56.2459,VNM,80_20,Linear Regression
2025-11-07,55.77,56.3234,VNM,80_20,Linear Regression
2025-11-10,55.19,55.9073,VNM,80_20,Linear Regression
2025-11-11,57.03,55.2479,VNM,80_20,Linear Regression
2025-11-12,57.9,56.9328,VNM,80_20,Linear Regression
2025-11-13,59.84,57.9649,VNM,80_20,Linear Regression
2025-11-14,60.81,59.6268,VNM,80_20,Linear Regression
2025-11-17,60.13,60.6526,VNM,80_20,Linear Regression
2025-11-18,58.78,60.0233,VNM,80_20,Linear Regression
2025-11-19,58.97,58.653,VNM,80_20,Linear Regression
2025-11-20,58.78,59.0217,VNM,80_20,Linear Regression
2025-11-21,58.0,59.0312,VNM,80_20,Linear Regression
2025-11-24,61.0,58.1573,VNM,80_20,Linear Regression
2025-11-25,59.94,60.7682,VNM,80_20,Linear Regression
2025-11-26,60.81,60.223,VNM,80_20,Linear Regression
2025-11-27,60.03,60.6104,VNM,80_20,Linear Regression
2025-11-28,61.97,60.0439,VNM,80_20,Linear Regression
2025-12-01,62.84,61.872,VNM,80_20,Linear Regression
2025-12-02,62.94,62.9992,VNM,80_20,Linear Regression
2025-12-03,62.55,62.9407,VNM,80_20,Linear Regression
2025-12-04,61.39,62.338,VNM,80_20,Linear Regression
2025-12-05,61.39,61.4627,VNM,80_20,Linear Regression
2025-12-08,61.49,61.5916,VNM,80_20,Linear Regression
2025-12-09,60.52,61.8124,VNM,80_20,Linear Regression
2025-12-10,61.1,60.867,VNM,80_20,Linear Regression
2025-12-11,59.55,61.224,VNM,80_20,Linear Regression
2025-12-12,58.29,59.8771,VNM,80_20,Linear Regression
2025-12-15,60.03,58.4899,VNM,80_20,Linear Regression
2025-12-16,62.16,60.027,VNM,80_20,Linear Regression
2025-12-17,60.91,62.261,VNM,80_20,Linear Regression
2025-12-18,61.87,61.0781,VNM,80_20,Linear Regression
2025-12-19,61.97,61.4673,VNM,80_20,Linear Regression
2025-12-22,61.2,61.8815,VNM,80_20,Linear Regression
2025-12-23,60.62,61.3486,VNM,80_20,Linear Regression
2025-12-24,59.55,60.7278,VNM,80_20,Linear Regression
2025-12-25,59.36,59.8511,VNM,80_20,Linear Regression
2025-12-26,59.55,59.714,VNM,80_20,Linear Regression
2025-12-29,60.13,59.8644,VNM,80_20,Linear Regression
2025-12-30,59.84,60.2652,VNM,80_20,Linear Regression
2025-12-31,59.26,59.9161,VNM,80_20,Linear Regression
2026-01-05,58.39,59.2498,VNM,80_20,Linear Regression
2026-01-06,58.87,58.4085,VNM,80_20,Linear Regression
2026-01-07,58.97,58.888,VNM,80_20,Linear Regression
2026-01-08,60.23,59.1251,VNM,80_20,Linear Regression
2026-01-09,59.07,60.341,VNM,80_20,Linear Regression
2026-01-12,60.71,59.1833,VNM,80_20,Linear Regression
2026-01-13,61.29,60.4523,VNM,80_20,Linear Regression
2026-01-14,65.55,61.5934,VNM,80_20,Linear Regression
2026-01-15,68.75,65.3034,VNM,80_20,Linear Regression
2026-01-16,67.39,68.8448,VNM,80_20,Linear Regression
2026-01-19,68.36,67.4893,VNM,80_20,Linear Regression
2026-01-20,71.07,67.5086,VNM,80_20,Linear Regression
2026-01-21,68.07,70.9403,VNM,80_20,Linear Regression
2026-01-22,68.65,68.259,VNM,80_20,Linear Regression
2026-01-23,65.07,68.2308,VNM,80_20,Linear Regression
2026-01-26,66.72,65.4129,VNM,80_20,Linear Regression
2026-01-27,65.55,66.6583,VNM,80_20,Linear Regression
2026-01-28,65.55,65.6074,VNM,80_20,Linear Regression
2026-01-29,68.85,65.7586,VNM,80_20,Linear Regression
2026-01-30,68.36,68.2544,VNM,80_20,Linear Regression
2026-02-02,70.3,68.5628,VNM,80_20,Linear Regression
2026-02-03,69.33,69.6194,VNM,80_20,Linear Regression
2026-02-04,69.72,69.1916,VNM,80_20,Linear Regression
2026-02-05,66.91,69.3866,VNM,80_20,Linear Regression
2026-02-06,66.91,67.1242,VNM,80_20,Linear Regression
2026-02-09,67.39,67.1284,VNM,80_20,Linear Regression
2026-02-10,66.23,67.7874,VNM,80_20,Linear Regression
2026-02-11,66.91,66.8216,VNM,80_20,Linear Regression
2026-02-12,66.81,66.999,VNM,80_20,Linear Regression
2026-02-13,67.3,67.0536,VNM,80_20,Linear Regression
2026-02-23,68.36,67.3367,VNM,80_20,Linear Regression
2026-02-24,67.97,68.373,VNM,80_20,Linear Regression
2026-02-25,70.01,68.0797,VNM,80_20,Linear Regression
2026-02-26,68.36,69.8094,VNM,80_20,Linear Regression
2026-02-27,66.04,68.3027,VNM,80_20,Linear Regression
2026-03-02,64.49,66.135,VNM,80_20,Linear Regression
2026-03-03,61.39,64.9859,VNM,80_20,Linear Regression
2026-03-04,62.84,62.4087,VNM,80_20,Linear Regression
2026-03-05,61.2,63.0553,VNM,80_20,Linear Regression
2026-03-06,60.42,62.0752,VNM,80_20,Linear Regression
2026-03-09,56.26,60.8344,VNM,80_20,Linear Regression
2026-03-10,60.13,56.9202,VNM,80_20,Linear Regression
2026-03-11,61.0,60.2897,VNM,80_20,Linear Regression
2026-03-12,59.65,61.7687,VNM,80_20,Linear Regression
2026-03-13,61.1,60.1207,VNM,80_20,Linear Regression
2026-03-16,59.84,60.8224,VNM,80_20,Linear Regression
2026-03-17,59.55,60.2843,VNM,80_20,Linear Regression
2026-03-18,59.74,59.9541,VNM,80_20,Linear Regression
2026-03-19,59.07,60.1467,VNM,80_20,Linear Regression
2026-03-20,58.1,59.6389,VNM,80_20,Linear Regression
2026-03-23,58.87,58.5595,VNM,80_20,Linear Regression
2026-03-24,59.26,59.0295,VNM,80_20,Linear Regression
2026-03-25,60.13,59.5881,VNM,80_20,Linear Regression
2026-03-26,59.07,60.153,VNM,80_20,Linear Regression
2026-03-27,59.55,59.0629,VNM,80_20,Linear Regression
2026-03-30,58.68,59.2982,VNM,80_20,Linear Regression
2026-03-31,58.58,58.6572,VNM,80_20,Linear Regression
2026-04-01,59.36,58.604,VNM,80_20,Linear Regression
2026-04-02,58.87,59.3133,VNM,80_20,Linear Regression
2026-04-03,58.1,58.8972,VNM,80_20,Linear Regression
2026-04-06,58.97,58.0647,VNM,80_20,Linear Regression
2026-04-07,59.07,58.78,VNM,80_20,Linear Regression
2026-04-08,60.62,59.0594,VNM,80_20,Linear Regression
2026-04-09,59.84,60.4593,VNM,80_20,Linear Regression
2026-04-10,60.81,59.7611,VNM,80_20,Linear Regression
2026-04-13,60.81,60.7165,VNM,80_20,Linear Regression
2026-04-14,60.03,60.6541,VNM,80_20,Linear Regression
2026-04-15,59.36,60.0569,VNM,80_20,Linear Regression
2026-04-16,59.16,59.3078,VNM,80_20,Linear Regression
2026-04-17,59.36,59.2042,VNM,80_20,Linear Regression
2026-04-20,59.55,59.6152,VNM,80_20,Linear Regression
2026-04-21,59.65,59.6705,VNM,80_20,Linear Regression
2026-04-22,59.84,59.7203,VNM,80_20,Linear Regression
2026-04-23,60.03,59.7874,VNM,80_20,Linear Regression
2026-04-24,59.45,59.873,VNM,80_20,Linear Regression
2026-04-28,59.26,59.2861,VNM,80_20,Linear Regression
2026-04-29,58.97,59.066,VNM,80_20,Linear Regression
2026-05-04,58.97,58.9556,VNM,80_20,Linear Regression
2026-05-05,59.16,59.0297,VNM,80_20,Linear Regression
2026-05-06,59.55,59.0741,VNM,80_20,Linear Regression
2026-05-07,59.55,59.511,VNM,80_20,Linear Regression
2026-05-08,58.97,59.5609,VNM,80_20,Linear Regression
2026-05-11,58.68,59.005,VNM,80_20,Linear Regression
2026-05-12,58.19,58.6677,VNM,80_20,Linear Regression
2026-05-13,57.42,58.2651,VNM,80_20,Linear Regression
2026-05-14,58.19,57.4566,VNM,80_20,Linear Regression
2026-05-15,57.9,58.1715,VNM,80_20,Linear Regression
2026-05-18,58.58,58.0621,VNM,80_20,Linear Regression
2026-05-19,57.9,58.5447,VNM,80_20,Linear Regression
2026-05-20,57.23,57.9592,VNM,80_20,Linear Regression
2026-05-21,57.13,57.1828,VNM,80_20,Linear Regression
2026-05-22,57.61,57.133,VNM,80_20,Linear Regression
2026-05-25,57.23,57.6928,VNM,80_20,Linear Regression
2026-05-26,57.23,57.3688,VNM,80_20,Linear Regression
2026-05-27,56.94,57.1804,VNM,80_20,Linear Regression
2026-05-28,57.13,56.9163,VNM,80_20,Linear Regression
2026-05-29,57.32,57.2372,VNM,80_20,Linear Regression
2026-06-01,57.23,57.3163,VNM,80_20,Linear Regression
2026-06-02,56.74,57.1941,VNM,80_20,Linear Regression
2026-06-03,56.45,56.7044,VNM,80_20,Linear Regression
2026-06-04,56.74,56.374,VNM,80_20,Linear Regression
2026-06-05,56.55,56.6768,VNM,80_20,Linear Regression
2026-06-08,56.16,56.5502,VNM,80_20,Linear Regression
2026-06-09,56.45,56.0968,VNM,80_20,Linear Regression
2026-06-10,57.03,56.3204,VNM,80_20,Linear Regression
2026-06-11,57.32,56.9877,VNM,80_20,Linear Regression
2026-06-12,57.13,57.3173,VNM,80_20,Linear Regression
2026-06-15,57.81,57.1508,VNM,80_20,Linear Regression
2026-06-16,57.23,57.7378,VNM,80_20,Linear Regression
2026-06-17,57.13,57.2614,VNM,80_20,Linear Regression
2026-06-18,57.32,57.1308,VNM,80_20,Linear Regression
2026-06-19,57.13,57.3284,VNM,80_20,Linear Regression
2026-06-22,56.74,57.1848,VNM,80_20,Linear Regression
2026-06-23,56.55,56.7265,VNM,80_20,Linear Regression
2026-06-24,56.45,56.5116,VNM,80_20,Linear Regression
2026-06-25,56.45,56.3977,VNM,80_20,Linear Regression
2026-06-26,56.3,56.4019,VNM,80_20,Linear Regression
2026-06-29,56.1,56.1669,VNM,80_20,Linear Regression
2026-06-30,54.8,55.9581,VNM,80_20,Linear Regression
2026-07-01,55.2,54.7502,VNM,80_20,Linear Regression
2026-07-02,55.5,55.0653,VNM,80_20,Linear Regression
2026-07-03,54.9,55.6176,VNM,80_20,Linear Regression
2026-07-06,55.3,54.9303,VNM,80_20,Linear Regression
2026-07-07,55.1,55.0979,VNM,80_20,Linear Regression
2026-07-08,55.7,55.0729,VNM,80_20,Linear Regression
2026-07-09,55.7,55.674,VNM,80_20,Linear Regression
2026-07-10,56.6,55.7146,VNM,80_20,Linear Regression
2026-07-13,55.4,56.6252,VNM,80_20,Linear Regression
2026-07-14,56.0,55.4653,VNM,80_20,Linear Regression
2026-07-15,56.2,55.8412,VNM,80_20,Linear Regression
2026-07-16,56.2,56.2325,VNM,80_20,Linear Regression
2026-07-17,59.0,56.1716,VNM,80_20,Linear Regression
2026-07-20,58.5,58.9168,VNM,80_20,Linear Regression
2026-07-21,58.4,58.6169,VNM,80_20,Linear Regression
2026-07-22,59.1,58.3323,VNM,80_20,Linear Regression
2026-07-23,57.8,59.1359,VNM,80_20,Linear Regression
2026-07-24,58.9,57.8642,VNM,80_20,Linear Regression
2026-07-27,57.9,58.87,VNM,80_20,Linear Regression
2026-07-28,59.6,58.1712,VNM,80_20,Linear Regression
2026-07-29,60.0,59.4427,VNM,80_20,Linear Regression
2026-07-30,61.2,60.1539,VNM,80_20,Linear Regression
2026-07-31,60.9,61.0971,VNM,80_20,Linear Regression
2026-08-03,60.3,60.7618,VNM,80_20,Linear Regression
2026-08-04,59.5,60.2362,VNM,80_20,Linear Regression
2026-08-05,58.6,59.4553,VNM,80_20,Linear Regression
2026-08-06,59.0,58.873,VNM,80_20,Linear Regression
2026-08-07,62.0,59.1915,VNM,80_20,Linear Regression
2026-08-10,62.1,62.0923,VNM,80_20,Linear Regression
2026-08-11,62.0,62.373,VNM,80_20,Linear Regression
2026-08-12,61.8,61.9669,VNM,80_20,Linear Regression
2026-08-13,61.6,61.6987,VNM,80_20,Linear Regression
2026-08-14,61.6,61.8577,VNM,80_20,Linear Regression
2026-08-17,62.2,61.7531,VNM,80_20,Linear Regression
2026-08-18,62.1,62.3855,VNM,80_20,Linear Regression
2026-08-19,63.1,62.2331,VNM,80_20,Linear Regression
2026-08-20,64.0,63.0023,VNM,80_20,Linear Regression
2026-08-21,63.8,64.0348,VNM,80_20,Linear Regression
2026-08-24,63.2,63.8583,VNM,80_20,Linear Regression
2026-08-25,62.6,63.2796,VNM,80_20,Linear Regression
2026-08-26,62.8,62.7377,VNM,80_20,Linear Regression
2026-08-27,62.5,62.9805,VNM,80_20,Linear Regression
2026-08-28,62.3,62.7215,VNM,80_20,Linear Regression
2026-09-03,61.2,62.4135,VNM,80_20,Linear Regression
2026-09-04,61.9,61.297,VNM,80_20,Linear Regression
2026-09-07,60.7,61.8803,VNM,80_20,Linear Regression
2026-09-08,61.0,60.975,VNM,80_20,Linear Regression
2026-09-09,61.3,60.9921,VNM,80_20,Linear Regression
2026-09-10,61.6,61.4351,VNM,80_20,Linear Regression
2026-09-11,59.9,61.7107,VNM,80_20,Linear Regression
2026-09-14,59.3,59.9902,VNM,80_20,Linear Regression
2026-09-15,59.7,59.2246,VNM,80_20,Linear Regression
2026-09-16,59.6,59.9048,VNM,80_20,Linear Regression
2026-09-17,60.2,59.9582,VNM,80_20,Linear Regression
2026-09-18,61.2,60.2756,VNM,80_20,Linear Regression
2026-09-21,60.3,61.2267,VNM,80_20,Linear Regression
2026-09-22,61.2,60.4531,VNM,80_20,Linear Regression
2026-09-23,60.5,61.0375,VNM,80_20,Linear Regression
2026-09-24,60.6,60.6112,VNM,80_20,Linear Regression
2026-09-25,59.8,60.6002,VNM,80_20,Linear Regression
2026-09-28,60.3,59.8611,VNM,80_20,Linear Regression
2026-09-29,60.3,60.1564,VNM,80_20,Linear Regression
2026-09-30,59.4,60.2554,VNM,80_20,Linear Regression
2026-10-01,58.6,59.4373,VNM,80_20,Linear Regression
