date,actual,predicted,ticker,split,model
2024-05-31,57.43,58.357,VCB,70_30,LSTM
2024-06-03,58.09,57.4514,VCB,70_30,LSTM
2024-06-04,58.42,58.1149,VCB,70_30,LSTM
2024-06-05,58.48,58.4194,VCB,70_30,LSTM
2024-06-06,58.61,58.4687,VCB,70_30,LSTM
2024-06-07,58.28,58.6002,VCB,70_30,LSTM
2024-06-10,57.95,58.2846,VCB,70_30,LSTM
2024-06-11,57.43,57.959,VCB,70_30,LSTM
2024-06-12,58.42,57.4422,VCB,70_30,LSTM
2024-06-13,58.22,58.4313,VCB,70_30,LSTM
2024-06-14,57.63,58.2132,VCB,70_30,LSTM
2024-06-17,57.36,57.6272,VCB,70_30,LSTM
2024-06-18,57.36,57.3677,VCB,70_30,LSTM
2024-06-19,57.03,57.3791,VCB,70_30,LSTM
2024-06-20,56.64,57.0368,VCB,70_30,LSTM
2024-06-21,56.64,56.6456,VCB,70_30,LSTM
2024-06-24,56.31,56.6496,VCB,70_30,LSTM
2024-06-25,56.31,56.3185,VCB,70_30,LSTM
2024-06-26,56.11,56.3162,VCB,70_30,LSTM
2024-06-27,56.11,56.114,VCB,70_30,LSTM
2024-06-28,56.11,56.1163,VCB,70_30,LSTM
2024-07-01,56.7,56.1124,VCB,70_30,LSTM
2024-07-02,58.09,56.7008,VCB,70_30,LSTM
2024-07-03,58.28,58.0767,VCB,70_30,LSTM
2024-07-04,57.95,58.2559,VCB,70_30,LSTM
2024-07-05,57.95,57.9354,VCB,70_30,LSTM
2024-07-08,57.43,57.9548,VCB,70_30,LSTM
2024-07-09,58.02,57.4459,VCB,70_30,LSTM
2024-07-10,58.35,58.03,VCB,70_30,LSTM
2024-07-11,58.02,58.3459,VCB,70_30,LSTM
2024-07-12,57.69,58.0148,VCB,70_30,LSTM
2024-07-15,57.63,57.6902,VCB,70_30,LSTM
2024-07-16,57.89,57.6435,VCB,70_30,LSTM
2024-07-17,57.95,57.8988,VCB,70_30,LSTM
2024-07-18,57.95,57.9481,VCB,70_30,LSTM
2024-07-19,57.63,57.9472,VCB,70_30,LSTM
2024-07-22,57.76,57.632,VCB,70_30,LSTM
2024-07-23,57.63,57.7681,VCB,70_30,LSTM
2024-07-24,57.63,57.6347,VCB,70_30,LSTM
2024-07-25,57.49,57.6341,VCB,70_30,LSTM
2024-07-26,57.49,57.4919,VCB,70_30,LSTM
2024-07-29,57.49,57.4957,VCB,70_30,LSTM
2024-07-30,57.63,57.4931,VCB,70_30,LSTM
2024-07-31,58.74,57.6324,VCB,70_30,LSTM
2024-08-01,59.73,58.7351,VCB,70_30,LSTM
2024-08-02,58.42,59.7109,VCB,70_30,LSTM
2024-08-05,57.23,58.4022,VCB,70_30,LSTM
2024-08-06,57.49,57.2425,VCB,70_30,LSTM
2024-08-07,57.76,57.5253,VCB,70_30,LSTM
2024-08-08,57.49,57.7798,VCB,70_30,LSTM
2024-08-09,57.76,57.4822,VCB,70_30,LSTM
2024-08-12,57.82,57.7545,VCB,70_30,LSTM
2024-08-13,58.94,57.822,VCB,70_30,LSTM
2024-08-14,57.95,58.937,VCB,70_30,LSTM
2024-08-15,57.69,57.9374,VCB,70_30,LSTM
2024-08-16,58.02,57.6979,VCB,70_30,LSTM
2024-08-19,58.48,58.0319,VCB,70_30,LSTM
2024-08-20,59.8,58.4889,VCB,70_30,LSTM
2024-08-21,61.12,59.7814,VCB,70_30,LSTM
2024-08-22,60.85,61.0901,VCB,70_30,LSTM
2024-08-23,60.85,60.8224,VCB,70_30,LSTM
2024-08-26,60.59,60.8421,VCB,70_30,LSTM
2024-08-27,60.26,60.6006,VCB,70_30,LSTM
2024-08-28,60.0,60.2768,VCB,70_30,LSTM
2024-08-29,60.26,60.0091,VCB,70_30,LSTM
2024-08-30,60.39,60.2694,VCB,70_30,LSTM
2024-09-04,59.93,60.3903,VCB,70_30,LSTM
2024-09-05,59.34,59.9286,VCB,70_30,LSTM
2024-09-06,59.4,59.3475,VCB,70_30,LSTM
2024-09-09,59.4,59.4166,VCB,70_30,LSTM
2024-09-10,58.61,59.4098,VCB,70_30,LSTM
2024-09-11,58.22,58.6136,VCB,70_30,LSTM
2024-09-12,58.94,58.2312,VCB,70_30,LSTM
2024-09-13,59.21,58.9537,VCB,70_30,LSTM
2024-09-16,58.55,59.2074,VCB,70_30,LSTM
2024-09-17,59.6,58.5402,VCB,70_30,LSTM
2024-09-18,59.93,59.6006,VCB,70_30,LSTM
2024-09-19,60.26,59.9267,VCB,70_30,LSTM
2024-09-20,59.67,60.2498,VCB,70_30,LSTM
2024-09-23,59.86,59.6597,VCB,70_30,LSTM
2024-09-24,60.06,59.8727,VCB,70_30,LSTM
2024-09-25,61.12,60.0662,VCB,70_30,LSTM
2024-09-26,60.92,61.1175,VCB,70_30,LSTM
2024-09-27,60.92,60.9021,VCB,70_30,LSTM
2024-09-30,60.59,60.9156,VCB,70_30,LSTM
2024-10-01,60.59,60.594,VCB,70_30,LSTM
2024-10-02,61.05,60.6047,VCB,70_30,LSTM
2024-10-03,60.98,61.0529,VCB,70_30,LSTM
2024-10-04,60.79,60.9774,VCB,70_30,LSTM
2024-10-07,60.59,60.7877,VCB,70_30,LSTM
2024-10-08,60.26,60.5954,VCB,70_30,LSTM
2024-10-09,59.93,60.2717,VCB,70_30,LSTM
2024-10-10,60.52,59.9406,VCB,70_30,LSTM
2024-10-11,60.26,60.5278,VCB,70_30,LSTM
2024-10-14,60.19,60.2582,VCB,70_30,LSTM
2024-10-15,60.19,60.1897,VCB,70_30,LSTM
2024-10-16,60.26,60.1924,VCB,70_30,LSTM
2024-10-17,60.72,60.2676,VCB,70_30,LSTM
2024-10-18,60.85,60.7184,VCB,70_30,LSTM
2024-10-21,60.59,60.8445,VCB,70_30,LSTM
2024-10-22,60.19,60.587,VCB,70_30,LSTM
2024-10-23,60.26,60.1956,VCB,70_30,LSTM
2024-10-24,60.39,60.2732,VCB,70_30,LSTM
2024-10-25,60.46,60.3967,VCB,70_30,LSTM
2024-10-28,60.59,60.4594,VCB,70_30,LSTM
2024-10-29,60.59,60.5872,VCB,70_30,LSTM
2024-10-30,60.39,60.5902,VCB,70_30,LSTM
2024-10-31,61.64,60.3927,VCB,70_30,LSTM
2024-11-01,61.58,61.6406,VCB,70_30,LSTM
2024-11-04,60.92,61.5679,VCB,70_30,LSTM
2024-11-05,60.98,60.9142,VCB,70_30,LSTM
2024-11-06,61.18,60.9875,VCB,70_30,LSTM
2024-11-07,61.38,61.1958,VCB,70_30,LSTM
2024-11-08,60.72,61.3801,VCB,70_30,LSTM
2024-11-11,60.59,60.716,VCB,70_30,LSTM
2024-11-12,60.52,60.6003,VCB,70_30,LSTM
2024-11-13,60.92,60.532,VCB,70_30,LSTM
2024-11-14,60.59,60.9267,VCB,70_30,LSTM
2024-11-15,60.39,60.5851,VCB,70_30,LSTM
2024-11-18,59.93,60.3935,VCB,70_30,LSTM
2024-11-19,59.27,59.9388,VCB,70_30,LSTM
2024-11-20,59.47,59.2868,VCB,70_30,LSTM
2024-11-21,59.6,59.4843,VCB,70_30,LSTM
2024-11-22,59.67,59.6059,VCB,70_30,LSTM
2024-11-25,60.13,59.6675,VCB,70_30,LSTM
2024-11-26,60.85,60.1238,VCB,70_30,LSTM
2024-11-27,61.05,60.8433,VCB,70_30,LSTM
2024-11-28,60.98,61.0376,VCB,70_30,LSTM
2024-11-29,61.44,60.972,VCB,70_30,LSTM
2024-12-02,62.04,61.4407,VCB,70_30,LSTM
2024-12-03,61.25,62.0385,VCB,70_30,LSTM
2024-12-04,61.58,61.2441,VCB,70_30,LSTM
2024-12-05,61.91,61.5849,VCB,70_30,LSTM
2024-12-06,62.04,61.9158,VCB,70_30,LSTM
2024-12-09,62.76,62.0405,VCB,70_30,LSTM
2024-12-10,62.24,62.7487,VCB,70_30,LSTM
2024-12-11,61.44,62.2344,VCB,70_30,LSTM
2024-12-12,61.58,61.4474,VCB,70_30,LSTM
2024-12-13,61.31,61.5974,VCB,70_30,LSTM
2024-12-16,61.31,61.3257,VCB,70_30,LSTM
2024-12-17,61.25,61.3142,VCB,70_30,LSTM
2024-12-18,61.31,61.2502,VCB,70_30,LSTM
2024-12-19,60.85,61.315,VCB,70_30,LSTM
2024-12-20,60.92,60.8524,VCB,70_30,LSTM
2024-12-23,60.85,60.9285,VCB,70_30,LSTM
2024-12-24,60.65,60.8559,VCB,70_30,LSTM
2024-12-25,60.85,60.6555,VCB,70_30,LSTM
2024-12-26,60.65,60.8524,VCB,70_30,LSTM
2024-12-27,60.72,60.6532,VCB,70_30,LSTM
2024-12-30,60.59,60.7234,VCB,70_30,LSTM
2024-12-31,60.06,60.5923,VCB,70_30,LSTM
2025-01-02,60.52,60.0675,VCB,70_30,LSTM
2025-01-03,60.59,60.5283,VCB,70_30,LSTM
2025-01-06,61.18,60.5919,VCB,70_30,LSTM
2025-01-07,60.79,61.1755,VCB,70_30,LSTM
2025-01-08,60.85,60.7804,VCB,70_30,LSTM
2025-01-09,60.52,60.8549,VCB,70_30,LSTM
2025-01-10,60.19,60.5256,VCB,70_30,LSTM
2025-01-13,60.52,60.2028,VCB,70_30,LSTM
2025-01-14,60.39,60.5268,VCB,70_30,LSTM
2025-01-15,60.19,60.3931,VCB,70_30,LSTM
2025-01-16,61.05,60.1909,VCB,70_30,LSTM
2025-01-17,60.92,61.0504,VCB,70_30,LSTM
2025-01-20,60.39,60.9154,VCB,70_30,LSTM
2025-01-21,60.19,60.3877,VCB,70_30,LSTM
2025-01-22,60.06,60.1984,VCB,70_30,LSTM
2025-01-23,60.92,60.077,VCB,70_30,LSTM
2025-01-24,60.98,60.9239,VCB,70_30,LSTM
2025-02-03,60.33,60.9686,VCB,70_30,LSTM
2025-02-04,60.59,60.3248,VCB,70_30,LSTM
2025-02-05,60.98,60.597,VCB,70_30,LSTM
2025-02-06,61.18,60.9893,VCB,70_30,LSTM
2025-02-07,61.25,61.1761,VCB,70_30,LSTM
2025-02-10,60.72,61.2408,VCB,70_30,LSTM
2025-02-11,60.52,60.7221,VCB,70_30,LSTM
2025-02-12,60.26,60.5321,VCB,70_30,LSTM
2025-02-13,60.33,60.2727,VCB,70_30,LSTM
2025-02-14,60.33,60.3401,VCB,70_30,LSTM
2025-02-17,60.33,60.3315,VCB,70_30,LSTM
2025-02-18,60.33,60.3315,VCB,70_30,LSTM
2025-02-19,60.39,60.3308,VCB,70_30,LSTM
2025-02-20,60.39,60.3929,VCB,70_30,LSTM
2025-02-21,61.31,60.3918,VCB,70_30,LSTM
2025-02-24,61.58,61.3084,VCB,70_30,LSTM
2025-02-25,60.98,61.5683,VCB,70_30,LSTM
2025-02-26,60.79,60.9724,VCB,70_30,LSTM
2025-02-27,61.91,60.7965,VCB,70_30,LSTM
2025-02-28,61.44,61.9221,VCB,70_30,LSTM
2025-03-03,61.44,61.434,VCB,70_30,LSTM
2025-03-04,61.25,61.435,VCB,70_30,LSTM
2025-03-05,61.25,61.2536,VCB,70_30,LSTM
2025-03-06,61.58,61.264,VCB,70_30,LSTM
2025-03-07,62.63,61.5804,VCB,70_30,LSTM
2025-03-10,63.75,62.6243,VCB,70_30,LSTM
2025-03-11,63.75,63.7282,VCB,70_30,LSTM
2025-03-12,65.67,63.7252,VCB,70_30,LSTM
2025-03-13,64.49,65.6517,VCB,70_30,LSTM
2025-03-14,64.98,64.4737,VCB,70_30,LSTM
2025-03-17,66.26,64.9857,VCB,70_30,LSTM
2025-03-18,65.77,66.2567,VCB,70_30,LSTM
2025-03-19,65.47,65.7679,VCB,70_30,LSTM
2025-03-20,65.77,65.4594,VCB,70_30,LSTM
2025-03-21,64.98,65.7802,VCB,70_30,LSTM
2025-03-24,65.47,64.9941,VCB,70_30,LSTM
2025-03-25,65.18,65.4771,VCB,70_30,LSTM
2025-03-26,64.78,65.182,VCB,70_30,LSTM
2025-03-27,64.49,64.7878,VCB,70_30,LSTM
2025-03-28,63.8,64.4961,VCB,70_30,LSTM
2025-03-31,63.01,63.8172,VCB,70_30,LSTM
2025-04-01,63.5,63.0273,VCB,70_30,LSTM
2025-04-02,63.8,63.5174,VCB,70_30,LSTM
2025-04-03,59.37,63.8026,VCB,70_30,LSTM
2025-04-04,59.07,59.3743,VCB,70_30,LSTM
2025-04-08,54.94,59.1255,VCB,70_30,LSTM
2025-04-09,51.69,54.9981,VCB,70_30,LSTM
2025-04-10,55.23,51.7686,VCB,70_30,LSTM
2025-04-11,58.88,55.2804,VCB,70_30,LSTM
2025-04-14,58.38,58.8519,VCB,70_30,LSTM
2025-04-15,59.07,58.2789,VCB,70_30,LSTM
2025-04-16,58.38,59.0096,VCB,70_30,LSTM
2025-04-17,57.2,58.3907,VCB,70_30,LSTM
2025-04-18,57.2,57.2343,VCB,70_30,LSTM
2025-04-21,57.3,57.2209,VCB,70_30,LSTM
2025-04-22,57.6,57.3202,VCB,70_30,LSTM
2025-04-23,57.1,57.5989,VCB,70_30,LSTM
2025-04-24,57.3,57.0917,VCB,70_30,LSTM
2025-04-25,56.61,57.3056,VCB,70_30,LSTM
2025-04-28,56.61,56.6168,VCB,70_30,LSTM
2025-04-29,56.42,56.6237,VCB,70_30,LSTM
2025-05-05,56.22,56.4263,VCB,70_30,LSTM
2025-05-06,56.12,56.2292,VCB,70_30,LSTM
2025-05-07,56.12,56.1232,VCB,70_30,LSTM
2025-05-08,56.22,56.1264,VCB,70_30,LSTM
2025-05-09,55.73,56.2225,VCB,70_30,LSTM
2025-05-12,55.73,55.7319,VCB,70_30,LSTM
2025-05-13,55.92,55.7378,VCB,70_30,LSTM
2025-05-14,57.79,55.9263,VCB,70_30,LSTM
2025-05-15,57.79,57.7838,VCB,70_30,LSTM
2025-05-16,56.61,57.7606,VCB,70_30,LSTM
2025-05-19,56.12,56.5977,VCB,70_30,LSTM
2025-05-20,56.22,56.1363,VCB,70_30,LSTM
2025-05-21,56.22,56.2526,VCB,70_30,LSTM
2025-05-22,56.02,56.2293,VCB,70_30,LSTM
2025-05-23,55.92,56.0162,VCB,70_30,LSTM
2025-05-26,56.12,55.9223,VCB,70_30,LSTM
2025-05-27,55.92,56.1258,VCB,70_30,LSTM
2025-05-28,55.92,55.922,VCB,70_30,LSTM
2025-05-29,55.82,55.9224,VCB,70_30,LSTM
2025-05-30,55.53,55.8236,VCB,70_30,LSTM
2025-06-02,55.33,55.5368,VCB,70_30,LSTM
2025-06-03,55.92,55.337,VCB,70_30,LSTM
2025-06-04,55.73,55.9262,VCB,70_30,LSTM
2025-06-05,55.43,55.727,VCB,70_30,LSTM
2025-06-06,55.23,55.4292,VCB,70_30,LSTM
2025-06-09,55.04,55.2363,VCB,70_30,LSTM
2025-06-10,55.04,55.0532,VCB,70_30,LSTM
2025-06-11,54.84,55.0468,VCB,70_30,LSTM
2025-06-12,55.14,54.8437,VCB,70_30,LSTM
2025-06-13,55.33,55.1434,VCB,70_30,LSTM
2025-06-16,55.73,55.3282,VCB,70_30,LSTM
2025-06-17,56.32,55.7258,VCB,70_30,LSTM
2025-06-18,55.82,56.3103,VCB,70_30,LSTM
2025-06-19,55.73,55.8134,VCB,70_30,LSTM
2025-06-20,56.22,55.734,VCB,70_30,LSTM
2025-06-23,55.73,56.2277,VCB,70_30,LSTM
2025-06-24,55.73,55.7335,VCB,70_30,LSTM
2025-06-25,55.73,55.7317,VCB,70_30,LSTM
2025-06-26,55.53,55.7353,VCB,70_30,LSTM
2025-06-27,55.82,55.5378,VCB,70_30,LSTM
2025-06-30,56.12,55.8211,VCB,70_30,LSTM
2025-07-01,57.3,56.1192,VCB,70_30,LSTM
2025-07-02,57.1,57.2909,VCB,70_30,LSTM
2025-07-03,57.01,57.0813,VCB,70_30,LSTM
2025-07-04,57.5,57.0048,VCB,70_30,LSTM
2025-07-07,57.7,57.5023,VCB,70_30,LSTM
2025-07-08,58.09,57.7039,VCB,70_30,LSTM
2025-07-09,60.55,58.0822,VCB,70_30,LSTM
2025-07-10,60.45,60.5314,VCB,70_30,LSTM
2025-07-11,61.73,60.4164,VCB,70_30,LSTM
2025-07-14,61.44,61.7034,VCB,70_30,LSTM
2025-07-15,60.45,61.4217,VCB,70_30,LSTM
2025-07-16,60.85,60.4637,VCB,70_30,LSTM
2025-07-17,61.24,60.8637,VCB,70_30,LSTM
2025-07-18,60.94,61.2545,VCB,70_30,LSTM
2025-07-21,60.35,60.9354,VCB,70_30,LSTM
2025-07-22,61.24,60.3478,VCB,70_30,LSTM
2025-07-23,61.14,61.2521,VCB,70_30,LSTM
2025-07-24,61.14,61.1396,VCB,70_30,LSTM
2025-07-25,61.04,61.1351,VCB,70_30,LSTM
2025-07-28,61.83,61.0378,VCB,70_30,LSTM
2025-07-29,60.06,61.8371,VCB,70_30,LSTM
2025-07-30,59.96,60.0581,VCB,70_30,LSTM
2025-07-31,59.27,59.9804,VCB,70_30,LSTM
2025-08-01,59.27,59.2907,VCB,70_30,LSTM
2025-08-04,60.16,59.2937,VCB,70_30,LSTM
2025-08-05,60.55,60.1551,VCB,70_30,LSTM
2025-08-06,61.34,60.5397,VCB,70_30,LSTM
2025-08-07,60.75,61.3204,VCB,70_30,LSTM
2025-08-08,60.94,60.7372,VCB,70_30,LSTM
2025-08-11,61.53,60.9469,VCB,70_30,LSTM
2025-08-12,62.03,61.5337,VCB,70_30,LSTM
2025-08-13,61.53,62.0273,VCB,70_30,LSTM
2025-08-14,64.19,61.5174,VCB,70_30,LSTM
2025-08-15,63.31,64.1825,VCB,70_30,LSTM
2025-08-18,63.5,63.2859,VCB,70_30,LSTM
2025-08-19,63.21,63.4927,VCB,70_30,LSTM
2025-08-20,62.03,63.2091,VCB,70_30,LSTM
2025-08-21,63.21,62.0587,VCB,70_30,LSTM
2025-08-22,63.6,63.222,VCB,70_30,LSTM
2025-08-25,62.62,63.5981,VCB,70_30,LSTM
2025-08-26,63.6,62.6108,VCB,70_30,LSTM
2025-08-27,68.03,63.5983,VCB,70_30,LSTM
2025-08-28,67.93,68.0122,VCB,70_30,LSTM
2025-08-29,67.54,67.8649,VCB,70_30,LSTM
2025-09-03,65.97,67.4919,VCB,70_30,LSTM
2025-09-04,67.84,65.9771,VCB,70_30,LSTM
2025-09-05,66.46,67.8913,VCB,70_30,LSTM
2025-09-08,64.29,66.4574,VCB,70_30,LSTM
2025-09-09,63.9,64.3027,VCB,70_30,LSTM
2025-09-10,64.78,63.9331,VCB,70_30,LSTM
2025-09-11,64.69,64.8227,VCB,70_30,LSTM
2025-09-12,64.78,64.6816,VCB,70_30,LSTM
2025-09-15,64.78,64.7626,VCB,70_30,LSTM
2025-09-16,64.59,64.7774,VCB,70_30,LSTM
2025-09-17,63.8,64.5986,VCB,70_30,LSTM
2025-09-18,62.91,63.8074,VCB,70_30,LSTM
2025-09-19,62.03,62.9292,VCB,70_30,LSTM
2025-09-22,61.04,62.0562,VCB,70_30,LSTM
2025-09-23,61.24,61.0678,VCB,70_30,LSTM
2025-09-24,61.73,61.2622,VCB,70_30,LSTM
2025-09-25,62.03,61.7346,VCB,70_30,LSTM
2025-09-26,62.03,62.0198,VCB,70_30,LSTM
2025-09-29,61.63,62.0168,VCB,70_30,LSTM
2025-09-30,61.04,61.631,VCB,70_30,LSTM
2025-10-01,61.44,61.0526,VCB,70_30,LSTM
2025-10-02,61.14,61.4555,VCB,70_30,LSTM
2025-10-03,61.19,61.1451,VCB,70_30,LSTM
2025-10-06,63.47,61.192,VCB,70_30,LSTM
2025-10-07,63.17,63.4601,VCB,70_30,LSTM
2025-10-08,64.06,63.1444,VCB,70_30,LSTM
2025-10-09,63.27,64.0383,VCB,70_30,LSTM
2025-10-10,63.67,63.2598,VCB,70_30,LSTM
2025-10-13,62.58,63.6893,VCB,70_30,LSTM
2025-10-14,62.58,62.5843,VCB,70_30,LSTM
2025-10-15,61.98,62.6023,VCB,70_30,LSTM
2025-10-16,62.38,61.9894,VCB,70_30,LSTM
2025-10-17,61.39,62.3956,VCB,70_30,LSTM
2025-10-20,58.91,61.3896,VCB,70_30,LSTM
2025-10-21,58.81,58.9313,VCB,70_30,LSTM
2025-10-22,59.11,58.8523,VCB,70_30,LSTM
2025-10-23,59.3,59.1424,VCB,70_30,LSTM
2025-10-24,59.01,59.2992,VCB,70_30,LSTM
2025-10-27,58.71,58.9929,VCB,70_30,LSTM
2025-10-28,59.5,58.7144,VCB,70_30,LSTM
2025-10-29,60.2,59.5081,VCB,70_30,LSTM
2025-10-30,60.1,60.1935,VCB,70_30,LSTM
2025-10-31,59.11,60.0842,VCB,70_30,LSTM
2025-11-03,58.81,59.1064,VCB,70_30,LSTM
2025-11-04,59.6,58.8314,VCB,70_30,LSTM
2025-11-05,60.3,59.6185,VCB,70_30,LSTM
2025-11-06,59.8,60.2937,VCB,70_30,LSTM
2025-11-07,58.81,59.7814,VCB,70_30,LSTM
2025-11-10,58.31,58.812,VCB,70_30,LSTM
2025-11-11,58.41,58.3359,VCB,70_30,LSTM
2025-11-12,59.01,58.4349,VCB,70_30,LSTM
2025-11-13,59.3,59.0135,VCB,70_30,LSTM
2025-11-14,59.5,59.287,VCB,70_30,LSTM
2025-11-17,59.7,59.4882,VCB,70_30,LSTM
2025-11-18,59.4,59.6949,VCB,70_30,LSTM
2025-11-19,58.91,59.4019,VCB,70_30,LSTM
2025-11-20,58.91,58.9179,VCB,70_30,LSTM
2025-11-21,58.51,58.9232,VCB,70_30,LSTM
2025-11-24,58.31,58.521,VCB,70_30,LSTM
2025-11-25,57.72,58.3185,VCB,70_30,LSTM
2025-11-26,57.62,57.7283,VCB,70_30,LSTM
2025-11-27,57.42,57.6344,VCB,70_30,LSTM
2025-11-28,56.92,57.4285,VCB,70_30,LSTM
2025-12-01,57.02,56.9285,VCB,70_30,LSTM
2025-12-02,57.12,57.0278,VCB,70_30,LSTM
2025-12-03,58.41,57.1256,VCB,70_30,LSTM
2025-12-04,58.41,58.405,VCB,70_30,LSTM
2025-12-05,57.82,58.3896,VCB,70_30,LSTM
2025-12-08,57.42,57.8123,VCB,70_30,LSTM
2025-12-09,57.52,57.4291,VCB,70_30,LSTM
2025-12-10,57.72,57.5419,VCB,70_30,LSTM
2025-12-11,57.12,57.726,VCB,70_30,LSTM
2025-12-12,56.33,57.1183,VCB,70_30,LSTM
2025-12-15,56.33,56.3389,VCB,70_30,LSTM
2025-12-16,56.43,56.3496,VCB,70_30,LSTM
2025-12-17,56.23,56.4429,VCB,70_30,LSTM
2025-12-18,56.33,56.2302,VCB,70_30,LSTM
2025-12-19,57.02,56.329,VCB,70_30,LSTM
2025-12-22,57.32,57.0201,VCB,70_30,LSTM
2025-12-23,56.73,57.3117,VCB,70_30,LSTM
2025-12-24,56.53,56.7221,VCB,70_30,LSTM
2025-12-25,56.63,56.5372,VCB,70_30,LSTM
2025-12-26,56.63,56.6443,VCB,70_30,LSTM
2025-12-29,56.63,56.6367,VCB,70_30,LSTM
2025-12-30,56.82,56.6284,VCB,70_30,LSTM
2025-12-31,57.02,56.8202,VCB,70_30,LSTM
2026-01-05,56.63,57.0197,VCB,70_30,LSTM
2026-01-06,56.82,56.6292,VCB,70_30,LSTM
2026-01-07,59.11,56.8248,VCB,70_30,LSTM
2026-01-08,63.17,59.1042,VCB,70_30,LSTM
2026-01-09,67.44,63.116,VCB,70_30,LSTM
2026-01-12,72.1,67.3265,VCB,70_30,LSTM
2026-01-13,73.39,71.9563,VCB,70_30,LSTM
2026-01-14,75.37,73.2727,VCB,70_30,LSTM
2026-01-15,71.3,75.3055,VCB,70_30,LSTM
2026-01-16,72.39,71.2892,VCB,70_30,LSTM
2026-01-19,72.1,72.4519,VCB,70_30,LSTM
2026-01-20,72.89,72.1311,VCB,70_30,LSTM
2026-01-21,72.2,72.9092,VCB,70_30,LSTM
2026-01-22,70.41,72.1697,VCB,70_30,LSTM
2026-01-23,68.03,70.4286,VCB,70_30,LSTM
2026-01-26,69.02,68.0669,VCB,70_30,LSTM
2026-01-27,70.01,69.0779,VCB,70_30,LSTM
2026-01-28,69.02,70.0189,VCB,70_30,LSTM
2026-01-29,69.22,68.9982,VCB,70_30,LSTM
2026-01-30,69.91,69.2091,VCB,70_30,LSTM
2026-02-02,70.91,69.9208,VCB,70_30,LSTM
2026-02-03,71.2,70.9065,VCB,70_30,LSTM
2026-02-04,70.21,71.1738,VCB,70_30,LSTM
2026-02-05,67.83,70.202,VCB,70_30,LSTM
2026-02-06,64.56,67.8525,VCB,70_30,LSTM
2026-02-09,64.46,64.6175,VCB,70_30,LSTM
2026-02-10,62.58,64.5357,VCB,70_30,LSTM
2026-02-11,64.16,62.6202,VCB,70_30,LSTM
2026-02-12,63.67,64.1789,VCB,70_30,LSTM
2026-02-13,63.87,63.6505,VCB,70_30,LSTM
2026-02-23,65.85,63.8684,VCB,70_30,LSTM
2026-02-24,64.46,65.83,VCB,70_30,LSTM
2026-02-25,64.56,64.45,VCB,70_30,LSTM
2026-02-26,64.86,64.5588,VCB,70_30,LSTM
2026-02-27,64.36,64.8696,VCB,70_30,LSTM
2026-03-02,62.38,64.3765,VCB,70_30,LSTM
2026-03-03,61.09,62.3843,VCB,70_30,LSTM
2026-03-04,62.48,61.1284,VCB,70_30,LSTM
2026-03-05,61.98,62.519,VCB,70_30,LSTM
2026-03-06,61.09,61.9797,VCB,70_30,LSTM
2026-03-09,56.82,61.0805,VCB,70_30,LSTM
2026-03-10,59.9,56.8385,VCB,70_30,LSTM
2026-03-11,59.9,59.972,VCB,70_30,LSTM
2026-03-12,59.3,59.8995,VCB,70_30,LSTM
2026-03-13,58.51,59.2817,VCB,70_30,LSTM
2026-03-16,58.31,58.491,VCB,70_30,LSTM
2026-03-17,60.0,58.35,VCB,70_30,LSTM
2026-03-18,60.0,60.0083,VCB,70_30,LSTM
2026-03-19,59.3,59.9788,VCB,70_30,LSTM
2026-03-20,57.52,59.2841,VCB,70_30,LSTM
2026-03-23,57.12,57.5318,VCB,70_30,LSTM
2026-03-24,57.72,57.166,VCB,70_30,LSTM
2026-03-25,57.92,57.7455,VCB,70_30,LSTM
2026-03-26,57.42,57.9177,VCB,70_30,LSTM
2026-03-27,58.31,57.4056,VCB,70_30,LSTM
2026-03-30,57.52,58.3099,VCB,70_30,LSTM
2026-03-31,57.62,57.5211,VCB,70_30,LSTM
2026-04-01,58.51,57.6274,VCB,70_30,LSTM
2026-04-02,57.72,58.5098,VCB,70_30,LSTM
2026-04-03,57.22,57.72,VCB,70_30,LSTM
2026-04-06,57.52,57.2214,VCB,70_30,LSTM
2026-04-07,57.52,57.5344,VCB,70_30,LSTM
2026-04-08,59.7,57.5313,VCB,70_30,LSTM
2026-04-09,58.91,59.6863,VCB,70_30,LSTM
2026-04-10,59.3,58.8807,VCB,70_30,LSTM
2026-04-13,58.71,59.2924,VCB,70_30,LSTM
2026-04-14,58.81,58.7107,VCB,70_30,LSTM
2026-04-15,59.4,58.8333,VCB,70_30,LSTM
2026-04-16,58.91,59.3987,VCB,70_30,LSTM
2026-04-17,59.01,58.9093,VCB,70_30,LSTM
2026-04-20,59.6,59.0093,VCB,70_30,LSTM
2026-04-21,59.11,59.6027,VCB,70_30,LSTM
2026-04-22,58.91,59.1103,VCB,70_30,LSTM
2026-04-23,62.28,58.9111,VCB,70_30,LSTM
2026-04-24,60.1,62.2737,VCB,70_30,LSTM
2026-04-28,59.3,60.0711,VCB,70_30,LSTM
2026-04-29,59.3,59.3001,VCB,70_30,LSTM
2026-05-04,60.2,59.3244,VCB,70_30,LSTM
2026-05-05,59.4,60.2363,VCB,70_30,LSTM
2026-05-06,60.0,59.3813,VCB,70_30,LSTM
2026-05-07,59.8,59.9978,VCB,70_30,LSTM
2026-05-08,60.2,59.8002,VCB,70_30,LSTM
2026-05-11,59.8,60.2063,VCB,70_30,LSTM
2026-05-12,59.4,59.7937,VCB,70_30,LSTM
2026-05-13,59.6,59.4102,VCB,70_30,LSTM
2026-05-14,60.49,59.6091,VCB,70_30,LSTM
2026-05-15,60.2,60.494,VCB,70_30,LSTM
2026-05-18,62.68,60.1877,VCB,70_30,LSTM
2026-05-19,63.87,62.6635,VCB,70_30,LSTM
2026-05-20,64.06,63.8327,VCB,70_30,LSTM
2026-05-21,64.36,64.0265,VCB,70_30,LSTM
2026-05-22,62.97,64.3375,VCB,70_30,LSTM
2026-05-25,63.17,62.9836,VCB,70_30,LSTM
2026-05-26,63.87,63.1957,VCB,70_30,LSTM
2026-05-27,63.67,63.8814,VCB,70_30,LSTM
2026-05-28,62.28,63.6677,VCB,70_30,LSTM
2026-05-29,61.49,62.2743,VCB,70_30,LSTM
2026-06-01,61.68,61.5158,VCB,70_30,LSTM
2026-06-02,61.09,61.7119,VCB,70_30,LSTM
2026-06-03,61.39,61.1024,VCB,70_30,LSTM
2026-06-04,61.68,61.3916,VCB,70_30,LSTM
2026-06-05,61.19,61.6776,VCB,70_30,LSTM
2026-06-08,60.79,61.1904,VCB,70_30,LSTM
2026-06-09,60.99,60.7936,VCB,70_30,LSTM
2026-06-10,61.19,61.0035,VCB,70_30,LSTM
2026-06-11,61.09,61.1964,VCB,70_30,LSTM
2026-06-12,61.09,61.0863,VCB,70_30,LSTM
2026-06-15,61.09,61.089,VCB,70_30,LSTM
2026-06-16,61.29,61.0944,VCB,70_30,LSTM
2026-06-17,61.68,61.2935,VCB,70_30,LSTM
2026-06-18,61.09,61.6777,VCB,70_30,LSTM
2026-06-19,61.19,61.0874,VCB,70_30,LSTM
2026-06-22,60.79,61.1963,VCB,70_30,LSTM
2026-06-23,60.79,60.7987,VCB,70_30,LSTM
2026-06-24,60.49,60.8016,VCB,70_30,LSTM
2026-06-25,60.3,60.4937,VCB,70_30,LSTM
2026-06-26,60.89,60.3094,VCB,70_30,LSTM
2026-06-29,61.49,60.8936,VCB,70_30,LSTM
2026-06-30,61.68,61.4846,VCB,70_30,LSTM
2026-07-01,62.48,61.6661,VCB,70_30,LSTM
2026-07-02,61.58,62.4677,VCB,70_30,LSTM
2026-07-03,61.49,61.5749,VCB,70_30,LSTM
2026-07-06,60.69,61.5011,VCB,70_30,LSTM
2026-07-07,60.79,60.7044,VCB,70_30,LSTM
2026-07-08,61.09,60.8124,VCB,70_30,LSTM
2026-07-09,60.59,61.0926,VCB,70_30,LSTM
2026-07-10,60.0,60.591,VCB,70_30,LSTM
2026-07-13,58.41,60.0035,VCB,70_30,LSTM
2026-07-14,58.71,58.4304,VCB,70_30,LSTM
2026-07-15,58.71,58.7432,VCB,70_30,LSTM
2026-07-16,58.91,58.7224,VCB,70_30,LSTM
2026-07-17,58.01,58.9097,VCB,70_30,LSTM
2026-07-20,56.23,58.0022,VCB,70_30,LSTM
2026-07-21,56.23,56.2503,VCB,70_30,LSTM
2026-07-22,54.05,56.2656,VCB,70_30,LSTM
2026-07-23,54.0,54.0793,VCB,70_30,LSTM
2026-07-24,54.1,54.0325,VCB,70_30,LSTM
2026-07-27,54.0,54.1129,VCB,70_30,LSTM
2026-07-28,54.1,54.0081,VCB,70_30,LSTM
2026-07-29,54.6,54.089,VCB,70_30,LSTM
2026-07-30,56.5,54.5994,VCB,70_30,LSTM
2026-07-31,59.3,56.4866,VCB,70_30,LSTM
2026-08-03,60.8,59.2535,VCB,70_30,LSTM
2026-08-04,60.0,60.733,VCB,70_30,LSTM
2026-08-05,59.3,59.9534,VCB,70_30,LSTM
2026-08-06,59.0,59.3041,VCB,70_30,LSTM
2026-08-07,59.7,59.0343,VCB,70_30,LSTM
2026-08-10,60.3,59.7234,VCB,70_30,LSTM
2026-08-11,59.8,60.29,VCB,70_30,LSTM
2026-08-12,59.7,59.7855,VCB,70_30,LSTM
2026-08-13,59.5,59.7002,VCB,70_30,LSTM
2026-08-14,58.5,59.5124,VCB,70_30,LSTM
2026-08-17,58.2,58.515,VCB,70_30,LSTM
2026-08-18,58.0,58.2168,VCB,70_30,LSTM
2026-08-19,57.4,58.0172,VCB,70_30,LSTM
2026-08-20,57.8,57.4119,VCB,70_30,LSTM
2026-08-21,59.1,57.8062,VCB,70_30,LSTM
2026-08-24,59.2,59.0961,VCB,70_30,LSTM
2026-08-25,59.4,59.18,VCB,70_30,LSTM
2026-08-26,60.3,59.3824,VCB,70_30,LSTM
2026-08-27,60.1,60.2936,VCB,70_30,LSTM
2026-08-28,60.1,60.0967,VCB,70_30,LSTM
2026-09-03,58.7,60.0966,VCB,70_30,LSTM
2026-09-04,58.9,58.7079,VCB,70_30,LSTM
2026-09-07,58.0,58.928,VCB,70_30,LSTM
2026-09-08,58.1,58.0152,VCB,70_30,LSTM
2026-09-09,58.7,58.1171,VCB,70_30,LSTM
2026-09-10,59.0,58.6984,VCB,70_30,LSTM
2026-09-11,58.2,58.9958,VCB,70_30,LSTM
2026-09-14,58.5,58.1894,VCB,70_30,LSTM
2026-09-15,60.0,58.5087,VCB,70_30,LSTM
2026-09-16,59.3,60.003,VCB,70_30,LSTM
2026-09-17,59.6,59.2854,VCB,70_30,LSTM
2026-09-18,59.9,59.5905,VCB,70_30,LSTM
2026-09-21,58.9,59.9016,VCB,70_30,LSTM
2026-09-22,58.9,58.9107,VCB,70_30,LSTM
2026-09-23,58.5,58.9086,VCB,70_30,LSTM
2026-09-24,58.1,58.5148,VCB,70_30,LSTM
2026-09-25,58.0,58.1145,VCB,70_30,LSTM
2026-09-28,58.3,58.0063,VCB,70_30,LSTM
2026-09-29,58.0,58.308,VCB,70_30,LSTM
2026-09-30,58.0,57.999,VCB,70_30,LSTM
2026-10-01,57.6,58.0016,VCB,70_30,LSTM
2026-10-02,57.1,57.6054,VCB,70_30,LSTM
2024-05-31,88.33,88.6969,FPT,70_30,LSTM
2024-06-03,89.84,88.5299,FPT,70_30,LSTM
2024-06-04,91.29,90.0426,FPT,70_30,LSTM
2024-06-05,91.94,91.4422,FPT,70_30,LSTM
2024-06-06,91.62,92.1473,FPT,70_30,LSTM
2024-06-07,93.19,91.8507,FPT,70_30,LSTM
2024-06-10,94.5,93.4557,FPT,70_30,LSTM
2024-06-11,96.14,94.7587,FPT,70_30,LSTM
2024-06-12,100.31,96.3978,FPT,70_30,LSTM
2024-06-13,98.79,100.6352,FPT,70_30,LSTM
2024-06-14,99.55,99.1603,FPT,70_30,LSTM
2024-06-17,97.88,99.8836,FPT,70_30,LSTM
2024-06-18,97.27,98.1624,FPT,70_30,LSTM
2024-06-19,99.93,97.4804,FPT,70_30,LSTM
2024-06-20,101.3,100.0387,FPT,70_30,LSTM
2024-06-21,103.43,101.5006,FPT,70_30,LSTM
2024-06-24,100.39,103.6582,FPT,70_30,LSTM
2024-06-25,98.79,100.6569,FPT,70_30,LSTM
2024-06-26,100.16,99.0304,FPT,70_30,LSTM
2024-06-27,100.92,100.32,FPT,70_30,LSTM
2024-06-28,99.17,101.057,FPT,70_30,LSTM
2024-07-01,97.73,99.2221,FPT,70_30,LSTM
2024-07-02,97.27,97.8353,FPT,70_30,LSTM
2024-07-03,99.55,97.3984,FPT,70_30,LSTM
2024-07-04,103.2,99.659,FPT,70_30,LSTM
2024-07-05,105.4,103.3578,FPT,70_30,LSTM
2024-07-08,106.09,105.6892,FPT,70_30,LSTM
2024-07-09,104.49,106.4732,FPT,70_30,LSTM
2024-07-10,101.83,104.8869,FPT,70_30,LSTM
2024-07-11,101.07,102.1102,FPT,70_30,LSTM
2024-07-12,101.68,101.1988,FPT,70_30,LSTM
2024-07-15,100.84,101.7328,FPT,70_30,LSTM
2024-07-16,101.83,100.8573,FPT,70_30,LSTM
2024-07-17,100.23,101.8975,FPT,70_30,LSTM
2024-07-18,97.2,100.3625,FPT,70_30,LSTM
2024-07-19,95.75,97.296,FPT,70_30,LSTM
2024-07-22,94.31,95.7703,FPT,70_30,LSTM
2024-07-23,95.37,94.3079,FPT,70_30,LSTM
2024-07-24,95.75,95.3257,FPT,70_30,LSTM
2024-07-25,94.99,95.7596,FPT,70_30,LSTM
2024-07-26,97.27,95.082,FPT,70_30,LSTM
2024-07-29,98.03,97.4324,FPT,70_30,LSTM
2024-07-30,97.27,98.2726,FPT,70_30,LSTM
2024-07-31,97.73,97.4831,FPT,70_30,LSTM
2024-08-01,94.84,97.9356,FPT,70_30,LSTM
2024-08-02,93.62,95.0331,FPT,70_30,LSTM
2024-08-05,90.13,93.696,FPT,70_30,LSTM
2024-08-06,91.8,90.1115,FPT,70_30,LSTM
2024-08-07,92.71,91.7832,FPT,70_30,LSTM
2024-08-08,92.26,92.6938,FPT,70_30,LSTM
2024-08-09,96.44,92.3307,FPT,70_30,LSTM
2024-08-12,98.79,96.606,FPT,70_30,LSTM
2024-08-13,98.56,99.1465,FPT,70_30,LSTM
2024-08-14,98.41,98.9003,FPT,70_30,LSTM
2024-08-15,97.8,98.7315,FPT,70_30,LSTM
2024-08-16,99.25,98.1333,FPT,70_30,LSTM
2024-08-19,99.17,99.4716,FPT,70_30,LSTM
2024-08-20,99.93,99.3317,FPT,70_30,LSTM
2024-08-21,101.45,100.112,FPT,70_30,LSTM
2024-08-22,101.68,101.6692,FPT,70_30,LSTM
2024-08-23,101.15,101.9422,FPT,70_30,LSTM
2024-08-26,99.93,101.3682,FPT,70_30,LSTM
2024-08-27,100.69,100.1312,FPT,70_30,LSTM
2024-08-28,101.3,100.8672,FPT,70_30,LSTM
2024-08-29,101.6,101.4438,FPT,70_30,LSTM
2024-08-30,102.44,101.7472,FPT,70_30,LSTM
2024-09-04,101.07,102.6206,FPT,70_30,LSTM
2024-09-05,99.25,101.2797,FPT,70_30,LSTM
2024-09-06,100.39,99.3987,FPT,70_30,LSTM
2024-09-09,99.78,100.5156,FPT,70_30,LSTM
2024-09-10,98.79,99.8934,FPT,70_30,LSTM
2024-09-11,99.25,98.8551,FPT,70_30,LSTM
2024-09-12,100.54,99.3501,FPT,70_30,LSTM
2024-09-13,101.07,100.7161,FPT,70_30,LSTM
2024-09-16,99.63,101.2319,FPT,70_30,LSTM
2024-09-17,100.99,99.7988,FPT,70_30,LSTM
2024-09-18,102.29,101.1979,FPT,70_30,LSTM
2024-09-19,102.74,102.5168,FPT,70_30,LSTM
2024-09-20,102.82,102.9503,FPT,70_30,LSTM
2024-09-23,101.83,103.0248,FPT,70_30,LSTM
2024-09-24,102.21,102.0699,FPT,70_30,LSTM
2024-09-25,102.44,102.4061,FPT,70_30,LSTM
2024-09-26,102.06,102.6019,FPT,70_30,LSTM
2024-09-27,101.98,102.2046,FPT,70_30,LSTM
2024-09-30,102.21,102.1169,FPT,70_30,LSTM
2024-10-01,103.27,102.379,FPT,70_30,LSTM
2024-10-02,102.89,103.445,FPT,70_30,LSTM
2024-10-03,101.83,103.0643,FPT,70_30,LSTM
2024-10-04,101.91,101.9995,FPT,70_30,LSTM
2024-10-07,101.91,102.0727,FPT,70_30,LSTM
2024-10-08,101.68,102.0642,FPT,70_30,LSTM
2024-10-09,102.89,101.7963,FPT,70_30,LSTM
2024-10-10,107.68,103.0318,FPT,70_30,LSTM
2024-10-11,106.09,107.9382,FPT,70_30,LSTM
2024-10-14,104.57,106.3812,FPT,70_30,LSTM
2024-10-15,104.11,104.837,FPT,70_30,LSTM
2024-10-16,103.58,104.3663,FPT,70_30,LSTM
2024-10-17,104.11,103.7859,FPT,70_30,LSTM
2024-10-18,104.11,104.1633,FPT,70_30,LSTM
2024-10-21,102.97,104.2124,FPT,70_30,LSTM
2024-10-22,101.15,103.1016,FPT,70_30,LSTM
2024-10-23,101.98,101.2568,FPT,70_30,LSTM
2024-10-24,102.06,102.0926,FPT,70_30,LSTM
2024-10-25,101.83,102.1592,FPT,70_30,LSTM
2024-10-28,102.51,101.9244,FPT,70_30,LSTM
2024-10-29,102.89,102.6456,FPT,70_30,LSTM
2024-10-30,103.27,103.094,FPT,70_30,LSTM
2024-10-31,103.27,103.4601,FPT,70_30,LSTM
2024-11-01,102.29,103.464,FPT,70_30,LSTM
2024-11-04,100.92,102.4793,FPT,70_30,LSTM
2024-11-05,100.77,101.059,FPT,70_30,LSTM
2024-11-06,102.29,100.8781,FPT,70_30,LSTM
2024-11-07,102.67,102.4013,FPT,70_30,LSTM
2024-11-08,103.2,102.7994,FPT,70_30,LSTM
2024-11-11,105.1,103.3736,FPT,70_30,LSTM
2024-11-12,103.96,105.3529,FPT,70_30,LSTM
2024-11-13,104.72,104.2264,FPT,70_30,LSTM
2024-11-14,103.35,104.9458,FPT,70_30,LSTM
2024-11-15,101.75,103.5534,FPT,70_30,LSTM
2024-11-18,101.83,101.9014,FPT,70_30,LSTM
2024-11-19,98.79,101.9035,FPT,70_30,LSTM
2024-11-20,100.61,98.8484,FPT,70_30,LSTM
2024-11-21,101.07,100.6354,FPT,70_30,LSTM
2024-11-22,101.75,101.1521,FPT,70_30,LSTM
2024-11-25,101.75,101.8951,FPT,70_30,LSTM
2024-11-26,102.74,101.9011,FPT,70_30,LSTM
2024-11-27,105.55,103.0018,FPT,70_30,LSTM
2024-11-28,105.93,105.8106,FPT,70_30,LSTM
2024-11-29,109.66,106.2178,FPT,70_30,LSTM
2024-12-02,108.81,109.9974,FPT,70_30,LSTM
2024-12-03,110.96,109.1853,FPT,70_30,LSTM
2024-12-04,109.81,111.3437,FPT,70_30,LSTM
2024-12-05,113.63,110.1187,FPT,70_30,LSTM
2024-12-06,114.4,113.9827,FPT,70_30,LSTM
2024-12-09,112.49,114.6904,FPT,70_30,LSTM
2024-12-10,114.4,112.7985,FPT,70_30,LSTM
2024-12-11,115.16,114.6585,FPT,70_30,LSTM
2024-12-12,114.93,115.4868,FPT,70_30,LSTM
2024-12-13,114.4,115.1464,FPT,70_30,LSTM
2024-12-16,114.7,114.5859,FPT,70_30,LSTM
2024-12-17,113.25,114.945,FPT,70_30,LSTM
2024-12-18,113.79,113.4177,FPT,70_30,LSTM
2024-12-19,113.33,113.9265,FPT,70_30,LSTM
2024-12-20,114.4,113.4682,FPT,70_30,LSTM
2024-12-23,114.63,114.5642,FPT,70_30,LSTM
2024-12-24,115.09,114.798,FPT,70_30,LSTM
2024-12-25,115.39,115.3141,FPT,70_30,LSTM
2024-12-26,114.63,115.6092,FPT,70_30,LSTM
2024-12-27,114.48,114.8585,FPT,70_30,LSTM
2024-12-30,115.16,114.6674,FPT,70_30,LSTM
2024-12-31,116.69,115.3478,FPT,70_30,LSTM
2025-01-02,116.31,116.8923,FPT,70_30,LSTM
2025-01-03,114.02,116.5155,FPT,70_30,LSTM
2025-01-06,114.25,114.2164,FPT,70_30,LSTM
2025-01-07,114.86,114.4322,FPT,70_30,LSTM
2025-01-08,113.48,115.0277,FPT,70_30,LSTM
2025-01-09,113.86,113.5838,FPT,70_30,LSTM
2025-01-10,112.72,113.9651,FPT,70_30,LSTM
2025-01-13,112.94,112.8784,FPT,70_30,LSTM
2025-01-14,111.03,113.0816,FPT,70_30,LSTM
2025-01-15,111.34,111.1235,FPT,70_30,LSTM
2025-01-16,112.1,111.4576,FPT,70_30,LSTM
2025-01-17,114.02,112.2137,FPT,70_30,LSTM
2025-01-20,114.78,114.2023,FPT,70_30,LSTM
2025-01-21,114.7,114.9884,FPT,70_30,LSTM
2025-01-22,114.55,114.981,FPT,70_30,LSTM
2025-01-23,118.07,114.8253,FPT,70_30,LSTM
2025-01-24,117.38,118.3775,FPT,70_30,LSTM
2025-02-03,111.34,117.6585,FPT,70_30,LSTM
2025-02-04,111.87,111.5101,FPT,70_30,LSTM
2025-02-05,111.95,111.9919,FPT,70_30,LSTM
2025-02-06,112.1,112.0686,FPT,70_30,LSTM
2025-02-07,111.8,112.1033,FPT,70_30,LSTM
2025-02-10,108.66,111.8151,FPT,70_30,LSTM
2025-02-11,111.26,108.8046,FPT,70_30,LSTM
2025-02-12,110.96,111.3935,FPT,70_30,LSTM
2025-02-13,109.5,111.106,FPT,70_30,LSTM
2025-02-14,110.88,109.6186,FPT,70_30,LSTM
2025-02-17,109.88,111.0121,FPT,70_30,LSTM
2025-02-18,110.11,110.1045,FPT,70_30,LSTM
2025-02-19,110.19,110.2482,FPT,70_30,LSTM
2025-02-20,109.43,110.3387,FPT,70_30,LSTM
2025-02-21,108.66,109.6128,FPT,70_30,LSTM
2025-02-24,107.51,108.7806,FPT,70_30,LSTM
2025-02-25,106.36,107.6336,FPT,70_30,LSTM
2025-02-26,108.51,106.4438,FPT,70_30,LSTM
2025-02-27,108.12,108.6046,FPT,70_30,LSTM
2025-02-28,107.36,108.2493,FPT,70_30,LSTM
2025-03-03,107.51,107.5001,FPT,70_30,LSTM
2025-03-04,107.13,107.68,FPT,70_30,LSTM
2025-03-05,106.44,107.3304,FPT,70_30,LSTM
2025-03-06,108.35,106.5589,FPT,70_30,LSTM
2025-03-07,108.2,108.4994,FPT,70_30,LSTM
2025-03-10,106.59,108.389,FPT,70_30,LSTM
2025-03-11,105.22,106.7532,FPT,70_30,LSTM
2025-03-12,103.99,105.3593,FPT,70_30,LSTM
2025-03-13,104.45,104.1143,FPT,70_30,LSTM
2025-03-14,100.55,104.5025,FPT,70_30,LSTM
2025-03-17,99.48,100.5489,FPT,70_30,LSTM
2025-03-18,99.48,99.4672,FPT,70_30,LSTM
2025-03-19,95.35,99.4837,FPT,70_30,LSTM
2025-03-20,95.65,95.3224,FPT,70_30,LSTM
2025-03-21,97.95,95.5627,FPT,70_30,LSTM
2025-03-24,98.71,97.9996,FPT,70_30,LSTM
2025-03-25,96.8,98.8216,FPT,70_30,LSTM
2025-03-26,94.12,96.895,FPT,70_30,LSTM
2025-03-27,96.57,94.2833,FPT,70_30,LSTM
2025-03-28,94.89,96.7319,FPT,70_30,LSTM
2025-03-31,92.59,94.9743,FPT,70_30,LSTM
2025-04-01,92.21,92.6002,FPT,70_30,LSTM
2025-04-02,93.36,92.2429,FPT,70_30,LSTM
2025-04-03,86.85,93.4776,FPT,70_30,LSTM
2025-04-04,86.47,86.8083,FPT,70_30,LSTM
2025-04-08,80.42,86.4054,FPT,70_30,LSTM
2025-04-09,80.58,80.3164,FPT,70_30,LSTM
2025-04-10,86.16,80.4168,FPT,70_30,LSTM
2025-04-11,90.68,86.0155,FPT,70_30,LSTM
2025-04-14,90.68,90.8435,FPT,70_30,LSTM
2025-04-15,88.76,90.9171,FPT,70_30,LSTM
2025-04-16,82.57,89.1706,FPT,70_30,LSTM
2025-04-17,83.71,82.8741,FPT,70_30,LSTM
2025-04-18,85.4,83.8012,FPT,70_30,LSTM
2025-04-21,85.47,85.368,FPT,70_30,LSTM
2025-04-22,84.48,85.447,FPT,70_30,LSTM
2025-04-23,84.48,84.5014,FPT,70_30,LSTM
2025-04-24,85.7,84.6745,FPT,70_30,LSTM
2025-04-25,86.01,85.8776,FPT,70_30,LSTM
2025-04-28,83.79,86.152,FPT,70_30,LSTM
2025-04-29,83.71,83.9036,FPT,70_30,LSTM
2025-05-05,83.1,83.8313,FPT,70_30,LSTM
2025-05-06,83.94,83.207,FPT,70_30,LSTM
2025-05-07,83.94,84.0117,FPT,70_30,LSTM
2025-05-08,87.46,84.0066,FPT,70_30,LSTM
2025-05-09,88.76,87.6468,FPT,70_30,LSTM
2025-05-12,90.52,89.0095,FPT,70_30,LSTM
2025-05-13,91.44,90.8407,FPT,70_30,LSTM
2025-05-14,96.65,91.7789,FPT,70_30,LSTM
2025-05-15,95.65,97.0923,FPT,70_30,LSTM
2025-05-16,92.59,96.0348,FPT,70_30,LSTM
2025-05-19,90.45,92.8963,FPT,70_30,LSTM
2025-05-20,91.21,90.6455,FPT,70_30,LSTM
2025-05-21,90.52,91.3631,FPT,70_30,LSTM
2025-05-22,89.38,90.4969,FPT,70_30,LSTM
2025-05-23,89.61,89.3578,FPT,70_30,LSTM
2025-05-26,89.76,89.6659,FPT,70_30,LSTM
2025-05-27,91.06,89.8806,FPT,70_30,LSTM
2025-05-28,90.6,91.1757,FPT,70_30,LSTM
2025-05-29,89.61,90.7439,FPT,70_30,LSTM
2025-05-30,89.15,89.7731,FPT,70_30,LSTM
2025-06-02,88.84,89.2898,FPT,70_30,LSTM
2025-06-03,89.84,88.9636,FPT,70_30,LSTM
2025-06-04,89.61,89.9314,FPT,70_30,LSTM
2025-06-05,89.38,89.72,FPT,70_30,LSTM
2025-06-06,88.0,89.5158,FPT,70_30,LSTM
2025-06-09,88.92,88.1278,FPT,70_30,LSTM
2025-06-10,88.53,89.056,FPT,70_30,LSTM
2025-06-11,90.22,88.6352,FPT,70_30,LSTM
2025-06-12,90.3,90.3526,FPT,70_30,LSTM
2025-06-13,89.06,90.4585,FPT,70_30,LSTM
2025-06-16,91.84,89.2482,FPT,70_30,LSTM
2025-06-17,91.69,92.0315,FPT,70_30,LSTM
2025-06-18,90.3,91.9214,FPT,70_30,LSTM
2025-06-19,89.53,90.4633,FPT,70_30,LSTM
2025-06-20,89.6,89.6676,FPT,70_30,LSTM
2025-06-23,89.45,89.7663,FPT,70_30,LSTM
2025-06-24,89.91,89.5245,FPT,70_30,LSTM
2025-06-25,90.37,89.991,FPT,70_30,LSTM
2025-06-26,90.3,90.5033,FPT,70_30,LSTM
2025-06-27,90.53,90.4619,FPT,70_30,LSTM
2025-06-30,91.22,90.6944,FPT,70_30,LSTM
2025-07-01,91.69,91.403,FPT,70_30,LSTM
2025-07-02,91.53,91.8747,FPT,70_30,LSTM
2025-07-03,91.07,91.7059,FPT,70_30,LSTM
2025-07-04,94.54,91.2425,FPT,70_30,LSTM
2025-07-07,95.55,94.7541,FPT,70_30,LSTM
2025-07-08,96.09,95.7962,FPT,70_30,LSTM
2025-07-09,94.77,96.3501,FPT,70_30,LSTM
2025-07-10,95.62,95.0303,FPT,70_30,LSTM
2025-07-11,97.71,95.9008,FPT,70_30,LSTM
2025-07-14,98.09,97.9226,FPT,70_30,LSTM
2025-07-15,97.24,98.3014,FPT,70_30,LSTM
2025-07-16,97.47,97.4326,FPT,70_30,LSTM
2025-07-17,98.01,97.7026,FPT,70_30,LSTM
2025-07-18,97.24,98.2284,FPT,70_30,LSTM
2025-07-21,97.89,97.3885,FPT,70_30,LSTM
2025-07-22,99.49,98.0291,FPT,70_30,LSTM
2025-07-23,99.22,99.6846,FPT,70_30,LSTM
2025-07-24,98.6,99.4228,FPT,70_30,LSTM
2025-07-25,98.25,98.7792,FPT,70_30,LSTM
2025-07-28,98.78,98.4434,FPT,70_30,LSTM
2025-07-29,94.07,98.9575,FPT,70_30,LSTM
2025-07-30,94.16,94.1349,FPT,70_30,LSTM
2025-07-31,92.3,94.1852,FPT,70_30,LSTM
2025-08-01,94.96,92.3042,FPT,70_30,LSTM
2025-08-04,94.61,94.9857,FPT,70_30,LSTM
2025-08-05,93.9,94.6327,FPT,70_30,LSTM
2025-08-06,93.1,94.0524,FPT,70_30,LSTM
2025-08-07,94.25,93.2317,FPT,70_30,LSTM
2025-08-08,93.72,94.4462,FPT,70_30,LSTM
2025-08-11,94.43,93.8351,FPT,70_30,LSTM
2025-08-12,95.41,94.5613,FPT,70_30,LSTM
2025-08-13,93.28,95.5847,FPT,70_30,LSTM
2025-08-14,92.12,93.4613,FPT,70_30,LSTM
2025-08-15,89.99,92.2298,FPT,70_30,LSTM
2025-08-18,89.19,90.0683,FPT,70_30,LSTM
2025-08-19,89.02,89.2065,FPT,70_30,LSTM
2025-08-20,86.71,88.9844,FPT,70_30,LSTM
2025-08-21,90.26,86.6953,FPT,70_30,LSTM
2025-08-22,87.86,90.3029,FPT,70_30,LSTM
2025-08-25,87.68,87.9647,FPT,70_30,LSTM
2025-08-26,88.75,87.7864,FPT,70_30,LSTM
2025-08-27,93.19,88.8719,FPT,70_30,LSTM
2025-08-28,92.74,93.4594,FPT,70_30,LSTM
2025-08-29,90.17,92.9414,FPT,70_30,LSTM
2025-09-03,91.59,90.4157,FPT,70_30,LSTM
2025-09-04,93.19,91.8438,FPT,70_30,LSTM
2025-09-05,91.77,93.4492,FPT,70_30,LSTM
2025-09-08,90.44,91.8864,FPT,70_30,LSTM
2025-09-09,90.61,90.5394,FPT,70_30,LSTM
2025-09-10,89.81,90.774,FPT,70_30,LSTM
2025-09-11,90.52,89.9166,FPT,70_30,LSTM
2025-09-12,90.17,90.5756,FPT,70_30,LSTM
2025-09-15,90.44,90.2672,FPT,70_30,LSTM
2025-09-16,91.86,90.5782,FPT,70_30,LSTM
2025-09-17,93.63,92.0161,FPT,70_30,LSTM
2025-09-18,91.41,93.8536,FPT,70_30,LSTM
2025-09-19,91.41,91.6037,FPT,70_30,LSTM
2025-09-22,88.48,91.5985,FPT,70_30,LSTM
2025-09-23,86.97,88.6158,FPT,70_30,LSTM
2025-09-24,88.31,87.0081,FPT,70_30,LSTM
2025-09-25,86.97,88.2862,FPT,70_30,LSTM
2025-09-26,86.53,86.9978,FPT,70_30,LSTM
2025-09-29,84.76,86.5345,FPT,70_30,LSTM
2025-09-30,82.54,84.8175,FPT,70_30,LSTM
2025-10-01,82.89,82.5887,FPT,70_30,LSTM
2025-10-02,81.74,82.872,FPT,70_30,LSTM
2025-10-03,82.89,81.7386,FPT,70_30,LSTM
2025-10-06,84.76,82.9006,FPT,70_30,LSTM
2025-10-07,84.76,84.8578,FPT,70_30,LSTM
2025-10-08,83.87,84.9475,FPT,70_30,LSTM
2025-10-09,83.6,84.0399,FPT,70_30,LSTM
2025-10-10,85.29,83.7956,FPT,70_30,LSTM
2025-10-13,83.42,85.473,FPT,70_30,LSTM
2025-10-14,82.0,83.535,FPT,70_30,LSTM
2025-10-15,79.52,82.0775,FPT,70_30,LSTM
2025-10-16,79.7,79.5698,FPT,70_30,LSTM
2025-10-17,78.19,79.7286,FPT,70_30,LSTM
2025-10-20,77.21,78.1355,FPT,70_30,LSTM
2025-10-21,82.54,77.1748,FPT,70_30,LSTM
2025-10-22,86.09,82.6082,FPT,70_30,LSTM
2025-10-23,84.31,86.3413,FPT,70_30,LSTM
2025-10-24,86.71,84.5829,FPT,70_30,LSTM
2025-10-27,86.97,87.0656,FPT,70_30,LSTM
2025-10-28,90.7,87.3952,FPT,70_30,LSTM
2025-10-29,90.26,91.0257,FPT,70_30,LSTM
2025-10-30,91.15,90.5128,FPT,70_30,LSTM
2025-10-31,92.21,91.4797,FPT,70_30,LSTM
2025-11-03,93.19,92.4973,FPT,70_30,LSTM
2025-11-04,91.68,93.5029,FPT,70_30,LSTM
2025-11-05,89.55,91.8692,FPT,70_30,LSTM
2025-11-06,88.93,89.7104,FPT,70_30,LSTM
2025-11-07,89.64,89.0304,FPT,70_30,LSTM
2025-11-10,85.38,89.7042,FPT,70_30,LSTM
2025-11-11,85.29,85.3552,FPT,70_30,LSTM
2025-11-12,89.28,85.2623,FPT,70_30,LSTM
2025-11-13,87.77,89.3609,FPT,70_30,LSTM
2025-11-14,88.75,87.8865,FPT,70_30,LSTM
2025-11-17,89.64,88.849,FPT,70_30,LSTM
2025-11-18,88.75,89.8921,FPT,70_30,LSTM
2025-11-19,86.97,89.0068,FPT,70_30,LSTM
2025-11-20,87.86,87.0694,FPT,70_30,LSTM
2025-11-21,89.46,87.9987,FPT,70_30,LSTM
2025-11-24,88.93,89.5965,FPT,70_30,LSTM
2025-11-25,88.48,89.0476,FPT,70_30,LSTM
2025-11-26,87.86,88.6164,FPT,70_30,LSTM
2025-11-27,88.31,88.038,FPT,70_30,LSTM
2025-11-28,86.18,88.4607,FPT,70_30,LSTM
2025-12-01,86.62,86.2528,FPT,70_30,LSTM
2025-12-02,86.62,86.6919,FPT,70_30,LSTM
2025-12-03,86.62,86.7039,FPT,70_30,LSTM
2025-12-04,87.43,86.7204,FPT,70_30,LSTM
2025-12-05,86.27,87.5266,FPT,70_30,LSTM
2025-12-08,85.64,86.423,FPT,70_30,LSTM
2025-12-09,86.89,85.7602,FPT,70_30,LSTM
2025-12-10,85.73,87.0199,FPT,70_30,LSTM
2025-12-11,86.09,85.854,FPT,70_30,LSTM
2025-12-12,84.02,86.183,FPT,70_30,LSTM
2025-12-15,84.11,84.1199,FPT,70_30,LSTM
2025-12-16,85.1,84.2084,FPT,70_30,LSTM
2025-12-17,86.0,85.1687,FPT,70_30,LSTM
2025-12-18,84.65,86.1246,FPT,70_30,LSTM
2025-12-19,84.2,84.7546,FPT,70_30,LSTM
2025-12-22,84.02,84.3497,FPT,70_30,LSTM
2025-12-23,84.29,84.1584,FPT,70_30,LSTM
2025-12-24,83.93,84.3976,FPT,70_30,LSTM
2025-12-25,83.4,84.0048,FPT,70_30,LSTM
2025-12-26,82.95,83.5035,FPT,70_30,LSTM
2025-12-29,84.56,83.0539,FPT,70_30,LSTM
2025-12-30,86.54,84.6863,FPT,70_30,LSTM
2025-12-31,85.91,86.7023,FPT,70_30,LSTM
2026-01-05,85.19,86.0998,FPT,70_30,LSTM
2026-01-06,84.29,85.3866,FPT,70_30,LSTM
2026-01-07,87.43,84.4827,FPT,70_30,LSTM
2026-01-08,86.54,87.6109,FPT,70_30,LSTM
2026-01-09,87.34,86.6776,FPT,70_30,LSTM
2026-01-12,89.23,87.5055,FPT,70_30,LSTM
2026-01-13,88.69,89.4566,FPT,70_30,LSTM
2026-01-14,89.49,88.962,FPT,70_30,LSTM
2026-01-15,88.33,89.6761,FPT,70_30,LSTM
2026-01-16,94.43,88.5377,FPT,70_30,LSTM
2026-01-19,94.87,94.6985,FPT,70_30,LSTM
2026-01-20,93.35,95.1546,FPT,70_30,LSTM
2026-01-21,94.16,93.6502,FPT,70_30,LSTM
2026-01-22,92.81,94.4427,FPT,70_30,LSTM
2026-01-23,90.57,93.1201,FPT,70_30,LSTM
2026-01-26,88.33,90.6425,FPT,70_30,LSTM
2026-01-27,91.56,88.3286,FPT,70_30,LSTM
2026-01-28,93.71,91.6194,FPT,70_30,LSTM
2026-01-29,95.14,93.7989,FPT,70_30,LSTM
2026-01-30,93.71,95.3176,FPT,70_30,LSTM
2026-02-02,93.53,93.9604,FPT,70_30,LSTM
2026-02-03,93.17,93.8412,FPT,70_30,LSTM
2026-02-04,91.38,93.3758,FPT,70_30,LSTM
2026-02-05,88.78,91.4888,FPT,70_30,LSTM
2026-02-06,87.52,88.7857,FPT,70_30,LSTM
2026-02-09,88.78,87.5156,FPT,70_30,LSTM
2026-02-10,87.7,88.774,FPT,70_30,LSTM
2026-02-11,88.42,87.6925,FPT,70_30,LSTM
2026-02-12,88.6,88.4629,FPT,70_30,LSTM
2026-02-13,86.36,88.7286,FPT,70_30,LSTM
2026-02-23,84.74,86.4975,FPT,70_30,LSTM
2026-02-24,82.95,84.7921,FPT,70_30,LSTM
2026-02-25,79.9,82.9851,FPT,70_30,LSTM
2026-02-26,81.15,79.8425,FPT,70_30,LSTM
2026-02-27,83.31,81.0617,FPT,70_30,LSTM
2026-03-02,80.35,83.3177,FPT,70_30,LSTM
2026-03-03,78.02,80.3856,FPT,70_30,LSTM
2026-03-04,76.31,78.0488,FPT,70_30,LSTM
2026-03-05,75.68,76.374,FPT,70_30,LSTM
2026-03-06,73.17,75.6697,FPT,70_30,LSTM
2026-03-09,68.06,73.0397,FPT,70_30,LSTM
2026-03-10,71.29,67.9122,FPT,70_30,LSTM
2026-03-11,71.92,71.1944,FPT,70_30,LSTM
2026-03-12,69.68,71.8984,FPT,70_30,LSTM
2026-03-13,69.05,69.6508,FPT,70_30,LSTM
2026-03-16,70.12,69.0639,FPT,70_30,LSTM
2026-03-17,71.2,70.2877,FPT,70_30,LSTM
2026-03-18,70.48,71.2899,FPT,70_30,LSTM
2026-03-19,68.87,70.5515,FPT,70_30,LSTM
2026-03-20,66.9,68.9813,FPT,70_30,LSTM
2026-03-23,65.55,66.9848,FPT,70_30,LSTM
2026-03-24,67.61,65.5574,FPT,70_30,LSTM
2026-03-25,69.05,67.5907,FPT,70_30,LSTM
2026-03-26,66.54,69.0859,FPT,70_30,LSTM
2026-03-27,68.24,66.6068,FPT,70_30,LSTM
2026-03-30,66.36,68.3709,FPT,70_30,LSTM
2026-03-31,66.99,66.5204,FPT,70_30,LSTM
2026-04-01,67.52,67.0791,FPT,70_30,LSTM
2026-04-02,66.99,67.5739,FPT,70_30,LSTM
2026-04-03,66.36,67.1169,FPT,70_30,LSTM
2026-04-06,66.27,66.4199,FPT,70_30,LSTM
2026-04-07,66.36,66.3777,FPT,70_30,LSTM
2026-04-08,70.93,66.4467,FPT,70_30,LSTM
2026-04-09,70.21,71.0678,FPT,70_30,LSTM
2026-04-10,69.68,70.4067,FPT,70_30,LSTM
2026-04-13,68.15,69.8935,FPT,70_30,LSTM
2026-04-14,68.33,68.3438,FPT,70_30,LSTM
2026-04-15,67.34,68.5106,FPT,70_30,LSTM
2026-04-16,66.45,67.3593,FPT,70_30,LSTM
2026-04-17,68.15,66.4643,FPT,70_30,LSTM
2026-04-20,68.96,68.1908,FPT,70_30,LSTM
2026-04-21,67.34,69.0732,FPT,70_30,LSTM
2026-04-22,66.9,67.4356,FPT,70_30,LSTM
2026-04-23,66.63,67.0058,FPT,70_30,LSTM
2026-04-24,65.82,66.7524,FPT,70_30,LSTM
2026-04-28,66.72,65.8726,FPT,70_30,LSTM
2026-04-29,67.7,66.7485,FPT,70_30,LSTM
2026-05-04,66.09,67.7977,FPT,70_30,LSTM
2026-05-05,66.63,66.1897,FPT,70_30,LSTM
2026-05-06,65.73,66.7321,FPT,70_30,LSTM
2026-05-07,65.46,65.8473,FPT,70_30,LSTM
2026-05-08,64.48,65.5362,FPT,70_30,LSTM
2026-05-11,62.77,64.5056,FPT,70_30,LSTM
2026-05-12,63.31,62.806,FPT,70_30,LSTM
2026-05-13,63.4,63.3149,FPT,70_30,LSTM
2026-05-14,66.27,63.4315,FPT,70_30,LSTM
2026-05-15,65.37,66.3499,FPT,70_30,LSTM
2026-05-18,67.17,65.499,FPT,70_30,LSTM
2026-05-19,66.81,67.3772,FPT,70_30,LSTM
2026-05-20,69.68,67.0185,FPT,70_30,LSTM
2026-05-21,68.6,69.9335,FPT,70_30,LSTM
2026-05-22,67.34,68.7812,FPT,70_30,LSTM
2026-05-25,65.91,67.5276,FPT,70_30,LSTM
2026-05-26,66.81,66.0094,FPT,70_30,LSTM
2026-05-27,66.0,66.9164,FPT,70_30,LSTM
2026-05-28,64.73,66.0081,FPT,70_30,LSTM
2026-05-29,65.09,64.742,FPT,70_30,LSTM
2026-06-01,66.27,65.1284,FPT,70_30,LSTM
2026-06-02,68.0,66.3681,FPT,70_30,LSTM
2026-06-03,69.55,68.1064,FPT,70_30,LSTM
2026-06-04,69.18,69.726,FPT,70_30,LSTM
2026-06-05,68.18,69.4146,FPT,70_30,LSTM
2026-06-08,66.27,68.3937,FPT,70_30,LSTM
2026-06-09,67.0,66.4123,FPT,70_30,LSTM
2026-06-10,67.46,67.0791,FPT,70_30,LSTM
2026-06-11,66.46,67.4984,FPT,70_30,LSTM
2026-06-12,66.82,66.4978,FPT,70_30,LSTM
2026-06-15,66.91,66.8826,FPT,70_30,LSTM
2026-06-16,66.55,67.0335,FPT,70_30,LSTM
2026-06-17,65.73,66.6467,FPT,70_30,LSTM
2026-06-18,65.09,65.7966,FPT,70_30,LSTM
2026-06-19,65.0,65.1676,FPT,70_30,LSTM
2026-06-22,64.18,65.0555,FPT,70_30,LSTM
2026-06-23,64.36,64.2161,FPT,70_30,LSTM
2026-06-24,64.36,64.3981,FPT,70_30,LSTM
2026-06-25,64.55,64.4212,FPT,70_30,LSTM
2026-06-26,64.36,64.6321,FPT,70_30,LSTM
2026-06-29,64.0,64.4434,FPT,70_30,LSTM
2026-06-30,63.82,64.1015,FPT,70_30,LSTM
2026-07-01,66.27,63.9093,FPT,70_30,LSTM
2026-07-02,65.91,66.3927,FPT,70_30,LSTM
2026-07-03,65.73,66.0481,FPT,70_30,LSTM
2026-07-06,66.36,65.8737,FPT,70_30,LSTM
2026-07-07,66.55,66.5255,FPT,70_30,LSTM
2026-07-08,65.55,66.7328,FPT,70_30,LSTM
2026-07-09,65.55,65.6453,FPT,70_30,LSTM
2026-07-10,64.18,65.6468,FPT,70_30,LSTM
2026-07-13,64.09,64.2604,FPT,70_30,LSTM
2026-07-14,63.91,64.1338,FPT,70_30,LSTM
2026-07-15,60.73,63.939,FPT,70_30,LSTM
2026-07-16,61.82,60.7392,FPT,70_30,LSTM
2026-07-17,60.91,61.8097,FPT,70_30,LSTM
2026-07-20,61.0,60.9292,FPT,70_30,LSTM
2026-07-21,58.91,61.0104,FPT,70_30,LSTM
2026-07-22,58.73,58.8929,FPT,70_30,LSTM
2026-07-23,58.82,58.7799,FPT,70_30,LSTM
2026-07-24,57.18,58.829,FPT,70_30,LSTM
2026-07-27,56.55,57.1895,FPT,70_30,LSTM
2026-07-28,57.27,56.5276,FPT,70_30,LSTM
2026-07-29,59.18,57.3076,FPT,70_30,LSTM
2026-07-30,60.91,59.254,FPT,70_30,LSTM
2026-07-31,61.0,61.0266,FPT,70_30,LSTM
2026-08-03,65.18,61.1939,FPT,70_30,LSTM
2026-08-04,65.0,65.4684,FPT,70_30,LSTM
2026-08-05,63.91,65.3191,FPT,70_30,LSTM
2026-08-06,64.27,64.165,FPT,70_30,LSTM
2026-08-07,64.36,64.4727,FPT,70_30,LSTM
2026-08-10,65.27,64.5675,FPT,70_30,LSTM
2026-08-11,64.73,65.3593,FPT,70_30,LSTM
2026-08-12,64.36,64.8266,FPT,70_30,LSTM
2026-08-13,62.91,64.4813,FPT,70_30,LSTM
2026-08-14,62.09,62.9953,FPT,70_30,LSTM
2026-08-17,62.55,62.1441,FPT,70_30,LSTM
2026-08-18,62.73,62.5687,FPT,70_30,LSTM
2026-08-19,62.64,62.7668,FPT,70_30,LSTM
2026-08-20,63.46,62.6867,FPT,70_30,LSTM
2026-08-21,65.46,63.5616,FPT,70_30,LSTM
2026-08-24,64.91,65.626,FPT,70_30,LSTM
2026-08-25,64.27,65.0791,FPT,70_30,LSTM
2026-08-26,66.0,64.4253,FPT,70_30,LSTM
2026-08-27,65.64,66.1806,FPT,70_30,LSTM
2026-08-28,66.55,65.8095,FPT,70_30,LSTM
2026-09-03,65.64,66.6702,FPT,70_30,LSTM
2026-09-04,66.18,65.7751,FPT,70_30,LSTM
2026-09-07,65.82,66.3368,FPT,70_30,LSTM
2026-09-08,65.64,65.9228,FPT,70_30,LSTM
2026-09-09,65.82,65.7481,FPT,70_30,LSTM
2026-09-10,67.73,65.8998,FPT,70_30,LSTM
2026-09-11,66.09,67.867,FPT,70_30,LSTM
2026-09-14,65.82,66.2082,FPT,70_30,LSTM
2026-09-15,66.09,65.9331,FPT,70_30,LSTM
2026-09-16,67.09,66.2085,FPT,70_30,LSTM
2026-09-17,67.55,67.2196,FPT,70_30,LSTM
2026-09-18,65.18,67.6363,FPT,70_30,LSTM
2026-09-21,66.4,65.2896,FPT,70_30,LSTM
2026-09-22,66.6,66.5145,FPT,70_30,LSTM
2026-09-23,66.1,66.718,FPT,70_30,LSTM
2026-09-24,65.3,66.1822,FPT,70_30,LSTM
2026-09-25,64.7,65.351,FPT,70_30,LSTM
2026-09-28,63.7,64.8036,FPT,70_30,LSTM
2026-09-29,63.2,63.7425,FPT,70_30,LSTM
2026-09-30,63.0,63.2145,FPT,70_30,LSTM
2026-10-01,62.7,63.016,FPT,70_30,LSTM
2026-10-02,62.1,62.7292,FPT,70_30,LSTM
2024-05-31,21.28,21.0131,HPG,70_30,LSTM
2024-06-03,21.57,21.2995,HPG,70_30,LSTM
2024-06-04,21.8,21.5983,HPG,70_30,LSTM
2024-06-05,21.76,21.8281,HPG,70_30,LSTM
2024-06-06,21.8,21.7935,HPG,70_30,LSTM
2024-06-07,21.8,21.8425,HPG,70_30,LSTM
2024-06-10,21.8,21.8353,HPG,70_30,LSTM
2024-06-11,21.65,21.8277,HPG,70_30,LSTM
2024-06-12,22.02,21.6654,HPG,70_30,LSTM
2024-06-13,21.95,22.054,HPG,70_30,LSTM
2024-06-14,21.65,21.9751,HPG,70_30,LSTM
2024-06-17,21.91,21.6634,HPG,70_30,LSTM
2024-06-18,21.87,21.9383,HPG,70_30,LSTM
2024-06-19,21.83,21.8976,HPG,70_30,LSTM
2024-06-20,21.83,21.8463,HPG,70_30,LSTM
2024-06-21,21.61,21.8485,HPG,70_30,LSTM
2024-06-24,21.35,21.6275,HPG,70_30,LSTM
2024-06-25,21.35,21.353,HPG,70_30,LSTM
2024-06-26,21.5,21.3578,HPG,70_30,LSTM
2024-06-27,21.46,21.5153,HPG,70_30,LSTM
2024-06-28,21.05,21.4714,HPG,70_30,LSTM
2024-07-01,21.09,21.0506,HPG,70_30,LSTM
2024-07-02,21.35,21.1047,HPG,70_30,LSTM
2024-07-03,21.39,21.3755,HPG,70_30,LSTM
2024-07-04,21.35,21.4095,HPG,70_30,LSTM
2024-07-05,21.31,21.3677,HPG,70_30,LSTM
2024-07-08,21.42,21.3372,HPG,70_30,LSTM
2024-07-09,21.57,21.4516,HPG,70_30,LSTM
2024-07-10,21.54,21.5994,HPG,70_30,LSTM
2024-07-11,21.46,21.5649,HPG,70_30,LSTM
2024-07-12,21.2,21.4829,HPG,70_30,LSTM
2024-07-15,21.16,21.2145,HPG,70_30,LSTM
2024-07-16,21.16,21.1737,HPG,70_30,LSTM
2024-07-17,20.98,21.1706,HPG,70_30,LSTM
2024-07-18,21.13,20.984,HPG,70_30,LSTM
2024-07-19,20.98,21.1445,HPG,70_30,LSTM
2024-07-22,20.87,20.9932,HPG,70_30,LSTM
2024-07-23,20.68,20.8816,HPG,70_30,LSTM
2024-07-24,20.61,20.6854,HPG,70_30,LSTM
2024-07-25,20.35,20.62,HPG,70_30,LSTM
2024-07-26,20.42,20.3465,HPG,70_30,LSTM
2024-07-29,20.76,20.4269,HPG,70_30,LSTM
2024-07-30,20.76,20.783,HPG,70_30,LSTM
2024-07-31,20.23,20.7831,HPG,70_30,LSTM
2024-08-01,19.86,20.2328,HPG,70_30,LSTM
2024-08-02,20.27,19.8617,HPG,70_30,LSTM
2024-08-05,19.3,20.2931,HPG,70_30,LSTM
2024-08-06,19.57,19.2701,HPG,70_30,LSTM
2024-08-07,19.38,19.5635,HPG,70_30,LSTM
2024-08-08,19.04,19.3763,HPG,70_30,LSTM
2024-08-09,19.38,19.0346,HPG,70_30,LSTM
2024-08-12,19.23,19.382,HPG,70_30,LSTM
2024-08-13,18.9,19.246,HPG,70_30,LSTM
2024-08-14,18.93,18.897,HPG,70_30,LSTM
2024-08-15,18.75,18.9376,HPG,70_30,LSTM
2024-08-16,19.04,18.7592,HPG,70_30,LSTM
2024-08-19,19.23,19.0545,HPG,70_30,LSTM
2024-08-20,19.19,19.2522,HPG,70_30,LSTM
2024-08-21,19.45,19.2162,HPG,70_30,LSTM
2024-08-22,19.16,19.4865,HPG,70_30,LSTM
2024-08-23,19.38,19.1859,HPG,70_30,LSTM
2024-08-26,19.34,19.4113,HPG,70_30,LSTM
2024-08-27,19.16,19.3618,HPG,70_30,LSTM
2024-08-28,19.12,19.176,HPG,70_30,LSTM
2024-08-29,19.04,19.1298,HPG,70_30,LSTM
2024-08-30,18.97,19.0549,HPG,70_30,LSTM
2024-09-04,18.78,18.9773,HPG,70_30,LSTM
2024-09-05,18.64,18.7815,HPG,70_30,LSTM
2024-09-06,18.9,18.6431,HPG,70_30,LSTM
2024-09-09,19.04,18.917,HPG,70_30,LSTM
2024-09-10,18.71,19.0613,HPG,70_30,LSTM
2024-09-11,18.86,18.7174,HPG,70_30,LSTM
2024-09-12,18.67,18.8828,HPG,70_30,LSTM
2024-09-13,18.6,18.6871,HPG,70_30,LSTM
2024-09-16,18.49,18.6099,HPG,70_30,LSTM
2024-09-17,18.78,18.4926,HPG,70_30,LSTM
2024-09-18,18.67,18.8049,HPG,70_30,LSTM
2024-09-19,18.78,18.6824,HPG,70_30,LSTM
2024-09-20,19.08,18.803,HPG,70_30,LSTM
2024-09-23,19.12,19.1159,HPG,70_30,LSTM
2024-09-24,19.23,19.1564,HPG,70_30,LSTM
2024-09-25,19.49,19.2623,HPG,70_30,LSTM
2024-09-26,19.38,19.5345,HPG,70_30,LSTM
2024-09-27,19.38,19.4136,HPG,70_30,LSTM
2024-09-30,19.6,19.4069,HPG,70_30,LSTM
2024-10-01,19.9,19.6352,HPG,70_30,LSTM
2024-10-02,19.57,19.942,HPG,70_30,LSTM
2024-10-03,19.49,19.5871,HPG,70_30,LSTM
2024-10-04,19.49,19.5108,HPG,70_30,LSTM
2024-10-07,19.64,19.5125,HPG,70_30,LSTM
2024-10-08,20.05,19.6632,HPG,70_30,LSTM
2024-10-09,20.46,20.0799,HPG,70_30,LSTM
2024-10-10,20.27,20.5097,HPG,70_30,LSTM
2024-10-11,20.31,20.308,HPG,70_30,LSTM
2024-10-14,20.12,20.3519,HPG,70_30,LSTM
2024-10-15,20.2,20.1501,HPG,70_30,LSTM
2024-10-16,20.16,20.2254,HPG,70_30,LSTM
2024-10-17,20.27,20.1718,HPG,70_30,LSTM
2024-10-18,20.05,20.2918,HPG,70_30,LSTM
2024-10-21,19.9,20.0601,HPG,70_30,LSTM
2024-10-22,19.83,19.9118,HPG,70_30,LSTM
2024-10-23,19.68,19.8391,HPG,70_30,LSTM
2024-10-24,19.68,19.6852,HPG,70_30,LSTM
2024-10-25,19.68,19.6843,HPG,70_30,LSTM
2024-10-28,19.9,19.6901,HPG,70_30,LSTM
2024-10-29,20.12,19.923,HPG,70_30,LSTM
2024-10-30,20.09,20.1508,HPG,70_30,LSTM
2024-10-31,20.01,20.1203,HPG,70_30,LSTM
2024-11-01,19.75,20.0371,HPG,70_30,LSTM
2024-11-04,19.57,19.7677,HPG,70_30,LSTM
2024-11-05,19.71,19.5784,HPG,70_30,LSTM
2024-11-06,20.05,19.7212,HPG,70_30,LSTM
2024-11-07,20.05,20.0742,HPG,70_30,LSTM
2024-11-08,20.09,20.0712,HPG,70_30,LSTM
2024-11-11,20.61,20.1192,HPG,70_30,LSTM
2024-11-12,20.46,20.6653,HPG,70_30,LSTM
2024-11-13,20.12,20.4984,HPG,70_30,LSTM
2024-11-14,19.57,20.1369,HPG,70_30,LSTM
2024-11-15,19.27,19.5693,HPG,70_30,LSTM
2024-11-18,19.19,19.2644,HPG,70_30,LSTM
2024-11-19,18.93,19.1721,HPG,70_30,LSTM
2024-11-20,19.04,18.9066,HPG,70_30,LSTM
2024-11-21,19.23,19.033,HPG,70_30,LSTM
2024-11-22,19.42,19.2433,HPG,70_30,LSTM
2024-11-25,19.57,19.4462,HPG,70_30,LSTM
2024-11-26,19.6,19.6015,HPG,70_30,LSTM
2024-11-27,19.57,19.6373,HPG,70_30,LSTM
2024-11-28,19.64,19.6028,HPG,70_30,LSTM
2024-11-29,19.9,19.6712,HPG,70_30,LSTM
2024-12-02,20.01,19.9361,HPG,70_30,LSTM
2024-12-03,20.09,20.0431,HPG,70_30,LSTM
2024-12-04,19.86,20.1238,HPG,70_30,LSTM
2024-12-05,20.72,19.8839,HPG,70_30,LSTM
2024-12-06,20.53,20.7818,HPG,70_30,LSTM
2024-12-09,20.57,20.5654,HPG,70_30,LSTM
2024-12-10,20.76,20.6059,HPG,70_30,LSTM
2024-12-11,20.64,20.8013,HPG,70_30,LSTM
2024-12-12,20.46,20.6803,HPG,70_30,LSTM
2024-12-13,20.23,20.4709,HPG,70_30,LSTM
2024-12-16,20.09,20.239,HPG,70_30,LSTM
2024-12-17,20.09,20.0957,HPG,70_30,LSTM
2024-12-18,20.35,20.0928,HPG,70_30,LSTM
2024-12-19,19.97,20.3667,HPG,70_30,LSTM
2024-12-20,19.86,19.9722,HPG,70_30,LSTM
2024-12-23,20.09,19.8684,HPG,70_30,LSTM
2024-12-24,19.86,20.1135,HPG,70_30,LSTM
2024-12-25,20.2,19.8712,HPG,70_30,LSTM
2024-12-26,20.09,20.2211,HPG,70_30,LSTM
2024-12-27,19.97,20.1119,HPG,70_30,LSTM
2024-12-30,19.9,19.9911,HPG,70_30,LSTM
2024-12-31,19.83,19.9138,HPG,70_30,LSTM
2025-01-02,20.09,19.8482,HPG,70_30,LSTM
2025-01-03,19.79,20.1109,HPG,70_30,LSTM
2025-01-06,19.38,19.7979,HPG,70_30,LSTM
2025-01-07,19.38,19.3781,HPG,70_30,LSTM
2025-01-08,19.53,19.3859,HPG,70_30,LSTM
2025-01-09,19.34,19.5446,HPG,70_30,LSTM
2025-01-10,19.01,19.3376,HPG,70_30,LSTM
2025-01-13,19.27,19.0041,HPG,70_30,LSTM
2025-01-14,19.23,19.2901,HPG,70_30,LSTM
2025-01-15,19.49,19.2453,HPG,70_30,LSTM
2025-01-16,19.57,19.5122,HPG,70_30,LSTM
2025-01-17,19.71,19.5967,HPG,70_30,LSTM
2025-01-20,19.68,19.75,HPG,70_30,LSTM
2025-01-21,19.57,19.7097,HPG,70_30,LSTM
2025-01-22,19.45,19.5967,HPG,70_30,LSTM
2025-01-23,19.83,19.4665,HPG,70_30,LSTM
2025-01-24,19.75,19.8622,HPG,70_30,LSTM
2025-02-03,19.64,19.77,HPG,70_30,LSTM
2025-02-04,19.97,19.6568,HPG,70_30,LSTM
2025-02-05,19.94,20.005,HPG,70_30,LSTM
2025-02-06,19.94,19.9728,HPG,70_30,LSTM
2025-02-07,19.83,19.9626,HPG,70_30,LSTM
2025-02-10,18.9,19.8501,HPG,70_30,LSTM
2025-02-11,19.42,18.8873,HPG,70_30,LSTM
2025-02-12,19.23,19.4334,HPG,70_30,LSTM
2025-02-13,19.27,19.23,HPG,70_30,LSTM
2025-02-14,19.42,19.2737,HPG,70_30,LSTM
2025-02-17,19.45,19.4317,HPG,70_30,LSTM
2025-02-18,19.75,19.4847,HPG,70_30,LSTM
2025-02-19,19.71,19.7825,HPG,70_30,LSTM
2025-02-20,19.75,19.7417,HPG,70_30,LSTM
2025-02-21,19.68,19.7826,HPG,70_30,LSTM
2025-02-24,20.61,19.7053,HPG,70_30,LSTM
2025-02-25,20.46,20.6751,HPG,70_30,LSTM
2025-02-26,20.64,20.4979,HPG,70_30,LSTM
2025-02-27,21.16,20.6876,HPG,70_30,LSTM
2025-02-28,20.83,21.2261,HPG,70_30,LSTM
2025-03-03,20.87,20.8777,HPG,70_30,LSTM
2025-03-04,20.72,20.8978,HPG,70_30,LSTM
2025-03-05,20.49,20.7455,HPG,70_30,LSTM
2025-03-06,20.79,20.5038,HPG,70_30,LSTM
2025-03-07,20.87,20.8055,HPG,70_30,LSTM
2025-03-10,20.79,20.8934,HPG,70_30,LSTM
2025-03-11,20.94,20.8075,HPG,70_30,LSTM
2025-03-12,20.68,20.9685,HPG,70_30,LSTM
2025-03-13,20.61,20.7021,HPG,70_30,LSTM
2025-03-14,20.49,20.6247,HPG,70_30,LSTM
2025-03-17,20.72,20.4989,HPG,70_30,LSTM
2025-03-18,20.53,20.7424,HPG,70_30,LSTM
2025-03-19,20.27,20.5374,HPG,70_30,LSTM
2025-03-20,20.2,20.2758,HPG,70_30,LSTM
2025-03-21,20.2,20.2084,HPG,70_30,LSTM
2025-03-24,20.2,20.213,HPG,70_30,LSTM
2025-03-25,20.23,20.2068,HPG,70_30,LSTM
2025-03-26,20.49,20.2428,HPG,70_30,LSTM
2025-03-27,20.46,20.5198,HPG,70_30,LSTM
2025-03-28,20.2,20.4868,HPG,70_30,LSTM
2025-03-31,19.9,20.2163,HPG,70_30,LSTM
2025-04-01,20.09,19.9076,HPG,70_30,LSTM
2025-04-02,20.27,20.1094,HPG,70_30,LSTM
2025-04-03,18.86,20.2876,HPG,70_30,LSTM
2025-04-04,18.3,18.8201,HPG,70_30,LSTM
2025-04-08,17.04,18.2625,HPG,70_30,LSTM
2025-04-09,15.85,16.9704,HPG,70_30,LSTM
2025-04-10,16.92,15.7481,HPG,70_30,LSTM
2025-04-11,18.08,16.8744,HPG,70_30,LSTM
2025-04-14,18.86,18.1015,HPG,70_30,LSTM
2025-04-15,19.23,18.9105,HPG,70_30,LSTM
2025-04-16,18.97,19.316,HPG,70_30,LSTM
2025-04-17,18.97,19.07,HPG,70_30,LSTM
2025-04-18,18.93,19.0442,HPG,70_30,LSTM
2025-04-21,18.56,18.9714,HPG,70_30,LSTM
2025-04-22,18.64,18.5659,HPG,70_30,LSTM
2025-04-23,19.01,18.6444,HPG,70_30,LSTM
2025-04-24,19.04,19.0357,HPG,70_30,LSTM
2025-04-25,19.12,19.0617,HPG,70_30,LSTM
2025-04-28,19.08,19.145,HPG,70_30,LSTM
2025-04-29,18.97,19.1119,HPG,70_30,LSTM
2025-05-05,19.12,18.996,HPG,70_30,LSTM
2025-05-06,18.93,19.144,HPG,70_30,LSTM
2025-05-07,18.9,18.9435,HPG,70_30,LSTM
2025-05-08,19.12,18.9126,HPG,70_30,LSTM
2025-05-09,19.08,19.1433,HPG,70_30,LSTM
2025-05-12,18.9,19.1016,HPG,70_30,LSTM
2025-05-13,19.19,18.9104,HPG,70_30,LSTM
2025-05-14,19.45,19.22,HPG,70_30,LSTM
2025-05-15,19.45,19.4879,HPG,70_30,LSTM
2025-05-16,19.19,19.4781,HPG,70_30,LSTM
2025-05-19,19.08,19.2081,HPG,70_30,LSTM
2025-05-20,19.08,19.102,HPG,70_30,LSTM
2025-05-21,19.16,19.0964,HPG,70_30,LSTM
2025-05-22,19.08,19.1729,HPG,70_30,LSTM
2025-05-23,19.04,19.0883,HPG,70_30,LSTM
2025-05-26,19.01,19.0543,HPG,70_30,LSTM
2025-05-27,19.01,19.0266,HPG,70_30,LSTM
2025-05-28,19.04,19.0271,HPG,70_30,LSTM
2025-05-29,19.01,19.0562,HPG,70_30,LSTM
2025-05-30,19.16,19.0266,HPG,70_30,LSTM
2025-06-02,19.01,19.1843,HPG,70_30,LSTM
2025-06-03,19.34,19.0268,HPG,70_30,LSTM
2025-06-04,19.3,19.3725,HPG,70_30,LSTM
2025-06-05,19.16,19.3257,HPG,70_30,LSTM
2025-06-06,19.38,19.181,HPG,70_30,LSTM
2025-06-09,19.57,19.4081,HPG,70_30,LSTM
2025-06-10,19.49,19.6073,HPG,70_30,LSTM
2025-06-11,19.42,19.5122,HPG,70_30,LSTM
2025-06-12,19.94,19.4412,HPG,70_30,LSTM
2025-06-13,19.64,19.9879,HPG,70_30,LSTM
2025-06-16,19.9,19.6628,HPG,70_30,LSTM
2025-06-17,19.97,19.9321,HPG,70_30,LSTM
2025-06-18,20.2,20.0038,HPG,70_30,LSTM
2025-06-19,20.01,20.2444,HPG,70_30,LSTM
2025-06-20,20.09,20.0291,HPG,70_30,LSTM
2025-06-23,19.97,20.1228,HPG,70_30,LSTM
2025-06-24,20.09,19.9901,HPG,70_30,LSTM
2025-06-25,20.23,20.115,HPG,70_30,LSTM
2025-06-26,20.35,20.253,HPG,70_30,LSTM
2025-06-27,20.4,20.3809,HPG,70_30,LSTM
2025-06-30,20.27,20.429,HPG,70_30,LSTM
2025-07-01,20.22,20.296,HPG,70_30,LSTM
2025-07-02,20.44,20.2427,HPG,70_30,LSTM
2025-07-03,20.62,20.469,HPG,70_30,LSTM
2025-07-04,20.76,20.6504,HPG,70_30,LSTM
2025-07-07,21.07,20.792,HPG,70_30,LSTM
2025-07-08,22.05,21.1162,HPG,70_30,LSTM
2025-07-09,22.1,22.1347,HPG,70_30,LSTM
2025-07-10,22.45,22.1673,HPG,70_30,LSTM
2025-07-11,23.21,22.5255,HPG,70_30,LSTM
2025-07-14,22.99,23.3094,HPG,70_30,LSTM
2025-07-15,22.76,23.0619,HPG,70_30,LSTM
2025-07-16,23.3,22.7977,HPG,70_30,LSTM
2025-07-17,23.21,23.3629,HPG,70_30,LSTM
2025-07-18,23.12,23.2531,HPG,70_30,LSTM
2025-07-21,23.39,23.1394,HPG,70_30,LSTM
2025-07-22,23.61,23.4275,HPG,70_30,LSTM
2025-07-23,23.57,23.6595,HPG,70_30,LSTM
2025-07-24,23.21,23.5999,HPG,70_30,LSTM
2025-07-25,23.26,23.2278,HPG,70_30,LSTM
2025-07-28,23.52,23.2874,HPG,70_30,LSTM
2025-07-29,22.63,23.551,HPG,70_30,LSTM
2025-07-30,22.68,22.6156,HPG,70_30,LSTM
2025-07-31,22.27,22.6803,HPG,70_30,LSTM
2025-08-01,22.45,22.2632,HPG,70_30,LSTM
2025-08-04,22.59,22.4552,HPG,70_30,LSTM
2025-08-05,23.57,22.5913,HPG,70_30,LSTM
2025-08-06,24.19,23.6329,HPG,70_30,LSTM
2025-08-07,25.44,24.2634,HPG,70_30,LSTM
2025-08-08,25.0,25.568,HPG,70_30,LSTM
2025-08-11,25.13,25.0876,HPG,70_30,LSTM
2025-08-12,25.44,25.2246,HPG,70_30,LSTM
2025-08-13,25.09,25.5202,HPG,70_30,LSTM
2025-08-14,25.18,25.1356,HPG,70_30,LSTM
2025-08-15,25.0,25.1993,HPG,70_30,LSTM
2025-08-18,25.35,25.0226,HPG,70_30,LSTM
2025-08-19,25.13,25.3864,HPG,70_30,LSTM
2025-08-20,24.46,25.1442,HPG,70_30,LSTM
2025-08-21,24.46,24.4587,HPG,70_30,LSTM
2025-08-22,23.21,24.4657,HPG,70_30,LSTM
2025-08-25,23.17,23.1714,HPG,70_30,LSTM
2025-08-26,24.28,23.1377,HPG,70_30,LSTM
2025-08-27,23.88,24.301,HPG,70_30,LSTM
2025-08-28,24.19,23.8867,HPG,70_30,LSTM
2025-08-29,24.55,24.2129,HPG,70_30,LSTM
2025-09-03,25.13,24.6157,HPG,70_30,LSTM
2025-09-04,26.65,25.2168,HPG,70_30,LSTM
2025-09-05,25.71,26.7616,HPG,70_30,LSTM
2025-09-08,25.8,25.7732,HPG,70_30,LSTM
2025-09-09,25.76,25.8698,HPG,70_30,LSTM
2025-09-10,25.76,25.819,HPG,70_30,LSTM
2025-09-11,26.02,25.8054,HPG,70_30,LSTM
2025-09-12,26.78,26.0336,HPG,70_30,LSTM
2025-09-15,27.09,26.8459,HPG,70_30,LSTM
2025-09-16,26.74,27.1556,HPG,70_30,LSTM
2025-09-17,26.07,26.7873,HPG,70_30,LSTM
2025-09-18,26.02,26.0944,HPG,70_30,LSTM
2025-09-19,26.11,26.0458,HPG,70_30,LSTM
2025-09-22,25.35,26.121,HPG,70_30,LSTM
2025-09-23,25.58,25.3207,HPG,70_30,LSTM
2025-09-24,25.93,25.579,HPG,70_30,LSTM
2025-09-25,25.71,25.9582,HPG,70_30,LSTM
2025-09-26,25.49,25.7254,HPG,70_30,LSTM
2025-09-29,25.53,25.4962,HPG,70_30,LSTM
2025-09-30,25.13,25.5607,HPG,70_30,LSTM
2025-10-01,25.26,25.1382,HPG,70_30,LSTM
2025-10-02,25.09,25.2696,HPG,70_30,LSTM
2025-10-03,24.68,25.0968,HPG,70_30,LSTM
2025-10-06,26.07,24.678,HPG,70_30,LSTM
2025-10-07,25.89,26.1312,HPG,70_30,LSTM
2025-10-08,26.07,25.9355,HPG,70_30,LSTM
2025-10-09,25.84,26.1205,HPG,70_30,LSTM
2025-10-10,26.42,25.883,HPG,70_30,LSTM
2025-10-13,25.89,26.5023,HPG,70_30,LSTM
2025-10-14,25.31,25.9043,HPG,70_30,LSTM
2025-10-15,25.22,25.3121,HPG,70_30,LSTM
2025-10-16,25.22,25.2221,HPG,70_30,LSTM
2025-10-17,25.0,25.2304,HPG,70_30,LSTM
2025-10-20,23.26,24.9857,HPG,70_30,LSTM
2025-10-21,23.93,23.1937,HPG,70_30,LSTM
2025-10-22,23.84,23.9301,HPG,70_30,LSTM
2025-10-23,23.66,23.8311,HPG,70_30,LSTM
2025-10-24,23.57,23.6442,HPG,70_30,LSTM
2025-10-27,23.43,23.5576,HPG,70_30,LSTM
2025-10-28,23.93,23.4564,HPG,70_30,LSTM
2025-10-29,24.33,23.9612,HPG,70_30,LSTM
2025-10-30,24.01,24.3732,HPG,70_30,LSTM
2025-10-31,23.84,24.0388,HPG,70_30,LSTM
2025-11-03,23.26,23.868,HPG,70_30,LSTM
2025-11-04,23.88,23.2709,HPG,70_30,LSTM
2025-11-05,23.48,23.9123,HPG,70_30,LSTM
2025-11-06,23.3,23.4771,HPG,70_30,LSTM
2025-11-07,23.26,23.3027,HPG,70_30,LSTM
2025-11-10,23.61,23.268,HPG,70_30,LSTM
2025-11-11,23.75,23.6487,HPG,70_30,LSTM
2025-11-12,24.1,23.7726,HPG,70_30,LSTM
2025-11-13,23.7,24.1451,HPG,70_30,LSTM
2025-11-14,24.01,23.7285,HPG,70_30,LSTM
2025-11-17,24.37,24.0579,HPG,70_30,LSTM
2025-11-18,24.55,24.4198,HPG,70_30,LSTM
2025-11-19,24.64,24.5985,HPG,70_30,LSTM
2025-11-20,24.33,24.6798,HPG,70_30,LSTM
2025-11-21,24.46,24.3662,HPG,70_30,LSTM
2025-11-24,24.19,24.4979,HPG,70_30,LSTM
2025-11-25,24.01,24.2059,HPG,70_30,LSTM
2025-11-26,24.19,24.0174,HPG,70_30,LSTM
2025-11-27,24.01,24.205,HPG,70_30,LSTM
2025-11-28,23.7,24.0235,HPG,70_30,LSTM
2025-12-01,23.66,23.6995,HPG,70_30,LSTM
2025-12-02,23.66,23.6691,HPG,70_30,LSTM
2025-12-03,23.93,23.6748,HPG,70_30,LSTM
2025-12-04,24.37,23.9511,HPG,70_30,LSTM
2025-12-05,24.1,24.4101,HPG,70_30,LSTM
2025-12-08,23.88,24.1308,HPG,70_30,LSTM
2025-12-09,23.57,23.906,HPG,70_30,LSTM
2025-12-10,23.79,23.5868,HPG,70_30,LSTM
2025-12-11,23.7,23.8138,HPG,70_30,LSTM
2025-12-12,23.21,23.7054,HPG,70_30,LSTM
2025-12-15,23.43,23.2033,HPG,70_30,LSTM
2025-12-16,23.84,23.4447,HPG,70_30,LSTM
2025-12-17,23.57,23.8775,HPG,70_30,LSTM
2025-12-18,23.57,23.5846,HPG,70_30,LSTM
2025-12-19,23.84,23.5899,HPG,70_30,LSTM
2025-12-22,24.01,23.8843,HPG,70_30,LSTM
2025-12-23,23.88,24.052,HPG,70_30,LSTM
2025-12-24,23.7,23.9029,HPG,70_30,LSTM
2025-12-25,23.43,23.7241,HPG,70_30,LSTM
2025-12-26,24.01,23.4459,HPG,70_30,LSTM
2025-12-29,23.84,24.0471,HPG,70_30,LSTM
2025-12-30,23.66,23.8577,HPG,70_30,LSTM
2025-12-31,23.57,23.6753,HPG,70_30,LSTM
2026-01-05,23.17,23.5888,HPG,70_30,LSTM
2026-01-06,23.17,23.1812,HPG,70_30,LSTM
2026-01-07,23.75,23.1713,HPG,70_30,LSTM
2026-01-08,23.57,23.7802,HPG,70_30,LSTM
2026-01-09,23.39,23.5894,HPG,70_30,LSTM
2026-01-12,24.55,23.4059,HPG,70_30,LSTM
2026-01-13,24.33,24.6282,HPG,70_30,LSTM
2026-01-14,24.33,24.3837,HPG,70_30,LSTM
2026-01-15,24.64,24.3697,HPG,70_30,LSTM
2026-01-16,24.64,24.6976,HPG,70_30,LSTM
2026-01-19,24.73,24.699,HPG,70_30,LSTM
2026-01-20,24.33,24.7604,HPG,70_30,LSTM
2026-01-21,23.93,24.3485,HPG,70_30,LSTM
2026-01-22,23.97,23.9377,HPG,70_30,LSTM
2026-01-23,23.88,23.9773,HPG,70_30,LSTM
2026-01-26,23.48,23.8835,HPG,70_30,LSTM
2026-01-27,23.61,23.4658,HPG,70_30,LSTM
2026-01-28,23.84,23.6167,HPG,70_30,LSTM
2026-01-29,24.19,23.8652,HPG,70_30,LSTM
2026-01-30,23.93,24.2252,HPG,70_30,LSTM
2026-02-02,23.7,23.9516,HPG,70_30,LSTM
2026-02-03,23.88,23.7257,HPG,70_30,LSTM
2026-02-04,25.26,23.9135,HPG,70_30,LSTM
2026-02-05,24.59,25.3439,HPG,70_30,LSTM
2026-02-06,23.93,24.618,HPG,70_30,LSTM
2026-02-09,23.88,23.9451,HPG,70_30,LSTM
2026-02-10,23.7,23.9091,HPG,70_30,LSTM
2026-02-11,23.97,23.7196,HPG,70_30,LSTM
2026-02-12,24.01,23.9651,HPG,70_30,LSTM
2026-02-13,23.97,24.0199,HPG,70_30,LSTM
2026-02-23,24.55,23.9943,HPG,70_30,LSTM
2026-02-24,25.26,24.6002,HPG,70_30,LSTM
2026-02-25,26.16,25.3369,HPG,70_30,LSTM
2026-02-26,26.25,26.2571,HPG,70_30,LSTM
2026-02-27,25.71,26.3369,HPG,70_30,LSTM
2026-03-02,25.44,25.7738,HPG,70_30,LSTM
2026-03-03,24.73,25.4849,HPG,70_30,LSTM
2026-03-04,24.73,24.732,HPG,70_30,LSTM
2026-03-05,24.33,24.7184,HPG,70_30,LSTM
2026-03-06,24.33,24.3002,HPG,70_30,LSTM
2026-03-09,22.63,24.3192,HPG,70_30,LSTM
2026-03-10,24.19,22.5597,HPG,70_30,LSTM
2026-03-11,24.46,24.2269,HPG,70_30,LSTM
2026-03-12,23.93,24.4872,HPG,70_30,LSTM
2026-03-13,23.79,23.9411,HPG,70_30,LSTM
2026-03-16,23.88,23.8013,HPG,70_30,LSTM
2026-03-17,24.01,23.9404,HPG,70_30,LSTM
2026-03-18,23.93,24.0318,HPG,70_30,LSTM
2026-03-19,23.84,23.9391,HPG,70_30,LSTM
2026-03-20,23.12,23.8599,HPG,70_30,LSTM
2026-03-23,22.76,23.1157,HPG,70_30,LSTM
2026-03-24,23.17,22.7487,HPG,70_30,LSTM
2026-03-25,23.52,23.1781,HPG,70_30,LSTM
2026-03-26,23.12,23.5391,HPG,70_30,LSTM
2026-03-27,23.66,23.1196,HPG,70_30,LSTM
2026-03-30,24.01,23.7053,HPG,70_30,LSTM
2026-03-31,24.01,24.0726,HPG,70_30,LSTM
2026-04-01,24.24,24.0565,HPG,70_30,LSTM
2026-04-02,24.42,24.286,HPG,70_30,LSTM
2026-04-03,23.79,24.4813,HPG,70_30,LSTM
2026-04-06,23.97,23.8085,HPG,70_30,LSTM
2026-04-07,23.93,23.9952,HPG,70_30,LSTM
2026-04-08,25.0,23.9519,HPG,70_30,LSTM
2026-04-09,25.22,25.0614,HPG,70_30,LSTM
2026-04-10,25.0,25.2704,HPG,70_30,LSTM
2026-04-13,24.82,25.0538,HPG,70_30,LSTM
2026-04-14,25.49,24.8643,HPG,70_30,LSTM
2026-04-15,25.04,25.5674,HPG,70_30,LSTM
2026-04-16,24.95,25.0607,HPG,70_30,LSTM
2026-04-17,25.0,24.9665,HPG,70_30,LSTM
2026-04-20,25.4,25.0259,HPG,70_30,LSTM
2026-04-21,25.49,25.4473,HPG,70_30,LSTM
2026-04-22,25.18,25.5169,HPG,70_30,LSTM
2026-04-23,24.82,25.2042,HPG,70_30,LSTM
2026-04-24,24.91,24.8359,HPG,70_30,LSTM
2026-04-28,24.77,24.934,HPG,70_30,LSTM
2026-04-29,24.77,24.7769,HPG,70_30,LSTM
2026-05-04,24.64,24.7761,HPG,70_30,LSTM
2026-05-05,24.37,24.6487,HPG,70_30,LSTM
2026-05-06,24.64,24.3788,HPG,70_30,LSTM
2026-05-07,24.77,24.6614,HPG,70_30,LSTM
2026-05-08,24.86,24.7969,HPG,70_30,LSTM
2026-05-11,24.55,24.8884,HPG,70_30,LSTM
2026-05-12,24.45,24.5676,HPG,70_30,LSTM
2026-05-13,24.64,24.4748,HPG,70_30,LSTM
2026-05-14,24.59,24.6674,HPG,70_30,LSTM
2026-05-15,24.14,24.6095,HPG,70_30,LSTM
2026-05-18,24.05,24.139,HPG,70_30,LSTM
2026-05-19,23.86,24.0595,HPG,70_30,LSTM
2026-05-20,23.82,23.8662,HPG,70_30,LSTM
2026-05-21,24.14,23.8222,HPG,70_30,LSTM
2026-05-22,23.95,24.1571,HPG,70_30,LSTM
2026-05-25,24.1,23.9665,HPG,70_30,LSTM
2026-05-26,24.25,24.1272,HPG,70_30,LSTM
2026-05-27,24.15,24.2865,HPG,70_30,LSTM
2026-05-28,24.0,24.1815,HPG,70_30,LSTM
2026-05-29,24.0,24.0179,HPG,70_30,LSTM
2026-06-01,24.05,24.0251,HPG,70_30,LSTM
2026-06-02,23.7,24.0735,HPG,70_30,LSTM
2026-06-03,24.15,23.7045,HPG,70_30,LSTM
2026-06-04,23.95,24.1805,HPG,70_30,LSTM
2026-06-05,23.75,23.9703,HPG,70_30,LSTM
2026-06-08,23.3,23.7644,HPG,70_30,LSTM
2026-06-09,23.55,23.2975,HPG,70_30,LSTM
2026-06-10,23.6,23.5737,HPG,70_30,LSTM
2026-06-11,23.3,23.6106,HPG,70_30,LSTM
2026-06-12,23.2,23.3024,HPG,70_30,LSTM
2026-06-15,24.35,23.2072,HPG,70_30,LSTM
2026-06-16,24.2,24.4194,HPG,70_30,LSTM
2026-06-17,24.0,24.2407,HPG,70_30,LSTM
2026-06-18,23.65,24.0318,HPG,70_30,LSTM
2026-06-19,23.6,23.6781,HPG,70_30,LSTM
2026-06-22,23.6,23.6346,HPG,70_30,LSTM
2026-06-23,23.3,23.6044,HPG,70_30,LSTM
2026-06-24,23.5,23.2959,HPG,70_30,LSTM
2026-06-25,23.4,23.5132,HPG,70_30,LSTM
2026-06-26,23.5,23.4157,HPG,70_30,LSTM
2026-06-29,23.65,23.5223,HPG,70_30,LSTM
2026-06-30,23.3,23.677,HPG,70_30,LSTM
2026-07-01,23.45,23.3184,HPG,70_30,LSTM
2026-07-02,23.4,23.4739,HPG,70_30,LSTM
2026-07-03,23.25,23.4229,HPG,70_30,LSTM
2026-07-06,23.1,23.2647,HPG,70_30,LSTM
2026-07-07,23.1,23.1065,HPG,70_30,LSTM
2026-07-08,23.2,23.1179,HPG,70_30,LSTM
2026-07-09,23.2,23.2182,HPG,70_30,LSTM
2026-07-10,22.95,23.218,HPG,70_30,LSTM
2026-07-13,22.4,22.9614,HPG,70_30,LSTM
2026-07-14,22.5,22.3963,HPG,70_30,LSTM
2026-07-15,22.4,22.5084,HPG,70_30,LSTM
2026-07-16,22.2,22.4009,HPG,70_30,LSTM
2026-07-17,21.85,22.1938,HPG,70_30,LSTM
2026-07-20,20.6,21.8385,HPG,70_30,LSTM
2026-07-21,20.8,20.5578,HPG,70_30,LSTM
2026-07-22,20.7,20.7811,HPG,70_30,LSTM
2026-07-23,20.8,20.6779,HPG,70_30,LSTM
2026-07-24,20.8,20.788,HPG,70_30,LSTM
2026-07-27,20.35,20.7948,HPG,70_30,LSTM
2026-07-28,21.0,20.3576,HPG,70_30,LSTM
2026-07-29,21.65,21.0357,HPG,70_30,LSTM
2026-07-30,21.8,21.707,HPG,70_30,LSTM
2026-07-31,21.7,21.851,HPG,70_30,LSTM
2026-08-03,22.55,21.7439,HPG,70_30,LSTM
2026-08-04,22.15,22.6435,HPG,70_30,LSTM
2026-08-05,22.0,22.1981,HPG,70_30,LSTM
2026-08-06,21.85,22.029,HPG,70_30,LSTM
2026-08-07,22.0,21.8713,HPG,70_30,LSTM
2026-08-10,22.1,22.0332,HPG,70_30,LSTM
2026-08-11,22.05,22.112,HPG,70_30,LSTM
2026-08-12,22.1,22.0686,HPG,70_30,LSTM
2026-08-13,21.7,22.1251,HPG,70_30,LSTM
2026-08-14,21.25,21.7121,HPG,70_30,LSTM
2026-08-17,21.2,21.2453,HPG,70_30,LSTM
2026-08-18,21.0,21.1973,HPG,70_30,LSTM
2026-08-19,21.2,20.9917,HPG,70_30,LSTM
2026-08-20,21.15,21.201,HPG,70_30,LSTM
2026-08-21,21.7,21.1564,HPG,70_30,LSTM
2026-08-24,22.25,21.7414,HPG,70_30,LSTM
2026-08-25,21.8,22.3079,HPG,70_30,LSTM
2026-08-26,22.05,21.8369,HPG,70_30,LSTM
2026-08-27,22.2,22.0975,HPG,70_30,LSTM
2026-08-28,22.1,22.2526,HPG,70_30,LSTM
2026-09-03,21.6,22.1318,HPG,70_30,LSTM
2026-09-04,21.7,21.5976,HPG,70_30,LSTM
2026-09-07,21.55,21.7205,HPG,70_30,LSTM
2026-09-08,21.85,21.557,HPG,70_30,LSTM
2026-09-09,22.05,21.8673,HPG,70_30,LSTM
2026-09-10,21.85,22.0738,HPG,70_30,LSTM
2026-09-11,21.3,21.8755,HPG,70_30,LSTM
2026-09-14,20.9,21.3029,HPG,70_30,LSTM
2026-09-15,21.2,20.8984,HPG,70_30,LSTM
2026-09-16,20.95,21.2094,HPG,70_30,LSTM
2026-09-17,21.2,20.94,HPG,70_30,LSTM
2026-09-18,21.55,21.2081,HPG,70_30,LSTM
2026-09-21,21.1,21.5833,HPG,70_30,LSTM
2026-09-22,21.15,21.1205,HPG,70_30,LSTM
2026-09-23,21.05,21.1702,HPG,70_30,LSTM
2026-09-24,20.8,21.0726,HPG,70_30,LSTM
2026-09-25,20.65,20.8073,HPG,70_30,LSTM
2026-09-28,20.2,20.6452,HPG,70_30,LSTM
2026-09-29,20.3,20.1907,HPG,70_30,LSTM
2026-09-30,20.15,20.2999,HPG,70_30,LSTM
2026-10-01,20.05,20.1452,HPG,70_30,LSTM
2026-10-02,20.05,20.0494,HPG,70_30,LSTM
2024-05-31,21.78,21.5389,VIC,70_30,LSTM
2024-06-03,21.98,21.7673,VIC,70_30,LSTM
2024-06-04,22.05,21.9749,VIC,70_30,LSTM
2024-06-05,22.1,22.0439,VIC,70_30,LSTM
2024-06-06,21.85,22.0974,VIC,70_30,LSTM
2024-06-07,21.75,21.8419,VIC,70_30,LSTM
2024-06-10,21.72,21.7401,VIC,70_30,LSTM
2024-06-11,21.6,21.7096,VIC,70_30,LSTM
2024-06-12,21.65,21.5851,VIC,70_30,LSTM
2024-06-13,21.6,21.6401,VIC,70_30,LSTM
2024-06-14,21.0,21.5906,VIC,70_30,LSTM
2024-06-17,21.0,20.9673,VIC,70_30,LSTM
2024-06-18,21.05,20.9817,VIC,70_30,LSTM
2024-06-19,20.75,21.0385,VIC,70_30,LSTM
2024-06-20,20.72,20.7251,VIC,70_30,LSTM
2024-06-21,20.82,20.7015,VIC,70_30,LSTM
2024-06-24,20.55,20.8154,VIC,70_30,LSTM
2024-06-25,20.6,20.532,VIC,70_30,LSTM
2024-06-26,20.6,20.5897,VIC,70_30,LSTM
2024-06-27,20.5,20.5934,VIC,70_30,LSTM
2024-06-28,20.6,20.4897,VIC,70_30,LSTM
2024-07-01,20.68,20.5953,VIC,70_30,LSTM
2024-07-02,20.8,20.6804,VIC,70_30,LSTM
2024-07-03,20.68,20.803,VIC,70_30,LSTM
2024-07-04,20.7,20.6742,VIC,70_30,LSTM
2024-07-05,20.7,20.6984,VIC,70_30,LSTM
2024-07-08,20.2,20.6968,VIC,70_30,LSTM
2024-07-09,20.4,20.1742,VIC,70_30,LSTM
2024-07-10,20.3,20.3932,VIC,70_30,LSTM
2024-07-11,20.55,20.288,VIC,70_30,LSTM
2024-07-12,20.88,20.5517,VIC,70_30,LSTM
2024-07-15,20.68,20.8911,VIC,70_30,LSTM
2024-07-16,20.52,20.6793,VIC,70_30,LSTM
2024-07-17,20.3,20.512,VIC,70_30,LSTM
2024-07-18,20.27,20.2873,VIC,70_30,LSTM
2024-07-19,20.38,20.2589,VIC,70_30,LSTM
2024-07-22,20.38,20.3718,VIC,70_30,LSTM
2024-07-23,20.42,20.3726,VIC,70_30,LSTM
2024-07-24,20.45,20.4161,VIC,70_30,LSTM
2024-07-25,20.8,20.449,VIC,70_30,LSTM
2024-07-26,20.8,20.8145,VIC,70_30,LSTM
2024-07-29,20.8,20.8043,VIC,70_30,LSTM
2024-07-30,21.1,20.8024,VIC,70_30,LSTM
2024-07-31,21.15,21.1147,VIC,70_30,LSTM
2024-08-01,21.05,21.1591,VIC,70_30,LSTM
2024-08-02,21.0,21.0471,VIC,70_30,LSTM
2024-08-05,20.65,20.9962,VIC,70_30,LSTM
2024-08-06,20.65,20.6322,VIC,70_30,LSTM
2024-08-07,21.18,20.6369,VIC,70_30,LSTM
2024-08-08,20.9,21.1926,VIC,70_30,LSTM
2024-08-09,20.6,20.8895,VIC,70_30,LSTM
2024-08-12,20.3,20.581,VIC,70_30,LSTM
2024-08-13,20.35,20.2793,VIC,70_30,LSTM
2024-08-14,20.4,20.3404,VIC,70_30,LSTM
2024-08-15,20.4,20.3867,VIC,70_30,LSTM
2024-08-16,20.58,20.3898,VIC,70_30,LSTM
2024-08-19,20.58,20.5815,VIC,70_30,LSTM
2024-08-20,20.85,20.5809,VIC,70_30,LSTM
2024-08-21,20.92,20.8616,VIC,70_30,LSTM
2024-08-22,20.78,20.9272,VIC,70_30,LSTM
2024-08-23,20.78,20.7777,VIC,70_30,LSTM
2024-08-26,21.08,20.7776,VIC,70_30,LSTM
2024-08-27,22.55,21.0916,VIC,70_30,LSTM
2024-08-28,22.2,22.6231,VIC,70_30,LSTM
2024-08-29,22.1,22.2176,VIC,70_30,LSTM
2024-08-30,22.1,22.1142,VIC,70_30,LSTM
2024-09-04,22.0,22.1141,VIC,70_30,LSTM
2024-09-05,22.52,22.0058,VIC,70_30,LSTM
2024-09-06,22.32,22.5313,VIC,70_30,LSTM
2024-09-09,21.85,22.3149,VIC,70_30,LSTM
2024-09-10,21.5,21.8279,VIC,70_30,LSTM
2024-09-11,21.5,21.4733,VIC,70_30,LSTM
2024-09-12,21.45,21.4852,VIC,70_30,LSTM
2024-09-13,21.45,21.4291,VIC,70_30,LSTM
2024-09-16,21.02,21.4339,VIC,70_30,LSTM
2024-09-17,21.45,20.9916,VIC,70_30,LSTM
2024-09-18,21.32,21.4556,VIC,70_30,LSTM
2024-09-19,21.45,21.3117,VIC,70_30,LSTM
2024-09-20,21.15,21.4501,VIC,70_30,LSTM
2024-09-23,21.18,21.1336,VIC,70_30,LSTM
2024-09-24,21.28,21.1767,VIC,70_30,LSTM
2024-09-25,21.3,21.276,VIC,70_30,LSTM
2024-09-26,21.3,21.2967,VIC,70_30,LSTM
2024-09-27,21.25,21.2941,VIC,70_30,LSTM
2024-09-30,21.0,21.2453,VIC,70_30,LSTM
2024-10-01,21.15,20.985,VIC,70_30,LSTM
2024-10-02,21.02,21.1465,VIC,70_30,LSTM
2024-10-03,20.68,21.0083,VIC,70_30,LSTM
2024-10-04,20.5,20.6564,VIC,70_30,LSTM
2024-10-07,20.42,20.4775,VIC,70_30,LSTM
2024-10-08,20.45,20.4032,VIC,70_30,LSTM
2024-10-09,20.8,20.4363,VIC,70_30,LSTM
2024-10-10,20.7,20.8042,VIC,70_30,LSTM
2024-10-11,20.9,20.6959,VIC,70_30,LSTM
2024-10-14,21.08,20.9078,VIC,70_30,LSTM
2024-10-15,20.82,21.0919,VIC,70_30,LSTM
2024-10-16,20.75,20.8145,VIC,70_30,LSTM
2024-10-17,20.78,20.7415,VIC,70_30,LSTM
2024-10-18,20.9,20.7765,VIC,70_30,LSTM
2024-10-21,21.12,20.8994,VIC,70_30,LSTM
2024-10-22,21.1,21.1244,VIC,70_30,LSTM
2024-10-23,21.6,21.1009,VIC,70_30,LSTM
2024-10-24,21.02,21.624,VIC,70_30,LSTM
2024-10-25,20.78,21.0055,VIC,70_30,LSTM
2024-10-28,20.72,20.764,VIC,70_30,LSTM
2024-10-29,20.68,20.7057,VIC,70_30,LSTM
2024-10-30,20.5,20.6679,VIC,70_30,LSTM
2024-10-31,20.78,20.4756,VIC,70_30,LSTM
2024-11-01,20.6,20.7801,VIC,70_30,LSTM
2024-11-04,20.6,20.5895,VIC,70_30,LSTM
2024-11-05,20.65,20.5935,VIC,70_30,LSTM
2024-11-06,20.9,20.6466,VIC,70_30,LSTM
2024-11-07,20.85,20.9094,VIC,70_30,LSTM
2024-11-08,20.52,20.8473,VIC,70_30,LSTM
2024-11-11,20.4,20.5048,VIC,70_30,LSTM
2024-11-12,20.27,20.3868,VIC,70_30,LSTM
2024-11-13,20.3,20.2548,VIC,70_30,LSTM
2024-11-14,20.35,20.2874,VIC,70_30,LSTM
2024-11-15,20.27,20.3407,VIC,70_30,LSTM
2024-11-18,20.2,20.2604,VIC,70_30,LSTM
2024-11-19,20.18,20.1904,VIC,70_30,LSTM
2024-11-20,20.18,20.1731,VIC,70_30,LSTM
2024-11-21,20.18,20.1737,VIC,70_30,LSTM
2024-11-22,20.23,20.1734,VIC,70_30,LSTM
2024-11-25,20.5,20.2268,VIC,70_30,LSTM
2024-11-26,20.52,20.5089,VIC,70_30,LSTM
2024-11-27,20.38,20.5233,VIC,70_30,LSTM
2024-11-28,20.35,20.375,VIC,70_30,LSTM
2024-11-29,20.25,20.3461,VIC,70_30,LSTM
2024-12-02,20.18,20.2422,VIC,70_30,LSTM
2024-12-03,20.2,20.1684,VIC,70_30,LSTM
2024-12-04,20.0,20.1913,VIC,70_30,LSTM
2024-12-05,20.42,19.9845,VIC,70_30,LSTM
2024-12-06,20.92,20.4289,VIC,70_30,LSTM
2024-12-09,20.92,20.9443,VIC,70_30,LSTM
2024-12-10,20.6,20.9313,VIC,70_30,LSTM
2024-12-11,20.65,20.5933,VIC,70_30,LSTM
2024-12-12,20.45,20.654,VIC,70_30,LSTM
2024-12-13,20.4,20.4395,VIC,70_30,LSTM
2024-12-16,20.35,20.3858,VIC,70_30,LSTM
2024-12-17,20.27,20.3359,VIC,70_30,LSTM
2024-12-18,20.3,20.2582,VIC,70_30,LSTM
2024-12-19,20.15,20.2913,VIC,70_30,LSTM
2024-12-20,20.25,20.1371,VIC,70_30,LSTM
2024-12-23,20.3,20.2458,VIC,70_30,LSTM
2024-12-24,20.3,20.2971,VIC,70_30,LSTM
2024-12-25,20.32,20.2968,VIC,70_30,LSTM
2024-12-26,20.32,20.3169,VIC,70_30,LSTM
2024-12-27,20.27,20.3181,VIC,70_30,LSTM
2024-12-30,20.27,20.2644,VIC,70_30,LSTM
2024-12-31,20.27,20.2649,VIC,70_30,LSTM
2025-01-02,20.27,20.2652,VIC,70_30,LSTM
2025-01-03,20.25,20.265,VIC,70_30,LSTM
2025-01-06,20.25,20.2442,VIC,70_30,LSTM
2025-01-07,20.25,20.2453,VIC,70_30,LSTM
2025-01-08,20.25,20.2454,VIC,70_30,LSTM
2025-01-09,20.38,20.2454,VIC,70_30,LSTM
2025-01-10,20.25,20.3813,VIC,70_30,LSTM
2025-01-13,20.15,20.2427,VIC,70_30,LSTM
2025-01-14,20.1,20.1406,VIC,70_30,LSTM
2025-01-15,20.12,20.0911,VIC,70_30,LSTM
2025-01-16,20.23,20.1139,VIC,70_30,LSTM
2025-01-17,20.23,20.2273,VIC,70_30,LSTM
2025-01-20,20.2,20.2264,VIC,70_30,LSTM
2025-01-21,20.23,20.1958,VIC,70_30,LSTM
2025-01-22,20.2,20.2282,VIC,70_30,LSTM
2025-01-23,20.2,20.196,VIC,70_30,LSTM
2025-01-24,20.2,20.1952,VIC,70_30,LSTM
2025-02-03,20.02,20.1953,VIC,70_30,LSTM
2025-02-04,20.05,20.0077,VIC,70_30,LSTM
2025-02-05,20.02,20.0429,VIC,70_30,LSTM
2025-02-06,20.23,20.0122,VIC,70_30,LSTM
2025-02-07,20.32,20.2327,VIC,70_30,LSTM
2025-02-10,20.0,20.3219,VIC,70_30,LSTM
2025-02-11,19.98,19.987,VIC,70_30,LSTM
2025-02-12,19.95,19.9722,VIC,70_30,LSTM
2025-02-13,20.12,19.943,VIC,70_30,LSTM
2025-02-14,20.12,20.1194,VIC,70_30,LSTM
2025-02-17,20.05,20.1146,VIC,70_30,LSTM
2025-02-18,20.1,20.0447,VIC,70_30,LSTM
2025-02-19,20.2,20.0985,VIC,70_30,LSTM
2025-02-20,20.48,20.2024,VIC,70_30,LSTM
2025-02-21,20.32,20.4905,VIC,70_30,LSTM
2025-02-24,20.3,20.316,VIC,70_30,LSTM
2025-02-25,20.35,20.2981,VIC,70_30,LSTM
2025-02-26,20.5,20.3502,VIC,70_30,LSTM
2025-02-27,20.52,20.5048,VIC,70_30,LSTM
2025-02-28,20.6,20.5183,VIC,70_30,LSTM
2025-03-03,21.02,20.6026,VIC,70_30,LSTM
2025-03-04,20.98,21.0398,VIC,70_30,LSTM
2025-03-05,21.12,20.9866,VIC,70_30,LSTM
2025-03-06,21.18,21.1295,VIC,70_30,LSTM
2025-03-07,22.65,21.1877,VIC,70_30,LSTM
2025-03-10,23.65,22.7265,VIC,70_30,LSTM
2025-03-11,23.65,23.7311,VIC,70_30,LSTM
2025-03-12,24.05,23.6982,VIC,70_30,LSTM
2025-03-13,25.7,24.1053,VIC,70_30,LSTM
2025-03-14,26.1,25.8237,VIC,70_30,LSTM
2025-03-17,26.05,26.1743,VIC,70_30,LSTM
2025-03-18,25.65,26.0871,VIC,70_30,LSTM
2025-03-19,25.95,25.663,VIC,70_30,LSTM
2025-03-20,25.75,25.9788,VIC,70_30,LSTM
2025-03-21,26.5,25.7404,VIC,70_30,LSTM
2025-03-24,28.35,26.5241,VIC,70_30,LSTM
2025-03-25,28.45,28.4479,VIC,70_30,LSTM
2025-03-26,28.5,28.5072,VIC,70_30,LSTM
2025-03-27,28.55,28.5407,VIC,70_30,LSTM
2025-03-28,29.0,28.588,VIC,70_30,LSTM
2025-03-31,29.0,29.0453,VIC,70_30,LSTM
2025-04-01,29.85,29.0065,VIC,70_30,LSTM
2025-04-02,30.2,29.8925,VIC,70_30,LSTM
2025-04-03,28.1,30.236,VIC,70_30,LSTM
2025-04-04,29.15,28.0351,VIC,70_30,LSTM
2025-04-08,27.55,29.1703,VIC,70_30,LSTM
2025-04-09,28.5,27.4865,VIC,70_30,LSTM
2025-04-10,30.45,28.5039,VIC,70_30,LSTM
2025-04-11,32.55,30.5266,VIC,70_30,LSTM
2025-04-14,34.8,32.7062,VIC,70_30,LSTM
2025-04-15,35.25,34.988,VIC,70_30,LSTM
2025-04-16,33.95,35.4044,VIC,70_30,LSTM
2025-04-17,35.5,33.9983,VIC,70_30,LSTM
2025-04-18,33.05,35.6142,VIC,70_30,LSTM
2025-04-21,30.75,32.9944,VIC,70_30,LSTM
2025-04-22,29.5,30.6207,VIC,70_30,LSTM
2025-04-23,29.3,29.3729,VIC,70_30,LSTM
2025-04-24,31.35,29.2213,VIC,70_30,LSTM
2025-04-25,33.5,31.3629,VIC,70_30,LSTM
2025-04-28,34.0,33.5996,VIC,70_30,LSTM
2025-04-29,34.0,34.0874,VIC,70_30,LSTM
2025-05-05,35.0,34.0734,VIC,70_30,LSTM
2025-05-06,35.25,35.1136,VIC,70_30,LSTM
2025-05-07,36.7,35.3158,VIC,70_30,LSTM
2025-05-08,39.25,36.7914,VIC,70_30,LSTM
2025-05-09,38.25,39.4215,VIC,70_30,LSTM
2025-05-12,39.7,38.3012,VIC,70_30,LSTM
2025-05-13,39.8,39.8119,VIC,70_30,LSTM
2025-05-14,39.9,39.8736,VIC,70_30,LSTM
2025-05-15,39.9,39.9476,VIC,70_30,LSTM
2025-05-16,40.0,39.904,VIC,70_30,LSTM
2025-05-19,42.8,40.0193,VIC,70_30,LSTM
2025-05-20,45.75,42.9334,VIC,70_30,LSTM
2025-05-21,46.75,45.9577,VIC,70_30,LSTM
2025-05-22,46.25,46.9131,VIC,70_30,LSTM
2025-05-23,46.5,46.34,VIC,70_30,LSTM
2025-05-26,47.25,46.5955,VIC,70_30,LSTM
2025-05-27,47.25,47.3301,VIC,70_30,LSTM
2025-05-28,48.5,47.2674,VIC,70_30,LSTM
2025-05-29,48.5,48.5577,VIC,70_30,LSTM
2025-05-30,49.2,48.5316,VIC,70_30,LSTM
2025-06-02,49.0,49.2535,VIC,70_30,LSTM
2025-06-03,49.05,49.0139,VIC,70_30,LSTM
2025-06-04,49.05,49.0663,VIC,70_30,LSTM
2025-06-05,49.0,49.0473,VIC,70_30,LSTM
2025-06-06,48.5,48.9948,VIC,70_30,LSTM
2025-06-09,45.15,48.4646,VIC,70_30,LSTM
2025-06-10,45.3,44.9938,VIC,70_30,LSTM
2025-06-11,45.1,45.2255,VIC,70_30,LSTM
2025-06-12,43.4,45.0301,VIC,70_30,LSTM
2025-06-13,42.75,43.2719,VIC,70_30,LSTM
2025-06-16,42.7,42.6408,VIC,70_30,LSTM
2025-06-17,43.85,42.6491,VIC,70_30,LSTM
2025-06-18,44.0,43.8582,VIC,70_30,LSTM
2025-06-19,44.7,43.9926,VIC,70_30,LSTM
2025-06-20,43.4,44.7366,VIC,70_30,LSTM
2025-06-23,46.4,43.3675,VIC,70_30,LSTM
2025-06-24,47.9,46.5401,VIC,70_30,LSTM
2025-06-25,47.9,48.024,VIC,70_30,LSTM
2025-06-26,47.5,47.9712,VIC,70_30,LSTM
2025-06-27,47.75,47.5277,VIC,70_30,LSTM
2025-06-30,47.8,47.8086,VIC,70_30,LSTM
2025-07-01,47.8,47.8117,VIC,70_30,LSTM
2025-07-02,47.7,47.7896,VIC,70_30,LSTM
2025-07-03,47.25,47.6845,VIC,70_30,LSTM
2025-07-04,45.95,47.2218,VIC,70_30,LSTM
2025-07-07,46.5,45.8737,VIC,70_30,LSTM
2025-07-08,46.65,46.4801,VIC,70_30,LSTM
2025-07-09,47.5,46.6313,VIC,70_30,LSTM
2025-07-10,50.8,47.5185,VIC,70_30,LSTM
2025-07-11,54.0,50.964,VIC,70_30,LSTM
2025-07-14,56.5,54.2519,VIC,70_30,LSTM
2025-07-15,55.8,56.7654,VIC,70_30,LSTM
2025-07-16,58.7,55.9382,VIC,70_30,LSTM
2025-07-17,61.0,58.9606,VIC,70_30,LSTM
2025-07-18,59.5,61.242,VIC,70_30,LSTM
2025-07-21,56.0,59.5509,VIC,70_30,LSTM
2025-07-22,58.75,55.8838,VIC,70_30,LSTM
2025-07-23,57.5,58.8506,VIC,70_30,LSTM
2025-07-24,58.0,57.4556,VIC,70_30,LSTM
2025-07-25,57.05,57.9706,VIC,70_30,LSTM
2025-07-28,57.8,56.987,VIC,70_30,LSTM
2025-07-29,56.6,57.8327,VIC,70_30,LSTM
2025-07-30,54.75,56.5281,VIC,70_30,LSTM
2025-07-31,52.75,54.6408,VIC,70_30,LSTM
2025-08-01,52.0,52.5978,VIC,70_30,LSTM
2025-08-04,55.6,51.8836,VIC,70_30,LSTM
2025-08-05,58.75,55.6765,VIC,70_30,LSTM
2025-08-06,59.25,58.9134,VIC,70_30,LSTM
2025-08-07,57.5,59.3656,VIC,70_30,LSTM
2025-08-08,58.5,57.5239,VIC,70_30,LSTM
2025-08-11,57.75,58.6067,VIC,70_30,LSTM
2025-08-12,57.75,57.7505,VIC,70_30,LSTM
2025-08-13,58.0,57.7225,VIC,70_30,LSTM
2025-08-14,59.1,57.9795,VIC,70_30,LSTM
2025-08-15,59.1,59.1471,VIC,70_30,LSTM
2025-08-18,59.1,59.1061,VIC,70_30,LSTM
2025-08-19,59.1,59.1094,VIC,70_30,LSTM
2025-08-20,62.1,59.1063,VIC,70_30,LSTM
2025-08-21,62.5,62.2463,VIC,70_30,LSTM
2025-08-22,62.05,62.5744,VIC,70_30,LSTM
2025-08-25,65.5,62.0783,VIC,70_30,LSTM
2025-08-26,67.75,65.6964,VIC,70_30,LSTM
2025-08-27,66.0,67.967,VIC,70_30,LSTM
2025-08-28,65.05,66.0201,VIC,70_30,LSTM
2025-08-29,64.15,65.0419,VIC,70_30,LSTM
2025-09-03,62.5,64.1301,VIC,70_30,LSTM
2025-09-04,62.5,62.3897,VIC,70_30,LSTM
2025-09-05,62.5,62.4056,VIC,70_30,LSTM
2025-09-08,62.5,62.4376,VIC,70_30,LSTM
2025-09-09,64.6,62.4539,VIC,70_30,LSTM
2025-09-10,65.45,64.6639,VIC,70_30,LSTM
2025-09-11,68.0,65.5228,VIC,70_30,LSTM
2025-09-12,68.9,68.1629,VIC,70_30,LSTM
2025-09-15,68.9,69.0315,VIC,70_30,LSTM
2025-09-16,67.5,68.9917,VIC,70_30,LSTM
2025-09-17,71.55,67.4872,VIC,70_30,LSTM
2025-09-18,72.5,71.7513,VIC,70_30,LSTM
2025-09-19,76.6,72.6132,VIC,70_30,LSTM
2025-09-22,74.4,76.8598,VIC,70_30,LSTM
2025-09-23,74.6,74.4425,VIC,70_30,LSTM
2025-09-24,74.5,74.6926,VIC,70_30,LSTM
2025-09-25,79.0,74.5236,VIC,70_30,LSTM
2025-09-26,82.0,79.234,VIC,70_30,LSTM
2025-09-29,86.4,82.2046,VIC,70_30,LSTM
2025-09-30,87.45,86.7517,VIC,70_30,LSTM
2025-10-01,85.0,87.7079,VIC,70_30,LSTM
2025-10-02,85.5,85.0851,VIC,70_30,LSTM
2025-10-03,88.25,85.5791,VIC,70_30,LSTM
2025-10-06,89.85,88.4115,VIC,70_30,LSTM
2025-10-07,90.0,89.957,VIC,70_30,LSTM
2025-10-08,89.05,90.0466,VIC,70_30,LSTM
2025-10-09,89.75,89.0652,VIC,70_30,LSTM
2025-10-10,96.0,89.8059,VIC,70_30,LSTM
2025-10-13,102.7,96.311,VIC,70_30,LSTM
2025-10-14,105.95,103.1628,VIC,70_30,LSTM
2025-10-15,104.75,106.3616,VIC,70_30,LSTM
2025-10-16,106.55,104.9806,VIC,70_30,LSTM
2025-10-17,102.0,106.8416,VIC,70_30,LSTM
2025-10-20,97.45,101.9453,VIC,70_30,LSTM
2025-10-21,101.7,97.2045,VIC,70_30,LSTM
2025-10-22,101.5,101.7289,VIC,70_30,LSTM
2025-10-23,107.5,101.4629,VIC,70_30,LSTM
2025-10-24,109.5,107.7218,VIC,70_30,LSTM
2025-10-27,107.0,109.7155,VIC,70_30,LSTM
2025-10-28,110.05,107.0756,VIC,70_30,LSTM
2025-10-29,106.0,110.2403,VIC,70_30,LSTM
2025-10-30,102.05,105.9432,VIC,70_30,LSTM
2025-10-31,95.5,101.8238,VIC,70_30,LSTM
2025-11-03,97.7,95.0908,VIC,70_30,LSTM
2025-11-04,100.5,97.5862,VIC,70_30,LSTM
2025-11-05,103.25,100.4621,VIC,70_30,LSTM
2025-11-06,103.9,103.3261,VIC,70_30,LSTM
2025-11-07,99.85,103.9716,VIC,70_30,LSTM
2025-11-10,99.5,99.784,VIC,70_30,LSTM
2025-11-11,100.5,99.469,VIC,70_30,LSTM
2025-11-12,105.6,100.5014,VIC,70_30,LSTM
2025-11-13,105.6,105.7938,VIC,70_30,LSTM
2025-11-14,105.5,105.6566,VIC,70_30,LSTM
2025-11-17,108.5,105.5728,VIC,70_30,LSTM
2025-11-18,110.0,108.7068,VIC,70_30,LSTM
2025-11-19,110.25,110.1858,VIC,70_30,LSTM
2025-11-20,114.0,110.321,VIC,70_30,LSTM
2025-11-21,114.85,114.2268,VIC,70_30,LSTM
2025-11-24,119.75,115.0173,VIC,70_30,LSTM
2025-11-25,121.5,120.0684,VIC,70_30,LSTM
2025-11-26,122.5,121.7423,VIC,70_30,LSTM
2025-11-27,124.0,122.7109,VIC,70_30,LSTM
2025-11-28,130.2,124.1793,VIC,70_30,LSTM
2025-12-01,134.95,130.6196,VIC,70_30,LSTM
2025-12-02,137.5,135.3585,VIC,70_30,LSTM
2025-12-03,134.7,137.8476,VIC,70_30,LSTM
2025-12-04,133.5,134.7996,VIC,70_30,LSTM
2025-12-05,142.8,133.5588,VIC,70_30,LSTM
2025-12-08,152.7,143.2602,VIC,70_30,LSTM
2025-12-09,160.0,153.3597,VIC,70_30,LSTM
2025-12-10,148.8,160.6838,VIC,70_30,LSTM
2025-12-11,146.0,148.7733,VIC,70_30,LSTM
2025-12-12,144.0,146.0358,VIC,70_30,LSTM
2025-12-15,142.9,143.9077,VIC,70_30,LSTM
2025-12-16,142.9,142.7034,VIC,70_30,LSTM
2025-12-17,142.9,142.6532,VIC,70_30,LSTM
2025-12-18,142.7,142.7906,VIC,70_30,LSTM
2025-12-19,148.5,142.6207,VIC,70_30,LSTM
2025-12-22,158.8,148.7245,VIC,70_30,LSTM
2025-12-23,169.9,159.4061,VIC,70_30,LSTM
2025-12-24,169.8,170.7722,VIC,70_30,LSTM
2025-12-25,158.0,170.3075,VIC,70_30,LSTM
2025-12-26,155.0,157.9068,VIC,70_30,LSTM
2025-12-29,159.7,154.9176,VIC,70_30,LSTM
2025-12-30,163.0,159.8103,VIC,70_30,LSTM
2025-12-31,169.6,163.03,VIC,70_30,LSTM
2026-01-05,173.1,169.8511,VIC,70_30,LSTM
2026-01-06,173.1,173.4669,VIC,70_30,LSTM
2026-01-07,179.0,173.3721,VIC,70_30,LSTM
2026-01-08,176.6,179.4479,VIC,70_30,LSTM
2026-01-09,176.0,176.7311,VIC,70_30,LSTM
2026-01-12,163.7,176.0334,VIC,70_30,LSTM
2026-01-13,167.9,163.1962,VIC,70_30,LSTM
2026-01-14,160.2,167.8614,VIC,70_30,LSTM
2026-01-15,153.0,159.7243,VIC,70_30,LSTM
2026-01-16,159.9,152.4382,VIC,70_30,LSTM
2026-01-19,162.0,159.8514,VIC,70_30,LSTM
2026-01-20,161.0,162.0684,VIC,70_30,LSTM
2026-01-21,160.5,160.9029,VIC,70_30,LSTM
2026-01-22,161.1,160.4718,VIC,70_30,LSTM
2026-01-23,165.4,161.1928,VIC,70_30,LSTM
2026-01-26,159.9,165.585,VIC,70_30,LSTM
2026-01-27,151.0,159.7128,VIC,70_30,LSTM
2026-01-28,140.5,150.5613,VIC,70_30,LSTM
2026-01-29,140.5,139.8664,VIC,70_30,LSTM
2026-01-30,140.5,140.1374,VIC,70_30,LSTM
2026-02-02,130.7,140.1531,VIC,70_30,LSTM
2026-02-03,130.7,130.062,VIC,70_30,LSTM
2026-02-04,121.6,130.3729,VIC,70_30,LSTM
2026-02-05,130.1,121.0734,VIC,70_30,LSTM
2026-02-06,131.0,130.1895,VIC,70_30,LSTM
2026-02-09,132.3,130.9671,VIC,70_30,LSTM
2026-02-10,141.5,132.3938,VIC,70_30,LSTM
2026-02-11,150.8,141.9924,VIC,70_30,LSTM
2026-02-12,159.0,151.625,VIC,70_30,LSTM
2026-02-13,160.0,159.8047,VIC,70_30,LSTM
2026-02-23,162.3,160.5485,VIC,70_30,LSTM
2026-02-24,162.9,162.832,VIC,70_30,LSTM
2026-02-25,158.0,163.2238,VIC,70_30,LSTM
2026-02-26,168.9,157.9329,VIC,70_30,LSTM
2026-02-27,172.0,169.3512,VIC,70_30,LSTM
2026-03-02,167.2,172.3287,VIC,70_30,LSTM
2026-03-03,155.5,167.1623,VIC,70_30,LSTM
2026-03-04,155.6,155.0451,VIC,70_30,LSTM
2026-03-05,164.8,155.4718,VIC,70_30,LSTM
2026-03-06,156.5,165.0177,VIC,70_30,LSTM
2026-03-09,145.6,156.1316,VIC,70_30,LSTM
2026-03-10,141.8,144.9995,VIC,70_30,LSTM
2026-03-11,146.0,141.4169,VIC,70_30,LSTM
2026-03-12,145.0,145.9568,VIC,70_30,LSTM
2026-03-13,144.6,144.7334,VIC,70_30,LSTM
2026-03-16,144.7,144.4277,VIC,70_30,LSTM
2026-03-17,146.2,144.6622,VIC,70_30,LSTM
2026-03-18,146.0,146.2774,VIC,70_30,LSTM
2026-03-19,145.0,145.9758,VIC,70_30,LSTM
2026-03-20,135.0,144.9412,VIC,70_30,LSTM
2026-03-23,125.6,134.5613,VIC,70_30,LSTM
2026-03-24,124.0,125.0138,VIC,70_30,LSTM
2026-03-25,128.7,123.5798,VIC,70_30,LSTM
2026-03-26,130.0,128.594,VIC,70_30,LSTM
2026-03-27,132.6,129.8838,VIC,70_30,LSTM
2026-03-30,129.5,132.6703,VIC,70_30,LSTM
2026-03-31,135.0,129.4628,VIC,70_30,LSTM
2026-04-01,141.0,135.2979,VIC,70_30,LSTM
2026-04-02,139.9,141.391,VIC,70_30,LSTM
2026-04-03,141.0,140.0493,VIC,70_30,LSTM
2026-04-06,141.6,141.1448,VIC,70_30,LSTM
2026-04-07,143.4,141.7706,VIC,70_30,LSTM
2026-04-08,153.4,143.5537,VIC,70_30,LSTM
2026-04-09,149.2,153.9106,VIC,70_30,LSTM
2026-04-10,151.7,149.2718,VIC,70_30,LSTM
2026-04-13,160.0,151.9112,VIC,70_30,LSTM
2026-04-14,165.5,160.5406,VIC,70_30,LSTM
2026-04-15,177.0,166.0617,VIC,70_30,LSTM
2026-04-16,189.3,177.7963,VIC,70_30,LSTM
2026-04-17,187.9,190.4309,VIC,70_30,LSTM
2026-04-20,191.0,188.518,VIC,70_30,LSTM
2026-04-21,193.7,191.5631,VIC,70_30,LSTM
2026-04-22,207.2,194.1956,VIC,70_30,LSTM
2026-04-23,214.5,208.1082,VIC,70_30,LSTM
2026-04-24,212.1,215.2024,VIC,70_30,LSTM
2026-04-28,225.5,212.444,VIC,70_30,LSTM
2026-04-29,214.0,226.4433,VIC,70_30,LSTM
2026-05-04,212.0,214.0362,VIC,70_30,LSTM
2026-05-05,219.5,211.9408,VIC,70_30,LSTM
2026-05-06,219.5,219.7621,VIC,70_30,LSTM
2026-05-07,224.0,219.6372,VIC,70_30,LSTM
2026-05-08,226.0,224.1236,VIC,70_30,LSTM
2026-05-11,223.0,226.2281,VIC,70_30,LSTM
2026-05-12,222.0,223.0418,VIC,70_30,LSTM
2026-05-13,221.0,221.9417,VIC,70_30,LSTM
2026-05-14,229.8,220.9276,VIC,70_30,LSTM
2026-05-15,228.0,230.1157,VIC,70_30,LSTM
2026-05-18,225.0,228.0011,VIC,70_30,LSTM
2026-05-19,225.1,224.9058,VIC,70_30,LSTM
2026-05-20,226.7,225.0802,VIC,70_30,LSTM
2026-05-21,218.7,226.777,VIC,70_30,LSTM
2026-05-22,216.5,218.2843,VIC,70_30,LSTM
2026-05-25,218.8,216.1866,VIC,70_30,LSTM
2026-05-26,213.0,218.7135,VIC,70_30,LSTM
2026-05-27,210.8,212.6375,VIC,70_30,LSTM
2026-05-28,210.8,210.4532,VIC,70_30,LSTM
2026-05-29,211.3,210.624,VIC,70_30,LSTM
2026-06-01,204.9,211.1976,VIC,70_30,LSTM
2026-06-02,204.9,204.4921,VIC,70_30,LSTM
2026-06-03,197.6,204.7072,VIC,70_30,LSTM
2026-06-04,200.2,197.1566,VIC,70_30,LSTM
2026-06-05,207.0,200.0533,VIC,70_30,LSTM
2026-06-08,195.0,207.1384,VIC,70_30,LSTM
2026-06-09,193.2,194.5575,VIC,70_30,LSTM
2026-06-10,196.0,192.9088,VIC,70_30,LSTM
2026-06-11,196.0,196.0036,VIC,70_30,LSTM
2026-06-12,195.5,195.9351,VIC,70_30,LSTM
2026-06-15,192.6,195.318,VIC,70_30,LSTM
2026-06-16,194.0,192.4366,VIC,70_30,LSTM
2026-06-17,192.0,193.9911,VIC,70_30,LSTM
2026-06-18,205.4,191.8481,VIC,70_30,LSTM
2026-06-19,205.5,205.9459,VIC,70_30,LSTM
2026-06-22,219.8,205.7272,VIC,70_30,LSTM
2026-06-23,229.0,220.7048,VIC,70_30,LSTM
2026-06-24,230.5,229.9336,VIC,70_30,LSTM
2026-06-25,225.0,231.2077,VIC,70_30,LSTM
2026-06-26,228.0,225.1243,VIC,70_30,LSTM
2026-06-29,217.2,228.3462,VIC,70_30,LSTM
2026-06-30,220.0,216.821,VIC,70_30,LSTM
2026-07-01,217.1,219.864,VIC,70_30,LSTM
2026-07-02,220.3,216.8001,VIC,70_30,LSTM
2026-07-03,220.3,220.2888,VIC,70_30,LSTM
2026-07-06,220.3,220.1865,VIC,70_30,LSTM
2026-07-07,220.3,220.3049,VIC,70_30,LSTM
2026-07-08,220.7,220.2612,VIC,70_30,LSTM
2026-07-09,221.0,220.7141,VIC,70_30,LSTM
2026-07-10,223.0,220.9753,VIC,70_30,LSTM
2026-07-13,221.5,223.0569,VIC,70_30,LSTM
2026-07-14,219.0,221.4395,VIC,70_30,LSTM
2026-07-15,217.0,218.853,VIC,70_30,LSTM
2026-07-16,223.0,216.8206,VIC,70_30,LSTM
2026-07-17,220.0,223.1557,VIC,70_30,LSTM
2026-07-20,220.0,219.8681,VIC,70_30,LSTM
2026-07-21,217.3,219.9329,VIC,70_30,LSTM
2026-07-22,202.1,217.1466,VIC,70_30,LSTM
2026-07-23,214.0,201.4232,VIC,70_30,LSTM
2026-07-24,213.1,214.1497,VIC,70_30,LSTM
2026-07-27,213.5,213.0322,VIC,70_30,LSTM
2026-07-28,213.8,213.4458,VIC,70_30,LSTM
2026-07-29,219.4,213.7661,VIC,70_30,LSTM
2026-07-30,220.0,219.79,VIC,70_30,LSTM
2026-07-31,214.1,220.1039,VIC,70_30,LSTM
2026-08-03,213.0,213.9133,VIC,70_30,LSTM
2026-08-04,218.0,212.8778,VIC,70_30,LSTM
2026-08-05,220.0,218.1547,VIC,70_30,LSTM
2026-08-06,218.8,220.0675,VIC,70_30,LSTM
2026-08-07,215.0,218.7388,VIC,70_30,LSTM
2026-08-10,208.5,214.8508,VIC,70_30,LSTM
2026-08-11,208.5,208.1713,VIC,70_30,LSTM
2026-08-12,215.5,208.2756,VIC,70_30,LSTM
2026-08-13,207.9,215.6143,VIC,70_30,LSTM
2026-08-14,200.4,207.5531,VIC,70_30,LSTM
2026-08-17,198.0,199.9249,VIC,70_30,LSTM
2026-08-18,200.0,197.6874,VIC,70_30,LSTM
2026-08-19,200.0,199.8828,VIC,70_30,LSTM
2026-08-20,202.0,199.7754,VIC,70_30,LSTM
2026-08-21,205.0,201.9569,VIC,70_30,LSTM
2026-08-24,214.5,205.1353,VIC,70_30,LSTM
2026-08-25,220.5,215.0385,VIC,70_30,LSTM
2026-08-26,230.0,221.0378,VIC,70_30,LSTM
2026-08-27,236.0,230.791,VIC,70_30,LSTM
2026-08-28,236.0,236.7509,VIC,70_30,LSTM
2026-09-03,244.5,236.4813,VIC,70_30,LSTM
2026-09-04,256.1,245.187,VIC,70_30,LSTM
2026-09-07,245.0,257.0331,VIC,70_30,LSTM
2026-09-08,249.6,244.9619,VIC,70_30,LSTM
2026-09-09,247.7,249.8617,VIC,70_30,LSTM
2026-09-10,247.7,247.7819,VIC,70_30,LSTM
2026-09-11,243.3,247.7049,VIC,70_30,LSTM
2026-09-14,241.4,242.9575,VIC,70_30,LSTM
2026-09-15,241.3,241.209,VIC,70_30,LSTM
2026-09-16,241.2,241.1117,VIC,70_30,LSTM
2026-09-17,241.2,241.054,VIC,70_30,LSTM
2026-09-18,241.2,241.0643,VIC,70_30,LSTM
2026-09-21,235.0,241.1215,VIC,70_30,LSTM
2026-09-22,243.8,234.678,VIC,70_30,LSTM
2026-09-23,236.0,244.0323,VIC,70_30,LSTM
2026-09-24,230.0,235.7119,VIC,70_30,LSTM
2026-09-25,232.0,229.6026,VIC,70_30,LSTM
2026-09-28,231.9,231.8495,VIC,70_30,LSTM
2026-09-29,230.0,231.8162,VIC,70_30,LSTM
2026-09-30,227.9,229.7247,VIC,70_30,LSTM
2026-10-01,220.0,227.6707,VIC,70_30,LSTM
2026-10-02,224.0,219.566,VIC,70_30,LSTM
2024-05-31,56.02,56.2716,VNM,70_30,LSTM
2024-06-03,56.62,56.0145,VNM,70_30,LSTM
2024-06-04,56.53,56.5832,VNM,70_30,LSTM
2024-06-05,58.67,56.5091,VNM,70_30,LSTM
2024-06-06,57.56,58.5513,VNM,70_30,LSTM
2024-06-07,58.07,57.5192,VNM,70_30,LSTM
2024-06-10,57.56,57.9989,VNM,70_30,LSTM
2024-06-11,56.96,57.5298,VNM,70_30,LSTM
2024-06-12,57.39,56.9522,VNM,70_30,LSTM
2024-06-13,57.3,57.3727,VNM,70_30,LSTM
2024-06-14,56.7,57.2791,VNM,70_30,LSTM
2024-06-17,56.53,56.7063,VNM,70_30,LSTM
2024-06-18,56.45,56.5263,VNM,70_30,LSTM
2024-06-19,55.93,56.4385,VNM,70_30,LSTM
2024-06-20,56.53,55.9402,VNM,70_30,LSTM
2024-06-21,56.53,56.5007,VNM,70_30,LSTM
2024-06-24,56.1,56.5011,VNM,70_30,LSTM
2024-06-25,56.1,56.0881,VNM,70_30,LSTM
2024-06-26,55.85,56.0801,VNM,70_30,LSTM
2024-06-27,55.93,55.8354,VNM,70_30,LSTM
2024-06-28,56.1,55.9123,VNM,70_30,LSTM
2024-07-01,56.53,56.0735,VNM,70_30,LSTM
2024-07-02,56.7,56.4828,VNM,70_30,LSTM
2024-07-03,56.7,56.6534,VNM,70_30,LSTM
2024-07-04,56.87,56.6569,VNM,70_30,LSTM
2024-07-05,57.56,56.824,VNM,70_30,LSTM
2024-07-08,57.9,57.4919,VNM,70_30,LSTM
2024-07-09,57.82,57.8358,VNM,70_30,LSTM
2024-07-10,57.22,57.7713,VNM,70_30,LSTM
2024-07-11,56.79,57.2009,VNM,70_30,LSTM
2024-07-12,56.79,56.7843,VNM,70_30,LSTM
2024-07-15,56.7,56.7821,VNM,70_30,LSTM
2024-07-16,56.62,56.6946,VNM,70_30,LSTM
2024-07-17,56.27,56.6114,VNM,70_30,LSTM
2024-07-18,56.45,56.2662,VNM,70_30,LSTM
2024-07-19,55.93,56.4268,VNM,70_30,LSTM
2024-07-22,56.02,55.9296,VNM,70_30,LSTM
2024-07-23,56.45,56.0045,VNM,70_30,LSTM
2024-07-24,56.19,56.4137,VNM,70_30,LSTM
2024-07-25,56.19,56.1674,VNM,70_30,LSTM
2024-07-26,56.36,56.1653,VNM,70_30,LSTM
2024-07-29,57.56,56.3234,VNM,70_30,LSTM
2024-07-30,57.99,57.4767,VNM,70_30,LSTM
2024-07-31,61.33,57.9138,VNM,70_30,LSTM
2024-08-01,60.21,61.1232,VNM,70_30,LSTM
2024-08-02,61.24,60.1114,VNM,70_30,LSTM
2024-08-05,59.44,61.1058,VNM,70_30,LSTM
2024-08-06,62.27,59.4241,VNM,70_30,LSTM
2024-08-07,63.21,62.1183,VNM,70_30,LSTM
2024-08-08,62.27,63.0976,VNM,70_30,LSTM
2024-08-09,62.78,62.2126,VNM,70_30,LSTM
2024-08-12,62.53,62.7068,VNM,70_30,LSTM
2024-08-13,63.21,62.4689,VNM,70_30,LSTM
2024-08-14,63.38,63.1505,VNM,70_30,LSTM
2024-08-15,63.21,63.3329,VNM,70_30,LSTM
2024-08-16,63.21,63.1675,VNM,70_30,LSTM
2024-08-19,65.1,63.173,VNM,70_30,LSTM
2024-08-20,64.75,64.982,VNM,70_30,LSTM
2024-08-21,64.5,64.6865,VNM,70_30,LSTM
2024-08-22,63.56,64.4523,VNM,70_30,LSTM
2024-08-23,64.15,63.5527,VNM,70_30,LSTM
2024-08-26,62.87,64.1054,VNM,70_30,LSTM
2024-08-27,62.96,62.9044,VNM,70_30,LSTM
2024-08-28,63.3,62.9616,VNM,70_30,LSTM
2024-08-29,62.96,63.2784,VNM,70_30,LSTM
2024-08-30,63.3,62.9462,VNM,70_30,LSTM
2024-09-04,63.64,63.2693,VNM,70_30,LSTM
2024-09-05,63.98,63.5873,VNM,70_30,LSTM
2024-09-06,64.58,63.9214,VNM,70_30,LSTM
2024-09-09,64.07,64.5075,VNM,70_30,LSTM
2024-09-10,64.15,64.0304,VNM,70_30,LSTM
2024-09-11,63.9,64.1078,VNM,70_30,LSTM
2024-09-12,63.98,63.8749,VNM,70_30,LSTM
2024-09-13,62.44,63.9515,VNM,70_30,LSTM
2024-09-16,61.59,62.4819,VNM,70_30,LSTM
2024-09-17,62.87,61.6345,VNM,70_30,LSTM
2024-09-18,62.78,62.8361,VNM,70_30,LSTM
2024-09-19,62.78,62.7595,VNM,70_30,LSTM
2024-09-20,62.27,62.7558,VNM,70_30,LSTM
2024-09-23,62.44,62.2529,VNM,70_30,LSTM
2024-09-24,62.31,62.4023,VNM,70_30,LSTM
2024-09-25,61.69,62.2922,VNM,70_30,LSTM
2024-09-26,62.66,61.694,VNM,70_30,LSTM
2024-09-27,62.93,62.6093,VNM,70_30,LSTM
2024-09-30,62.13,62.8763,VNM,70_30,LSTM
2024-10-01,62.13,62.1187,VNM,70_30,LSTM
2024-10-02,62.13,62.1062,VNM,70_30,LSTM
2024-10-03,62.31,62.1006,VNM,70_30,LSTM
2024-10-04,60.71,62.2814,VNM,70_30,LSTM
2024-10-07,59.47,60.7521,VNM,70_30,LSTM
2024-10-08,60.45,59.5286,VNM,70_30,LSTM
2024-10-09,60.09,60.436,VNM,70_30,LSTM
2024-10-10,60.0,60.0967,VNM,70_30,LSTM
2024-10-11,60.0,59.9997,VNM,70_30,LSTM
2024-10-14,59.56,59.9786,VNM,70_30,LSTM
2024-10-15,59.21,59.5462,VNM,70_30,LSTM
2024-10-16,59.83,59.2124,VNM,70_30,LSTM
2024-10-17,59.92,59.793,VNM,70_30,LSTM
2024-10-18,59.74,59.8855,VNM,70_30,LSTM
2024-10-21,59.65,59.7147,VNM,70_30,LSTM
2024-10-22,59.65,59.6223,VNM,70_30,LSTM
2024-10-23,59.65,59.6189,VNM,70_30,LSTM
2024-10-24,60.62,59.6249,VNM,70_30,LSTM
2024-10-25,60.27,60.5533,VNM,70_30,LSTM
2024-10-28,59.56,60.2327,VNM,70_30,LSTM
2024-10-29,59.38,59.5508,VNM,70_30,LSTM
2024-10-30,58.76,59.3683,VNM,70_30,LSTM
2024-10-31,58.59,58.7703,VNM,70_30,LSTM
2024-11-01,58.32,58.6019,VNM,70_30,LSTM
2024-11-04,58.14,58.3298,VNM,70_30,LSTM
2024-11-05,58.05,58.1407,VNM,70_30,LSTM
2024-11-06,58.32,58.0448,VNM,70_30,LSTM
2024-11-07,58.41,58.2922,VNM,70_30,LSTM
2024-11-08,58.23,58.379,VNM,70_30,LSTM
2024-11-11,57.79,58.2056,VNM,70_30,LSTM
2024-11-12,57.52,57.7805,VNM,70_30,LSTM
2024-11-13,57.61,57.5137,VNM,70_30,LSTM
2024-11-14,57.61,57.5953,VNM,70_30,LSTM
2024-11-15,56.46,57.5939,VNM,70_30,LSTM
2024-11-18,56.02,56.4883,VNM,70_30,LSTM
2024-11-19,55.84,56.0409,VNM,70_30,LSTM
2024-11-20,56.37,55.8523,VNM,70_30,LSTM
2024-11-21,56.64,56.3502,VNM,70_30,LSTM
2024-11-22,56.99,56.6108,VNM,70_30,LSTM
2024-11-25,56.99,56.9385,VNM,70_30,LSTM
2024-11-26,57.43,56.9428,VNM,70_30,LSTM
2024-11-27,57.26,57.3673,VNM,70_30,LSTM
2024-11-28,57.17,57.2206,VNM,70_30,LSTM
2024-11-29,57.26,57.1382,VNM,70_30,LSTM
2024-12-02,57.17,57.2276,VNM,70_30,LSTM
2024-12-03,56.64,57.1436,VNM,70_30,LSTM
2024-12-04,56.1,56.6389,VNM,70_30,LSTM
2024-12-05,56.99,56.1101,VNM,70_30,LSTM
2024-12-06,56.81,56.9484,VNM,70_30,LSTM
2024-12-09,56.81,56.7874,VNM,70_30,LSTM
2024-12-10,56.64,56.7835,VNM,70_30,LSTM
2024-12-11,56.9,56.6158,VNM,70_30,LSTM
2024-12-12,57.26,56.8587,VNM,70_30,LSTM
2024-12-13,56.9,57.2163,VNM,70_30,LSTM
2024-12-16,57.61,56.8765,VNM,70_30,LSTM
2024-12-17,57.26,57.5521,VNM,70_30,LSTM
2024-12-18,57.34,57.2283,VNM,70_30,LSTM
2024-12-19,56.64,57.3052,VNM,70_30,LSTM
2024-12-20,57.61,56.6402,VNM,70_30,LSTM
2024-12-23,57.08,57.5539,VNM,70_30,LSTM
2024-12-24,56.99,57.0667,VNM,70_30,LSTM
2024-12-25,57.08,56.9697,VNM,70_30,LSTM
2024-12-26,56.99,57.0539,VNM,70_30,LSTM
2024-12-27,56.99,56.9631,VNM,70_30,LSTM
2024-12-30,56.55,56.9703,VNM,70_30,LSTM
2024-12-31,56.63,56.5428,VNM,70_30,LSTM
2025-01-02,56.37,56.6105,VNM,70_30,LSTM
2025-01-03,56.28,56.3614,VNM,70_30,LSTM
2025-01-06,55.83,56.2682,VNM,70_30,LSTM
2025-01-07,55.12,55.833,VNM,70_30,LSTM
2025-01-08,55.12,55.1392,VNM,70_30,LSTM
2025-01-09,55.21,55.1235,VNM,70_30,LSTM
2025-01-10,54.76,55.2009,VNM,70_30,LSTM
2025-01-13,54.85,54.7659,VNM,70_30,LSTM
2025-01-14,55.03,54.8367,VNM,70_30,LSTM
2025-01-15,55.12,55.0011,VNM,70_30,LSTM
2025-01-16,55.29,55.0894,VNM,70_30,LSTM
2025-01-17,55.38,55.2542,VNM,70_30,LSTM
2025-01-20,55.29,55.3401,VNM,70_30,LSTM
2025-01-21,55.21,55.2585,VNM,70_30,LSTM
2025-01-22,55.03,55.1839,VNM,70_30,LSTM
2025-01-23,55.38,55.0117,VNM,70_30,LSTM
2025-01-24,55.56,55.345,VNM,70_30,LSTM
2025-02-03,54.04,55.5229,VNM,70_30,LSTM
2025-02-04,53.78,54.0701,VNM,70_30,LSTM
2025-02-05,54.94,53.7946,VNM,70_30,LSTM
2025-02-06,54.22,54.8925,VNM,70_30,LSTM
2025-02-07,54.31,54.2202,VNM,70_30,LSTM
2025-02-10,54.13,54.2946,VNM,70_30,LSTM
2025-02-11,53.95,54.1082,VNM,70_30,LSTM
2025-02-12,54.49,53.932,VNM,70_30,LSTM
2025-02-13,54.22,54.4553,VNM,70_30,LSTM
2025-02-14,53.87,54.1972,VNM,70_30,LSTM
2025-02-17,53.6,53.8596,VNM,70_30,LSTM
2025-02-18,53.87,53.5932,VNM,70_30,LSTM
2025-02-19,54.31,53.8441,VNM,70_30,LSTM
2025-02-20,54.22,54.2722,VNM,70_30,LSTM
2025-02-21,54.85,54.1896,VNM,70_30,LSTM
2025-02-24,56.99,54.7897,VNM,70_30,LSTM
2025-02-25,56.19,56.849,VNM,70_30,LSTM
2025-02-26,56.37,56.1257,VNM,70_30,LSTM
2025-02-27,55.56,56.3032,VNM,70_30,LSTM
2025-02-28,55.56,55.5379,VNM,70_30,LSTM
2025-03-03,56.46,55.5367,VNM,70_30,LSTM
2025-03-04,56.72,56.4162,VNM,70_30,LSTM
2025-03-05,56.01,56.6695,VNM,70_30,LSTM
2025-03-06,56.19,55.9976,VNM,70_30,LSTM
2025-03-07,56.01,56.1539,VNM,70_30,LSTM
2025-03-10,55.83,55.9859,VNM,70_30,LSTM
2025-03-11,55.74,55.8194,VNM,70_30,LSTM
2025-03-12,55.56,55.7299,VNM,70_30,LSTM
2025-03-13,55.38,55.5474,VNM,70_30,LSTM
2025-03-14,55.47,55.3719,VNM,70_30,LSTM
2025-03-17,56.28,55.4508,VNM,70_30,LSTM
2025-03-18,55.83,56.2238,VNM,70_30,LSTM
2025-03-19,55.65,55.8049,VNM,70_30,LSTM
2025-03-20,55.21,55.6266,VNM,70_30,LSTM
2025-03-21,54.76,55.2018,VNM,70_30,LSTM
2025-03-24,54.85,54.7646,VNM,70_30,LSTM
2025-03-25,54.85,54.8468,VNM,70_30,LSTM
2025-03-26,54.67,54.8387,VNM,70_30,LSTM
2025-03-27,54.58,54.6611,VNM,70_30,LSTM
2025-03-28,53.87,54.5656,VNM,70_30,LSTM
2025-03-31,54.13,53.8788,VNM,70_30,LSTM
2025-04-01,54.31,54.1146,VNM,70_30,LSTM
2025-04-02,54.04,54.2868,VNM,70_30,LSTM
2025-04-03,50.47,54.0275,VNM,70_30,LSTM
2025-04-04,52.26,50.6008,VNM,70_30,LSTM
2025-04-08,48.68,52.2374,VNM,70_30,LSTM
2025-04-09,46.45,48.8249,VNM,70_30,LSTM
2025-04-10,49.67,46.6194,VNM,70_30,LSTM
2025-04-11,51.36,49.6285,VNM,70_30,LSTM
2025-04-14,50.83,51.2502,VNM,70_30,LSTM
2025-04-15,50.29,50.7856,VNM,70_30,LSTM
2025-04-16,50.02,50.2382,VNM,70_30,LSTM
2025-04-17,50.02,49.9667,VNM,70_30,LSTM
2025-04-18,50.56,50.0015,VNM,70_30,LSTM
2025-04-21,50.65,50.5319,VNM,70_30,LSTM
2025-04-22,50.02,50.6185,VNM,70_30,LSTM
2025-04-23,50.38,50.0127,VNM,70_30,LSTM
2025-04-24,50.29,50.3459,VNM,70_30,LSTM
2025-04-25,52.08,50.2655,VNM,70_30,LSTM
2025-04-28,51.36,51.9828,VNM,70_30,LSTM
2025-04-29,51.45,51.3229,VNM,70_30,LSTM
2025-05-05,50.83,51.4004,VNM,70_30,LSTM
2025-05-06,50.83,50.8163,VNM,70_30,LSTM
2025-05-07,51.1,50.809,VNM,70_30,LSTM
2025-05-08,51.27,51.0823,VNM,70_30,LSTM
2025-05-09,51.54,51.2398,VNM,70_30,LSTM
2025-05-12,52.35,51.5013,VNM,70_30,LSTM
2025-05-13,52.26,52.2768,VNM,70_30,LSTM
2025-05-14,51.98,52.2078,VNM,70_30,LSTM
2025-05-15,52.54,51.9473,VNM,70_30,LSTM
2025-05-16,51.98,52.4844,VNM,70_30,LSTM
2025-05-19,51.8,51.9624,VNM,70_30,LSTM
2025-05-20,51.7,51.7906,VNM,70_30,LSTM
2025-05-21,51.24,51.6891,VNM,70_30,LSTM
2025-05-22,50.87,51.2428,VNM,70_30,LSTM
2025-05-23,51.15,50.8831,VNM,70_30,LSTM
2025-05-26,51.52,51.1349,VNM,70_30,LSTM
2025-05-27,51.24,51.4879,VNM,70_30,LSTM
2025-05-28,51.06,51.2232,VNM,70_30,LSTM
2025-05-29,50.96,51.0426,VNM,70_30,LSTM
2025-05-30,50.78,50.9409,VNM,70_30,LSTM
2025-06-02,50.5,50.7693,VNM,70_30,LSTM
2025-06-03,51.33,50.4997,VNM,70_30,LSTM
2025-06-04,52.63,51.284,VNM,70_30,LSTM
2025-06-05,52.07,52.5387,VNM,70_30,LSTM
2025-06-06,51.15,52.0255,VNM,70_30,LSTM
2025-06-09,51.15,51.1424,VNM,70_30,LSTM
2025-06-10,51.15,51.1291,VNM,70_30,LSTM
2025-06-11,51.06,51.1365,VNM,70_30,LSTM
2025-06-12,51.7,51.0589,VNM,70_30,LSTM
2025-06-13,51.33,51.6603,VNM,70_30,LSTM
2025-06-16,52.07,51.3068,VNM,70_30,LSTM
2025-06-17,51.98,52.0116,VNM,70_30,LSTM
2025-06-18,51.8,51.9389,VNM,70_30,LSTM
2025-06-19,51.89,51.7688,VNM,70_30,LSTM
2025-06-20,52.35,51.8602,VNM,70_30,LSTM
2025-06-23,51.7,52.2999,VNM,70_30,LSTM
2025-06-24,52.17,51.6931,VNM,70_30,LSTM
2025-06-25,52.54,52.1325,VNM,70_30,LSTM
2025-06-26,52.17,52.4921,VNM,70_30,LSTM
2025-06-27,53.46,52.1468,VNM,70_30,LSTM
2025-06-30,53.65,53.3815,VNM,70_30,LSTM
2025-07-01,53.18,53.5802,VNM,70_30,LSTM
2025-07-02,53.37,53.1454,VNM,70_30,LSTM
2025-07-03,53.18,53.3283,VNM,70_30,LSTM
2025-07-04,53.46,53.1495,VNM,70_30,LSTM
2025-07-07,53.55,53.4284,VNM,70_30,LSTM
2025-07-08,54.57,53.5196,VNM,70_30,LSTM
2025-07-09,55.68,54.4939,VNM,70_30,LSTM
2025-07-10,55.22,55.5775,VNM,70_30,LSTM
2025-07-11,55.31,55.1604,VNM,70_30,LSTM
2025-07-14,55.77,55.2525,VNM,70_30,LSTM
2025-07-15,55.59,55.7021,VNM,70_30,LSTM
2025-07-16,55.59,55.5522,VNM,70_30,LSTM
2025-07-17,55.59,55.5625,VNM,70_30,LSTM
2025-07-18,55.68,55.5589,VNM,70_30,LSTM
2025-07-21,55.5,55.6472,VNM,70_30,LSTM
2025-07-22,55.68,55.4808,VNM,70_30,LSTM
2025-07-23,57.07,55.6484,VNM,70_30,LSTM
2025-07-24,58.92,56.9817,VNM,70_30,LSTM
2025-07-25,58.45,58.7777,VNM,70_30,LSTM
2025-07-28,58.55,58.3663,VNM,70_30,LSTM
2025-07-29,58.45,58.469,VNM,70_30,LSTM
2025-07-30,58.18,58.3885,VNM,70_30,LSTM
2025-07-31,56.61,58.15,VNM,70_30,LSTM
2025-08-01,55.5,56.6609,VNM,70_30,LSTM
2025-08-04,55.87,55.5633,VNM,70_30,LSTM
2025-08-05,55.59,55.8884,VNM,70_30,LSTM
2025-08-06,56.7,55.6129,VNM,70_30,LSTM
2025-08-07,56.33,56.6585,VNM,70_30,LSTM
2025-08-08,56.24,56.3024,VNM,70_30,LSTM
2025-08-11,56.88,56.2041,VNM,70_30,LSTM
2025-08-12,57.16,56.8211,VNM,70_30,LSTM
2025-08-13,56.51,57.0998,VNM,70_30,LSTM
2025-08-14,57.07,56.4962,VNM,70_30,LSTM
2025-08-15,56.42,57.0205,VNM,70_30,LSTM
2025-08-18,56.14,56.4075,VNM,70_30,LSTM
2025-08-19,55.96,56.1362,VNM,70_30,LSTM
2025-08-20,55.5,55.9585,VNM,70_30,LSTM
2025-08-21,55.59,55.506,VNM,70_30,LSTM
2025-08-22,54.29,55.5854,VNM,70_30,LSTM
2025-08-25,54.29,54.3309,VNM,70_30,LSTM
2025-08-26,55.22,54.302,VNM,70_30,LSTM
2025-08-27,55.96,55.1822,VNM,70_30,LSTM
2025-08-28,56.42,55.897,VNM,70_30,LSTM
2025-08-29,55.77,56.351,VNM,70_30,LSTM
2025-09-03,56.88,55.7305,VNM,70_30,LSTM
2025-09-04,57.16,56.7909,VNM,70_30,LSTM
2025-09-05,56.33,57.0903,VNM,70_30,LSTM
2025-09-08,56.05,56.3135,VNM,70_30,LSTM
2025-09-09,55.77,56.0396,VNM,70_30,LSTM
2025-09-10,55.31,55.7611,VNM,70_30,LSTM
2025-09-11,56.61,55.3242,VNM,70_30,LSTM
2025-09-12,58.45,56.5573,VNM,70_30,LSTM
2025-09-15,58.36,58.3283,VNM,70_30,LSTM
2025-09-16,59.84,58.2733,VNM,70_30,LSTM
2025-09-17,60.21,59.6996,VNM,70_30,LSTM
2025-09-18,58.82,60.087,VNM,70_30,LSTM
2025-09-19,57.35,58.7919,VNM,70_30,LSTM
2025-09-22,56.79,57.3889,VNM,70_30,LSTM
2025-09-23,56.98,56.8256,VNM,70_30,LSTM
2025-09-24,57.35,57.0019,VNM,70_30,LSTM
2025-09-25,56.88,57.3493,VNM,70_30,LSTM
2025-09-26,56.51,56.8837,VNM,70_30,LSTM
2025-09-29,55.77,56.506,VNM,70_30,LSTM
2025-09-30,55.5,55.7849,VNM,70_30,LSTM
2025-10-01,57.44,55.5127,VNM,70_30,LSTM
2025-10-02,56.61,57.3613,VNM,70_30,LSTM
2025-10-03,56.7,56.5883,VNM,70_30,LSTM
2025-10-06,57.72,56.6621,VNM,70_30,LSTM
2025-10-07,56.79,57.6355,VNM,70_30,LSTM
2025-10-08,58.64,56.7645,VNM,70_30,LSTM
2025-10-09,58.18,58.5432,VNM,70_30,LSTM
2025-10-10,57.72,58.1254,VNM,70_30,LSTM
2025-10-13,59.19,57.6881,VNM,70_30,LSTM
2025-10-14,58.73,59.1004,VNM,70_30,LSTM
2025-10-15,58.82,58.6786,VNM,70_30,LSTM
2025-10-16,59.26,58.7818,VNM,70_30,LSTM
2025-10-17,56.94,59.202,VNM,70_30,LSTM
2025-10-20,53.26,56.9872,VNM,70_30,LSTM
2025-10-21,54.71,53.4384,VNM,70_30,LSTM
2025-10-22,54.52,54.7388,VNM,70_30,LSTM
2025-10-23,54.81,54.5599,VNM,70_30,LSTM
2025-10-24,56.26,54.8229,VNM,70_30,LSTM
2025-10-27,55.19,56.1832,VNM,70_30,LSTM
2025-10-28,55.58,55.1523,VNM,70_30,LSTM
2025-10-29,55.68,55.5315,VNM,70_30,LSTM
2025-10-30,55.29,55.6342,VNM,70_30,LSTM
2025-10-31,55.77,55.2691,VNM,70_30,LSTM
2025-11-03,55.48,55.7361,VNM,70_30,LSTM
2025-11-04,55.48,55.4555,VNM,70_30,LSTM
2025-11-05,56.16,55.4558,VNM,70_30,LSTM
2025-11-06,56.16,56.1069,VNM,70_30,LSTM
2025-11-07,55.77,56.1153,VNM,70_30,LSTM
2025-11-10,55.19,55.7496,VNM,70_30,LSTM
2025-11-11,57.03,55.1872,VNM,70_30,LSTM
2025-11-12,57.9,56.9383,VNM,70_30,LSTM
2025-11-13,59.84,57.8062,VNM,70_30,LSTM
2025-11-14,60.81,59.6846,VNM,70_30,LSTM
2025-11-17,60.13,60.6519,VNM,70_30,LSTM
2025-11-18,58.78,60.0323,VNM,70_30,LSTM
2025-11-19,58.97,58.7665,VNM,70_30,LSTM
2025-11-20,58.78,58.9422,VNM,70_30,LSTM
2025-11-21,58.0,58.7798,VNM,70_30,LSTM
2025-11-24,61.0,58.0331,VNM,70_30,LSTM
2025-11-25,59.94,60.8769,VNM,70_30,LSTM
2025-11-26,60.81,59.8931,VNM,70_30,LSTM
2025-11-27,60.03,60.7219,VNM,70_30,LSTM
2025-11-28,61.97,59.993,VNM,70_30,LSTM
2025-12-01,62.84,61.84,VNM,70_30,LSTM
2025-12-02,62.94,62.7374,VNM,70_30,LSTM
2025-12-03,62.55,62.847,VNM,70_30,LSTM
2025-12-04,61.39,62.4952,VNM,70_30,LSTM
2025-12-05,61.39,61.3819,VNM,70_30,LSTM
2025-12-08,61.49,61.3847,VNM,70_30,LSTM
2025-12-09,60.52,61.483,VNM,70_30,LSTM
2025-12-10,61.1,60.5506,VNM,70_30,LSTM
2025-12-11,59.55,61.0799,VNM,70_30,LSTM
2025-12-12,58.29,59.589,VNM,70_30,LSTM
2025-12-15,60.03,58.3541,VNM,70_30,LSTM
2025-12-16,62.16,59.9874,VNM,70_30,LSTM
2025-12-17,60.91,62.0368,VNM,70_30,LSTM
2025-12-18,61.87,60.8786,VNM,70_30,LSTM
2025-12-19,61.97,61.7735,VNM,70_30,LSTM
2025-12-22,61.2,61.883,VNM,70_30,LSTM
2025-12-23,60.62,61.1756,VNM,70_30,LSTM
2025-12-24,59.55,60.6308,VNM,70_30,LSTM
2025-12-25,59.36,59.5832,VNM,70_30,LSTM
2025-12-26,59.55,59.3866,VNM,70_30,LSTM
2025-12-29,60.13,59.5552,VNM,70_30,LSTM
2025-12-30,59.84,60.0978,VNM,70_30,LSTM
2025-12-31,59.26,59.8199,VNM,70_30,LSTM
2026-01-05,58.39,59.251,VNM,70_30,LSTM
2026-01-06,58.87,58.4075,VNM,70_30,LSTM
2026-01-07,58.97,58.8513,VNM,70_30,LSTM
2026-01-08,60.23,58.954,VNM,70_30,LSTM
2026-01-09,59.07,60.1553,VNM,70_30,LSTM
2026-01-12,60.71,59.0586,VNM,70_30,LSTM
2026-01-13,61.29,60.6073,VNM,70_30,LSTM
2026-01-14,65.55,61.1965,VNM,70_30,LSTM
2026-01-15,68.75,65.2951,VNM,70_30,LSTM
2026-01-16,67.39,68.4494,VNM,70_30,LSTM
2026-01-19,68.36,67.2142,VNM,70_30,LSTM
2026-01-20,71.07,68.1794,VNM,70_30,LSTM
2026-01-21,68.07,70.822,VNM,70_30,LSTM
2026-01-22,68.65,68.0552,VNM,70_30,LSTM
2026-01-23,65.07,68.6077,VNM,70_30,LSTM
2026-01-26,66.72,65.1761,VNM,70_30,LSTM
2026-01-27,65.55,66.6991,VNM,70_30,LSTM
2026-01-28,65.55,65.6136,VNM,70_30,LSTM
2026-01-29,68.85,65.5576,VNM,70_30,LSTM
2026-01-30,68.36,68.7104,VNM,70_30,LSTM
2026-02-02,70.3,68.2607,VNM,70_30,LSTM
2026-02-03,69.33,70.142,VNM,70_30,LSTM
2026-02-04,69.72,69.2451,VNM,70_30,LSTM
2026-02-05,66.91,69.6239,VNM,70_30,LSTM
2026-02-06,66.91,66.9794,VNM,70_30,LSTM
2026-02-09,67.39,66.9284,VNM,70_30,LSTM
2026-02-10,66.23,67.3937,VNM,70_30,LSTM
2026-02-11,66.91,66.271,VNM,70_30,LSTM
2026-02-12,66.81,66.8968,VNM,70_30,LSTM
2026-02-13,67.3,66.7801,VNM,70_30,LSTM
2026-02-23,68.36,67.248,VNM,70_30,LSTM
2026-02-24,67.97,68.2747,VNM,70_30,LSTM
2026-02-25,70.01,67.9118,VNM,70_30,LSTM
2026-02-26,68.36,69.8726,VNM,70_30,LSTM
2026-02-27,66.04,68.3301,VNM,70_30,LSTM
2026-03-02,64.49,66.0988,VNM,70_30,LSTM
2026-03-03,61.39,64.5834,VNM,70_30,LSTM
2026-03-04,62.84,61.5726,VNM,70_30,LSTM
2026-03-05,61.2,62.8986,VNM,70_30,LSTM
2026-03-06,60.42,61.3069,VNM,70_30,LSTM
2026-03-09,56.26,60.4945,VNM,70_30,LSTM
2026-03-10,60.13,56.4651,VNM,70_30,LSTM
2026-03-11,61.0,60.047,VNM,70_30,LSTM
2026-03-12,59.65,60.9363,VNM,70_30,LSTM
2026-03-13,61.1,59.6405,VNM,70_30,LSTM
2026-03-16,59.84,61.0029,VNM,70_30,LSTM
2026-03-17,59.55,59.7939,VNM,70_30,LSTM
2026-03-18,59.74,59.5451,VNM,70_30,LSTM
2026-03-19,59.07,59.7261,VNM,70_30,LSTM
2026-03-20,58.1,59.0729,VNM,70_30,LSTM
2026-03-23,58.87,58.1433,VNM,70_30,LSTM
2026-03-24,59.26,58.8453,VNM,70_30,LSTM
2026-03-25,60.13,59.2223,VNM,70_30,LSTM
2026-03-26,59.07,60.0615,VNM,70_30,LSTM
2026-03-27,59.55,59.0554,VNM,70_30,LSTM
2026-03-30,58.68,59.4951,VNM,70_30,LSTM
2026-03-31,58.58,58.6791,VNM,70_30,LSTM
2026-04-01,59.36,58.5736,VNM,70_30,LSTM
2026-04-02,58.87,59.3216,VNM,70_30,LSTM
2026-04-03,58.1,58.8524,VNM,70_30,LSTM
2026-04-06,58.97,58.112,VNM,70_30,LSTM
2026-04-07,59.07,58.9219,VNM,70_30,LSTM
2026-04-08,60.62,59.0291,VNM,70_30,LSTM
2026-04-09,59.84,60.5228,VNM,70_30,LSTM
2026-04-10,60.81,59.7979,VNM,70_30,LSTM
2026-04-13,60.81,60.7167,VNM,70_30,LSTM
2026-04-14,60.03,60.7465,VNM,70_30,LSTM
2026-04-15,59.36,60.0089,VNM,70_30,LSTM
2026-04-16,59.16,59.3723,VNM,70_30,LSTM
2026-04-17,59.36,59.1604,VNM,70_30,LSTM
2026-04-20,59.55,59.3523,VNM,70_30,LSTM
2026-04-21,59.65,59.5308,VNM,70_30,LSTM
2026-04-22,59.84,59.619,VNM,70_30,LSTM
2026-04-23,60.03,59.7964,VNM,70_30,LSTM
2026-04-24,59.45,59.9816,VNM,70_30,LSTM
2026-04-28,59.26,59.434,VNM,70_30,LSTM
2026-04-29,58.97,59.2461,VNM,70_30,LSTM
2026-05-04,58.97,58.9648,VNM,70_30,LSTM
2026-05-05,59.16,58.959,VNM,70_30,LSTM
2026-05-06,59.55,59.1384,VNM,70_30,LSTM
2026-05-07,59.55,59.5068,VNM,70_30,LSTM
2026-05-08,58.97,59.5114,VNM,70_30,LSTM
2026-05-11,58.68,58.9557,VNM,70_30,LSTM
2026-05-12,58.19,58.6703,VNM,70_30,LSTM
2026-05-13,57.42,58.1967,VNM,70_30,LSTM
2026-05-14,58.19,57.451,VNM,70_30,LSTM
2026-05-15,57.9,58.1679,VNM,70_30,LSTM
2026-05-18,58.58,57.8905,VNM,70_30,LSTM
2026-05-19,57.9,58.5319,VNM,70_30,LSTM
2026-05-20,57.23,57.8861,VNM,70_30,LSTM
2026-05-21,57.13,57.2298,VNM,70_30,LSTM
2026-05-22,57.61,57.1288,VNM,70_30,LSTM
2026-05-25,57.23,57.5798,VNM,70_30,LSTM
2026-05-26,57.23,57.2259,VNM,70_30,LSTM
2026-05-27,56.94,57.2112,VNM,70_30,LSTM
2026-05-28,57.13,56.9261,VNM,70_30,LSTM
2026-05-29,57.32,57.102,VNM,70_30,LSTM
2026-06-01,57.23,57.2896,VNM,70_30,LSTM
2026-06-02,56.74,57.2024,VNM,70_30,LSTM
2026-06-03,56.45,56.7323,VNM,70_30,LSTM
2026-06-04,56.74,56.4439,VNM,70_30,LSTM
2026-06-05,56.55,56.7162,VNM,70_30,LSTM
2026-06-08,56.16,56.5376,VNM,70_30,LSTM
2026-06-09,56.45,56.1582,VNM,70_30,LSTM
2026-06-10,57.03,56.4226,VNM,70_30,LSTM
2026-06-11,57.32,56.9782,VNM,70_30,LSTM
2026-06-12,57.13,57.2683,VNM,70_30,LSTM
2026-06-15,57.81,57.0921,VNM,70_30,LSTM
2026-06-16,57.23,57.7407,VNM,70_30,LSTM
2026-06-17,57.13,57.2029,VNM,70_30,LSTM
2026-06-18,57.32,57.1073,VNM,70_30,LSTM
2026-06-19,57.13,57.2898,VNM,70_30,LSTM
2026-06-22,56.74,57.1089,VNM,70_30,LSTM
2026-06-23,56.55,56.738,VNM,70_30,LSTM
2026-06-24,56.45,56.5423,VNM,70_30,LSTM
2026-06-25,56.45,56.4401,VNM,70_30,LSTM
2026-06-26,56.3,56.4369,VNM,70_30,LSTM
2026-06-29,56.1,56.2884,VNM,70_30,LSTM
2026-06-30,54.8,56.0888,VNM,70_30,LSTM
2026-07-01,55.2,54.8373,VNM,70_30,LSTM
2026-07-02,55.5,55.1935,VNM,70_30,LSTM
2026-07-03,54.9,55.48,VNM,70_30,LSTM
2026-07-06,55.3,54.9049,VNM,70_30,LSTM
2026-07-07,55.1,55.273,VNM,70_30,LSTM
2026-07-08,55.7,55.0747,VNM,70_30,LSTM
2026-07-09,55.7,55.6506,VNM,70_30,LSTM
2026-07-10,56.6,55.6628,VNM,70_30,LSTM
2026-07-13,55.4,56.5218,VNM,70_30,LSTM
2026-07-14,56.0,55.3942,VNM,70_30,LSTM
2026-07-15,56.2,55.9521,VNM,70_30,LSTM
2026-07-16,56.2,56.1587,VNM,70_30,LSTM
2026-07-17,59.0,56.1639,VNM,70_30,LSTM
2026-07-20,58.5,58.8531,VNM,70_30,LSTM
2026-07-21,58.4,58.4106,VNM,70_30,LSTM
2026-07-22,59.1,58.3292,VNM,70_30,LSTM
2026-07-23,57.8,59.0098,VNM,70_30,LSTM
2026-07-24,58.9,57.7862,VNM,70_30,LSTM
2026-07-27,57.9,58.8492,VNM,70_30,LSTM
2026-07-28,59.6,57.9016,VNM,70_30,LSTM
2026-07-29,60.0,59.5126,VNM,70_30,LSTM
2026-07-30,61.2,59.9276,VNM,70_30,LSTM
2026-07-31,60.9,61.0788,VNM,70_30,LSTM
2026-08-03,60.3,60.8299,VNM,70_30,LSTM
2026-08-04,59.5,60.2548,VNM,70_30,LSTM
2026-08-05,58.6,59.5029,VNM,70_30,LSTM
2026-08-06,59.0,58.6318,VNM,70_30,LSTM
2026-08-07,62.0,59.0037,VNM,70_30,LSTM
2026-08-10,62.1,61.8688,VNM,70_30,LSTM
2026-08-11,62.0,62.0029,VNM,70_30,LSTM
2026-08-12,61.8,61.9145,VNM,70_30,LSTM
2026-08-13,61.6,61.7276,VNM,70_30,LSTM
2026-08-14,61.6,61.5495,VNM,70_30,LSTM
2026-08-17,62.2,61.5796,VNM,70_30,LSTM
2026-08-18,62.1,62.1528,VNM,70_30,LSTM
2026-08-19,63.1,62.0648,VNM,70_30,LSTM
2026-08-20,64.0,63.0205,VNM,70_30,LSTM
2026-08-21,63.8,63.8996,VNM,70_30,LSTM
2026-08-24,63.2,63.7307,VNM,70_30,LSTM
2026-08-25,62.6,63.1681,VNM,70_30,LSTM
2026-08-26,62.8,62.589,VNM,70_30,LSTM
2026-08-27,62.5,62.7804,VNM,70_30,LSTM
2026-08-28,62.3,62.5004,VNM,70_30,LSTM
2026-09-03,61.2,62.2974,VNM,70_30,LSTM
2026-09-04,61.9,61.2311,VNM,70_30,LSTM
2026-09-07,60.7,61.873,VNM,70_30,LSTM
2026-09-08,61.0,60.731,VNM,70_30,LSTM
2026-09-09,61.3,60.9913,VNM,70_30,LSTM
2026-09-10,61.6,61.2744,VNM,70_30,LSTM
2026-09-11,59.9,61.5545,VNM,70_30,LSTM
2026-09-14,59.3,59.9375,VNM,70_30,LSTM
2026-09-15,59.7,59.3238,VNM,70_30,LSTM
2026-09-16,59.6,59.6929,VNM,70_30,LSTM
2026-09-17,60.2,59.5987,VNM,70_30,LSTM
2026-09-18,61.2,60.1675,VNM,70_30,LSTM
2026-09-21,60.3,61.1162,VNM,70_30,LSTM
2026-09-22,61.2,60.2692,VNM,70_30,LSTM
2026-09-23,60.5,61.1266,VNM,70_30,LSTM
2026-09-24,60.6,60.4732,VNM,70_30,LSTM
2026-09-25,59.8,60.568,VNM,70_30,LSTM
2026-09-28,60.3,59.8118,VNM,70_30,LSTM
2026-09-29,60.3,60.2675,VNM,70_30,LSTM
2026-09-30,59.4,60.2801,VNM,70_30,LSTM
2026-10-01,58.6,59.4103,VNM,70_30,LSTM
2026-10-02,57.3,58.6284,VNM,70_30,LSTM
2025-03-12,65.67,63.7636,VCB,80_20,LSTM
2025-03-13,64.49,65.6893,VCB,80_20,LSTM
2025-03-14,64.98,64.4981,VCB,80_20,LSTM
2025-03-17,66.26,65.0161,VCB,80_20,LSTM
2025-03-18,65.77,66.2951,VCB,80_20,LSTM
2025-03-19,65.47,65.7971,VCB,80_20,LSTM
2025-03-20,65.77,65.5053,VCB,80_20,LSTM
2025-03-21,64.98,65.8156,VCB,80_20,LSTM
2025-03-24,65.47,65.0268,VCB,80_20,LSTM
2025-03-25,65.18,65.525,VCB,80_20,LSTM
2025-03-26,64.78,65.2258,VCB,80_20,LSTM
2025-03-27,64.49,64.829,VCB,80_20,LSTM
2025-03-28,63.8,64.5414,VCB,80_20,LSTM
2025-03-31,63.01,63.8548,VCB,80_20,LSTM
2025-04-01,63.5,63.0697,VCB,80_20,LSTM
2025-04-02,63.8,63.5643,VCB,80_20,LSTM
2025-04-03,59.37,63.8506,VCB,80_20,LSTM
2025-04-04,59.07,59.3997,VCB,80_20,LSTM
2025-04-08,54.94,59.155,VCB,80_20,LSTM
2025-04-09,51.69,55.0089,VCB,80_20,LSTM
2025-04-10,55.23,51.786,VCB,80_20,LSTM
2025-04-11,58.88,55.3359,VCB,80_20,LSTM
2025-04-14,58.38,58.8966,VCB,80_20,LSTM
2025-04-15,59.07,58.3283,VCB,80_20,LSTM
2025-04-16,58.38,59.0381,VCB,80_20,LSTM
2025-04-17,57.2,58.3794,VCB,80_20,LSTM
2025-04-18,57.2,57.238,VCB,80_20,LSTM
2025-04-21,57.3,57.2587,VCB,80_20,LSTM
2025-04-22,57.6,57.3562,VCB,80_20,LSTM
2025-04-23,57.1,57.6464,VCB,80_20,LSTM
2025-04-24,57.3,57.1358,VCB,80_20,LSTM
2025-04-25,56.61,57.3427,VCB,80_20,LSTM
2025-04-28,56.61,56.6506,VCB,80_20,LSTM
2025-04-29,56.42,56.6597,VCB,80_20,LSTM
2025-05-05,56.22,56.4662,VCB,80_20,LSTM
2025-05-06,56.12,56.2664,VCB,80_20,LSTM
2025-05-07,56.12,56.1648,VCB,80_20,LSTM
2025-05-08,56.22,56.1642,VCB,80_20,LSTM
2025-05-09,55.73,56.2619,VCB,80_20,LSTM
2025-05-12,55.73,55.7689,VCB,80_20,LSTM
2025-05-13,55.92,55.7747,VCB,80_20,LSTM
2025-05-14,57.79,55.9637,VCB,80_20,LSTM
2025-05-15,57.79,57.8258,VCB,80_20,LSTM
2025-05-16,56.61,57.7999,VCB,80_20,LSTM
2025-05-19,56.12,56.6265,VCB,80_20,LSTM
2025-05-20,56.22,56.1612,VCB,80_20,LSTM
2025-05-21,56.22,56.2757,VCB,80_20,LSTM
2025-05-22,56.02,56.2707,VCB,80_20,LSTM
2025-05-23,55.92,56.0622,VCB,80_20,LSTM
2025-05-26,56.12,55.9618,VCB,80_20,LSTM
2025-05-27,55.92,56.1626,VCB,80_20,LSTM
2025-05-28,55.92,55.959,VCB,80_20,LSTM
2025-05-29,55.82,55.9606,VCB,80_20,LSTM
2025-05-30,55.53,55.8602,VCB,80_20,LSTM
2025-06-02,55.33,55.5717,VCB,80_20,LSTM
2025-06-03,55.92,55.3742,VCB,80_20,LSTM
2025-06-04,55.73,55.965,VCB,80_20,LSTM
2025-06-05,55.43,55.765,VCB,80_20,LSTM
2025-06-06,55.23,55.4666,VCB,80_20,LSTM
2025-06-09,55.04,55.2713,VCB,80_20,LSTM
2025-06-10,55.04,55.0854,VCB,80_20,LSTM
2025-06-11,54.84,55.0856,VCB,80_20,LSTM
2025-06-12,55.14,54.8823,VCB,80_20,LSTM
2025-06-13,55.33,55.1825,VCB,80_20,LSTM
2025-06-16,55.73,55.3667,VCB,80_20,LSTM
2025-06-17,56.32,55.7637,VCB,80_20,LSTM
2025-06-18,55.82,56.3487,VCB,80_20,LSTM
2025-06-19,55.73,55.845,VCB,80_20,LSTM
2025-06-20,56.22,55.7663,VCB,80_20,LSTM
2025-06-23,55.73,56.2609,VCB,80_20,LSTM
2025-06-24,55.73,55.7661,VCB,80_20,LSTM
2025-06-25,55.73,55.7712,VCB,80_20,LSTM
2025-06-26,55.53,55.7712,VCB,80_20,LSTM
2025-06-27,55.82,55.5718,VCB,80_20,LSTM
2025-06-30,56.12,55.862,VCB,80_20,LSTM
2025-07-01,57.3,56.1571,VCB,80_20,LSTM
2025-07-02,57.1,57.3313,VCB,80_20,LSTM
2025-07-03,57.01,57.1176,VCB,80_20,LSTM
2025-07-04,57.5,57.0366,VCB,80_20,LSTM
2025-07-07,57.7,57.5343,VCB,80_20,LSTM
2025-07-08,58.09,57.7341,VCB,80_20,LSTM
2025-07-09,60.55,58.1225,VCB,80_20,LSTM
2025-07-10,60.45,60.5729,VCB,80_20,LSTM
2025-07-11,61.73,60.4474,VCB,80_20,LSTM
2025-07-14,61.44,61.7374,VCB,80_20,LSTM
2025-07-15,60.45,61.4463,VCB,80_20,LSTM
2025-07-16,60.85,60.4789,VCB,80_20,LSTM
2025-07-17,61.24,60.8996,VCB,80_20,LSTM
2025-07-18,60.94,61.2877,VCB,80_20,LSTM
2025-07-21,60.35,60.9794,VCB,80_20,LSTM
2025-07-22,61.24,60.3904,VCB,80_20,LSTM
2025-07-23,61.14,61.2898,VCB,80_20,LSTM
2025-07-24,61.14,61.1781,VCB,80_20,LSTM
2025-07-25,61.04,61.178,VCB,80_20,LSTM
2025-07-28,61.83,61.0783,VCB,80_20,LSTM
2025-07-29,60.06,61.8731,VCB,80_20,LSTM
2025-07-30,59.96,60.092,VCB,80_20,LSTM
2025-07-31,59.27,60.0165,VCB,80_20,LSTM
2025-08-01,59.27,59.326,VCB,80_20,LSTM
2025-08-04,60.16,59.3318,VCB,80_20,LSTM
2025-08-05,60.55,60.2098,VCB,80_20,LSTM
2025-08-06,61.34,60.5834,VCB,80_20,LSTM
2025-08-07,60.75,61.366,VCB,80_20,LSTM
2025-08-08,60.94,60.7711,VCB,80_20,LSTM
2025-08-11,61.53,60.9777,VCB,80_20,LSTM
2025-08-12,62.03,61.5701,VCB,80_20,LSTM
2025-08-13,61.53,62.065,VCB,80_20,LSTM
2025-08-14,64.19,61.5589,VCB,80_20,LSTM
2025-08-15,63.31,64.2231,VCB,80_20,LSTM
2025-08-18,63.5,63.3151,VCB,80_20,LSTM
2025-08-19,63.21,63.5258,VCB,80_20,LSTM
2025-08-20,62.03,63.2416,VCB,80_20,LSTM
2025-08-21,63.21,62.0772,VCB,80_20,LSTM
2025-08-22,63.6,63.2706,VCB,80_20,LSTM
2025-08-25,62.62,63.641,VCB,80_20,LSTM
2025-08-26,63.6,62.6528,VCB,80_20,LSTM
2025-08-27,68.03,63.6441,VCB,80_20,LSTM
2025-08-28,67.93,68.048,VCB,80_20,LSTM
2025-08-29,67.54,67.8968,VCB,80_20,LSTM
2025-09-03,65.97,67.5238,VCB,80_20,LSTM
2025-09-04,67.84,65.9857,VCB,80_20,LSTM
2025-09-05,66.46,67.8995,VCB,80_20,LSTM
2025-09-08,64.29,66.4981,VCB,80_20,LSTM
2025-09-09,63.9,64.3398,VCB,80_20,LSTM
2025-09-10,64.78,63.9742,VCB,80_20,LSTM
2025-09-11,64.69,64.8577,VCB,80_20,LSTM
2025-09-12,64.78,64.7405,VCB,80_20,LSTM
2025-09-15,64.78,64.8198,VCB,80_20,LSTM
2025-09-16,64.59,64.8194,VCB,80_20,LSTM
2025-09-17,63.8,64.6341,VCB,80_20,LSTM
2025-09-18,62.91,63.8473,VCB,80_20,LSTM
2025-09-19,62.03,62.9669,VCB,80_20,LSTM
2025-09-22,61.04,62.0951,VCB,80_20,LSTM
2025-09-23,61.24,61.1089,VCB,80_20,LSTM
2025-09-24,61.73,61.3115,VCB,80_20,LSTM
2025-09-25,62.03,61.7866,VCB,80_20,LSTM
2025-09-26,62.03,62.0707,VCB,80_20,LSTM
2025-09-29,61.63,62.063,VCB,80_20,LSTM
2025-09-30,61.04,61.6667,VCB,80_20,LSTM
2025-10-01,61.44,61.0861,VCB,80_20,LSTM
2025-10-02,61.14,61.4947,VCB,80_20,LSTM
2025-10-03,61.19,61.1865,VCB,80_20,LSTM
2025-10-06,63.47,61.2366,VCB,80_20,LSTM
2025-10-07,63.17,63.5083,VCB,80_20,LSTM
2025-10-08,64.06,63.1804,VCB,80_20,LSTM
2025-10-09,63.27,64.0789,VCB,80_20,LSTM
2025-10-10,63.67,63.2884,VCB,80_20,LSTM
2025-10-13,62.58,63.713,VCB,80_20,LSTM
2025-10-14,62.58,62.6213,VCB,80_20,LSTM
2025-10-15,61.98,62.6379,VCB,80_20,LSTM
2025-10-16,62.38,62.0332,VCB,80_20,LSTM
2025-10-17,61.39,62.4379,VCB,80_20,LSTM
2025-10-20,58.91,61.4349,VCB,80_20,LSTM
2025-10-21,58.81,58.9614,VCB,80_20,LSTM
2025-10-22,59.11,58.8899,VCB,80_20,LSTM
2025-10-23,59.3,59.1829,VCB,80_20,LSTM
2025-10-24,59.01,59.3531,VCB,80_20,LSTM
2025-10-27,58.71,59.047,VCB,80_20,LSTM
2025-10-28,59.5,58.7514,VCB,80_20,LSTM
2025-10-29,60.2,59.5462,VCB,80_20,LSTM
2025-10-30,60.1,60.2345,VCB,80_20,LSTM
2025-10-31,59.11,60.1252,VCB,80_20,LSTM
2025-11-03,58.81,59.1401,VCB,80_20,LSTM
2025-11-04,59.6,58.86,VCB,80_20,LSTM
2025-11-05,60.3,59.6552,VCB,80_20,LSTM
2025-11-06,59.8,60.3393,VCB,80_20,LSTM
2025-11-07,58.81,59.8258,VCB,80_20,LSTM
2025-11-10,58.31,58.8453,VCB,80_20,LSTM
2025-11-11,58.41,58.3639,VCB,80_20,LSTM
2025-11-12,59.01,58.4706,VCB,80_20,LSTM
2025-11-13,59.3,59.0612,VCB,80_20,LSTM
2025-11-14,59.5,59.3353,VCB,80_20,LSTM
2025-11-17,59.7,59.5302,VCB,80_20,LSTM
2025-11-18,59.4,59.7312,VCB,80_20,LSTM
2025-11-19,58.91,59.4343,VCB,80_20,LSTM
2025-11-20,58.91,58.9519,VCB,80_20,LSTM
2025-11-21,58.51,58.9598,VCB,80_20,LSTM
2025-11-24,58.31,58.5584,VCB,80_20,LSTM
2025-11-25,57.72,58.3599,VCB,80_20,LSTM
2025-11-26,57.62,57.7683,VCB,80_20,LSTM
2025-11-27,57.42,57.6733,VCB,80_20,LSTM
2025-11-28,56.92,57.4698,VCB,80_20,LSTM
2025-12-01,57.02,56.968,VCB,80_20,LSTM
2025-12-02,57.12,57.07,VCB,80_20,LSTM
2025-12-03,58.41,57.1654,VCB,80_20,LSTM
2025-12-04,58.41,58.4491,VCB,80_20,LSTM
2025-12-05,57.82,58.4303,VCB,80_20,LSTM
2025-12-08,57.42,57.8451,VCB,80_20,LSTM
2025-12-09,57.52,57.4593,VCB,80_20,LSTM
2025-12-10,57.72,57.5705,VCB,80_20,LSTM
2025-12-11,57.12,57.767,VCB,80_20,LSTM
2025-12-12,56.33,57.1595,VCB,80_20,LSTM
2025-12-15,56.33,56.3753,VCB,80_20,LSTM
2025-12-16,56.43,56.3851,VCB,80_20,LSTM
2025-12-17,56.23,56.4816,VCB,80_20,LSTM
2025-12-18,56.33,56.2736,VCB,80_20,LSTM
2025-12-19,57.02,56.3716,VCB,80_20,LSTM
2025-12-22,57.32,57.059,VCB,80_20,LSTM
2025-12-23,56.73,57.3499,VCB,80_20,LSTM
2025-12-24,56.53,56.7576,VCB,80_20,LSTM
2025-12-25,56.63,56.5696,VCB,80_20,LSTM
2025-12-26,56.63,56.676,VCB,80_20,LSTM
2025-12-29,56.63,56.674,VCB,80_20,LSTM
2025-12-30,56.82,56.6704,VCB,80_20,LSTM
2025-12-31,57.02,56.8591,VCB,80_20,LSTM
2026-01-05,56.63,57.057,VCB,80_20,LSTM
2026-01-06,56.82,56.6651,VCB,80_20,LSTM
2026-01-07,59.11,56.8615,VCB,80_20,LSTM
2026-01-08,63.17,59.1444,VCB,80_20,LSTM
2026-01-09,67.44,63.1563,VCB,80_20,LSTM
2026-01-12,72.1,67.3593,VCB,80_20,LSTM
2026-01-13,73.39,71.968,VCB,80_20,LSTM
2026-01-14,75.37,73.2564,VCB,80_20,LSTM
2026-01-15,71.3,75.2845,VCB,80_20,LSTM
2026-01-16,72.39,71.2582,VCB,80_20,LSTM
2026-01-19,72.1,72.4449,VCB,80_20,LSTM
2026-01-20,72.89,72.1585,VCB,80_20,LSTM
2026-01-21,72.2,72.9515,VCB,80_20,LSTM
2026-01-22,70.41,72.236,VCB,80_20,LSTM
2026-01-23,68.03,70.4604,VCB,80_20,LSTM
2026-01-26,69.02,68.1009,VCB,80_20,LSTM
2026-01-27,70.01,69.1193,VCB,80_20,LSTM
2026-01-28,69.02,70.0788,VCB,80_20,LSTM
2026-01-29,69.22,69.0579,VCB,80_20,LSTM
2026-01-30,69.91,69.2643,VCB,80_20,LSTM
2026-02-02,70.91,69.9577,VCB,80_20,LSTM
2026-02-03,71.2,70.9509,VCB,80_20,LSTM
2026-02-04,70.21,71.2262,VCB,80_20,LSTM
2026-02-05,67.83,70.2394,VCB,80_20,LSTM
2026-02-06,64.56,67.8788,VCB,80_20,LSTM
2026-02-09,64.46,64.6367,VCB,80_20,LSTM
2026-02-10,62.58,64.5734,VCB,80_20,LSTM
2026-02-11,64.16,62.6687,VCB,80_20,LSTM
2026-02-12,63.67,64.2469,VCB,80_20,LSTM
2026-02-13,63.87,63.712,VCB,80_20,LSTM
2026-02-23,65.85,63.914,VCB,80_20,LSTM
2026-02-24,64.46,65.883,VCB,80_20,LSTM
2026-02-25,64.56,64.4752,VCB,80_20,LSTM
2026-02-26,64.86,64.5987,VCB,80_20,LSTM
2026-02-27,64.36,64.9036,VCB,80_20,LSTM
2026-03-02,62.38,64.4062,VCB,80_20,LSTM
2026-03-03,61.09,62.4265,VCB,80_20,LSTM
2026-03-04,62.48,61.1606,VCB,80_20,LSTM
2026-03-05,61.98,62.5618,VCB,80_20,LSTM
2026-03-06,61.09,62.0289,VCB,80_20,LSTM
2026-03-09,56.82,61.1324,VCB,80_20,LSTM
2026-03-10,59.9,56.8593,VCB,80_20,LSTM
2026-03-11,59.9,59.9928,VCB,80_20,LSTM
2026-03-12,59.3,59.9375,VCB,80_20,LSTM
2026-03-13,58.51,59.3254,VCB,80_20,LSTM
2026-03-16,58.31,58.5355,VCB,80_20,LSTM
2026-03-17,60.0,58.3626,VCB,80_20,LSTM
2026-03-18,60.0,60.0535,VCB,80_20,LSTM
2026-03-19,59.3,60.0241,VCB,80_20,LSTM
2026-03-20,57.52,59.3237,VCB,80_20,LSTM
2026-03-23,57.12,57.5573,VCB,80_20,LSTM
2026-03-24,57.72,57.1878,VCB,80_20,LSTM
2026-03-25,57.92,57.7879,VCB,80_20,LSTM
2026-03-26,57.42,57.9672,VCB,80_20,LSTM
2026-03-27,58.31,57.4543,VCB,80_20,LSTM
2026-03-30,57.52,58.3501,VCB,80_20,LSTM
2026-03-31,57.62,57.5515,VCB,80_20,LSTM
2026-04-01,58.51,57.6637,VCB,80_20,LSTM
2026-04-02,57.72,58.5508,VCB,80_20,LSTM
2026-04-03,57.22,57.7511,VCB,80_20,LSTM
2026-04-06,57.52,57.2607,VCB,80_20,LSTM
2026-04-07,57.52,57.569,VCB,80_20,LSTM
2026-04-08,59.7,57.5656,VCB,80_20,LSTM
2026-04-09,58.91,59.7359,VCB,80_20,LSTM
2026-04-10,59.3,58.9167,VCB,80_20,LSTM
2026-04-13,58.71,59.3245,VCB,80_20,LSTM
2026-04-14,58.81,58.7383,VCB,80_20,LSTM
2026-04-15,59.4,58.8566,VCB,80_20,LSTM
2026-04-16,58.91,59.4437,VCB,80_20,LSTM
2026-04-17,59.01,58.9456,VCB,80_20,LSTM
2026-04-20,59.6,59.051,VCB,80_20,LSTM
2026-04-21,59.11,59.6407,VCB,80_20,LSTM
2026-04-22,58.91,59.1449,VCB,80_20,LSTM
2026-04-23,62.28,58.9512,VCB,80_20,LSTM
2026-04-24,60.1,62.3145,VCB,80_20,LSTM
2026-04-28,59.3,60.0934,VCB,80_20,LSTM
2026-04-29,59.3,59.3284,VCB,80_20,LSTM
2026-05-04,60.2,59.348,VCB,80_20,LSTM
2026-05-05,59.4,60.2563,VCB,80_20,LSTM
2026-05-06,60.0,59.4348,VCB,80_20,LSTM
2026-05-07,59.8,60.0421,VCB,80_20,LSTM
2026-05-08,60.2,59.8359,VCB,80_20,LSTM
2026-05-11,59.8,60.2417,VCB,80_20,LSTM
2026-05-12,59.4,59.8353,VCB,80_20,LSTM
2026-05-13,59.6,59.4436,VCB,80_20,LSTM
2026-05-14,60.49,59.6489,VCB,80_20,LSTM
2026-05-15,60.2,60.5347,VCB,80_20,LSTM
2026-05-18,62.68,60.2302,VCB,80_20,LSTM
2026-05-19,63.87,62.7085,VCB,80_20,LSTM
2026-05-20,64.06,63.869,VCB,80_20,LSTM
2026-05-21,64.36,64.0567,VCB,80_20,LSTM
2026-05-22,62.97,64.3689,VCB,80_20,LSTM
2026-05-25,63.17,62.9962,VCB,80_20,LSTM
2026-05-26,63.87,63.2262,VCB,80_20,LSTM
2026-05-27,63.67,63.9234,VCB,80_20,LSTM
2026-05-28,62.28,63.7109,VCB,80_20,LSTM
2026-05-29,61.49,62.3181,VCB,80_20,LSTM
2026-06-01,61.68,61.5486,VCB,80_20,LSTM
2026-06-02,61.09,61.7487,VCB,80_20,LSTM
2026-06-03,61.39,61.1476,VCB,80_20,LSTM
2026-06-04,61.68,61.4444,VCB,80_20,LSTM
2026-06-05,61.19,61.7244,VCB,80_20,LSTM
2026-06-08,60.79,61.2295,VCB,80_20,LSTM
2026-06-09,60.99,60.8348,VCB,80_20,LSTM
2026-06-10,61.19,61.0411,VCB,80_20,LSTM
2026-06-11,61.09,61.2372,VCB,80_20,LSTM
2026-06-12,61.09,61.1309,VCB,80_20,LSTM
2026-06-15,61.09,61.131,VCB,80_20,LSTM
2026-06-16,61.29,61.1324,VCB,80_20,LSTM
2026-06-17,61.68,61.3332,VCB,80_20,LSTM
2026-06-18,61.09,61.72,VCB,80_20,LSTM
2026-06-19,61.19,61.1256,VCB,80_20,LSTM
2026-06-22,60.79,61.2351,VCB,80_20,LSTM
2026-06-23,60.79,60.8351,VCB,80_20,LSTM
2026-06-24,60.49,60.8404,VCB,80_20,LSTM
2026-06-25,60.3,60.5368,VCB,80_20,LSTM
2026-06-26,60.89,60.3491,VCB,80_20,LSTM
2026-06-29,61.49,60.9381,VCB,80_20,LSTM
2026-06-30,61.68,61.5277,VCB,80_20,LSTM
2026-07-01,62.48,61.7091,VCB,80_20,LSTM
2026-07-02,61.58,62.5087,VCB,80_20,LSTM
2026-07-03,61.49,61.6055,VCB,80_20,LSTM
2026-07-06,60.69,61.5342,VCB,80_20,LSTM
2026-07-07,60.79,60.7381,VCB,80_20,LSTM
2026-07-08,61.09,60.8491,VCB,80_20,LSTM
2026-07-09,60.59,61.1409,VCB,80_20,LSTM
2026-07-10,60.0,60.6327,VCB,80_20,LSTM
2026-07-13,58.41,60.0457,VCB,80_20,LSTM
2026-07-14,58.71,58.4617,VCB,80_20,LSTM
2026-07-15,58.71,58.7806,VCB,80_20,LSTM
2026-07-16,58.91,58.7675,VCB,80_20,LSTM
2026-07-17,58.01,58.9578,VCB,80_20,LSTM
2026-07-20,56.23,58.0471,VCB,80_20,LSTM
2026-07-21,56.23,56.278,VCB,80_20,LSTM
2026-07-22,54.05,56.3001,VCB,80_20,LSTM
2026-07-23,54.0,54.1089,VCB,80_20,LSTM
2026-07-24,54.1,54.0758,VCB,80_20,LSTM
2026-07-27,54.0,54.1611,VCB,80_20,LSTM
2026-07-28,54.1,54.0497,VCB,80_20,LSTM
2026-07-29,54.6,54.1392,VCB,80_20,LSTM
2026-07-30,56.5,54.6366,VCB,80_20,LSTM
2026-07-31,59.3,56.5262,VCB,80_20,LSTM
2026-08-03,60.8,59.2933,VCB,80_20,LSTM
2026-08-04,60.0,60.7639,VCB,80_20,LSTM
2026-08-05,59.3,59.9698,VCB,80_20,LSTM
2026-08-06,59.0,59.3102,VCB,80_20,LSTM
2026-08-07,59.7,59.0438,VCB,80_20,LSTM
2026-08-10,60.3,59.7557,VCB,80_20,LSTM
2026-08-11,59.8,60.3396,VCB,80_20,LSTM
2026-08-12,59.7,59.8282,VCB,80_20,LSTM
2026-08-13,59.5,59.7374,VCB,80_20,LSTM
2026-08-14,58.5,59.5439,VCB,80_20,LSTM
2026-08-17,58.2,58.5477,VCB,80_20,LSTM
2026-08-18,58.0,58.2575,VCB,80_20,LSTM
2026-08-19,57.4,58.0569,VCB,80_20,LSTM
2026-08-20,57.8,57.4529,VCB,80_20,LSTM
2026-08-21,59.1,57.853,VCB,80_20,LSTM
2026-08-24,59.2,59.1411,VCB,80_20,LSTM
2026-08-25,59.4,59.2214,VCB,80_20,LSTM
2026-08-26,60.3,59.4222,VCB,80_20,LSTM
2026-08-27,60.1,60.3266,VCB,80_20,LSTM
2026-08-28,60.1,60.1247,VCB,80_20,LSTM
2026-09-03,58.7,60.133,VCB,80_20,LSTM
2026-09-04,58.9,58.7371,VCB,80_20,LSTM
2026-09-07,58.0,58.9596,VCB,80_20,LSTM
2026-09-08,58.1,58.0528,VCB,80_20,LSTM
2026-09-09,58.7,58.159,VCB,80_20,LSTM
2026-09-10,59.0,58.7481,VCB,80_20,LSTM
2026-09-11,58.2,59.0367,VCB,80_20,LSTM
2026-09-14,58.5,58.2302,VCB,80_20,LSTM
2026-09-15,60.0,58.5438,VCB,80_20,LSTM
2026-09-16,59.3,60.0403,VCB,80_20,LSTM
2026-09-17,59.6,59.3212,VCB,80_20,LSTM
2026-09-18,59.9,59.6315,VCB,80_20,LSTM
2026-09-21,58.9,59.9337,VCB,80_20,LSTM
2026-09-22,58.9,58.9368,VCB,80_20,LSTM
2026-09-23,58.5,58.9497,VCB,80_20,LSTM
2026-09-24,58.1,58.5496,VCB,80_20,LSTM
2026-09-25,58.0,58.1524,VCB,80_20,LSTM
2026-09-28,58.3,58.0513,VCB,80_20,LSTM
2026-09-29,58.0,58.3489,VCB,80_20,LSTM
2026-09-30,58.0,58.0407,VCB,80_20,LSTM
2026-10-01,57.6,58.0424,VCB,80_20,LSTM
2026-10-02,57.1,57.6421,VCB,80_20,LSTM
2025-03-12,103.99,105.2998,FPT,80_20,LSTM
2025-03-13,104.45,104.094,FPT,80_20,LSTM
2025-03-14,100.55,104.5938,FPT,80_20,LSTM
2025-03-17,99.48,100.634,FPT,80_20,LSTM
2025-03-18,99.48,99.6146,FPT,80_20,LSTM
2025-03-19,95.35,99.6288,FPT,80_20,LSTM
2025-03-20,95.65,95.4452,FPT,80_20,LSTM
2025-03-21,97.95,95.8138,FPT,80_20,LSTM
2025-03-24,98.71,98.111,FPT,80_20,LSTM
2025-03-25,96.8,98.8091,FPT,80_20,LSTM
2025-03-26,94.12,96.841,FPT,80_20,LSTM
2025-03-27,96.57,94.1599,FPT,80_20,LSTM
2025-03-28,94.89,96.7109,FPT,80_20,LSTM
2025-03-31,92.59,94.9743,FPT,80_20,LSTM
2025-04-01,92.21,92.673,FPT,80_20,LSTM
2025-04-02,93.36,92.321,FPT,80_20,LSTM
2025-04-03,86.85,93.4878,FPT,80_20,LSTM
2025-04-04,86.47,86.8933,FPT,80_20,LSTM
2025-04-08,80.42,86.6145,FPT,80_20,LSTM
2025-04-09,80.58,80.5078,FPT,80_20,LSTM
2025-04-10,86.16,80.7779,FPT,80_20,LSTM
2025-04-11,90.68,86.4025,FPT,80_20,LSTM
2025-04-14,90.68,90.7818,FPT,80_20,LSTM
2025-04-15,88.76,90.6349,FPT,80_20,LSTM
2025-04-16,82.57,88.6755,FPT,80_20,LSTM
2025-04-17,83.71,82.5192,FPT,80_20,LSTM
2025-04-18,85.4,83.8594,FPT,80_20,LSTM
2025-04-21,85.47,85.5721,FPT,80_20,LSTM
2025-04-22,84.48,85.578,FPT,80_20,LSTM
2025-04-23,84.48,84.5359,FPT,80_20,LSTM
2025-04-24,85.7,84.5349,FPT,80_20,LSTM
2025-04-25,86.01,85.7848,FPT,80_20,LSTM
2025-04-28,83.79,86.0789,FPT,80_20,LSTM
2025-04-29,83.71,83.8253,FPT,80_20,LSTM
2025-05-05,83.1,83.7886,FPT,80_20,LSTM
2025-05-06,83.94,83.1833,FPT,80_20,LSTM
2025-05-07,83.94,84.0493,FPT,80_20,LSTM
2025-05-08,87.46,84.0208,FPT,80_20,LSTM
2025-05-09,88.76,87.5626,FPT,80_20,LSTM
2025-05-12,90.52,88.7892,FPT,80_20,LSTM
2025-05-13,91.44,90.5341,FPT,80_20,LSTM
2025-05-14,96.65,91.4359,FPT,80_20,LSTM
2025-05-15,95.65,96.6977,FPT,80_20,LSTM
2025-05-16,92.59,95.6016,FPT,80_20,LSTM
2025-05-19,90.45,92.5554,FPT,80_20,LSTM
2025-05-20,91.21,90.4893,FPT,80_20,LSTM
2025-05-21,90.52,91.337,FPT,80_20,LSTM
2025-05-22,89.38,90.6456,FPT,80_20,LSTM
2025-05-23,89.61,89.4817,FPT,80_20,LSTM
2025-05-26,89.76,89.7142,FPT,80_20,LSTM
2025-05-27,91.06,89.8518,FPT,80_20,LSTM
2025-05-28,90.6,91.1598,FPT,80_20,LSTM
2025-05-29,89.61,90.6561,FPT,80_20,LSTM
2025-05-30,89.15,89.6603,FPT,80_20,LSTM
2025-06-02,88.84,89.2231,FPT,80_20,LSTM
2025-06-03,89.84,88.9276,FPT,80_20,LSTM
2025-06-04,89.61,89.9484,FPT,80_20,LSTM
2025-06-05,89.38,89.6847,FPT,80_20,LSTM
2025-06-06,88.0,89.4476,FPT,80_20,LSTM
2025-06-09,88.92,88.0574,FPT,80_20,LSTM
2025-06-10,88.53,89.02,FPT,80_20,LSTM
2025-06-11,90.22,88.6109,FPT,80_20,LSTM
2025-06-12,90.3,90.3203,FPT,80_20,LSTM
2025-06-13,89.06,90.3562,FPT,80_20,LSTM
2025-06-16,91.84,89.0969,FPT,80_20,LSTM
2025-06-17,91.69,91.9409,FPT,80_20,LSTM
2025-06-18,90.3,91.7324,FPT,80_20,LSTM
2025-06-19,89.53,90.3388,FPT,80_20,LSTM
2025-06-20,89.6,89.5921,FPT,80_20,LSTM
2025-06-23,89.45,89.6878,FPT,80_20,LSTM
2025-06-24,89.91,89.5489,FPT,80_20,LSTM
2025-06-25,90.37,90.0068,FPT,80_20,LSTM
2025-06-26,90.3,90.4493,FPT,80_20,LSTM
2025-06-27,90.53,90.3633,FPT,80_20,LSTM
2025-06-30,91.22,90.5975,FPT,80_20,LSTM
2025-07-01,91.69,91.292,FPT,80_20,LSTM
2025-07-02,91.53,91.7561,FPT,80_20,LSTM
2025-07-03,91.07,91.5866,FPT,80_20,LSTM
2025-07-04,94.54,91.1277,FPT,80_20,LSTM
2025-07-07,95.55,94.6509,FPT,80_20,LSTM
2025-07-08,96.09,95.5954,FPT,80_20,LSTM
2025-07-09,94.77,96.1161,FPT,80_20,LSTM
2025-07-10,95.62,94.7765,FPT,80_20,LSTM
2025-07-11,97.71,95.6814,FPT,80_20,LSTM
2025-07-14,98.09,97.8052,FPT,80_20,LSTM
2025-07-15,97.24,98.1462,FPT,80_20,LSTM
2025-07-16,97.47,97.2766,FPT,80_20,LSTM
2025-07-17,98.01,97.5287,FPT,80_20,LSTM
2025-07-18,97.24,98.0873,FPT,80_20,LSTM
2025-07-21,97.89,97.311,FPT,80_20,LSTM
2025-07-22,99.49,97.9825,FPT,80_20,LSTM
2025-07-23,99.22,99.5821,FPT,80_20,LSTM
2025-07-24,98.6,99.2749,FPT,80_20,LSTM
2025-07-25,98.25,98.6546,FPT,80_20,LSTM
2025-07-28,98.78,98.3176,FPT,80_20,LSTM
2025-07-29,94.07,98.8732,FPT,80_20,LSTM
2025-07-30,94.16,94.115,FPT,80_20,LSTM
2025-07-31,92.3,94.2963,FPT,80_20,LSTM
2025-08-01,94.96,92.4153,FPT,80_20,LSTM
2025-08-04,94.61,95.1349,FPT,80_20,LSTM
2025-08-05,93.9,94.6998,FPT,80_20,LSTM
2025-08-06,93.1,93.9589,FPT,80_20,LSTM
2025-08-07,94.25,93.164,FPT,80_20,LSTM
2025-08-08,93.72,94.3462,FPT,80_20,LSTM
2025-08-11,94.43,93.7992,FPT,80_20,LSTM
2025-08-12,95.41,94.5193,FPT,80_20,LSTM
2025-08-13,93.28,95.4878,FPT,80_20,LSTM
2025-08-14,92.12,93.3153,FPT,80_20,LSTM
2025-08-15,89.99,92.1945,FPT,80_20,LSTM
2025-08-18,89.19,90.073,FPT,80_20,LSTM
2025-08-19,89.02,89.3153,FPT,80_20,LSTM
2025-08-20,86.71,89.1546,FPT,80_20,LSTM
2025-08-21,90.26,86.8033,FPT,80_20,LSTM
2025-08-22,87.86,90.424,FPT,80_20,LSTM
2025-08-25,87.68,87.9032,FPT,80_20,LSTM
2025-08-26,88.75,87.758,FPT,80_20,LSTM
2025-08-27,93.19,88.8402,FPT,80_20,LSTM
2025-08-28,92.74,93.3019,FPT,80_20,LSTM
2025-08-29,90.17,92.7517,FPT,80_20,LSTM
2025-09-03,91.59,90.1529,FPT,80_20,LSTM
2025-09-04,93.19,91.6576,FPT,80_20,LSTM
2025-09-05,91.77,93.2733,FPT,80_20,LSTM
2025-09-08,90.44,91.8239,FPT,80_20,LSTM
2025-09-09,90.61,90.4975,FPT,80_20,LSTM
2025-09-10,89.81,90.6958,FPT,80_20,LSTM
2025-09-11,90.52,89.8991,FPT,80_20,LSTM
2025-09-12,90.17,90.6329,FPT,80_20,LSTM
2025-09-15,90.44,90.2494,FPT,80_20,LSTM
2025-09-16,91.86,90.5204,FPT,80_20,LSTM
2025-09-17,93.63,91.9477,FPT,80_20,LSTM
2025-09-18,91.41,93.7005,FPT,80_20,LSTM
2025-09-19,91.41,91.4224,FPT,80_20,LSTM
2025-09-22,88.48,91.4713,FPT,80_20,LSTM
2025-09-23,86.97,88.5287,FPT,80_20,LSTM
2025-09-24,88.31,87.0772,FPT,80_20,LSTM
2025-09-25,86.97,88.466,FPT,80_20,LSTM
2025-09-26,86.53,87.0647,FPT,80_20,LSTM
2025-09-29,84.76,86.6289,FPT,80_20,LSTM
2025-09-30,82.54,84.8316,FPT,80_20,LSTM
2025-10-01,82.89,82.6228,FPT,80_20,LSTM
2025-10-02,81.74,83.0251,FPT,80_20,LSTM
2025-10-03,82.89,81.8438,FPT,80_20,LSTM
2025-10-06,84.76,83.0139,FPT,80_20,LSTM
2025-10-07,84.76,84.8577,FPT,80_20,LSTM
2025-10-08,83.87,84.7996,FPT,80_20,LSTM
2025-10-09,83.6,83.8988,FPT,80_20,LSTM
2025-10-10,85.29,83.6492,FPT,80_20,LSTM
2025-10-13,83.42,85.3808,FPT,80_20,LSTM
2025-10-14,82.0,83.4647,FPT,80_20,LSTM
2025-10-15,79.52,82.0637,FPT,80_20,LSTM
2025-10-16,79.7,79.5886,FPT,80_20,LSTM
2025-10-17,78.19,79.8271,FPT,80_20,LSTM
2025-10-20,77.21,78.2963,FPT,80_20,LSTM
2025-10-21,82.54,77.3152,FPT,80_20,LSTM
2025-10-22,86.09,82.7104,FPT,80_20,LSTM
2025-10-23,84.31,86.1458,FPT,80_20,LSTM
2025-10-24,86.71,84.2542,FPT,80_20,LSTM
2025-10-27,86.97,86.7117,FPT,80_20,LSTM
2025-10-28,90.7,86.9501,FPT,80_20,LSTM
2025-10-29,90.26,90.7676,FPT,80_20,LSTM
2025-10-30,91.15,90.2569,FPT,80_20,LSTM
2025-10-31,92.21,91.1646,FPT,80_20,LSTM
2025-11-03,93.19,92.2425,FPT,80_20,LSTM
2025-11-04,91.68,93.2282,FPT,80_20,LSTM
2025-11-05,89.55,91.7075,FPT,80_20,LSTM
2025-11-06,88.93,89.5936,FPT,80_20,LSTM
2025-11-07,89.64,89.0274,FPT,80_20,LSTM
2025-11-10,85.38,89.7684,FPT,80_20,LSTM
2025-11-11,85.29,85.4448,FPT,80_20,LSTM
2025-11-12,89.28,85.42,FPT,80_20,LSTM
2025-11-13,87.77,89.4482,FPT,80_20,LSTM
2025-11-14,88.75,87.8188,FPT,80_20,LSTM
2025-11-17,89.64,88.8196,FPT,80_20,LSTM
2025-11-18,88.75,89.682,FPT,80_20,LSTM
2025-11-19,86.97,88.7803,FPT,80_20,LSTM
2025-11-20,87.86,87.0232,FPT,80_20,LSTM
2025-11-21,89.46,87.9601,FPT,80_20,LSTM
2025-11-24,88.93,89.5667,FPT,80_20,LSTM
2025-11-25,88.48,88.9906,FPT,80_20,LSTM
2025-11-26,87.86,88.5341,FPT,80_20,LSTM
2025-11-27,88.31,87.9164,FPT,80_20,LSTM
2025-11-28,86.18,88.3979,FPT,80_20,LSTM
2025-12-01,86.62,86.2437,FPT,80_20,LSTM
2025-12-02,86.62,86.7265,FPT,80_20,LSTM
2025-12-03,86.62,86.7137,FPT,80_20,LSTM
2025-12-04,87.43,86.7068,FPT,80_20,LSTM
2025-12-05,86.27,87.5176,FPT,80_20,LSTM
2025-12-08,85.64,86.3182,FPT,80_20,LSTM
2025-12-09,86.89,85.7091,FPT,80_20,LSTM
2025-12-10,85.73,86.9889,FPT,80_20,LSTM
2025-12-11,86.09,85.7913,FPT,80_20,LSTM
2025-12-12,84.02,86.1764,FPT,80_20,LSTM
2025-12-15,84.11,84.0723,FPT,80_20,LSTM
2025-12-16,85.1,84.2072,FPT,80_20,LSTM
2025-12-17,86.0,85.2097,FPT,80_20,LSTM
2025-12-18,84.65,86.0864,FPT,80_20,LSTM
2025-12-19,84.2,84.6939,FPT,80_20,LSTM
2025-12-22,84.02,84.2587,FPT,80_20,LSTM
2025-12-23,84.29,84.0959,FPT,80_20,LSTM
2025-12-24,83.93,84.3807,FPT,80_20,LSTM
2025-12-25,83.4,84.0084,FPT,80_20,LSTM
2025-12-26,82.95,83.4702,FPT,80_20,LSTM
2025-12-29,84.56,83.0247,FPT,80_20,LSTM
2025-12-30,86.54,84.6614,FPT,80_20,LSTM
2025-12-31,85.91,86.6233,FPT,80_20,LSTM
2026-01-05,85.19,85.9343,FPT,80_20,LSTM
2026-01-06,84.29,85.2182,FPT,80_20,LSTM
2026-01-07,87.43,84.3363,FPT,80_20,LSTM
2026-01-08,86.54,87.5499,FPT,80_20,LSTM
2026-01-09,87.34,86.5861,FPT,80_20,LSTM
2026-01-12,89.23,87.4011,FPT,80_20,LSTM
2026-01-13,88.69,89.2908,FPT,80_20,LSTM
2026-01-14,89.49,88.7108,FPT,80_20,LSTM
2026-01-15,88.33,89.548,FPT,80_20,LSTM
2026-01-16,94.43,88.3628,FPT,80_20,LSTM
2026-01-19,94.87,94.5685,FPT,80_20,LSTM
2026-01-20,93.35,94.8745,FPT,80_20,LSTM
2026-01-21,94.16,93.3252,FPT,80_20,LSTM
2026-01-22,92.81,94.1899,FPT,80_20,LSTM
2026-01-23,90.57,92.8367,FPT,80_20,LSTM
2026-01-26,88.33,90.6453,FPT,80_20,LSTM
2026-01-27,91.56,88.4275,FPT,80_20,LSTM
2026-01-28,93.71,91.7372,FPT,80_20,LSTM
2026-01-29,95.14,93.8276,FPT,80_20,LSTM
2026-01-30,93.71,95.1936,FPT,80_20,LSTM
2026-02-02,93.53,93.6995,FPT,80_20,LSTM
2026-02-03,93.17,93.5563,FPT,80_20,LSTM
2026-02-04,91.38,93.2356,FPT,80_20,LSTM
2026-02-05,88.78,91.4542,FPT,80_20,LSTM
2026-02-06,87.52,88.8671,FPT,80_20,LSTM
2026-02-09,88.78,87.6407,FPT,80_20,LSTM
2026-02-10,87.7,88.9376,FPT,80_20,LSTM
2026-02-11,88.42,87.8016,FPT,80_20,LSTM
2026-02-12,88.6,88.5253,FPT,80_20,LSTM
2026-02-13,86.36,88.6737,FPT,80_20,LSTM
2026-02-23,84.74,86.4044,FPT,80_20,LSTM
2026-02-24,82.95,84.8191,FPT,80_20,LSTM
2026-02-25,79.9,83.0455,FPT,80_20,LSTM
2026-02-26,81.15,80.0033,FPT,80_20,LSTM
2026-02-27,83.31,81.3189,FPT,80_20,LSTM
2026-03-02,80.35,83.4533,FPT,80_20,LSTM
2026-03-03,78.02,80.389,FPT,80_20,LSTM
2026-03-04,76.31,78.0732,FPT,80_20,LSTM
2026-03-05,75.68,76.3923,FPT,80_20,LSTM
2026-03-06,73.17,75.806,FPT,80_20,LSTM
2026-03-09,68.06,73.2761,FPT,80_20,LSTM
2026-03-10,71.29,68.1374,FPT,80_20,LSTM
2026-03-11,71.92,71.491,FPT,80_20,LSTM
2026-03-12,69.68,72.0384,FPT,80_20,LSTM
2026-03-13,69.05,69.7304,FPT,80_20,LSTM
2026-03-16,70.12,69.1095,FPT,80_20,LSTM
2026-03-17,71.2,70.1978,FPT,80_20,LSTM
2026-03-18,70.48,71.2847,FPT,80_20,LSTM
2026-03-19,68.87,70.5227,FPT,80_20,LSTM
2026-03-20,66.9,68.8988,FPT,80_20,LSTM
2026-03-23,65.55,66.9488,FPT,80_20,LSTM
2026-03-24,67.61,65.638,FPT,80_20,LSTM
2026-03-25,69.05,67.7513,FPT,80_20,LSTM
2026-03-26,66.54,69.1425,FPT,80_20,LSTM
2026-03-27,68.24,66.5524,FPT,80_20,LSTM
2026-03-30,66.36,68.3085,FPT,80_20,LSTM
2026-03-31,66.99,66.3802,FPT,80_20,LSTM
2026-04-01,67.52,67.0703,FPT,80_20,LSTM
2026-04-02,66.99,67.5927,FPT,80_20,LSTM
2026-04-03,66.36,67.0353,FPT,80_20,LSTM
2026-04-06,66.27,66.4125,FPT,80_20,LSTM
2026-04-07,66.36,66.3297,FPT,80_20,LSTM
2026-04-08,70.93,66.4286,FPT,80_20,LSTM
2026-04-09,70.21,71.0462,FPT,80_20,LSTM
2026-04-10,69.68,70.2002,FPT,80_20,LSTM
2026-04-13,68.15,69.6738,FPT,80_20,LSTM
2026-04-14,68.33,68.153,FPT,80_20,LSTM
2026-04-15,67.34,68.3915,FPT,80_20,LSTM
2026-04-16,66.45,67.415,FPT,80_20,LSTM
2026-04-17,68.15,66.5266,FPT,80_20,LSTM
2026-04-20,68.96,68.255,FPT,80_20,LSTM
2026-04-21,67.34,69.0243,FPT,80_20,LSTM
2026-04-22,66.9,67.3632,FPT,80_20,LSTM
2026-04-23,66.63,66.9464,FPT,80_20,LSTM
2026-04-24,65.82,66.6903,FPT,80_20,LSTM
2026-04-28,66.72,65.8896,FPT,80_20,LSTM
2026-04-29,67.7,66.8122,FPT,80_20,LSTM
2026-05-04,66.09,67.7704,FPT,80_20,LSTM
2026-05-05,66.63,66.1164,FPT,80_20,LSTM
2026-05-06,65.73,66.6918,FPT,80_20,LSTM
2026-05-07,65.46,65.7745,FPT,80_20,LSTM
2026-05-08,64.48,65.5277,FPT,80_20,LSTM
2026-05-11,62.77,64.5432,FPT,80_20,LSTM
2026-05-12,63.31,62.8293,FPT,80_20,LSTM
2026-05-13,63.4,63.4101,FPT,80_20,LSTM
2026-05-14,66.27,63.4818,FPT,80_20,LSTM
2026-05-15,65.37,66.3697,FPT,80_20,LSTM
2026-05-18,67.17,65.3795,FPT,80_20,LSTM
2026-05-19,66.81,67.2076,FPT,80_20,LSTM
2026-05-20,69.68,66.8144,FPT,80_20,LSTM
2026-05-21,68.6,69.734,FPT,80_20,LSTM
2026-05-22,67.34,68.5972,FPT,80_20,LSTM
2026-05-25,65.91,67.3499,FPT,80_20,LSTM
2026-05-26,66.81,65.9508,FPT,80_20,LSTM
2026-05-27,66.0,66.9027,FPT,80_20,LSTM
2026-05-28,64.73,66.0748,FPT,80_20,LSTM
2026-05-29,65.09,64.7928,FPT,80_20,LSTM
2026-06-01,66.27,65.1724,FPT,80_20,LSTM
2026-06-02,68.0,66.3525,FPT,80_20,LSTM
2026-06-03,69.55,68.071,FPT,80_20,LSTM
2026-06-04,69.18,69.584,FPT,80_20,LSTM
2026-06-05,68.18,69.1706,FPT,80_20,LSTM
2026-06-08,66.27,68.1819,FPT,80_20,LSTM
2026-06-09,67.0,66.2969,FPT,80_20,LSTM
2026-06-10,67.46,67.0946,FPT,80_20,LSTM
2026-06-11,66.46,67.5497,FPT,80_20,LSTM
2026-06-12,66.82,66.5168,FPT,80_20,LSTM
2026-06-15,66.91,66.888,FPT,80_20,LSTM
2026-06-16,66.55,66.9656,FPT,80_20,LSTM
2026-06-17,65.73,66.6044,FPT,80_20,LSTM
2026-06-18,65.09,65.7824,FPT,80_20,LSTM
2026-06-19,65.0,65.1504,FPT,80_20,LSTM
2026-06-22,64.18,65.0759,FPT,80_20,LSTM
2026-06-23,64.36,64.2468,FPT,80_20,LSTM
2026-06-24,64.36,64.4387,FPT,80_20,LSTM
2026-06-25,64.55,64.4272,FPT,80_20,LSTM
2026-06-26,64.36,64.6127,FPT,80_20,LSTM
2026-06-29,64.0,64.4122,FPT,80_20,LSTM
2026-06-30,63.82,64.0487,FPT,80_20,LSTM
2026-07-01,66.27,63.8766,FPT,80_20,LSTM
2026-07-02,65.91,66.3576,FPT,80_20,LSTM
2026-07-03,65.73,65.9359,FPT,80_20,LSTM
2026-07-06,66.36,65.7567,FPT,80_20,LSTM
2026-07-07,66.55,66.3999,FPT,80_20,LSTM
2026-07-08,65.55,66.5888,FPT,80_20,LSTM
2026-07-09,65.55,65.5887,FPT,80_20,LSTM
2026-07-10,64.18,65.6086,FPT,80_20,LSTM
2026-07-13,64.09,64.2287,FPT,80_20,LSTM
2026-07-14,63.91,64.1695,FPT,80_20,LSTM
2026-07-15,60.73,63.9867,FPT,80_20,LSTM
2026-07-16,61.82,60.7715,FPT,80_20,LSTM
2026-07-17,60.91,61.9316,FPT,80_20,LSTM
2026-07-20,61.0,60.9822,FPT,80_20,LSTM
2026-07-21,58.91,61.0827,FPT,80_20,LSTM
2026-07-22,58.73,58.9561,FPT,80_20,LSTM
2026-07-23,58.82,58.805,FPT,80_20,LSTM
2026-07-24,57.18,58.9037,FPT,80_20,LSTM
2026-07-27,56.55,57.236,FPT,80_20,LSTM
2026-07-28,57.27,56.6231,FPT,80_20,LSTM
2026-07-29,59.18,57.3545,FPT,80_20,LSTM
2026-07-30,60.91,59.2646,FPT,80_20,LSTM
2026-07-31,61.0,60.9564,FPT,80_20,LSTM
2026-08-03,65.18,60.994,FPT,80_20,LSTM
2026-08-04,65.0,65.2173,FPT,80_20,LSTM
2026-08-05,63.91,64.953,FPT,80_20,LSTM
2026-08-06,64.27,63.88,FPT,80_20,LSTM
2026-08-07,64.36,64.2903,FPT,80_20,LSTM
2026-08-10,65.27,64.3968,FPT,80_20,LSTM
2026-08-11,64.73,65.34,FPT,80_20,LSTM
2026-08-12,64.36,64.7681,FPT,80_20,LSTM
2026-08-13,62.91,64.4012,FPT,80_20,LSTM
2026-08-14,62.09,62.9506,FPT,80_20,LSTM
2026-08-17,62.55,62.1575,FPT,80_20,LSTM
2026-08-18,62.73,62.6432,FPT,80_20,LSTM
2026-08-19,62.64,62.8071,FPT,80_20,LSTM
2026-08-20,63.46,62.7,FPT,80_20,LSTM
2026-08-21,65.46,63.5187,FPT,80_20,LSTM
2026-08-24,64.91,65.5183,FPT,80_20,LSTM
2026-08-25,64.27,64.9198,FPT,80_20,LSTM
2026-08-26,66.0,64.2872,FPT,80_20,LSTM
2026-08-27,65.64,66.058,FPT,80_20,LSTM
2026-08-28,66.55,65.67,FPT,80_20,LSTM
2026-09-03,65.64,66.6045,FPT,80_20,LSTM
2026-09-04,66.18,65.663,FPT,80_20,LSTM
2026-09-07,65.82,66.2319,FPT,80_20,LSTM
2026-09-08,65.64,65.8686,FPT,80_20,LSTM
2026-09-09,65.82,65.6947,FPT,80_20,LSTM
2026-09-10,67.73,65.8829,FPT,80_20,LSTM
2026-09-11,66.09,67.8055,FPT,80_20,LSTM
2026-09-14,65.82,66.1072,FPT,80_20,LSTM
2026-09-15,66.09,65.8653,FPT,80_20,LSTM
2026-09-16,67.09,66.1497,FPT,80_20,LSTM
2026-09-17,67.55,67.1615,FPT,80_20,LSTM
2026-09-18,65.18,67.6059,FPT,80_20,LSTM
2026-09-21,66.4,65.1929,FPT,80_20,LSTM
2026-09-22,66.6,66.4774,FPT,80_20,LSTM
2026-09-23,66.1,66.6615,FPT,80_20,LSTM
2026-09-24,65.3,66.154,FPT,80_20,LSTM
2026-09-25,64.7,65.35,FPT,80_20,LSTM
2026-09-28,63.7,64.7554,FPT,80_20,LSTM
2026-09-29,63.2,63.7665,FPT,80_20,LSTM
2026-09-30,63.0,63.28,FPT,80_20,LSTM
2026-10-01,62.7,63.0814,FPT,80_20,LSTM
2026-10-02,62.1,62.7731,FPT,80_20,LSTM
2025-03-12,20.68,20.9488,HPG,80_20,LSTM
2025-03-13,20.61,20.6836,HPG,80_20,LSTM
2025-03-14,20.49,20.6115,HPG,80_20,LSTM
2025-03-17,20.72,20.4879,HPG,80_20,LSTM
2025-03-18,20.53,20.7268,HPG,80_20,LSTM
2025-03-19,20.27,20.525,HPG,80_20,LSTM
2025-03-20,20.2,20.2653,HPG,80_20,LSTM
2025-03-21,20.2,20.1985,HPG,80_20,LSTM
2025-03-24,20.2,20.201,HPG,80_20,LSTM
2025-03-25,20.23,20.1967,HPG,80_20,LSTM
2025-03-26,20.49,20.2298,HPG,80_20,LSTM
2025-03-27,20.46,20.5002,HPG,80_20,LSTM
2025-03-28,20.2,20.4663,HPG,80_20,LSTM
2025-03-31,19.9,20.2005,HPG,80_20,LSTM
2025-04-01,20.09,19.897,HPG,80_20,LSTM
2025-04-02,20.27,20.0962,HPG,80_20,LSTM
2025-04-03,18.86,20.273,HPG,80_20,LSTM
2025-04-04,18.3,18.8239,HPG,80_20,LSTM
2025-04-08,17.04,18.2742,HPG,80_20,LSTM
2025-04-09,15.85,16.9938,HPG,80_20,LSTM
2025-04-10,16.92,15.7878,HPG,80_20,LSTM
2025-04-11,18.08,16.8924,HPG,80_20,LSTM
2025-04-14,18.86,18.0815,HPG,80_20,LSTM
2025-04-15,19.23,18.8701,HPG,80_20,LSTM
2025-04-16,18.97,19.2605,HPG,80_20,LSTM
2025-04-17,18.97,19.0121,HPG,80_20,LSTM
2025-04-18,18.93,19.0039,HPG,80_20,LSTM
2025-04-21,18.56,18.9466,HPG,80_20,LSTM
2025-04-22,18.64,18.5557,HPG,80_20,LSTM
2025-04-23,19.01,18.6374,HPG,80_20,LSTM
2025-04-24,19.04,19.0192,HPG,80_20,LSTM
2025-04-25,19.12,19.0436,HPG,80_20,LSTM
2025-04-28,19.08,19.126,HPG,80_20,LSTM
2025-04-29,18.97,19.0903,HPG,80_20,LSTM
2025-05-05,19.12,18.9776,HPG,80_20,LSTM
2025-05-06,18.93,19.1277,HPG,80_20,LSTM
2025-05-07,18.9,18.9297,HPG,80_20,LSTM
2025-05-08,19.12,18.9007,HPG,80_20,LSTM
2025-05-09,19.08,19.1273,HPG,80_20,LSTM
2025-05-12,18.9,19.0844,HPG,80_20,LSTM
2025-05-13,19.19,18.898,HPG,80_20,LSTM
2025-05-14,19.45,19.2017,HPG,80_20,LSTM
2025-05-15,19.45,19.4644,HPG,80_20,LSTM
2025-05-16,19.19,19.457,HPG,80_20,LSTM
2025-05-19,19.08,19.1913,HPG,80_20,LSTM
2025-05-20,19.08,19.0862,HPG,80_20,LSTM
2025-05-21,19.16,19.0835,HPG,80_20,LSTM
2025-05-22,19.08,19.161,HPG,80_20,LSTM
2025-05-23,19.04,19.077,HPG,80_20,LSTM
2025-05-26,19.01,19.0412,HPG,80_20,LSTM
2025-05-27,19.01,19.0127,HPG,80_20,LSTM
2025-05-28,19.04,19.0131,HPG,80_20,LSTM
2025-05-29,19.01,19.0424,HPG,80_20,LSTM
2025-05-30,19.16,19.0123,HPG,80_20,LSTM
2025-06-02,19.01,19.1674,HPG,80_20,LSTM
2025-06-03,19.34,19.0115,HPG,80_20,LSTM
2025-06-04,19.3,19.3529,HPG,80_20,LSTM
2025-06-05,19.16,19.3059,HPG,80_20,LSTM
2025-06-06,19.38,19.164,HPG,80_20,LSTM
2025-06-09,19.57,19.3899,HPG,80_20,LSTM
2025-06-10,19.49,19.5841,HPG,80_20,LSTM
2025-06-11,19.42,19.4939,HPG,80_20,LSTM
2025-06-12,19.94,19.4244,HPG,80_20,LSTM
2025-06-13,19.64,19.9622,HPG,80_20,LSTM
2025-06-16,19.9,19.6423,HPG,80_20,LSTM
2025-06-17,19.97,19.9117,HPG,80_20,LSTM
2025-06-18,20.2,19.9809,HPG,80_20,LSTM
2025-06-19,20.01,20.218,HPG,80_20,LSTM
2025-06-20,20.09,20.0111,HPG,80_20,LSTM
2025-06-23,19.97,20.1019,HPG,80_20,LSTM
2025-06-24,20.09,19.9736,HPG,80_20,LSTM
2025-06-25,20.23,20.0978,HPG,80_20,LSTM
2025-06-26,20.35,20.2356,HPG,80_20,LSTM
2025-06-27,20.4,20.3597,HPG,80_20,LSTM
2025-06-30,20.27,20.4081,HPG,80_20,LSTM
2025-07-01,20.22,20.2764,HPG,80_20,LSTM
2025-07-02,20.44,20.2258,HPG,80_20,LSTM
2025-07-03,20.62,20.4503,HPG,80_20,LSTM
2025-07-04,20.76,20.6295,HPG,80_20,LSTM
2025-07-07,21.07,20.7697,HPG,80_20,LSTM
2025-07-08,22.05,21.0884,HPG,80_20,LSTM
2025-07-09,22.1,22.0916,HPG,80_20,LSTM
2025-07-10,22.45,22.1241,HPG,80_20,LSTM
2025-07-11,23.21,22.4826,HPG,80_20,LSTM
2025-07-14,22.99,23.2578,HPG,80_20,LSTM
2025-07-15,22.76,23.0166,HPG,80_20,LSTM
2025-07-16,23.3,22.7708,HPG,80_20,LSTM
2025-07-17,23.21,23.3298,HPG,80_20,LSTM
2025-07-18,23.12,23.2236,HPG,80_20,LSTM
2025-07-21,23.39,23.1212,HPG,80_20,LSTM
2025-07-22,23.61,23.4036,HPG,80_20,LSTM
2025-07-23,23.57,23.6294,HPG,80_20,LSTM
2025-07-24,23.21,23.5766,HPG,80_20,LSTM
2025-07-25,23.26,23.2097,HPG,80_20,LSTM
2025-07-28,23.52,23.2689,HPG,80_20,LSTM
2025-07-29,22.63,23.5305,HPG,80_20,LSTM
2025-07-30,22.68,22.6092,HPG,80_20,LSTM
2025-07-31,22.27,22.6746,HPG,80_20,LSTM
2025-08-01,22.45,22.2576,HPG,80_20,LSTM
2025-08-04,22.59,22.4471,HPG,80_20,LSTM
2025-08-05,23.57,22.5818,HPG,80_20,LSTM
2025-08-06,24.19,23.5994,HPG,80_20,LSTM
2025-08-07,25.44,24.2188,HPG,80_20,LSTM
2025-08-08,25.0,25.502,HPG,80_20,LSTM
2025-08-11,25.13,25.0288,HPG,80_20,LSTM
2025-08-12,25.44,25.1724,HPG,80_20,LSTM
2025-08-13,25.09,25.4759,HPG,80_20,LSTM
2025-08-14,25.18,25.1036,HPG,80_20,LSTM
2025-08-15,25.0,25.1824,HPG,80_20,LSTM
2025-08-18,25.35,25.0032,HPG,80_20,LSTM
2025-08-19,25.13,25.3635,HPG,80_20,LSTM
2025-08-20,24.46,25.1265,HPG,80_20,LSTM
2025-08-21,24.46,24.4482,HPG,80_20,LSTM
2025-08-22,23.21,24.4571,HPG,80_20,LSTM
2025-08-25,23.17,23.1766,HPG,80_20,LSTM
2025-08-26,24.28,23.1477,HPG,80_20,LSTM
2025-08-27,23.88,24.2872,HPG,80_20,LSTM
2025-08-28,24.19,23.8672,HPG,80_20,LSTM
2025-08-29,24.55,24.1917,HPG,80_20,LSTM
2025-09-03,25.13,24.5773,HPG,80_20,LSTM
2025-09-04,26.65,25.1698,HPG,80_20,LSTM
2025-09-05,25.71,26.7044,HPG,80_20,LSTM
2025-09-08,25.8,25.7219,HPG,80_20,LSTM
2025-09-09,25.76,25.8288,HPG,80_20,LSTM
2025-09-10,25.76,25.7827,HPG,80_20,LSTM
2025-09-11,26.02,25.776,HPG,80_20,LSTM
2025-09-12,26.78,26.0181,HPG,80_20,LSTM
2025-09-15,27.09,26.8091,HPG,80_20,LSTM
2025-09-16,26.74,27.1139,HPG,80_20,LSTM
2025-09-17,26.07,26.752,HPG,80_20,LSTM
2025-09-18,26.02,26.0719,HPG,80_20,LSTM
2025-09-19,26.11,26.0283,HPG,80_20,LSTM
2025-09-22,25.35,26.1087,HPG,80_20,LSTM
2025-09-23,25.58,25.3212,HPG,80_20,LSTM
2025-09-24,25.93,25.5731,HPG,80_20,LSTM
2025-09-25,25.71,25.9378,HPG,80_20,LSTM
2025-09-26,25.49,25.7066,HPG,80_20,LSTM
2025-09-29,25.53,25.4826,HPG,80_20,LSTM
2025-09-30,25.13,25.5395,HPG,80_20,LSTM
2025-10-01,25.26,25.1246,HPG,80_20,LSTM
2025-10-02,25.09,25.2583,HPG,80_20,LSTM
2025-10-03,24.68,25.0842,HPG,80_20,LSTM
2025-10-06,26.07,24.6692,HPG,80_20,LSTM
2025-10-07,25.89,26.101,HPG,80_20,LSTM
2025-10-08,26.07,25.8986,HPG,80_20,LSTM
2025-10-09,25.84,26.0861,HPG,80_20,LSTM
2025-10-10,26.42,25.8511,HPG,80_20,LSTM
2025-10-13,25.89,26.4596,HPG,80_20,LSTM
2025-10-14,25.31,25.8841,HPG,80_20,LSTM
2025-10-15,25.22,25.3009,HPG,80_20,LSTM
2025-10-16,25.22,25.2144,HPG,80_20,LSTM
2025-10-17,25.0,25.2185,HPG,80_20,LSTM
2025-10-20,23.26,24.982,HPG,80_20,LSTM
2025-10-21,23.93,23.2083,HPG,80_20,LSTM
2025-10-22,23.84,23.9291,HPG,80_20,LSTM
2025-10-23,23.66,23.8243,HPG,80_20,LSTM
2025-10-24,23.57,23.6394,HPG,80_20,LSTM
2025-10-27,23.43,23.5515,HPG,80_20,LSTM
2025-10-28,23.93,23.4369,HPG,80_20,LSTM
2025-10-29,24.33,23.9415,HPG,80_20,LSTM
2025-10-30,24.01,24.3447,HPG,80_20,LSTM
2025-10-31,23.84,24.0132,HPG,80_20,LSTM
2025-11-03,23.26,23.8464,HPG,80_20,LSTM
2025-11-04,23.88,23.2568,HPG,80_20,LSTM
2025-11-05,23.48,23.8946,HPG,80_20,LSTM
2025-11-06,23.3,23.4661,HPG,80_20,LSTM
2025-11-07,23.26,23.2925,HPG,80_20,LSTM
2025-11-10,23.61,23.2563,HPG,80_20,LSTM
2025-11-11,23.75,23.6254,HPG,80_20,LSTM
2025-11-12,24.1,23.7528,HPG,80_20,LSTM
2025-11-13,23.7,24.1164,HPG,80_20,LSTM
2025-11-14,24.01,23.7037,HPG,80_20,LSTM
2025-11-17,24.37,24.0304,HPG,80_20,LSTM
2025-11-18,24.55,24.3897,HPG,80_20,LSTM
2025-11-19,24.64,24.567,HPG,80_20,LSTM
2025-11-20,24.33,24.6515,HPG,80_20,LSTM
2025-11-21,24.46,24.3395,HPG,80_20,LSTM
2025-11-24,24.19,24.4742,HPG,80_20,LSTM
2025-11-25,24.01,24.1893,HPG,80_20,LSTM
2025-11-26,24.19,24.006,HPG,80_20,LSTM
2025-11-27,24.01,24.1913,HPG,80_20,LSTM
2025-11-28,23.7,24.008,HPG,80_20,LSTM
2025-12-01,23.66,23.6903,HPG,80_20,LSTM
2025-12-02,23.66,23.6579,HPG,80_20,LSTM
2025-12-03,23.93,23.6608,HPG,80_20,LSTM
2025-12-04,24.37,23.9343,HPG,80_20,LSTM
2025-12-05,24.1,24.3838,HPG,80_20,LSTM
2025-12-08,23.88,24.1049,HPG,80_20,LSTM
2025-12-09,23.57,23.8851,HPG,80_20,LSTM
2025-12-10,23.79,23.5711,HPG,80_20,LSTM
2025-12-11,23.7,23.7976,HPG,80_20,LSTM
2025-12-12,23.21,23.6936,HPG,80_20,LSTM
2025-12-15,23.43,23.196,HPG,80_20,LSTM
2025-12-16,23.84,23.4324,HPG,80_20,LSTM
2025-12-17,23.57,23.854,HPG,80_20,LSTM
2025-12-18,23.57,23.5663,HPG,80_20,LSTM
2025-12-19,23.84,23.5722,HPG,80_20,LSTM
2025-12-22,24.01,23.8576,HPG,80_20,LSTM
2025-12-23,23.88,24.0247,HPG,80_20,LSTM
2025-12-24,23.7,23.8822,HPG,80_20,LSTM
2025-12-25,23.43,23.7044,HPG,80_20,LSTM
2025-12-26,24.01,23.4306,HPG,80_20,LSTM
2025-12-29,23.84,24.0259,HPG,80_20,LSTM
2025-12-30,23.66,23.8384,HPG,80_20,LSTM
2025-12-31,23.57,23.6587,HPG,80_20,LSTM
2026-01-05,23.17,23.5721,HPG,80_20,LSTM
2026-01-06,23.17,23.1676,HPG,80_20,LSTM
2026-01-07,23.75,23.1642,HPG,80_20,LSTM
2026-01-08,23.57,23.761,HPG,80_20,LSTM
2026-01-09,23.39,23.5689,HPG,80_20,LSTM
2026-01-12,24.55,23.3888,HPG,80_20,LSTM
2026-01-13,24.33,24.5897,HPG,80_20,LSTM
2026-01-14,24.33,24.3449,HPG,80_20,LSTM
2026-01-15,24.64,24.341,HPG,80_20,LSTM
2026-01-16,24.64,24.6634,HPG,80_20,LSTM
2026-01-19,24.73,24.663,HPG,80_20,LSTM
2026-01-20,24.33,24.7376,HPG,80_20,LSTM
2026-01-21,23.93,24.3295,HPG,80_20,LSTM
2026-01-22,23.97,23.9259,HPG,80_20,LSTM
2026-01-23,23.88,23.968,HPG,80_20,LSTM
2026-01-26,23.48,23.8738,HPG,80_20,LSTM
2026-01-27,23.61,23.4622,HPG,80_20,LSTM
2026-01-28,23.84,23.6072,HPG,80_20,LSTM
2026-01-29,24.19,23.8466,HPG,80_20,LSTM
2026-01-30,23.93,24.201,HPG,80_20,LSTM
2026-02-02,23.7,23.9299,HPG,80_20,LSTM
2026-02-03,23.88,23.7053,HPG,80_20,LSTM
2026-02-04,25.26,23.8923,HPG,80_20,LSTM
2026-02-05,24.59,25.3027,HPG,80_20,LSTM
2026-02-06,23.93,24.5857,HPG,80_20,LSTM
2026-02-09,23.88,23.9254,HPG,80_20,LSTM
2026-02-10,23.7,23.8893,HPG,80_20,LSTM
2026-02-11,23.97,23.703,HPG,80_20,LSTM
2026-02-12,24.01,23.9597,HPG,80_20,LSTM
2026-02-13,23.97,24.0054,HPG,80_20,LSTM
2026-02-23,24.55,23.9742,HPG,80_20,LSTM
2026-02-24,25.26,24.5713,HPG,80_20,LSTM
2026-02-25,26.16,25.2943,HPG,80_20,LSTM
2026-02-26,26.25,26.2037,HPG,80_20,LSTM
2026-02-27,25.71,26.2827,HPG,80_20,LSTM
2026-03-02,25.44,25.7311,HPG,80_20,LSTM
2026-03-03,24.73,25.4563,HPG,80_20,LSTM
2026-03-04,24.73,24.7218,HPG,80_20,LSTM
2026-03-05,24.33,24.7181,HPG,80_20,LSTM
2026-03-06,24.33,24.3039,HPG,80_20,LSTM
2026-03-09,22.63,24.3167,HPG,80_20,LSTM
2026-03-10,24.19,22.576,HPG,80_20,LSTM
2026-03-11,24.46,24.2114,HPG,80_20,LSTM
2026-03-12,23.93,24.4591,HPG,80_20,LSTM
2026-03-13,23.79,23.918,HPG,80_20,LSTM
2026-03-16,23.88,23.7831,HPG,80_20,LSTM
2026-03-17,24.01,23.9066,HPG,80_20,LSTM
2026-03-18,23.93,24.0142,HPG,80_20,LSTM
2026-03-19,23.84,23.925,HPG,80_20,LSTM
2026-03-20,23.12,23.8422,HPG,80_20,LSTM
2026-03-23,22.76,23.1071,HPG,80_20,LSTM
2026-03-24,23.17,22.7473,HPG,80_20,LSTM
2026-03-25,23.52,23.1702,HPG,80_20,LSTM
2026-03-26,23.12,23.5221,HPG,80_20,LSTM
2026-03-27,23.66,23.1065,HPG,80_20,LSTM
2026-03-30,24.01,23.679,HPG,80_20,LSTM
2026-03-31,24.01,24.0359,HPG,80_20,LSTM
2026-04-01,24.24,24.0248,HPG,80_20,LSTM
2026-04-02,24.42,24.2563,HPG,80_20,LSTM
2026-04-03,23.79,24.4453,HPG,80_20,LSTM
2026-04-06,23.97,23.7882,HPG,80_20,LSTM
2026-04-07,23.93,23.9782,HPG,80_20,LSTM
2026-04-08,25.0,23.9338,HPG,80_20,LSTM
2026-04-09,25.22,25.0291,HPG,80_20,LSTM
2026-04-10,25.0,25.2335,HPG,80_20,LSTM
2026-04-13,24.82,25.0164,HPG,80_20,LSTM
2026-04-14,25.49,24.8344,HPG,80_20,LSTM
2026-04-15,25.04,25.528,HPG,80_20,LSTM
2026-04-16,24.95,25.0381,HPG,80_20,LSTM
2026-04-17,25.0,24.95,HPG,80_20,LSTM
2026-04-20,25.4,25.0062,HPG,80_20,LSTM
2026-04-21,25.49,25.4192,HPG,80_20,LSTM
2026-04-22,25.18,25.4939,HPG,80_20,LSTM
2026-04-23,24.82,25.1819,HPG,80_20,LSTM
2026-04-24,24.91,24.8196,HPG,80_20,LSTM
2026-04-28,24.77,24.9171,HPG,80_20,LSTM
2026-04-29,24.77,24.7649,HPG,80_20,LSTM
2026-05-04,24.64,24.7648,HPG,80_20,LSTM
2026-05-05,24.37,24.6355,HPG,80_20,LSTM
2026-05-06,24.64,24.3659,HPG,80_20,LSTM
2026-05-07,24.77,24.6454,HPG,80_20,LSTM
2026-05-08,24.86,24.776,HPG,80_20,LSTM
2026-05-11,24.55,24.8662,HPG,80_20,LSTM
2026-05-12,24.45,24.5488,HPG,80_20,LSTM
2026-05-13,24.64,24.456,HPG,80_20,LSTM
2026-05-14,24.59,24.6483,HPG,80_20,LSTM
2026-05-15,24.14,24.5914,HPG,80_20,LSTM
2026-05-18,24.05,24.1287,HPG,80_20,LSTM
2026-05-19,23.86,24.0482,HPG,80_20,LSTM
2026-05-20,23.82,23.8556,HPG,80_20,LSTM
2026-05-21,24.14,23.8137,HPG,80_20,LSTM
2026-05-22,23.95,24.1422,HPG,80_20,LSTM
2026-05-25,24.1,23.9486,HPG,80_20,LSTM
2026-05-26,24.25,24.1071,HPG,80_20,LSTM
2026-05-27,24.15,24.2618,HPG,80_20,LSTM
2026-05-28,24.0,24.1579,HPG,80_20,LSTM
2026-05-29,24.0,24.0008,HPG,80_20,LSTM
2026-06-01,24.05,24.0064,HPG,80_20,LSTM
2026-06-02,23.7,24.0552,HPG,80_20,LSTM
2026-06-03,24.15,23.6925,HPG,80_20,LSTM
2026-06-04,23.95,24.1613,HPG,80_20,LSTM
2026-06-05,23.75,23.9505,HPG,80_20,LSTM
2026-06-08,23.3,23.7488,HPG,80_20,LSTM
2026-06-09,23.55,23.2891,HPG,80_20,LSTM
2026-06-10,23.6,23.5582,HPG,80_20,LSTM
2026-06-11,23.3,23.5972,HPG,80_20,LSTM
2026-06-12,23.2,23.2911,HPG,80_20,LSTM
2026-06-15,24.35,23.196,HPG,80_20,LSTM
2026-06-16,24.2,24.3853,HPG,80_20,LSTM
2026-06-17,24.0,24.2076,HPG,80_20,LSTM
2026-06-18,23.65,24.0055,HPG,80_20,LSTM
2026-06-19,23.6,23.6555,HPG,80_20,LSTM
2026-06-22,23.6,23.6127,HPG,80_20,LSTM
2026-06-23,23.3,23.5948,HPG,80_20,LSTM
2026-06-24,23.5,23.2883,HPG,80_20,LSTM
2026-06-25,23.4,23.5007,HPG,80_20,LSTM
2026-06-26,23.5,23.3997,HPG,80_20,LSTM
2026-06-29,23.65,23.5046,HPG,80_20,LSTM
2026-06-30,23.3,23.6566,HPG,80_20,LSTM
2026-07-01,23.45,23.3,HPG,80_20,LSTM
2026-07-02,23.4,23.4566,HPG,80_20,LSTM
2026-07-03,23.25,23.4042,HPG,80_20,LSTM
2026-07-06,23.1,23.2495,HPG,80_20,LSTM
2026-07-07,23.1,23.0952,HPG,80_20,LSTM
2026-07-08,23.2,23.1028,HPG,80_20,LSTM
2026-07-09,23.2,23.2026,HPG,80_20,LSTM
2026-07-10,22.95,23.2013,HPG,80_20,LSTM
2026-07-13,22.4,22.9469,HPG,80_20,LSTM
2026-07-14,22.5,22.3889,HPG,80_20,LSTM
2026-07-15,22.4,22.4998,HPG,80_20,LSTM
2026-07-16,22.2,22.3927,HPG,80_20,LSTM
2026-07-17,21.85,22.188,HPG,80_20,LSTM
2026-07-20,20.6,21.8349,HPG,80_20,LSTM
2026-07-21,20.8,20.5662,HPG,80_20,LSTM
2026-07-22,20.7,20.7873,HPG,80_20,LSTM
2026-07-23,20.8,20.6801,HPG,80_20,LSTM
2026-07-24,20.8,20.7852,HPG,80_20,LSTM
2026-07-27,20.35,20.7872,HPG,80_20,LSTM
2026-07-28,21.0,20.3452,HPG,80_20,LSTM
2026-07-29,21.65,21.0164,HPG,80_20,LSTM
2026-07-30,21.8,21.6741,HPG,80_20,LSTM
2026-07-31,21.7,21.8164,HPG,80_20,LSTM
2026-08-03,22.55,21.7129,HPG,80_20,LSTM
2026-08-04,22.15,22.5974,HPG,80_20,LSTM
2026-08-05,22.0,22.1633,HPG,80_20,LSTM
2026-08-06,21.85,22.0073,HPG,80_20,LSTM
2026-08-07,22.0,21.8539,HPG,80_20,LSTM
2026-08-10,22.1,22.0125,HPG,80_20,LSTM
2026-08-11,22.05,22.0984,HPG,80_20,LSTM
2026-08-12,22.1,22.0516,HPG,80_20,LSTM
2026-08-13,21.7,22.1062,HPG,80_20,LSTM
2026-08-14,21.25,21.6974,HPG,80_20,LSTM
2026-08-17,21.2,21.2398,HPG,80_20,LSTM
2026-08-18,21.0,21.1932,HPG,80_20,LSTM
2026-08-19,21.2,20.9882,HPG,80_20,LSTM
2026-08-20,21.15,21.1943,HPG,80_20,LSTM
2026-08-21,21.7,21.1449,HPG,80_20,LSTM
2026-08-24,22.25,21.7172,HPG,80_20,LSTM
2026-08-25,21.8,22.2737,HPG,80_20,LSTM
2026-08-26,22.05,21.8071,HPG,80_20,LSTM
2026-08-27,22.2,22.0696,HPG,80_20,LSTM
2026-08-28,22.1,22.2215,HPG,80_20,LSTM
2026-09-03,21.6,22.1086,HPG,80_20,LSTM
2026-09-04,21.7,21.5885,HPG,80_20,LSTM
2026-09-07,21.55,21.7063,HPG,80_20,LSTM
2026-09-08,21.85,21.5462,HPG,80_20,LSTM
2026-09-09,22.05,21.8534,HPG,80_20,LSTM
2026-09-10,21.85,22.0545,HPG,80_20,LSTM
2026-09-11,21.3,21.8543,HPG,80_20,LSTM
2026-09-14,20.9,21.292,HPG,80_20,LSTM
2026-09-15,21.2,20.8927,HPG,80_20,LSTM
2026-09-16,20.95,21.2014,HPG,80_20,LSTM
2026-09-17,21.2,20.9352,HPG,80_20,LSTM
2026-09-18,21.55,21.1977,HPG,80_20,LSTM
2026-09-21,21.1,21.5609,HPG,80_20,LSTM
2026-09-22,21.15,21.1002,HPG,80_20,LSTM
2026-09-23,21.05,21.1545,HPG,80_20,LSTM
2026-09-24,20.8,21.0552,HPG,80_20,LSTM
2026-09-25,20.65,20.7963,HPG,80_20,LSTM
2026-09-28,20.2,20.6402,HPG,80_20,LSTM
2026-09-29,20.3,20.1871,HPG,80_20,LSTM
2026-09-30,20.15,20.2951,HPG,80_20,LSTM
2026-10-01,20.05,20.1397,HPG,80_20,LSTM
2026-10-02,20.05,20.0425,HPG,80_20,LSTM
2025-03-12,24.05,23.797,VIC,80_20,LSTM
2025-03-13,25.7,24.2176,VIC,80_20,LSTM
2025-03-14,26.1,25.925,VIC,80_20,LSTM
2025-03-17,26.05,26.277,VIC,80_20,LSTM
2025-03-18,25.65,26.1918,VIC,80_20,LSTM
2025-03-19,25.95,25.7889,VIC,80_20,LSTM
2025-03-20,25.75,26.0695,VIC,80_20,LSTM
2025-03-21,26.5,25.7728,VIC,80_20,LSTM
2025-03-24,28.35,26.5171,VIC,80_20,LSTM
2025-03-25,28.45,28.4268,VIC,80_20,LSTM
2025-03-26,28.5,28.5929,VIC,80_20,LSTM
2025-03-27,28.55,28.6521,VIC,80_20,LSTM
2025-03-28,29.0,28.7238,VIC,80_20,LSTM
2025-03-31,29.0,29.1452,VIC,80_20,LSTM
2025-04-01,29.85,29.0483,VIC,80_20,LSTM
2025-04-02,30.2,29.9192,VIC,80_20,LSTM
2025-04-03,28.1,30.2917,VIC,80_20,LSTM
2025-04-04,29.15,28.1435,VIC,80_20,LSTM
2025-04-08,27.55,29.1669,VIC,80_20,LSTM
2025-04-09,28.5,27.5267,VIC,80_20,LSTM
2025-04-10,30.45,28.4307,VIC,80_20,LSTM
2025-04-11,32.55,30.4067,VIC,80_20,LSTM
2025-04-14,34.8,32.7271,VIC,80_20,LSTM
2025-04-15,35.25,35.044,VIC,80_20,LSTM
2025-04-16,33.95,35.6784,VIC,80_20,LSTM
2025-04-17,35.5,34.3048,VIC,80_20,LSTM
2025-04-18,33.05,35.7804,VIC,80_20,LSTM
2025-04-21,30.75,33.1442,VIC,80_20,LSTM
2025-04-22,29.5,30.6541,VIC,80_20,LSTM
2025-04-23,29.3,29.3068,VIC,80_20,LSTM
2025-04-24,31.35,29.1121,VIC,80_20,LSTM
2025-04-25,33.5,31.0865,VIC,80_20,LSTM
2025-04-28,34.0,33.4412,VIC,80_20,LSTM
2025-04-29,34.0,34.1501,VIC,80_20,LSTM
2025-05-05,35.0,34.2645,VIC,80_20,LSTM
2025-05-06,35.25,35.323,VIC,80_20,LSTM
2025-05-07,36.7,35.4731,VIC,80_20,LSTM
2025-05-08,39.25,36.8526,VIC,80_20,LSTM
2025-05-09,38.25,39.4752,VIC,80_20,LSTM
2025-05-12,39.7,38.4989,VIC,80_20,LSTM
2025-05-13,39.8,39.9526,VIC,80_20,LSTM
2025-05-14,39.9,40.0626,VIC,80_20,LSTM
2025-05-15,39.9,40.0958,VIC,80_20,LSTM
2025-05-16,40.0,39.9602,VIC,80_20,LSTM
2025-05-19,42.8,40.1198,VIC,80_20,LSTM
2025-05-20,45.75,42.9074,VIC,80_20,LSTM
2025-05-21,46.75,45.9844,VIC,80_20,LSTM
2025-05-22,46.25,47.0919,VIC,80_20,LSTM
2025-05-23,46.5,46.6324,VIC,80_20,LSTM
2025-05-26,47.25,46.899,VIC,80_20,LSTM
2025-05-27,47.25,47.5075,VIC,80_20,LSTM
2025-05-28,48.5,47.3523,VIC,80_20,LSTM
2025-05-29,48.5,48.587,VIC,80_20,LSTM
2025-05-30,49.2,48.6386,VIC,80_20,LSTM
2025-06-02,49.0,49.3571,VIC,80_20,LSTM
2025-06-03,49.05,49.1249,VIC,80_20,LSTM
2025-06-04,49.05,49.1806,VIC,80_20,LSTM
2025-06-05,49.0,49.1126,VIC,80_20,LSTM
2025-06-06,48.5,49.0612,VIC,80_20,LSTM
2025-06-09,45.15,48.5105,VIC,80_20,LSTM
2025-06-10,45.3,45.0814,VIC,80_20,LSTM
2025-06-11,45.1,45.1717,VIC,80_20,LSTM
2025-06-12,43.4,44.936,VIC,80_20,LSTM
2025-06-13,42.75,43.1951,VIC,80_20,LSTM
2025-06-16,42.7,42.5278,VIC,80_20,LSTM
2025-06-17,43.85,42.6138,VIC,80_20,LSTM
2025-06-18,44.0,43.7659,VIC,80_20,LSTM
2025-06-19,44.7,43.9488,VIC,80_20,LSTM
2025-06-20,43.4,44.7735,VIC,80_20,LSTM
2025-06-23,46.4,43.4911,VIC,80_20,LSTM
2025-06-24,47.9,46.5533,VIC,80_20,LSTM
2025-06-25,47.9,48.0696,VIC,80_20,LSTM
2025-06-26,47.5,48.1164,VIC,80_20,LSTM
2025-06-27,47.75,47.6924,VIC,80_20,LSTM
2025-06-30,47.8,48.0239,VIC,80_20,LSTM
2025-07-01,47.8,47.9047,VIC,80_20,LSTM
2025-07-02,47.7,47.8249,VIC,80_20,LSTM
2025-07-03,47.25,47.7239,VIC,80_20,LSTM
2025-07-04,45.95,47.283,VIC,80_20,LSTM
2025-07-07,46.5,45.93,VIC,80_20,LSTM
2025-07-08,46.65,46.4622,VIC,80_20,LSTM
2025-07-09,47.5,46.6103,VIC,80_20,LSTM
2025-07-10,50.8,47.4896,VIC,80_20,LSTM
2025-07-11,54.0,50.9105,VIC,80_20,LSTM
2025-07-14,56.5,54.3493,VIC,80_20,LSTM
2025-07-15,55.8,56.9898,VIC,80_20,LSTM
2025-07-16,58.7,56.3377,VIC,80_20,LSTM
2025-07-17,61.0,59.312,VIC,80_20,LSTM
2025-07-18,59.5,61.5258,VIC,80_20,LSTM
2025-07-21,56.0,59.8454,VIC,80_20,LSTM
2025-07-22,58.75,56.1166,VIC,80_20,LSTM
2025-07-23,57.5,58.9076,VIC,80_20,LSTM
2025-07-24,58.0,57.477,VIC,80_20,LSTM
2025-07-25,57.05,57.8685,VIC,80_20,LSTM
2025-07-28,57.8,56.983,VIC,80_20,LSTM
2025-07-29,56.6,57.9246,VIC,80_20,LSTM
2025-07-30,54.75,56.5514,VIC,80_20,LSTM
2025-07-31,52.75,54.7092,VIC,80_20,LSTM
2025-08-01,52.0,52.6013,VIC,80_20,LSTM
2025-08-04,55.6,51.8272,VIC,80_20,LSTM
2025-08-05,58.75,55.4062,VIC,80_20,LSTM
2025-08-06,59.25,58.7475,VIC,80_20,LSTM
2025-08-07,57.5,59.4644,VIC,80_20,LSTM
2025-08-08,58.5,57.8316,VIC,80_20,LSTM
2025-08-11,57.75,58.8971,VIC,80_20,LSTM
2025-08-12,57.75,57.9187,VIC,80_20,LSTM
2025-08-13,58.0,57.7411,VIC,80_20,LSTM
2025-08-14,59.1,57.966,VIC,80_20,LSTM
2025-08-15,59.1,59.1891,VIC,80_20,LSTM
2025-08-18,59.1,59.1555,VIC,80_20,LSTM
2025-08-19,59.1,59.2096,VIC,80_20,LSTM
2025-08-20,62.1,59.2132,VIC,80_20,LSTM
2025-08-21,62.5,62.2731,VIC,80_20,LSTM
2025-08-22,62.05,62.6728,VIC,80_20,LSTM
2025-08-25,65.5,62.2506,VIC,80_20,LSTM
2025-08-26,67.75,65.7999,VIC,80_20,LSTM
2025-08-27,66.0,68.1721,VIC,80_20,LSTM
2025-08-28,65.05,66.2631,VIC,80_20,LSTM
2025-08-29,64.15,65.2746,VIC,80_20,LSTM
2025-09-03,62.5,64.3508,VIC,80_20,LSTM
2025-09-04,62.5,62.4471,VIC,80_20,LSTM
2025-09-05,62.5,62.2914,VIC,80_20,LSTM
2025-09-08,62.5,62.3608,VIC,80_20,LSTM
2025-09-09,64.6,62.4054,VIC,80_20,LSTM
2025-09-10,65.45,64.5995,VIC,80_20,LSTM
2025-09-11,68.0,65.5999,VIC,80_20,LSTM
2025-09-12,68.9,68.2557,VIC,80_20,LSTM
2025-09-15,68.9,69.2404,VIC,80_20,LSTM
2025-09-16,67.5,69.2851,VIC,80_20,LSTM
2025-09-17,71.55,67.7415,VIC,80_20,LSTM
2025-09-18,72.5,71.827,VIC,80_20,LSTM
2025-09-19,76.6,72.7111,VIC,80_20,LSTM
2025-09-22,74.4,76.9281,VIC,80_20,LSTM
2025-09-23,74.6,74.7507,VIC,80_20,LSTM
2025-09-24,74.5,75.0553,VIC,80_20,LSTM
2025-09-25,79.0,74.7166,VIC,80_20,LSTM
2025-09-26,82.0,79.2705,VIC,80_20,LSTM
2025-09-29,86.4,82.1928,VIC,80_20,LSTM
2025-09-30,87.45,86.954,VIC,80_20,LSTM
2025-10-01,85.0,88.1444,VIC,80_20,LSTM
2025-10-02,85.5,85.6884,VIC,80_20,LSTM
2025-10-03,88.25,85.9318,VIC,80_20,LSTM
2025-10-06,89.85,88.5709,VIC,80_20,LSTM
2025-10-07,90.0,90.0079,VIC,80_20,LSTM
2025-10-08,89.05,90.1632,VIC,80_20,LSTM
2025-10-09,89.75,89.353,VIC,80_20,LSTM
2025-10-10,96.0,90.0356,VIC,80_20,LSTM
2025-10-13,102.7,96.285,VIC,80_20,LSTM
2025-10-14,105.95,103.1907,VIC,80_20,LSTM
2025-10-15,104.75,106.7224,VIC,80_20,LSTM
2025-10-16,106.55,105.6838,VIC,80_20,LSTM
2025-10-17,102.0,107.5444,VIC,80_20,LSTM
2025-10-20,97.45,102.5005,VIC,80_20,LSTM
2025-10-21,101.7,97.4221,VIC,80_20,LSTM
2025-10-22,101.5,101.4661,VIC,80_20,LSTM
2025-10-23,107.5,101.3455,VIC,80_20,LSTM
2025-10-24,109.5,107.4064,VIC,80_20,LSTM
2025-10-27,107.0,109.8401,VIC,80_20,LSTM
2025-10-28,110.05,107.6252,VIC,80_20,LSTM
2025-10-29,106.0,110.5208,VIC,80_20,LSTM
2025-10-30,102.05,106.3928,VIC,80_20,LSTM
2025-10-31,95.5,101.9875,VIC,80_20,LSTM
2025-11-03,97.7,95.1085,VIC,80_20,LSTM
2025-11-04,100.5,97.298,VIC,80_20,LSTM
2025-11-05,103.25,99.9552,VIC,80_20,LSTM
2025-11-06,103.9,103.0307,VIC,80_20,LSTM
2025-11-07,99.85,104.0026,VIC,80_20,LSTM
2025-11-10,99.5,100.2491,VIC,80_20,LSTM
2025-11-11,100.5,99.7236,VIC,80_20,LSTM
2025-11-12,105.6,100.5508,VIC,80_20,LSTM
2025-11-13,105.6,105.6152,VIC,80_20,LSTM
2025-11-14,105.5,105.6824,VIC,80_20,LSTM
2025-11-17,108.5,105.8671,VIC,80_20,LSTM
2025-11-18,110.0,108.9861,VIC,80_20,LSTM
2025-11-19,110.25,110.5194,VIC,80_20,LSTM
2025-11-20,114.0,110.5412,VIC,80_20,LSTM
2025-11-21,114.85,114.4213,VIC,80_20,LSTM
2025-11-24,119.75,115.3707,VIC,80_20,LSTM
2025-11-25,121.5,120.2881,VIC,80_20,LSTM
2025-11-26,122.5,122.1035,VIC,80_20,LSTM
2025-11-27,124.0,123.2035,VIC,80_20,LSTM
2025-11-28,130.2,124.579,VIC,80_20,LSTM
2025-12-01,134.95,130.9458,VIC,80_20,LSTM
2025-12-02,137.5,135.6641,VIC,80_20,LSTM
2025-12-03,134.7,138.3381,VIC,80_20,LSTM
2025-12-04,133.5,135.4995,VIC,80_20,LSTM
2025-12-05,142.8,134.1796,VIC,80_20,LSTM
2025-12-08,152.7,143.3203,VIC,80_20,LSTM
2025-12-09,160.0,153.352,VIC,80_20,LSTM
2025-12-10,148.8,160.9947,VIC,80_20,LSTM
2025-12-11,146.0,149.8177,VIC,80_20,LSTM
2025-12-12,144.0,146.9691,VIC,80_20,LSTM
2025-12-15,142.9,144.2786,VIC,80_20,LSTM
2025-12-16,142.9,142.5462,VIC,80_20,LSTM
2025-12-17,142.9,142.1343,VIC,80_20,LSTM
2025-12-18,142.7,142.6839,VIC,80_20,LSTM
2025-12-19,148.5,142.624,VIC,80_20,LSTM
2025-12-22,158.8,148.661,VIC,80_20,LSTM
2025-12-23,169.9,159.3863,VIC,80_20,LSTM
2025-12-24,169.8,171.0605,VIC,80_20,LSTM
2025-12-25,158.0,171.2658,VIC,80_20,LSTM
2025-12-26,155.0,159.209,VIC,80_20,LSTM
2025-12-29,159.7,155.6774,VIC,80_20,LSTM
2025-12-30,163.0,159.7664,VIC,80_20,LSTM
2025-12-31,169.6,162.5674,VIC,80_20,LSTM
2026-01-05,173.1,169.4235,VIC,80_20,LSTM
2026-01-06,173.1,173.8533,VIC,80_20,LSTM
2026-01-07,179.0,174.1682,VIC,80_20,LSTM
2026-01-08,176.6,180.0239,VIC,80_20,LSTM
2026-01-09,176.0,177.4601,VIC,80_20,LSTM
2026-01-12,163.7,176.4978,VIC,80_20,LSTM
2026-01-13,167.9,163.6703,VIC,80_20,LSTM
2026-01-14,160.2,167.7456,VIC,80_20,LSTM
2026-01-15,153.0,159.538,VIC,80_20,LSTM
2026-01-16,159.9,152.2069,VIC,80_20,LSTM
2026-01-19,162.0,159.0405,VIC,80_20,LSTM
2026-01-20,161.0,161.8596,VIC,80_20,LSTM
2026-01-21,160.5,160.7133,VIC,80_20,LSTM
2026-01-22,161.1,160.6447,VIC,80_20,LSTM
2026-01-23,165.4,161.6466,VIC,80_20,LSTM
2026-01-26,159.9,165.6699,VIC,80_20,LSTM
2026-01-27,151.0,159.9882,VIC,80_20,LSTM
2026-01-28,140.5,150.8866,VIC,80_20,LSTM
2026-01-29,140.5,140.0114,VIC,80_20,LSTM
2026-01-30,140.5,139.698,VIC,80_20,LSTM
2026-02-02,130.7,139.3609,VIC,80_20,LSTM
2026-02-03,130.7,129.6384,VIC,80_20,LSTM
2026-02-04,121.6,129.8771,VIC,80_20,LSTM
2026-02-05,130.1,121.0168,VIC,80_20,LSTM
2026-02-06,131.0,129.4394,VIC,80_20,LSTM
2026-02-09,132.3,130.4436,VIC,80_20,LSTM
2026-02-10,141.5,132.3844,VIC,80_20,LSTM
2026-02-11,150.8,141.8762,VIC,80_20,LSTM
2026-02-12,159.0,152.1985,VIC,80_20,LSTM
2026-02-13,160.0,160.3851,VIC,80_20,LSTM
2026-02-23,162.3,161.6208,VIC,80_20,LSTM
2026-02-24,162.9,164.0579,VIC,80_20,LSTM
2026-02-25,158.0,164.1792,VIC,80_20,LSTM
2026-02-26,168.9,158.6235,VIC,80_20,LSTM
2026-02-27,172.0,169.2577,VIC,80_20,LSTM
2026-03-02,167.2,172.5312,VIC,80_20,LSTM
2026-03-03,155.5,167.626,VIC,80_20,LSTM
2026-03-04,155.6,155.5816,VIC,80_20,LSTM
2026-03-05,164.8,155.7234,VIC,80_20,LSTM
2026-03-06,156.5,164.3927,VIC,80_20,LSTM
2026-03-09,145.6,155.8948,VIC,80_20,LSTM
2026-03-10,141.8,144.9851,VIC,80_20,LSTM
2026-03-11,146.0,141.4524,VIC,80_20,LSTM
2026-03-12,145.0,145.5224,VIC,80_20,LSTM
2026-03-13,144.6,144.0581,VIC,80_20,LSTM
2026-03-16,144.7,144.0849,VIC,80_20,LSTM
2026-03-17,146.2,144.7531,VIC,80_20,LSTM
2026-03-18,146.0,146.4923,VIC,80_20,LSTM
2026-03-19,145.0,146.0819,VIC,80_20,LSTM
2026-03-20,135.0,145.1248,VIC,80_20,LSTM
2026-03-23,125.6,134.8821,VIC,80_20,LSTM
2026-03-24,124.0,125.1191,VIC,80_20,LSTM
2026-03-25,128.7,123.1627,VIC,80_20,LSTM
2026-03-26,130.0,127.7728,VIC,80_20,LSTM
2026-03-27,132.6,129.198,VIC,80_20,LSTM
2026-03-30,129.5,132.4423,VIC,80_20,LSTM
2026-03-31,135.0,129.8473,VIC,80_20,LSTM
2026-04-01,141.0,135.5651,VIC,80_20,LSTM
2026-04-02,139.9,141.5243,VIC,80_20,LSTM
2026-04-03,141.0,140.4674,VIC,80_20,LSTM
2026-04-06,141.6,141.52,VIC,80_20,LSTM
2026-04-07,143.4,142.3426,VIC,80_20,LSTM
2026-04-08,153.4,143.8954,VIC,80_20,LSTM
2026-04-09,149.2,153.8418,VIC,80_20,LSTM
2026-04-10,151.7,149.7702,VIC,80_20,LSTM
2026-04-13,160.0,152.3351,VIC,80_20,LSTM
2026-04-14,165.5,160.8654,VIC,80_20,LSTM
2026-04-15,177.0,166.5796,VIC,80_20,LSTM
2026-04-16,189.3,178.0029,VIC,80_20,LSTM
2026-04-17,187.9,191.2565,VIC,80_20,LSTM
2026-04-20,191.0,189.9611,VIC,80_20,LSTM
2026-04-21,193.7,192.8058,VIC,80_20,LSTM
2026-04-22,207.2,195.3319,VIC,80_20,LSTM
2026-04-23,214.5,208.6064,VIC,80_20,LSTM
2026-04-24,212.1,215.6434,VIC,80_20,LSTM
2026-04-28,225.5,213.5242,VIC,80_20,LSTM
2026-04-29,214.0,227.2358,VIC,80_20,LSTM
2026-05-04,212.0,215.3804,VIC,80_20,LSTM
2026-05-05,219.5,212.5478,VIC,80_20,LSTM
2026-05-06,219.5,219.7265,VIC,80_20,LSTM
2026-05-07,224.0,219.9417,VIC,80_20,LSTM
2026-05-08,226.0,223.899,VIC,80_20,LSTM
2026-05-11,223.0,226.6912,VIC,80_20,LSTM
2026-05-12,222.0,223.8004,VIC,80_20,LSTM
2026-05-13,221.0,222.3477,VIC,80_20,LSTM
2026-05-14,229.8,221.2813,VIC,80_20,LSTM
2026-05-15,228.0,230.0008,VIC,80_20,LSTM
2026-05-18,225.0,228.1858,VIC,80_20,LSTM
2026-05-19,225.1,225.3394,VIC,80_20,LSTM
2026-05-20,226.7,225.4597,VIC,80_20,LSTM
2026-05-21,218.7,227.1205,VIC,80_20,LSTM
2026-05-22,216.5,218.4708,VIC,80_20,LSTM
2026-05-25,218.8,216.202,VIC,80_20,LSTM
2026-05-26,213.0,218.5918,VIC,80_20,LSTM
2026-05-27,210.8,212.6495,VIC,80_20,LSTM
2026-05-28,210.8,210.2438,VIC,80_20,LSTM
2026-05-29,211.3,210.5653,VIC,80_20,LSTM
2026-06-01,204.9,211.1515,VIC,80_20,LSTM
2026-06-02,204.9,204.4904,VIC,80_20,LSTM
2026-06-03,197.6,204.687,VIC,80_20,LSTM
2026-06-04,200.2,197.2733,VIC,80_20,LSTM
2026-06-05,207.0,199.7807,VIC,80_20,LSTM
2026-06-08,195.0,206.664,VIC,80_20,LSTM
2026-06-09,193.2,194.8342,VIC,80_20,LSTM
2026-06-10,196.0,192.8906,VIC,80_20,LSTM
2026-06-11,196.0,196.007,VIC,80_20,LSTM
2026-06-12,195.5,195.8662,VIC,80_20,LSTM
2026-06-15,192.6,195.0292,VIC,80_20,LSTM
2026-06-16,194.0,192.693,VIC,80_20,LSTM
2026-06-17,192.0,194.1695,VIC,80_20,LSTM
2026-06-18,205.4,191.9628,VIC,80_20,LSTM
2026-06-19,205.5,205.6247,VIC,80_20,LSTM
2026-06-22,219.8,205.9812,VIC,80_20,LSTM
2026-06-23,229.0,220.9901,VIC,80_20,LSTM
2026-06-24,230.5,230.6837,VIC,80_20,LSTM
2026-06-25,225.0,232.6636,VIC,80_20,LSTM
2026-06-26,228.0,226.3418,VIC,80_20,LSTM
2026-06-29,217.2,229.3948,VIC,80_20,LSTM
2026-06-30,220.0,217.4831,VIC,80_20,LSTM
2026-07-01,217.1,219.7025,VIC,80_20,LSTM
2026-07-02,220.3,216.6149,VIC,80_20,LSTM
2026-07-03,220.3,220.1189,VIC,80_20,LSTM
2026-07-06,220.3,219.9991,VIC,80_20,LSTM
2026-07-07,220.3,220.6048,VIC,80_20,LSTM
2026-07-08,220.7,220.4632,VIC,80_20,LSTM
2026-07-09,221.0,221.0312,VIC,80_20,LSTM
2026-07-10,223.0,221.1705,VIC,80_20,LSTM
2026-07-13,221.5,223.2285,VIC,80_20,LSTM
2026-07-14,219.0,221.729,VIC,80_20,LSTM
2026-07-15,217.0,219.165,VIC,80_20,LSTM
2026-07-16,223.0,217.045,VIC,80_20,LSTM
2026-07-17,220.0,223.0987,VIC,80_20,LSTM
2026-07-20,220.0,219.9929,VIC,80_20,LSTM
2026-07-21,217.3,220.0845,VIC,80_20,LSTM
2026-07-22,202.1,217.4426,VIC,80_20,LSTM
2026-07-23,214.0,201.9191,VIC,80_20,LSTM
2026-07-24,213.1,213.4379,VIC,80_20,LSTM
2026-07-27,213.5,212.748,VIC,80_20,LSTM
2026-07-28,213.8,213.2419,VIC,80_20,LSTM
2026-07-29,219.4,213.7424,VIC,80_20,LSTM
2026-07-30,220.0,220.3371,VIC,80_20,LSTM
2026-07-31,214.1,220.3755,VIC,80_20,LSTM
2026-08-03,213.0,214.4403,VIC,80_20,LSTM
2026-08-04,218.0,213.2228,VIC,80_20,LSTM
2026-08-05,220.0,218.2467,VIC,80_20,LSTM
2026-08-06,218.8,220.0461,VIC,80_20,LSTM
2026-08-07,215.0,218.8723,VIC,80_20,LSTM
2026-08-10,208.5,215.314,VIC,80_20,LSTM
2026-08-11,208.5,208.6432,VIC,80_20,LSTM
2026-08-12,215.5,208.2305,VIC,80_20,LSTM
2026-08-13,207.9,215.1867,VIC,80_20,LSTM
2026-08-14,200.4,207.58,VIC,80_20,LSTM
2026-08-17,198.0,200.0639,VIC,80_20,LSTM
2026-08-18,200.0,197.7674,VIC,80_20,LSTM
2026-08-19,200.0,199.6674,VIC,80_20,LSTM
2026-08-20,202.0,199.2959,VIC,80_20,LSTM
2026-08-21,205.0,201.7486,VIC,80_20,LSTM
2026-08-24,214.5,205.2675,VIC,80_20,LSTM
2026-08-25,220.5,215.2181,VIC,80_20,LSTM
2026-08-26,230.0,221.472,VIC,80_20,LSTM
2026-08-27,236.0,231.4693,VIC,80_20,LSTM
2026-08-28,236.0,237.7865,VIC,80_20,LSTM
2026-09-03,244.5,237.815,VIC,80_20,LSTM
2026-09-04,256.1,246.1002,VIC,80_20,LSTM
2026-09-07,245.0,257.8447,VIC,80_20,LSTM
2026-09-08,249.6,246.0913,VIC,80_20,LSTM
2026-09-09,247.7,250.4713,VIC,80_20,LSTM
2026-09-10,247.7,248.5246,VIC,80_20,LSTM
2026-09-11,243.3,248.0457,VIC,80_20,LSTM
2026-09-14,241.4,242.9247,VIC,80_20,LSTM
2026-09-15,241.3,241.4837,VIC,80_20,LSTM
2026-09-16,241.2,241.0594,VIC,80_20,LSTM
2026-09-17,241.2,241.0219,VIC,80_20,LSTM
2026-09-18,241.2,241.0139,VIC,80_20,LSTM
2026-09-21,235.0,241.2477,VIC,80_20,LSTM
2026-09-22,243.8,234.9983,VIC,80_20,LSTM
2026-09-23,236.0,243.892,VIC,80_20,LSTM
2026-09-24,230.0,235.9921,VIC,80_20,LSTM
2026-09-25,232.0,229.8075,VIC,80_20,LSTM
2026-09-28,231.9,231.6998,VIC,80_20,LSTM
2026-09-29,230.0,231.8767,VIC,80_20,LSTM
2026-09-30,227.9,229.4768,VIC,80_20,LSTM
2026-10-01,220.0,227.7106,VIC,80_20,LSTM
2026-10-02,224.0,219.8839,VIC,80_20,LSTM
2025-03-12,55.56,55.7455,VNM,80_20,LSTM
2025-03-13,55.38,55.5621,VNM,80_20,LSTM
2025-03-14,55.47,55.3849,VNM,80_20,LSTM
2025-03-17,56.28,55.4723,VNM,80_20,LSTM
2025-03-18,55.83,56.2741,VNM,80_20,LSTM
2025-03-19,55.65,55.8298,VNM,80_20,LSTM
2025-03-20,55.21,55.644,VNM,80_20,LSTM
2025-03-21,54.76,55.2072,VNM,80_20,LSTM
2025-03-24,54.85,54.7637,VNM,80_20,LSTM
2025-03-25,54.85,54.8595,VNM,80_20,LSTM
2025-03-26,54.67,54.8582,VNM,80_20,LSTM
2025-03-27,54.58,54.6773,VNM,80_20,LSTM
2025-03-28,53.87,54.5825,VNM,80_20,LSTM
2025-03-31,54.13,53.8755,VNM,80_20,LSTM
2025-04-01,54.31,54.1321,VNM,80_20,LSTM
2025-04-02,54.04,54.3144,VNM,80_20,LSTM
2025-04-03,50.47,54.0453,VNM,80_20,LSTM
2025-04-04,52.26,50.4952,VNM,80_20,LSTM
2025-04-08,48.68,52.2551,VNM,80_20,LSTM
2025-04-09,46.45,48.7253,VNM,80_20,LSTM
2025-04-10,49.67,46.4938,VNM,80_20,LSTM
2025-04-11,51.36,49.6852,VNM,80_20,LSTM
2025-04-14,50.83,51.3636,VNM,80_20,LSTM
2025-04-15,50.29,50.8378,VNM,80_20,LSTM
2025-04-16,50.02,50.2575,VNM,80_20,LSTM
2025-04-17,50.02,49.975,VNM,80_20,LSTM
2025-04-18,50.56,50.0155,VNM,80_20,LSTM
2025-04-21,50.65,50.5661,VNM,80_20,LSTM
2025-04-22,50.02,50.6517,VNM,80_20,LSTM
2025-04-23,50.38,50.0198,VNM,80_20,LSTM
2025-04-24,50.29,50.3709,VNM,80_20,LSTM
2025-04-25,52.08,50.2873,VNM,80_20,LSTM
2025-04-28,51.36,52.0623,VNM,80_20,LSTM
2025-04-29,51.45,51.3556,VNM,80_20,LSTM
2025-05-05,50.83,51.4294,VNM,80_20,LSTM
2025-05-06,50.83,50.8203,VNM,80_20,LSTM
2025-05-07,51.1,50.8222,VNM,80_20,LSTM
2025-05-08,51.27,51.1068,VNM,80_20,LSTM
2025-05-09,51.54,51.271,VNM,80_20,LSTM
2025-05-12,52.35,51.537,VNM,80_20,LSTM
2025-05-13,52.26,52.3332,VNM,80_20,LSTM
2025-05-14,51.98,52.2464,VNM,80_20,LSTM
2025-05-15,52.54,51.9676,VNM,80_20,LSTM
2025-05-16,51.98,52.5231,VNM,80_20,LSTM
2025-05-19,51.8,51.9763,VNM,80_20,LSTM
2025-05-20,51.7,51.8007,VNM,80_20,LSTM
2025-05-21,51.24,51.7016,VNM,80_20,LSTM
2025-05-22,50.87,51.2456,VNM,80_20,LSTM
2025-05-23,51.15,50.8813,VNM,80_20,LSTM
2025-05-26,51.52,51.1546,VNM,80_20,LSTM
2025-05-27,51.24,51.5226,VNM,80_20,LSTM
2025-05-28,51.06,51.2436,VNM,80_20,LSTM
2025-05-29,50.96,51.0574,VNM,80_20,LSTM
2025-05-30,50.78,50.956,VNM,80_20,LSTM
2025-06-02,50.5,50.7818,VNM,80_20,LSTM
2025-06-03,51.33,50.5068,VNM,80_20,LSTM
2025-06-04,52.63,51.326,VNM,80_20,LSTM
2025-06-05,52.07,52.6153,VNM,80_20,LSTM
2025-06-06,51.15,52.0607,VNM,80_20,LSTM
2025-06-09,51.15,51.1381,VNM,80_20,LSTM
2025-06-10,51.15,51.1357,VNM,80_20,LSTM
2025-06-11,51.06,51.1517,VNM,80_20,LSTM
2025-06-12,51.7,51.0734,VNM,80_20,LSTM
2025-06-13,51.33,51.7003,VNM,80_20,LSTM
2025-06-16,52.07,51.3285,VNM,80_20,LSTM
2025-06-17,51.98,52.0571,VNM,80_20,LSTM
2025-06-18,51.8,51.9716,VNM,80_20,LSTM
2025-06-19,51.89,51.7907,VNM,80_20,LSTM
2025-06-20,52.35,51.8838,VNM,80_20,LSTM
2025-06-23,51.7,52.3391,VNM,80_20,LSTM
2025-06-24,52.17,51.703,VNM,80_20,LSTM
2025-06-25,52.54,52.1629,VNM,80_20,LSTM
2025-06-26,52.17,52.5322,VNM,80_20,LSTM
2025-06-27,53.46,52.1675,VNM,80_20,LSTM
2025-06-30,53.65,53.4434,VNM,80_20,LSTM
2025-07-01,53.18,53.6331,VNM,80_20,LSTM
2025-07-02,53.37,53.168,VNM,80_20,LSTM
2025-07-03,53.18,53.355,VNM,80_20,LSTM
2025-07-04,53.46,53.1693,VNM,80_20,LSTM
2025-07-07,53.55,53.4579,VNM,80_20,LSTM
2025-07-08,54.57,53.5493,VNM,80_20,LSTM
2025-07-09,55.68,54.5546,VNM,80_20,LSTM
2025-07-10,55.22,55.6572,VNM,80_20,LSTM
2025-07-11,55.31,55.2,VNM,80_20,LSTM
2025-07-14,55.77,55.2844,VNM,80_20,LSTM
2025-07-15,55.59,55.7447,VNM,80_20,LSTM
2025-07-16,55.59,55.5809,VNM,80_20,LSTM
2025-07-17,55.59,55.587,VNM,80_20,LSTM
2025-07-18,55.68,55.5835,VNM,80_20,LSTM
2025-07-21,55.5,55.6748,VNM,80_20,LSTM
2025-07-22,55.68,55.5005,VNM,80_20,LSTM
2025-07-23,57.07,55.6762,VNM,80_20,LSTM
2025-07-24,58.92,57.0534,VNM,80_20,LSTM
2025-07-25,58.45,58.8876,VNM,80_20,LSTM
2025-07-28,58.55,58.4233,VNM,80_20,LSTM
2025-07-29,58.45,58.5097,VNM,80_20,LSTM
2025-07-30,58.18,58.417,VNM,80_20,LSTM
2025-07-31,56.61,58.168,VNM,80_20,LSTM
2025-08-01,55.5,56.6258,VNM,80_20,LSTM
2025-08-04,55.87,55.5168,VNM,80_20,LSTM
2025-08-05,55.59,55.8881,VNM,80_20,LSTM
2025-08-06,56.7,55.6174,VNM,80_20,LSTM
2025-08-07,56.33,56.7098,VNM,80_20,LSTM
2025-08-08,56.24,56.3329,VNM,80_20,LSTM
2025-08-11,56.88,56.2288,VNM,80_20,LSTM
2025-08-12,57.16,56.8655,VNM,80_20,LSTM
2025-08-13,56.51,57.1462,VNM,80_20,LSTM
2025-08-14,57.07,56.5095,VNM,80_20,LSTM
2025-08-15,56.42,57.0565,VNM,80_20,LSTM
2025-08-18,56.14,56.4181,VNM,80_20,LSTM
2025-08-19,55.96,56.1428,VNM,80_20,LSTM
2025-08-20,55.5,55.9667,VNM,80_20,LSTM
2025-08-21,55.59,55.5079,VNM,80_20,LSTM
2025-08-22,54.29,55.5998,VNM,80_20,LSTM
2025-08-25,54.29,54.307,VNM,80_20,LSTM
2025-08-26,55.22,54.2999,VNM,80_20,LSTM
2025-08-27,55.96,55.2248,VNM,80_20,LSTM
2025-08-28,56.42,55.9586,VNM,80_20,LSTM
2025-08-29,55.77,56.4099,VNM,80_20,LSTM
2025-09-03,56.88,55.7518,VNM,80_20,LSTM
2025-09-04,57.16,56.8477,VNM,80_20,LSTM
2025-09-05,56.33,57.1427,VNM,80_20,LSTM
2025-09-08,56.05,56.3251,VNM,80_20,LSTM
2025-09-09,55.77,56.0449,VNM,80_20,LSTM
2025-09-10,55.31,55.7669,VNM,80_20,LSTM
2025-09-11,56.61,55.3226,VNM,80_20,LSTM
2025-09-12,58.45,56.6106,VNM,80_20,LSTM
2025-09-15,58.36,58.4304,VNM,80_20,LSTM
2025-09-16,59.84,58.3395,VNM,80_20,LSTM
2025-09-17,60.21,59.7893,VNM,80_20,LSTM
2025-09-18,58.82,60.1585,VNM,80_20,LSTM
2025-09-19,57.35,58.7951,VNM,80_20,LSTM
2025-09-22,56.79,57.347,VNM,80_20,LSTM
2025-09-23,56.98,56.7954,VNM,80_20,LSTM
2025-09-24,57.35,57.0039,VNM,80_20,LSTM
2025-09-25,56.88,57.3753,VNM,80_20,LSTM
2025-09-26,56.51,56.8962,VNM,80_20,LSTM
2025-09-29,55.77,56.5125,VNM,80_20,LSTM
2025-09-30,55.5,55.775,VNM,80_20,LSTM
2025-10-01,57.44,55.5095,VNM,80_20,LSTM
2025-10-02,56.61,57.4352,VNM,80_20,LSTM
2025-10-03,56.7,56.6176,VNM,80_20,LSTM
2025-10-06,57.72,56.6903,VNM,80_20,LSTM
2025-10-07,56.79,57.6952,VNM,80_20,LSTM
2025-10-08,58.64,56.7807,VNM,80_20,LSTM
2025-10-09,58.18,58.6194,VNM,80_20,LSTM
2025-10-10,57.72,58.1674,VNM,80_20,LSTM
2025-10-13,59.19,57.7061,VNM,80_20,LSTM
2025-10-14,58.73,59.167,VNM,80_20,LSTM
2025-10-15,58.82,58.7158,VNM,80_20,LSTM
2025-10-16,59.26,58.8131,VNM,80_20,LSTM
2025-10-17,56.94,59.2447,VNM,80_20,LSTM
2025-10-20,53.26,56.9451,VNM,80_20,LSTM
2025-10-21,54.71,53.2896,VNM,80_20,LSTM
2025-10-22,54.52,54.7241,VNM,80_20,LSTM
2025-10-23,54.81,54.5637,VNM,80_20,LSTM
2025-10-24,56.26,54.846,VNM,80_20,LSTM
2025-10-27,55.19,56.2578,VNM,80_20,LSTM
2025-10-28,55.58,55.1739,VNM,80_20,LSTM
2025-10-29,55.68,55.5629,VNM,80_20,LSTM
2025-10-30,55.29,55.666,VNM,80_20,LSTM
2025-10-31,55.77,55.2857,VNM,80_20,LSTM
2025-11-03,55.48,55.7693,VNM,80_20,LSTM
2025-11-04,55.48,55.477,VNM,80_20,LSTM
2025-11-05,56.16,55.4779,VNM,80_20,LSTM
2025-11-06,56.16,56.1522,VNM,80_20,LSTM
2025-11-07,55.77,56.1527,VNM,80_20,LSTM
2025-11-10,55.19,55.7667,VNM,80_20,LSTM
2025-11-11,57.03,55.1873,VNM,80_20,LSTM
2025-11-12,57.9,57.01,VNM,80_20,LSTM
2025-11-13,59.84,57.8876,VNM,80_20,LSTM
2025-11-14,60.81,59.7998,VNM,80_20,LSTM
2025-11-17,60.13,60.7552,VNM,80_20,LSTM
2025-11-18,58.78,60.0753,VNM,80_20,LSTM
2025-11-19,58.97,58.751,VNM,80_20,LSTM
2025-11-20,58.78,58.9504,VNM,80_20,LSTM
2025-11-21,58.0,58.7905,VNM,80_20,LSTM
2025-11-24,61.0,58.0234,VNM,80_20,LSTM
2025-11-25,59.94,60.9814,VNM,80_20,LSTM
2025-11-26,60.81,59.9365,VNM,80_20,LSTM
2025-11-27,60.03,60.7826,VNM,80_20,LSTM
2025-11-28,61.97,60.012,VNM,80_20,LSTM
2025-12-01,62.84,61.926,VNM,80_20,LSTM
2025-12-02,62.94,62.8238,VNM,80_20,LSTM
2025-12-03,62.55,62.9101,VNM,80_20,LSTM
2025-12-04,61.39,62.5249,VNM,80_20,LSTM
2025-12-05,61.39,61.3702,VNM,80_20,LSTM
2025-12-08,61.49,61.3885,VNM,80_20,LSTM
2025-12-09,60.52,61.5014,VNM,80_20,LSTM
2025-12-10,61.1,60.541,VNM,80_20,LSTM
2025-12-11,59.55,61.1062,VNM,80_20,LSTM
2025-12-12,58.29,59.5659,VNM,80_20,LSTM
2025-12-15,60.03,58.3091,VNM,80_20,LSTM
2025-12-16,62.16,60.0341,VNM,80_20,LSTM
2025-12-17,60.91,62.1493,VNM,80_20,LSTM
2025-12-18,61.87,60.9136,VNM,80_20,LSTM
2025-12-19,61.97,61.832,VNM,80_20,LSTM
2025-12-22,61.2,61.9307,VNM,80_20,LSTM
2025-12-23,60.62,61.1885,VNM,80_20,LSTM
2025-12-24,59.55,60.6257,VNM,80_20,LSTM
2025-12-25,59.36,59.5575,VNM,80_20,LSTM
2025-12-26,59.55,59.3775,VNM,80_20,LSTM
2025-12-29,60.13,59.5698,VNM,80_20,LSTM
2025-12-30,59.84,60.1396,VNM,80_20,LSTM
2025-12-31,59.26,59.8462,VNM,80_20,LSTM
2026-01-05,58.39,59.2579,VNM,80_20,LSTM
2026-01-06,58.87,58.3929,VNM,80_20,LSTM
2026-01-07,58.97,58.8716,VNM,80_20,LSTM
2026-01-08,60.23,58.9816,VNM,80_20,LSTM
2026-01-09,59.07,60.2242,VNM,80_20,LSTM
2026-01-12,60.71,59.0715,VNM,80_20,LSTM
2026-01-13,61.29,60.6783,VNM,80_20,LSTM
2026-01-14,65.55,61.2678,VNM,80_20,LSTM
2026-01-15,68.75,65.4741,VNM,80_20,LSTM
2026-01-16,67.39,68.6549,VNM,80_20,LSTM
2026-01-19,68.36,67.2957,VNM,80_20,LSTM
2026-01-20,71.07,68.2528,VNM,80_20,LSTM
2026-01-21,68.07,70.9557,VNM,80_20,LSTM
2026-01-22,68.65,68.0505,VNM,80_20,LSTM
2026-01-23,65.07,68.6296,VNM,80_20,LSTM
2026-01-26,66.72,65.0805,VNM,80_20,LSTM
2026-01-27,65.55,66.7214,VNM,80_20,LSTM
2026-01-28,65.55,65.5989,VNM,80_20,LSTM
2026-01-29,68.85,65.5699,VNM,80_20,LSTM
2026-01-30,68.36,68.8357,VNM,80_20,LSTM
2026-02-02,70.3,68.3378,VNM,80_20,LSTM
2026-02-03,69.33,70.2523,VNM,80_20,LSTM
2026-02-04,69.72,69.288,VNM,80_20,LSTM
2026-02-05,66.91,69.6713,VNM,80_20,LSTM
2026-02-06,66.91,66.9196,VNM,80_20,LSTM
2026-02-09,67.39,66.9103,VNM,80_20,LSTM
2026-02-10,66.23,67.4134,VNM,80_20,LSTM
2026-02-11,66.91,66.2609,VNM,80_20,LSTM
2026-02-12,66.81,66.9253,VNM,80_20,LSTM
2026-02-13,67.3,66.8107,VNM,80_20,LSTM
2026-02-23,68.36,67.295,VNM,80_20,LSTM
2026-02-24,67.97,68.3474,VNM,80_20,LSTM
2026-02-25,70.01,67.9541,VNM,80_20,LSTM
2026-02-26,68.36,69.9717,VNM,80_20,LSTM
2026-02-27,66.04,68.3464,VNM,80_20,LSTM
2026-03-02,64.49,66.0384,VNM,80_20,LSTM
2026-03-03,61.39,64.5062,VNM,80_20,LSTM
2026-03-04,62.84,61.4342,VNM,80_20,LSTM
2026-03-05,61.2,62.8848,VNM,80_20,LSTM
2026-03-06,60.42,61.2628,VNM,80_20,LSTM
2026-03-09,56.26,60.4606,VNM,80_20,LSTM
2026-03-10,60.13,56.3104,VNM,80_20,LSTM
2026-03-11,61.0,60.1183,VNM,80_20,LSTM
2026-03-12,59.65,61.0263,VNM,80_20,LSTM
2026-03-13,61.1,59.6634,VNM,80_20,LSTM
2026-03-16,59.84,61.0718,VNM,80_20,LSTM
2026-03-17,59.55,59.8049,VNM,80_20,LSTM
2026-03-18,59.74,59.5493,VNM,80_20,LSTM
2026-03-19,59.07,59.7454,VNM,80_20,LSTM
2026-03-20,58.1,59.0765,VNM,80_20,LSTM
2026-03-23,58.87,58.1208,VNM,80_20,LSTM
2026-03-24,59.26,58.8726,VNM,80_20,LSTM
2026-03-25,60.13,59.2651,VNM,80_20,LSTM
2026-03-26,59.07,60.1253,VNM,80_20,LSTM
2026-03-27,59.55,59.0675,VNM,80_20,LSTM
2026-03-30,58.68,59.5281,VNM,80_20,LSTM
2026-03-31,58.58,58.6799,VNM,80_20,LSTM
2026-04-01,59.36,58.5824,VNM,80_20,LSTM
2026-04-02,58.87,59.3633,VNM,80_20,LSTM
2026-04-03,58.1,58.8741,VNM,80_20,LSTM
2026-04-06,58.97,58.1076,VNM,80_20,LSTM
2026-04-07,59.07,58.9605,VNM,80_20,LSTM
2026-04-08,60.62,59.0681,VNM,80_20,LSTM
2026-04-09,59.84,60.6049,VNM,80_20,LSTM
2026-04-10,60.81,59.8308,VNM,80_20,LSTM
2026-04-13,60.81,60.7761,VNM,80_20,LSTM
2026-04-14,60.03,60.7906,VNM,80_20,LSTM
2026-04-15,59.36,60.0191,VNM,80_20,LSTM
2026-04-16,59.16,59.3634,VNM,80_20,LSTM
2026-04-17,59.36,59.162,VNM,80_20,LSTM
2026-04-20,59.55,59.3719,VNM,80_20,LSTM
2026-04-21,59.65,59.5607,VNM,80_20,LSTM
2026-04-22,59.84,59.6516,VNM,80_20,LSTM
2026-04-23,60.03,59.8327,VNM,80_20,LSTM
2026-04-24,59.45,60.0196,VNM,80_20,LSTM
2026-04-28,59.26,59.4469,VNM,80_20,LSTM
2026-04-29,58.97,59.2575,VNM,80_20,LSTM
2026-05-04,58.97,58.9733,VNM,80_20,LSTM
2026-05-05,59.16,58.9759,VNM,80_20,LSTM
2026-05-06,59.55,59.1659,VNM,80_20,LSTM
2026-05-07,59.55,59.5478,VNM,80_20,LSTM
2026-05-08,58.97,59.5459,VNM,80_20,LSTM
2026-05-11,58.68,58.9666,VNM,80_20,LSTM
2026-05-12,58.19,58.6773,VNM,80_20,LSTM
2026-05-13,57.42,58.1959,VNM,80_20,LSTM
2026-05-14,58.19,57.4359,VNM,80_20,LSTM
2026-05-15,57.9,58.1975,VNM,80_20,LSTM
2026-05-18,58.58,57.9116,VNM,80_20,LSTM
2026-05-19,57.9,58.5776,VNM,80_20,LSTM
2026-05-20,57.23,57.9009,VNM,80_20,LSTM
2026-05-21,57.13,57.2267,VNM,80_20,LSTM
2026-05-22,57.61,57.1338,VNM,80_20,LSTM
2026-05-25,57.23,57.612,VNM,80_20,LSTM
2026-05-26,57.23,57.2425,VNM,80_20,LSTM
2026-05-27,56.94,57.2318,VNM,80_20,LSTM
2026-05-28,57.13,56.9397,VNM,80_20,LSTM
2026-05-29,57.32,57.1276,VNM,80_20,LSTM
2026-06-01,57.23,57.3211,VNM,80_20,LSTM
2026-06-02,56.74,57.2287,VNM,80_20,LSTM
2026-06-03,56.45,56.741,VNM,80_20,LSTM
2026-06-04,56.74,56.4501,VNM,80_20,LSTM
2026-06-05,56.55,56.7409,VNM,80_20,LSTM
2026-06-08,56.16,56.557,VNM,80_20,LSTM
2026-06-09,56.45,56.1667,VNM,80_20,LSTM
2026-06-10,57.03,56.4484,VNM,80_20,LSTM
2026-06-11,57.32,57.0241,VNM,80_20,LSTM
2026-06-12,57.13,57.3145,VNM,80_20,LSTM
2026-06-15,57.81,57.1217,VNM,80_20,LSTM
2026-06-16,57.23,57.7896,VNM,80_20,LSTM
2026-06-17,57.13,57.2223,VNM,80_20,LSTM
2026-06-18,57.32,57.1243,VNM,80_20,LSTM
2026-06-19,57.13,57.3164,VNM,80_20,LSTM
2026-06-22,56.74,57.1299,VNM,80_20,LSTM
2026-06-23,56.55,56.7464,VNM,80_20,LSTM
2026-06-24,56.45,56.5522,VNM,80_20,LSTM
2026-06-25,56.45,56.454,VNM,80_20,LSTM
2026-06-26,56.3,56.4562,VNM,80_20,LSTM
2026-06-29,56.1,56.3056,VNM,80_20,LSTM
2026-06-30,54.8,56.1031,VNM,80_20,LSTM
2026-07-01,55.2,54.812,VNM,80_20,LSTM
2026-07-02,55.5,55.2044,VNM,80_20,LSTM
2026-07-03,54.9,55.5091,VNM,80_20,LSTM
2026-07-06,55.3,54.9132,VNM,80_20,LSTM
2026-07-07,55.1,55.3009,VNM,80_20,LSTM
2026-07-08,55.7,55.0965,VNM,80_20,LSTM
2026-07-09,55.7,55.6931,VNM,80_20,LSTM
2026-07-10,56.6,55.6971,VNM,80_20,LSTM
2026-07-13,55.4,56.581,VNM,80_20,LSTM
2026-07-14,56.0,55.3979,VNM,80_20,LSTM
2026-07-15,56.2,55.9837,VNM,80_20,LSTM
2026-07-16,56.2,56.1944,VNM,80_20,LSTM
2026-07-17,59.0,56.1958,VNM,80_20,LSTM
2026-07-20,58.5,58.9683,VNM,80_20,LSTM
2026-07-21,58.4,58.475,VNM,80_20,LSTM
2026-07-22,59.1,58.368,VNM,80_20,LSTM
2026-07-23,57.8,59.0623,VNM,80_20,LSTM
2026-07-24,58.9,57.7854,VNM,80_20,LSTM
2026-07-27,57.9,58.8924,VNM,80_20,LSTM
2026-07-28,59.6,57.9063,VNM,80_20,LSTM
2026-07-29,60.0,59.583,VNM,80_20,LSTM
2026-07-30,61.2,59.9924,VNM,80_20,LSTM
2026-07-31,60.9,61.165,VNM,80_20,LSTM
2026-08-03,60.3,60.8771,VNM,80_20,LSTM
2026-08-04,59.5,60.2707,VNM,80_20,LSTM
2026-08-05,58.6,59.4935,VNM,80_20,LSTM
2026-08-06,59.0,58.6079,VNM,80_20,LSTM
2026-08-07,62.0,59.0152,VNM,80_20,LSTM
2026-08-10,62.1,61.986,VNM,80_20,LSTM
2026-08-11,62.0,62.0889,VNM,80_20,LSTM
2026-08-12,61.8,61.9667,VNM,80_20,LSTM
2026-08-13,61.6,61.7577,VNM,80_20,LSTM
2026-08-14,61.6,61.5714,VNM,80_20,LSTM
2026-08-17,62.2,61.6009,VNM,80_20,LSTM
2026-08-18,62.1,62.197,VNM,80_20,LSTM
2026-08-19,63.1,62.099,VNM,80_20,LSTM
2026-08-20,64.0,63.0836,VNM,80_20,LSTM
2026-08-21,63.8,63.9761,VNM,80_20,LSTM
2026-08-24,63.2,63.7784,VNM,80_20,LSTM
2026-08-25,62.6,63.1836,VNM,80_20,LSTM
2026-08-26,62.8,62.5886,VNM,80_20,LSTM
2026-08-27,62.5,62.7991,VNM,80_20,LSTM
2026-08-28,62.3,62.5133,VNM,80_20,LSTM
2026-09-03,61.2,62.3106,VNM,80_20,LSTM
2026-09-04,61.9,61.2138,VNM,80_20,LSTM
2026-09-07,60.7,61.9004,VNM,80_20,LSTM
2026-09-08,61.0,60.7195,VNM,80_20,LSTM
2026-09-09,61.3,61.0077,VNM,80_20,LSTM
2026-09-10,61.6,61.3068,VNM,80_20,LSTM
2026-09-11,59.9,61.5971,VNM,80_20,LSTM
2026-09-14,59.3,59.914,VNM,80_20,LSTM
2026-09-15,59.7,59.3022,VNM,80_20,LSTM
2026-09-16,59.6,59.7076,VNM,80_20,LSTM
2026-09-17,60.2,59.6179,VNM,80_20,LSTM
2026-09-18,61.2,60.2092,VNM,80_20,LSTM
2026-09-21,60.3,61.1857,VNM,80_20,LSTM
2026-09-22,61.2,60.2908,VNM,80_20,LSTM
2026-09-23,60.5,61.1771,VNM,80_20,LSTM
2026-09-24,60.6,60.4908,VNM,80_20,LSTM
2026-09-25,59.8,60.5924,VNM,80_20,LSTM
2026-09-28,60.3,59.8088,VNM,80_20,LSTM
2026-09-29,60.3,60.2961,VNM,80_20,LSTM
2026-09-30,59.4,60.3078,VNM,80_20,LSTM
2026-10-01,58.6,59.4083,VNM,80_20,LSTM
2026-10-02,57.3,58.6104,VNM,80_20,LSTM
