date,actual,predicted,ticker,split,model
2024-05-31,57.43,58.3144,VCB,70_30,SVR
2024-06-03,58.09,57.3973,VCB,70_30,SVR
2024-06-04,58.42,58.0552,VCB,70_30,SVR
2024-06-05,58.48,58.3842,VCB,70_30,SVR
2024-06-06,58.61,58.444,VCB,70_30,SVR
2024-06-07,58.28,58.5736,VCB,70_30,SVR
2024-06-10,57.95,58.2446,VCB,70_30,SVR
2024-06-11,57.43,57.9157,VCB,70_30,SVR
2024-06-12,58.42,57.3973,VCB,70_30,SVR
2024-06-13,58.22,58.3842,VCB,70_30,SVR
2024-06-14,57.63,58.1848,VCB,70_30,SVR
2024-06-17,57.36,57.5967,VCB,70_30,SVR
2024-06-18,57.36,57.3275,VCB,70_30,SVR
2024-06-19,57.03,57.3275,VCB,70_30,SVR
2024-06-20,56.64,56.9986,VCB,70_30,SVR
2024-06-21,56.64,56.6098,VCB,70_30,SVR
2024-06-24,56.31,56.6098,VCB,70_30,SVR
2024-06-25,56.31,56.2808,VCB,70_30,SVR
2024-06-26,56.11,56.2808,VCB,70_30,SVR
2024-06-27,56.11,56.0815,VCB,70_30,SVR
2024-06-28,56.11,56.0815,VCB,70_30,SVR
2024-07-01,56.7,56.0815,VCB,70_30,SVR
2024-07-02,58.09,56.6696,VCB,70_30,SVR
2024-07-03,58.28,58.0552,VCB,70_30,SVR
2024-07-04,57.95,58.2446,VCB,70_30,SVR
2024-07-05,57.95,57.9157,VCB,70_30,SVR
2024-07-08,57.43,57.9157,VCB,70_30,SVR
2024-07-09,58.02,57.3973,VCB,70_30,SVR
2024-07-10,58.35,57.9854,VCB,70_30,SVR
2024-07-11,58.02,58.3144,VCB,70_30,SVR
2024-07-12,57.69,57.9854,VCB,70_30,SVR
2024-07-15,57.63,57.6565,VCB,70_30,SVR
2024-07-16,57.89,57.5967,VCB,70_30,SVR
2024-07-17,57.95,57.8559,VCB,70_30,SVR
2024-07-18,57.95,57.9157,VCB,70_30,SVR
2024-07-19,57.63,57.9157,VCB,70_30,SVR
2024-07-22,57.76,57.5967,VCB,70_30,SVR
2024-07-23,57.63,57.7263,VCB,70_30,SVR
2024-07-24,57.63,57.5967,VCB,70_30,SVR
2024-07-25,57.49,57.5967,VCB,70_30,SVR
2024-07-26,57.49,57.4571,VCB,70_30,SVR
2024-07-29,57.49,57.4571,VCB,70_30,SVR
2024-07-30,57.63,57.4571,VCB,70_30,SVR
2024-07-31,58.74,57.5967,VCB,70_30,SVR
2024-08-01,59.73,58.7032,VCB,70_30,SVR
2024-08-02,58.42,59.6901,VCB,70_30,SVR
2024-08-05,57.23,58.3842,VCB,70_30,SVR
2024-08-06,57.49,57.1979,VCB,70_30,SVR
2024-08-07,57.76,57.4571,VCB,70_30,SVR
2024-08-08,57.49,57.7263,VCB,70_30,SVR
2024-08-09,57.76,57.4571,VCB,70_30,SVR
2024-08-12,57.82,57.7263,VCB,70_30,SVR
2024-08-13,58.94,57.7861,VCB,70_30,SVR
2024-08-14,57.95,58.9026,VCB,70_30,SVR
2024-08-15,57.69,57.9157,VCB,70_30,SVR
2024-08-16,58.02,57.6565,VCB,70_30,SVR
2024-08-19,58.48,57.9854,VCB,70_30,SVR
2024-08-20,59.8,58.444,VCB,70_30,SVR
2024-08-21,61.12,59.7598,VCB,70_30,SVR
2024-08-22,60.85,61.0757,VCB,70_30,SVR
2024-08-23,60.85,60.8065,VCB,70_30,SVR
2024-08-26,60.59,60.8065,VCB,70_30,SVR
2024-08-27,60.26,60.5474,VCB,70_30,SVR
2024-08-28,60.0,60.2184,VCB,70_30,SVR
2024-08-29,60.26,59.9592,VCB,70_30,SVR
2024-08-30,60.39,60.2184,VCB,70_30,SVR
2024-09-04,59.93,60.348,VCB,70_30,SVR
2024-09-05,59.34,59.8894,VCB,70_30,SVR
2024-09-06,59.4,59.3013,VCB,70_30,SVR
2024-09-09,59.4,59.3611,VCB,70_30,SVR
2024-09-10,58.61,59.3611,VCB,70_30,SVR
2024-09-11,58.22,58.5736,VCB,70_30,SVR
2024-09-12,58.94,58.1848,VCB,70_30,SVR
2024-09-13,59.21,58.9026,VCB,70_30,SVR
2024-09-16,58.55,59.1717,VCB,70_30,SVR
2024-09-17,59.6,58.5138,VCB,70_30,SVR
2024-09-18,59.93,59.5605,VCB,70_30,SVR
2024-09-19,60.26,59.8894,VCB,70_30,SVR
2024-09-20,59.67,60.2184,VCB,70_30,SVR
2024-09-23,59.86,59.6303,VCB,70_30,SVR
2024-09-24,60.06,59.8197,VCB,70_30,SVR
2024-09-25,61.12,60.019,VCB,70_30,SVR
2024-09-26,60.92,61.0757,VCB,70_30,SVR
2024-09-27,60.92,60.8763,VCB,70_30,SVR
2024-09-30,60.59,60.8763,VCB,70_30,SVR
2024-10-01,60.59,60.5474,VCB,70_30,SVR
2024-10-02,61.05,60.5474,VCB,70_30,SVR
2024-10-03,60.98,61.0059,VCB,70_30,SVR
2024-10-04,60.79,60.9361,VCB,70_30,SVR
2024-10-07,60.59,60.7467,VCB,70_30,SVR
2024-10-08,60.26,60.5474,VCB,70_30,SVR
2024-10-09,59.93,60.2184,VCB,70_30,SVR
2024-10-10,60.52,59.8894,VCB,70_30,SVR
2024-10-11,60.26,60.4776,VCB,70_30,SVR
2024-10-14,60.19,60.2184,VCB,70_30,SVR
2024-10-15,60.19,60.1486,VCB,70_30,SVR
2024-10-16,60.26,60.1486,VCB,70_30,SVR
2024-10-17,60.72,60.2184,VCB,70_30,SVR
2024-10-18,60.85,60.677,VCB,70_30,SVR
2024-10-21,60.59,60.8065,VCB,70_30,SVR
2024-10-22,60.19,60.5474,VCB,70_30,SVR
2024-10-23,60.26,60.1486,VCB,70_30,SVR
2024-10-24,60.39,60.2184,VCB,70_30,SVR
2024-10-25,60.46,60.348,VCB,70_30,SVR
2024-10-28,60.59,60.4178,VCB,70_30,SVR
2024-10-29,60.59,60.5474,VCB,70_30,SVR
2024-10-30,60.39,60.5474,VCB,70_30,SVR
2024-10-31,61.64,60.348,VCB,70_30,SVR
2024-11-01,61.58,61.5941,VCB,70_30,SVR
2024-11-04,60.92,61.5342,VCB,70_30,SVR
2024-11-05,60.98,60.8763,VCB,70_30,SVR
2024-11-06,61.18,60.9361,VCB,70_30,SVR
2024-11-07,61.38,61.1355,VCB,70_30,SVR
2024-11-08,60.72,61.3349,VCB,70_30,SVR
2024-11-11,60.59,60.677,VCB,70_30,SVR
2024-11-12,60.52,60.5474,VCB,70_30,SVR
2024-11-13,60.92,60.4776,VCB,70_30,SVR
2024-11-14,60.59,60.8763,VCB,70_30,SVR
2024-11-15,60.39,60.5474,VCB,70_30,SVR
2024-11-18,59.93,60.348,VCB,70_30,SVR
2024-11-19,59.27,59.8894,VCB,70_30,SVR
2024-11-20,59.47,59.2315,VCB,70_30,SVR
2024-11-21,59.6,59.4309,VCB,70_30,SVR
2024-11-22,59.67,59.5605,VCB,70_30,SVR
2024-11-25,60.13,59.6303,VCB,70_30,SVR
2024-11-26,60.85,60.0888,VCB,70_30,SVR
2024-11-27,61.05,60.8065,VCB,70_30,SVR
2024-11-28,60.98,61.0059,VCB,70_30,SVR
2024-11-29,61.44,60.9361,VCB,70_30,SVR
2024-12-02,62.04,61.3947,VCB,70_30,SVR
2024-12-03,61.25,61.9928,VCB,70_30,SVR
2024-12-04,61.58,61.2053,VCB,70_30,SVR
2024-12-05,61.91,61.5342,VCB,70_30,SVR
2024-12-06,62.04,61.8632,VCB,70_30,SVR
2024-12-09,62.76,61.9928,VCB,70_30,SVR
2024-12-10,62.24,62.7105,VCB,70_30,SVR
2024-12-11,61.44,62.1922,VCB,70_30,SVR
2024-12-12,61.58,61.3947,VCB,70_30,SVR
2024-12-13,61.31,61.5342,VCB,70_30,SVR
2024-12-16,61.31,61.2651,VCB,70_30,SVR
2024-12-17,61.25,61.2651,VCB,70_30,SVR
2024-12-18,61.31,61.2053,VCB,70_30,SVR
2024-12-19,60.85,61.2651,VCB,70_30,SVR
2024-12-20,60.92,60.8065,VCB,70_30,SVR
2024-12-23,60.85,60.8763,VCB,70_30,SVR
2024-12-24,60.65,60.8065,VCB,70_30,SVR
2024-12-25,60.85,60.6072,VCB,70_30,SVR
2024-12-26,60.65,60.8065,VCB,70_30,SVR
2024-12-27,60.72,60.6072,VCB,70_30,SVR
2024-12-30,60.59,60.677,VCB,70_30,SVR
2024-12-31,60.06,60.5474,VCB,70_30,SVR
2025-01-02,60.52,60.019,VCB,70_30,SVR
2025-01-03,60.59,60.4776,VCB,70_30,SVR
2025-01-06,61.18,60.5474,VCB,70_30,SVR
2025-01-07,60.79,61.1355,VCB,70_30,SVR
2025-01-08,60.85,60.7467,VCB,70_30,SVR
2025-01-09,60.52,60.8065,VCB,70_30,SVR
2025-01-10,60.19,60.4776,VCB,70_30,SVR
2025-01-13,60.52,60.1486,VCB,70_30,SVR
2025-01-14,60.39,60.4776,VCB,70_30,SVR
2025-01-15,60.19,60.348,VCB,70_30,SVR
2025-01-16,61.05,60.1486,VCB,70_30,SVR
2025-01-17,60.92,61.0059,VCB,70_30,SVR
2025-01-20,60.39,60.8763,VCB,70_30,SVR
2025-01-21,60.19,60.348,VCB,70_30,SVR
2025-01-22,60.06,60.1486,VCB,70_30,SVR
2025-01-23,60.92,60.019,VCB,70_30,SVR
2025-01-24,60.98,60.8763,VCB,70_30,SVR
2025-02-03,60.33,60.9361,VCB,70_30,SVR
2025-02-04,60.59,60.2882,VCB,70_30,SVR
2025-02-05,60.98,60.5474,VCB,70_30,SVR
2025-02-06,61.18,60.9361,VCB,70_30,SVR
2025-02-07,61.25,61.1355,VCB,70_30,SVR
2025-02-10,60.72,61.2053,VCB,70_30,SVR
2025-02-11,60.52,60.677,VCB,70_30,SVR
2025-02-12,60.26,60.4776,VCB,70_30,SVR
2025-02-13,60.33,60.2184,VCB,70_30,SVR
2025-02-14,60.33,60.2882,VCB,70_30,SVR
2025-02-17,60.33,60.2882,VCB,70_30,SVR
2025-02-18,60.33,60.2882,VCB,70_30,SVR
2025-02-19,60.39,60.2882,VCB,70_30,SVR
2025-02-20,60.39,60.348,VCB,70_30,SVR
2025-02-21,61.31,60.348,VCB,70_30,SVR
2025-02-24,61.58,61.2651,VCB,70_30,SVR
2025-02-25,60.98,61.5342,VCB,70_30,SVR
2025-02-26,60.79,60.9361,VCB,70_30,SVR
2025-02-27,61.91,60.7467,VCB,70_30,SVR
2025-02-28,61.44,61.8632,VCB,70_30,SVR
2025-03-03,61.44,61.3947,VCB,70_30,SVR
2025-03-04,61.25,61.3947,VCB,70_30,SVR
2025-03-05,61.25,61.2053,VCB,70_30,SVR
2025-03-06,61.58,61.2053,VCB,70_30,SVR
2025-03-07,62.63,61.5342,VCB,70_30,SVR
2025-03-10,63.75,62.5809,VCB,70_30,SVR
2025-03-11,63.75,63.6974,VCB,70_30,SVR
2025-03-12,65.67,63.6974,VCB,70_30,SVR
2025-03-13,64.49,65.6114,VCB,70_30,SVR
2025-03-14,64.98,64.4351,VCB,70_30,SVR
2025-03-17,66.26,64.9236,VCB,70_30,SVR
2025-03-18,65.77,66.1995,VCB,70_30,SVR
2025-03-19,65.47,65.7111,VCB,70_30,SVR
2025-03-20,65.77,65.412,VCB,70_30,SVR
2025-03-21,64.98,65.7111,VCB,70_30,SVR
2025-03-24,65.47,64.9236,VCB,70_30,SVR
2025-03-25,65.18,65.412,VCB,70_30,SVR
2025-03-26,64.78,65.1229,VCB,70_30,SVR
2025-03-27,64.49,64.7242,VCB,70_30,SVR
2025-03-28,63.8,64.4351,VCB,70_30,SVR
2025-03-31,63.01,63.7473,VCB,70_30,SVR
2025-04-01,63.5,62.9598,VCB,70_30,SVR
2025-04-02,63.8,63.4482,VCB,70_30,SVR
2025-04-03,59.37,63.7473,VCB,70_30,SVR
2025-04-04,59.07,59.3312,VCB,70_30,SVR
2025-04-08,54.94,59.0321,VCB,70_30,SVR
2025-04-09,51.69,54.9151,VCB,70_30,SVR
2025-04-10,55.23,51.6754,VCB,70_30,SVR
2025-04-11,58.88,55.2042,VCB,70_30,SVR
2025-04-14,58.38,58.8427,VCB,70_30,SVR
2025-04-15,59.07,58.3443,VCB,70_30,SVR
2025-04-16,58.38,59.0321,VCB,70_30,SVR
2025-04-17,57.2,58.3443,VCB,70_30,SVR
2025-04-18,57.2,57.168,VCB,70_30,SVR
2025-04-21,57.3,57.168,VCB,70_30,SVR
2025-04-22,57.6,57.2677,VCB,70_30,SVR
2025-04-23,57.1,57.5668,VCB,70_30,SVR
2025-04-24,57.3,57.0683,VCB,70_30,SVR
2025-04-25,56.61,57.2677,VCB,70_30,SVR
2025-04-28,56.61,56.5799,VCB,70_30,SVR
2025-04-29,56.42,56.5799,VCB,70_30,SVR
2025-05-05,56.22,56.3905,VCB,70_30,SVR
2025-05-06,56.12,56.1911,VCB,70_30,SVR
2025-05-07,56.12,56.0914,VCB,70_30,SVR
2025-05-08,56.22,56.0914,VCB,70_30,SVR
2025-05-09,55.73,56.1911,VCB,70_30,SVR
2025-05-12,55.73,55.7026,VCB,70_30,SVR
2025-05-13,55.92,55.7026,VCB,70_30,SVR
2025-05-14,57.79,55.8921,VCB,70_30,SVR
2025-05-15,57.79,57.7562,VCB,70_30,SVR
2025-05-16,56.61,57.7562,VCB,70_30,SVR
2025-05-19,56.12,56.5799,VCB,70_30,SVR
2025-05-20,56.22,56.0914,VCB,70_30,SVR
2025-05-21,56.22,56.1911,VCB,70_30,SVR
2025-05-22,56.02,56.1911,VCB,70_30,SVR
2025-05-23,55.92,55.9917,VCB,70_30,SVR
2025-05-26,56.12,55.8921,VCB,70_30,SVR
2025-05-27,55.92,56.0914,VCB,70_30,SVR
2025-05-28,55.92,55.8921,VCB,70_30,SVR
2025-05-29,55.82,55.8921,VCB,70_30,SVR
2025-05-30,55.53,55.7924,VCB,70_30,SVR
2025-06-02,55.33,55.5033,VCB,70_30,SVR
2025-06-03,55.92,55.3039,VCB,70_30,SVR
2025-06-04,55.73,55.8921,VCB,70_30,SVR
2025-06-05,55.43,55.7026,VCB,70_30,SVR
2025-06-06,55.23,55.4036,VCB,70_30,SVR
2025-06-09,55.04,55.2042,VCB,70_30,SVR
2025-06-10,55.04,55.0148,VCB,70_30,SVR
2025-06-11,54.84,55.0148,VCB,70_30,SVR
2025-06-12,55.14,54.8154,VCB,70_30,SVR
2025-06-13,55.33,55.1145,VCB,70_30,SVR
2025-06-16,55.73,55.3039,VCB,70_30,SVR
2025-06-17,56.32,55.7026,VCB,70_30,SVR
2025-06-18,55.82,56.2908,VCB,70_30,SVR
2025-06-19,55.73,55.7924,VCB,70_30,SVR
2025-06-20,56.22,55.7026,VCB,70_30,SVR
2025-06-23,55.73,56.1911,VCB,70_30,SVR
2025-06-24,55.73,55.7026,VCB,70_30,SVR
2025-06-25,55.73,55.7026,VCB,70_30,SVR
2025-06-26,55.53,55.7026,VCB,70_30,SVR
2025-06-27,55.82,55.5033,VCB,70_30,SVR
2025-06-30,56.12,55.7924,VCB,70_30,SVR
2025-07-01,57.3,56.0914,VCB,70_30,SVR
2025-07-02,57.1,57.2677,VCB,70_30,SVR
2025-07-03,57.01,57.0683,VCB,70_30,SVR
2025-07-04,57.5,56.9786,VCB,70_30,SVR
2025-07-07,57.7,57.4671,VCB,70_30,SVR
2025-07-08,58.09,57.6665,VCB,70_30,SVR
2025-07-09,60.55,58.0552,VCB,70_30,SVR
2025-07-10,60.45,60.5075,VCB,70_30,SVR
2025-07-11,61.73,60.4078,VCB,70_30,SVR
2025-07-14,61.44,61.6838,VCB,70_30,SVR
2025-07-15,60.45,61.3947,VCB,70_30,SVR
2025-07-16,60.85,60.4078,VCB,70_30,SVR
2025-07-17,61.24,60.8065,VCB,70_30,SVR
2025-07-18,60.94,61.1953,VCB,70_30,SVR
2025-07-21,60.35,60.8963,VCB,70_30,SVR
2025-07-22,61.24,60.3081,VCB,70_30,SVR
2025-07-23,61.14,61.1953,VCB,70_30,SVR
2025-07-24,61.14,61.0956,VCB,70_30,SVR
2025-07-25,61.04,61.0956,VCB,70_30,SVR
2025-07-28,61.83,60.9959,VCB,70_30,SVR
2025-07-29,60.06,61.7835,VCB,70_30,SVR
2025-07-30,59.96,60.019,VCB,70_30,SVR
2025-07-31,59.27,59.9193,VCB,70_30,SVR
2025-08-01,59.27,59.2315,VCB,70_30,SVR
2025-08-04,60.16,59.2315,VCB,70_30,SVR
2025-08-05,60.55,60.1187,VCB,70_30,SVR
2025-08-06,61.34,60.5075,VCB,70_30,SVR
2025-08-07,60.75,61.295,VCB,70_30,SVR
2025-08-08,60.94,60.7069,VCB,70_30,SVR
2025-08-11,61.53,60.8963,VCB,70_30,SVR
2025-08-12,62.03,61.4844,VCB,70_30,SVR
2025-08-13,61.53,61.9828,VCB,70_30,SVR
2025-08-14,64.19,61.4844,VCB,70_30,SVR
2025-08-15,63.31,64.136,VCB,70_30,SVR
2025-08-18,63.5,63.2588,VCB,70_30,SVR
2025-08-19,63.21,63.4482,VCB,70_30,SVR
2025-08-20,62.03,63.1591,VCB,70_30,SVR
2025-08-21,63.21,61.9828,VCB,70_30,SVR
2025-08-22,63.6,63.1591,VCB,70_30,SVR
2025-08-25,62.62,63.5479,VCB,70_30,SVR
2025-08-26,63.6,62.571,VCB,70_30,SVR
2025-08-27,68.03,63.5479,VCB,70_30,SVR
2025-08-28,67.93,67.964,VCB,70_30,SVR
2025-08-29,67.54,67.8643,VCB,70_30,SVR
2025-09-03,65.97,67.4755,VCB,70_30,SVR
2025-09-04,67.84,65.9104,VCB,70_30,SVR
2025-09-05,66.46,67.7746,VCB,70_30,SVR
2025-09-08,64.29,66.3989,VCB,70_30,SVR
2025-09-09,63.9,64.2357,VCB,70_30,SVR
2025-09-10,64.78,63.847,VCB,70_30,SVR
2025-09-11,64.69,64.7242,VCB,70_30,SVR
2025-09-12,64.78,64.6345,VCB,70_30,SVR
2025-09-15,64.78,64.7242,VCB,70_30,SVR
2025-09-16,64.59,64.7242,VCB,70_30,SVR
2025-09-17,63.8,64.5348,VCB,70_30,SVR
2025-09-18,62.91,63.7473,VCB,70_30,SVR
2025-09-19,62.03,62.8601,VCB,70_30,SVR
2025-09-22,61.04,61.9828,VCB,70_30,SVR
2025-09-23,61.24,60.9959,VCB,70_30,SVR
2025-09-24,61.73,61.1953,VCB,70_30,SVR
2025-09-25,62.03,61.6838,VCB,70_30,SVR
2025-09-26,62.03,61.9828,VCB,70_30,SVR
2025-09-29,61.63,61.9828,VCB,70_30,SVR
2025-09-30,61.04,61.5841,VCB,70_30,SVR
2025-10-01,61.44,60.9959,VCB,70_30,SVR
2025-10-02,61.14,61.3947,VCB,70_30,SVR
2025-10-03,61.19,61.0956,VCB,70_30,SVR
2025-10-06,63.47,61.1455,VCB,70_30,SVR
2025-10-07,63.17,63.4183,VCB,70_30,SVR
2025-10-08,64.06,63.1192,VCB,70_30,SVR
2025-10-09,63.27,64.0064,VCB,70_30,SVR
2025-10-10,63.67,63.2189,VCB,70_30,SVR
2025-10-13,62.58,63.6177,VCB,70_30,SVR
2025-10-14,62.58,62.5311,VCB,70_30,SVR
2025-10-15,61.98,62.5311,VCB,70_30,SVR
2025-10-16,62.38,61.933,VCB,70_30,SVR
2025-10-17,61.39,62.3317,VCB,70_30,SVR
2025-10-20,58.91,61.3448,VCB,70_30,SVR
2025-10-21,58.81,58.8726,VCB,70_30,SVR
2025-10-22,59.11,58.773,VCB,70_30,SVR
2025-10-23,59.3,59.072,VCB,70_30,SVR
2025-10-24,59.01,59.2614,VCB,70_30,SVR
2025-10-27,58.71,58.9723,VCB,70_30,SVR
2025-10-28,59.5,58.6733,VCB,70_30,SVR
2025-10-29,60.2,59.4608,VCB,70_30,SVR
2025-10-30,60.1,60.1586,VCB,70_30,SVR
2025-10-31,59.11,60.0589,VCB,70_30,SVR
2025-11-03,58.81,59.072,VCB,70_30,SVR
2025-11-04,59.6,58.773,VCB,70_30,SVR
2025-11-05,60.3,59.5605,VCB,70_30,SVR
2025-11-06,59.8,60.2583,VCB,70_30,SVR
2025-11-07,58.81,59.7598,VCB,70_30,SVR
2025-11-10,58.31,58.773,VCB,70_30,SVR
2025-11-11,58.41,58.2745,VCB,70_30,SVR
2025-11-12,59.01,58.3742,VCB,70_30,SVR
2025-11-13,59.3,58.9723,VCB,70_30,SVR
2025-11-14,59.5,59.2614,VCB,70_30,SVR
2025-11-17,59.7,59.4608,VCB,70_30,SVR
2025-11-18,59.4,59.6602,VCB,70_30,SVR
2025-11-19,58.91,59.3611,VCB,70_30,SVR
2025-11-20,58.91,58.8726,VCB,70_30,SVR
2025-11-21,58.51,58.8726,VCB,70_30,SVR
2025-11-24,58.31,58.4739,VCB,70_30,SVR
2025-11-25,57.72,58.2745,VCB,70_30,SVR
2025-11-26,57.62,57.6864,VCB,70_30,SVR
2025-11-27,57.42,57.5867,VCB,70_30,SVR
2025-11-28,56.92,57.3873,VCB,70_30,SVR
2025-12-01,57.02,56.8889,VCB,70_30,SVR
2025-12-02,57.12,56.9886,VCB,70_30,SVR
2025-12-03,58.41,57.0883,VCB,70_30,SVR
2025-12-04,58.41,58.3742,VCB,70_30,SVR
2025-12-05,57.82,58.3742,VCB,70_30,SVR
2025-12-08,57.42,57.7861,VCB,70_30,SVR
2025-12-09,57.52,57.3873,VCB,70_30,SVR
2025-12-10,57.72,57.487,VCB,70_30,SVR
2025-12-11,57.12,57.6864,VCB,70_30,SVR
2025-12-12,56.33,57.0883,VCB,70_30,SVR
2025-12-15,56.33,56.3008,VCB,70_30,SVR
2025-12-16,56.43,56.3008,VCB,70_30,SVR
2025-12-17,56.23,56.4004,VCB,70_30,SVR
2025-12-18,56.33,56.2011,VCB,70_30,SVR
2025-12-19,57.02,56.3008,VCB,70_30,SVR
2025-12-22,57.32,56.9886,VCB,70_30,SVR
2025-12-23,56.73,57.2876,VCB,70_30,SVR
2025-12-24,56.53,56.6995,VCB,70_30,SVR
2025-12-25,56.63,56.5001,VCB,70_30,SVR
2025-12-26,56.63,56.5998,VCB,70_30,SVR
2025-12-29,56.63,56.5998,VCB,70_30,SVR
2025-12-30,56.82,56.5998,VCB,70_30,SVR
2025-12-31,57.02,56.7892,VCB,70_30,SVR
2026-01-05,56.63,56.9886,VCB,70_30,SVR
2026-01-06,56.82,56.5998,VCB,70_30,SVR
2026-01-07,59.11,56.7892,VCB,70_30,SVR
2026-01-08,63.17,59.072,VCB,70_30,SVR
2026-01-09,67.44,63.1192,VCB,70_30,SVR
2026-01-12,72.1,67.3758,VCB,70_30,SVR
2026-01-13,73.39,72.0212,VCB,70_30,SVR
2026-01-14,75.37,73.3071,VCB,70_30,SVR
2026-01-15,71.3,75.2809,VCB,70_30,SVR
2026-01-16,72.39,71.2237,VCB,70_30,SVR
2026-01-19,72.1,72.3103,VCB,70_30,SVR
2026-01-20,72.89,72.0212,VCB,70_30,SVR
2026-01-21,72.2,72.8087,VCB,70_30,SVR
2026-01-22,70.41,72.1208,VCB,70_30,SVR
2026-01-23,68.03,70.3365,VCB,70_30,SVR
2026-01-26,69.02,67.964,VCB,70_30,SVR
2026-01-27,70.01,68.9508,VCB,70_30,SVR
2026-01-28,69.02,69.9377,VCB,70_30,SVR
2026-01-29,69.22,68.9508,VCB,70_30,SVR
2026-01-30,69.91,69.1502,VCB,70_30,SVR
2026-02-02,70.91,69.8381,VCB,70_30,SVR
2026-02-03,71.2,70.8349,VCB,70_30,SVR
2026-02-04,70.21,71.124,VCB,70_30,SVR
2026-02-05,67.83,70.1371,VCB,70_30,SVR
2026-02-06,64.56,67.7646,VCB,70_30,SVR
2026-02-09,64.46,64.5049,VCB,70_30,SVR
2026-02-10,62.58,64.4052,VCB,70_30,SVR
2026-02-11,64.16,62.5311,VCB,70_30,SVR
2026-02-12,63.67,64.1061,VCB,70_30,SVR
2026-02-13,63.87,63.6177,VCB,70_30,SVR
2026-02-23,65.85,63.817,VCB,70_30,SVR
2026-02-24,64.46,65.7908,VCB,70_30,SVR
2026-02-25,64.56,64.4052,VCB,70_30,SVR
2026-02-26,64.86,64.5049,VCB,70_30,SVR
2026-02-27,64.36,64.8039,VCB,70_30,SVR
2026-03-02,62.38,64.3055,VCB,70_30,SVR
2026-03-03,61.09,62.3317,VCB,70_30,SVR
2026-03-04,62.48,61.0458,VCB,70_30,SVR
2026-03-05,61.98,62.4314,VCB,70_30,SVR
2026-03-06,61.09,61.933,VCB,70_30,SVR
2026-03-09,56.82,61.0458,VCB,70_30,SVR
2026-03-10,59.9,56.7892,VCB,70_30,SVR
2026-03-11,59.9,59.8595,VCB,70_30,SVR
2026-03-12,59.3,59.8595,VCB,70_30,SVR
2026-03-13,58.51,59.2614,VCB,70_30,SVR
2026-03-16,58.31,58.4739,VCB,70_30,SVR
2026-03-17,60.0,58.2745,VCB,70_30,SVR
2026-03-18,60.0,59.9592,VCB,70_30,SVR
2026-03-19,59.3,59.9592,VCB,70_30,SVR
2026-03-20,57.52,59.2614,VCB,70_30,SVR
2026-03-23,57.12,57.487,VCB,70_30,SVR
2026-03-24,57.72,57.0883,VCB,70_30,SVR
2026-03-25,57.92,57.6864,VCB,70_30,SVR
2026-03-26,57.42,57.8858,VCB,70_30,SVR
2026-03-27,58.31,57.3873,VCB,70_30,SVR
2026-03-30,57.52,58.2745,VCB,70_30,SVR
2026-03-31,57.62,57.487,VCB,70_30,SVR
2026-04-01,58.51,57.5867,VCB,70_30,SVR
2026-04-02,57.72,58.4739,VCB,70_30,SVR
2026-04-03,57.22,57.6864,VCB,70_30,SVR
2026-04-06,57.52,57.188,VCB,70_30,SVR
2026-04-07,57.52,57.487,VCB,70_30,SVR
2026-04-08,59.7,57.487,VCB,70_30,SVR
2026-04-09,58.91,59.6602,VCB,70_30,SVR
2026-04-10,59.3,58.8726,VCB,70_30,SVR
2026-04-13,58.71,59.2614,VCB,70_30,SVR
2026-04-14,58.81,58.6733,VCB,70_30,SVR
2026-04-15,59.4,58.773,VCB,70_30,SVR
2026-04-16,58.91,59.3611,VCB,70_30,SVR
2026-04-17,59.01,58.8726,VCB,70_30,SVR
2026-04-20,59.6,58.9723,VCB,70_30,SVR
2026-04-21,59.11,59.5605,VCB,70_30,SVR
2026-04-22,58.91,59.072,VCB,70_30,SVR
2026-04-23,62.28,58.8726,VCB,70_30,SVR
2026-04-24,60.1,62.232,VCB,70_30,SVR
2026-04-28,59.3,60.0589,VCB,70_30,SVR
2026-04-29,59.3,59.2614,VCB,70_30,SVR
2026-05-04,60.2,59.2614,VCB,70_30,SVR
2026-05-05,59.4,60.1586,VCB,70_30,SVR
2026-05-06,60.0,59.3611,VCB,70_30,SVR
2026-05-07,59.8,59.9592,VCB,70_30,SVR
2026-05-08,60.2,59.7598,VCB,70_30,SVR
2026-05-11,59.8,60.1586,VCB,70_30,SVR
2026-05-12,59.4,59.7598,VCB,70_30,SVR
2026-05-13,59.6,59.3611,VCB,70_30,SVR
2026-05-14,60.49,59.5605,VCB,70_30,SVR
2026-05-15,60.2,60.4477,VCB,70_30,SVR
2026-05-18,62.68,60.1586,VCB,70_30,SVR
2026-05-19,63.87,62.6308,VCB,70_30,SVR
2026-05-20,64.06,63.817,VCB,70_30,SVR
2026-05-21,64.36,64.0064,VCB,70_30,SVR
2026-05-22,62.97,64.3055,VCB,70_30,SVR
2026-05-25,63.17,62.9199,VCB,70_30,SVR
2026-05-26,63.87,63.1192,VCB,70_30,SVR
2026-05-27,63.67,63.817,VCB,70_30,SVR
2026-05-28,62.28,63.6177,VCB,70_30,SVR
2026-05-29,61.49,62.232,VCB,70_30,SVR
2026-06-01,61.68,61.4445,VCB,70_30,SVR
2026-06-02,61.09,61.6339,VCB,70_30,SVR
2026-06-03,61.39,61.0458,VCB,70_30,SVR
2026-06-04,61.68,61.3448,VCB,70_30,SVR
2026-06-05,61.19,61.6339,VCB,70_30,SVR
2026-06-08,60.79,61.1455,VCB,70_30,SVR
2026-06-09,60.99,60.7467,VCB,70_30,SVR
2026-06-10,61.19,60.9461,VCB,70_30,SVR
2026-06-11,61.09,61.1455,VCB,70_30,SVR
2026-06-12,61.09,61.0458,VCB,70_30,SVR
2026-06-15,61.09,61.0458,VCB,70_30,SVR
2026-06-16,61.29,61.0458,VCB,70_30,SVR
2026-06-17,61.68,61.2452,VCB,70_30,SVR
2026-06-18,61.09,61.6339,VCB,70_30,SVR
2026-06-19,61.19,61.0458,VCB,70_30,SVR
2026-06-22,60.79,61.1455,VCB,70_30,SVR
2026-06-23,60.79,60.7467,VCB,70_30,SVR
2026-06-24,60.49,60.7467,VCB,70_30,SVR
2026-06-25,60.3,60.4477,VCB,70_30,SVR
2026-06-26,60.89,60.2583,VCB,70_30,SVR
2026-06-29,61.49,60.8464,VCB,70_30,SVR
2026-06-30,61.68,61.4445,VCB,70_30,SVR
2026-07-01,62.48,61.6339,VCB,70_30,SVR
2026-07-02,61.58,62.4314,VCB,70_30,SVR
2026-07-03,61.49,61.5342,VCB,70_30,SVR
2026-07-06,60.69,61.4445,VCB,70_30,SVR
2026-07-07,60.79,60.647,VCB,70_30,SVR
2026-07-08,61.09,60.7467,VCB,70_30,SVR
2026-07-09,60.59,61.0458,VCB,70_30,SVR
2026-07-10,60.0,60.5474,VCB,70_30,SVR
2026-07-13,58.41,59.9592,VCB,70_30,SVR
2026-07-14,58.71,58.3742,VCB,70_30,SVR
2026-07-15,58.71,58.6733,VCB,70_30,SVR
2026-07-16,58.91,58.6733,VCB,70_30,SVR
2026-07-17,58.01,58.8726,VCB,70_30,SVR
2026-07-20,56.23,57.9755,VCB,70_30,SVR
2026-07-21,56.23,56.2011,VCB,70_30,SVR
2026-07-22,54.05,56.2011,VCB,70_30,SVR
2026-07-23,54.0,54.0279,VCB,70_30,SVR
2026-07-24,54.1,53.9781,VCB,70_30,SVR
2026-07-27,54.0,54.0778,VCB,70_30,SVR
2026-07-28,54.1,53.9781,VCB,70_30,SVR
2026-07-29,54.6,54.0778,VCB,70_30,SVR
2026-07-30,56.5,54.5762,VCB,70_30,SVR
2026-07-31,59.3,56.4702,VCB,70_30,SVR
2026-08-03,60.8,59.2614,VCB,70_30,SVR
2026-08-04,60.0,60.7567,VCB,70_30,SVR
2026-08-05,59.3,59.9592,VCB,70_30,SVR
2026-08-06,59.0,59.2614,VCB,70_30,SVR
2026-08-07,59.7,58.9624,VCB,70_30,SVR
2026-08-10,60.3,59.6602,VCB,70_30,SVR
2026-08-11,59.8,60.2583,VCB,70_30,SVR
2026-08-12,59.7,59.7598,VCB,70_30,SVR
2026-08-13,59.5,59.6602,VCB,70_30,SVR
2026-08-14,58.5,59.4608,VCB,70_30,SVR
2026-08-17,58.2,58.4639,VCB,70_30,SVR
2026-08-18,58.0,58.1649,VCB,70_30,SVR
2026-08-19,57.4,57.9655,VCB,70_30,SVR
2026-08-20,57.8,57.3674,VCB,70_30,SVR
2026-08-21,59.1,57.7661,VCB,70_30,SVR
2026-08-24,59.2,59.062,VCB,70_30,SVR
2026-08-25,59.4,59.1617,VCB,70_30,SVR
2026-08-26,60.3,59.3611,VCB,70_30,SVR
2026-08-27,60.1,60.2583,VCB,70_30,SVR
2026-08-28,60.1,60.0589,VCB,70_30,SVR
2026-09-03,58.7,60.0589,VCB,70_30,SVR
2026-09-04,58.9,58.6633,VCB,70_30,SVR
2026-09-07,58.0,58.8627,VCB,70_30,SVR
2026-09-08,58.1,57.9655,VCB,70_30,SVR
2026-09-09,58.7,58.0652,VCB,70_30,SVR
2026-09-10,59.0,58.6633,VCB,70_30,SVR
2026-09-11,58.2,58.9624,VCB,70_30,SVR
2026-09-14,58.5,58.1649,VCB,70_30,SVR
2026-09-15,60.0,58.4639,VCB,70_30,SVR
2026-09-16,59.3,59.9592,VCB,70_30,SVR
2026-09-17,59.6,59.2614,VCB,70_30,SVR
2026-09-18,59.9,59.5605,VCB,70_30,SVR
2026-09-21,58.9,59.8595,VCB,70_30,SVR
2026-09-22,58.9,58.8627,VCB,70_30,SVR
2026-09-23,58.5,58.8627,VCB,70_30,SVR
2026-09-24,58.1,58.4639,VCB,70_30,SVR
2026-09-25,58.0,58.0652,VCB,70_30,SVR
2026-09-28,58.3,57.9655,VCB,70_30,SVR
2026-09-29,58.0,58.2646,VCB,70_30,SVR
2026-09-30,58.0,57.9655,VCB,70_30,SVR
2026-10-01,57.6,57.9655,VCB,70_30,SVR
2026-10-02,57.1,57.5668,VCB,70_30,SVR
2024-05-31,88.33,88.6682,FPT,70_30,SVR
2024-06-03,89.84,88.398,FPT,70_30,SVR
2024-06-04,91.29,89.9088,FPT,70_30,SVR
2024-06-05,91.94,91.3595,FPT,70_30,SVR
2024-06-06,91.62,92.0099,FPT,70_30,SVR
2024-06-07,93.19,91.6897,FPT,70_30,SVR
2024-06-10,94.5,93.2605,FPT,70_30,SVR
2024-06-11,96.14,94.5712,FPT,70_30,SVR
2024-06-12,100.31,96.212,FPT,70_30,SVR
2024-06-13,98.79,100.3842,FPT,70_30,SVR
2024-06-14,99.55,98.8634,FPT,70_30,SVR
2024-06-17,97.88,99.6238,FPT,70_30,SVR
2024-06-18,97.27,97.9529,FPT,70_30,SVR
2024-06-19,99.93,97.3426,FPT,70_30,SVR
2024-06-20,101.3,100.004,FPT,70_30,SVR
2024-06-21,103.43,101.3747,FPT,70_30,SVR
2024-06-24,100.39,103.5058,FPT,70_30,SVR
2024-06-25,98.79,100.4642,FPT,70_30,SVR
2024-06-26,100.16,98.8634,FPT,70_30,SVR
2024-06-27,100.92,100.2341,FPT,70_30,SVR
2024-06-28,99.17,100.9945,FPT,70_30,SVR
2024-07-01,97.73,99.2436,FPT,70_30,SVR
2024-07-02,97.27,97.8028,FPT,70_30,SVR
2024-07-03,99.55,97.3426,FPT,70_30,SVR
2024-07-04,103.2,99.6238,FPT,70_30,SVR
2024-07-05,105.4,103.2757,FPT,70_30,SVR
2024-07-08,106.09,105.4768,FPT,70_30,SVR
2024-07-09,104.49,106.1671,FPT,70_30,SVR
2024-07-10,101.83,104.5663,FPT,70_30,SVR
2024-07-11,101.07,101.9049,FPT,70_30,SVR
2024-07-12,101.68,101.1446,FPT,70_30,SVR
2024-07-15,100.84,101.7549,FPT,70_30,SVR
2024-07-16,101.83,100.9144,FPT,70_30,SVR
2024-07-17,100.23,101.9049,FPT,70_30,SVR
2024-07-18,97.2,100.3041,FPT,70_30,SVR
2024-07-19,95.75,97.2726,FPT,70_30,SVR
2024-07-22,94.31,95.8218,FPT,70_30,SVR
2024-07-23,95.37,94.3811,FPT,70_30,SVR
2024-07-24,95.75,95.4416,FPT,70_30,SVR
2024-07-25,94.99,95.8218,FPT,70_30,SVR
2024-07-26,97.27,95.0614,FPT,70_30,SVR
2024-07-29,98.03,97.3426,FPT,70_30,SVR
2024-07-30,97.27,98.103,FPT,70_30,SVR
2024-07-31,97.73,97.3426,FPT,70_30,SVR
2024-08-01,94.84,97.8028,FPT,70_30,SVR
2024-08-02,93.62,94.9114,FPT,70_30,SVR
2024-08-05,90.13,93.6907,FPT,70_30,SVR
2024-08-06,91.8,90.1989,FPT,70_30,SVR
2024-08-07,92.71,91.8698,FPT,70_30,SVR
2024-08-08,92.26,92.7803,FPT,70_30,SVR
2024-08-09,96.44,92.33,FPT,70_30,SVR
2024-08-12,98.79,96.5122,FPT,70_30,SVR
2024-08-13,98.56,98.8634,FPT,70_30,SVR
2024-08-14,98.41,98.6333,FPT,70_30,SVR
2024-08-15,97.8,98.4832,FPT,70_30,SVR
2024-08-16,99.25,97.8729,FPT,70_30,SVR
2024-08-19,99.17,99.3236,FPT,70_30,SVR
2024-08-20,99.93,99.2436,FPT,70_30,SVR
2024-08-21,101.45,100.004,FPT,70_30,SVR
2024-08-22,101.68,101.5248,FPT,70_30,SVR
2024-08-23,101.15,101.7549,FPT,70_30,SVR
2024-08-26,99.93,101.2246,FPT,70_30,SVR
2024-08-27,100.69,100.004,FPT,70_30,SVR
2024-08-28,101.3,100.7644,FPT,70_30,SVR
2024-08-29,101.6,101.3747,FPT,70_30,SVR
2024-08-30,102.44,101.6748,FPT,70_30,SVR
2024-09-04,101.07,102.5153,FPT,70_30,SVR
2024-09-05,99.25,101.1446,FPT,70_30,SVR
2024-09-06,100.39,99.3236,FPT,70_30,SVR
2024-09-09,99.78,100.4642,FPT,70_30,SVR
2024-09-10,98.79,99.8539,FPT,70_30,SVR
2024-09-11,99.25,98.8634,FPT,70_30,SVR
2024-09-12,100.54,99.3236,FPT,70_30,SVR
2024-09-13,101.07,100.6143,FPT,70_30,SVR
2024-09-16,99.63,101.1446,FPT,70_30,SVR
2024-09-17,100.99,99.7038,FPT,70_30,SVR
2024-09-18,102.29,101.0645,FPT,70_30,SVR
2024-09-19,102.74,102.3652,FPT,70_30,SVR
2024-09-20,102.82,102.8154,FPT,70_30,SVR
2024-09-23,101.83,102.8955,FPT,70_30,SVR
2024-09-24,102.21,101.9049,FPT,70_30,SVR
2024-09-25,102.44,102.2851,FPT,70_30,SVR
2024-09-26,102.06,102.5153,FPT,70_30,SVR
2024-09-27,101.98,102.1351,FPT,70_30,SVR
2024-09-30,102.21,102.055,FPT,70_30,SVR
2024-10-01,103.27,102.2851,FPT,70_30,SVR
2024-10-02,102.89,103.3457,FPT,70_30,SVR
2024-10-03,101.83,102.9655,FPT,70_30,SVR
2024-10-04,101.91,101.9049,FPT,70_30,SVR
2024-10-07,101.91,101.985,FPT,70_30,SVR
2024-10-08,101.68,101.985,FPT,70_30,SVR
2024-10-09,102.89,101.7549,FPT,70_30,SVR
2024-10-10,107.68,102.9655,FPT,70_30,SVR
2024-10-11,106.09,107.7579,FPT,70_30,SVR
2024-10-14,104.57,106.1671,FPT,70_30,SVR
2024-10-15,104.11,104.6464,FPT,70_30,SVR
2024-10-16,103.58,104.1861,FPT,70_30,SVR
2024-10-17,104.11,103.6558,FPT,70_30,SVR
2024-10-18,104.11,104.1861,FPT,70_30,SVR
2024-10-21,102.97,104.1861,FPT,70_30,SVR
2024-10-22,101.15,103.0455,FPT,70_30,SVR
2024-10-23,101.98,101.2246,FPT,70_30,SVR
2024-10-24,102.06,102.055,FPT,70_30,SVR
2024-10-25,101.83,102.1351,FPT,70_30,SVR
2024-10-28,102.51,101.9049,FPT,70_30,SVR
2024-10-29,102.89,102.5853,FPT,70_30,SVR
2024-10-30,103.27,102.9655,FPT,70_30,SVR
2024-10-31,103.27,103.3457,FPT,70_30,SVR
2024-11-01,102.29,103.3457,FPT,70_30,SVR
2024-11-04,100.92,102.3652,FPT,70_30,SVR
2024-11-05,100.77,100.9945,FPT,70_30,SVR
2024-11-06,102.29,100.8444,FPT,70_30,SVR
2024-11-07,102.67,102.3652,FPT,70_30,SVR
2024-11-08,103.2,102.7454,FPT,70_30,SVR
2024-11-11,105.1,103.2757,FPT,70_30,SVR
2024-11-12,103.96,105.1766,FPT,70_30,SVR
2024-11-13,104.72,104.036,FPT,70_30,SVR
2024-11-14,103.35,104.7964,FPT,70_30,SVR
2024-11-15,101.75,103.4257,FPT,70_30,SVR
2024-11-18,101.83,101.8249,FPT,70_30,SVR
2024-11-19,98.79,101.9049,FPT,70_30,SVR
2024-11-20,100.61,98.8634,FPT,70_30,SVR
2024-11-21,101.07,100.6843,FPT,70_30,SVR
2024-11-22,101.75,101.1446,FPT,70_30,SVR
2024-11-25,101.75,101.8249,FPT,70_30,SVR
2024-11-26,102.74,101.8249,FPT,70_30,SVR
2024-11-27,105.55,102.8154,FPT,70_30,SVR
2024-11-28,105.93,105.6269,FPT,70_30,SVR
2024-11-29,109.66,106.0071,FPT,70_30,SVR
2024-12-02,108.81,109.739,FPT,70_30,SVR
2024-12-03,110.96,108.8885,FPT,70_30,SVR
2024-12-04,109.81,111.0396,FPT,70_30,SVR
2024-12-05,113.63,109.889,FPT,70_30,SVR
2024-12-06,114.4,113.711,FPT,70_30,SVR
2024-12-09,112.49,114.4814,FPT,70_30,SVR
2024-12-10,114.4,112.5704,FPT,70_30,SVR
2024-12-11,115.16,114.4814,FPT,70_30,SVR
2024-12-12,114.93,115.2418,FPT,70_30,SVR
2024-12-13,114.4,115.0117,FPT,70_30,SVR
2024-12-16,114.7,114.4814,FPT,70_30,SVR
2024-12-17,113.25,114.7815,FPT,70_30,SVR
2024-12-18,113.79,113.3308,FPT,70_30,SVR
2024-12-19,113.33,113.8711,FPT,70_30,SVR
2024-12-20,114.4,113.4108,FPT,70_30,SVR
2024-12-23,114.63,114.4814,FPT,70_30,SVR
2024-12-24,115.09,114.7115,FPT,70_30,SVR
2024-12-25,115.39,115.1717,FPT,70_30,SVR
2024-12-26,114.63,115.4719,FPT,70_30,SVR
2024-12-27,114.48,114.7115,FPT,70_30,SVR
2024-12-30,115.16,114.5614,FPT,70_30,SVR
2024-12-31,116.69,115.2418,FPT,70_30,SVR
2025-01-02,116.31,116.7726,FPT,70_30,SVR
2025-01-03,114.02,116.3924,FPT,70_30,SVR
2025-01-06,114.25,114.1012,FPT,70_30,SVR
2025-01-07,114.86,114.3313,FPT,70_30,SVR
2025-01-08,113.48,114.9416,FPT,70_30,SVR
2025-01-09,113.86,113.5609,FPT,70_30,SVR
2025-01-10,112.72,113.9411,FPT,70_30,SVR
2025-01-13,112.94,112.8005,FPT,70_30,SVR
2025-01-14,111.03,113.0206,FPT,70_30,SVR
2025-01-15,111.34,111.1097,FPT,70_30,SVR
2025-01-16,112.1,111.4198,FPT,70_30,SVR
2025-01-17,114.02,112.1802,FPT,70_30,SVR
2025-01-20,114.78,114.1012,FPT,70_30,SVR
2025-01-21,114.7,114.8616,FPT,70_30,SVR
2025-01-22,114.55,114.7815,FPT,70_30,SVR
2025-01-23,118.07,114.6315,FPT,70_30,SVR
2025-01-24,117.38,118.1533,FPT,70_30,SVR
2025-02-03,111.34,117.4629,FPT,70_30,SVR
2025-02-04,111.87,111.4198,FPT,70_30,SVR
2025-02-05,111.95,111.9501,FPT,70_30,SVR
2025-02-06,112.1,112.0301,FPT,70_30,SVR
2025-02-07,111.8,112.1802,FPT,70_30,SVR
2025-02-10,108.66,111.8801,FPT,70_30,SVR
2025-02-11,111.26,108.7385,FPT,70_30,SVR
2025-02-12,110.96,111.3398,FPT,70_30,SVR
2025-02-13,109.5,111.0396,FPT,70_30,SVR
2025-02-14,110.88,109.5789,FPT,70_30,SVR
2025-02-17,109.88,110.9596,FPT,70_30,SVR
2025-02-18,110.11,109.9591,FPT,70_30,SVR
2025-02-19,110.19,110.1892,FPT,70_30,SVR
2025-02-20,109.43,110.2692,FPT,70_30,SVR
2025-02-21,108.66,109.5088,FPT,70_30,SVR
2025-02-24,107.51,108.7385,FPT,70_30,SVR
2025-02-25,106.36,107.5879,FPT,70_30,SVR
2025-02-26,108.51,106.4373,FPT,70_30,SVR
2025-02-27,108.12,108.5884,FPT,70_30,SVR
2025-02-28,107.36,108.1982,FPT,70_30,SVR
2025-03-03,107.51,107.4378,FPT,70_30,SVR
2025-03-04,107.13,107.5879,FPT,70_30,SVR
2025-03-05,106.44,107.2077,FPT,70_30,SVR
2025-03-06,108.35,106.5173,FPT,70_30,SVR
2025-03-07,108.2,108.4283,FPT,70_30,SVR
2025-03-10,106.59,108.2782,FPT,70_30,SVR
2025-03-11,105.22,106.6674,FPT,70_30,SVR
2025-03-12,103.99,105.2967,FPT,70_30,SVR
2025-03-13,104.45,104.0661,FPT,70_30,SVR
2025-03-14,100.55,104.5263,FPT,70_30,SVR
2025-03-17,99.48,100.6243,FPT,70_30,SVR
2025-03-18,99.48,99.5537,FPT,70_30,SVR
2025-03-19,95.35,99.5537,FPT,70_30,SVR
2025-03-20,95.65,95.4216,FPT,70_30,SVR
2025-03-21,97.95,95.7218,FPT,70_30,SVR
2025-03-24,98.71,98.023,FPT,70_30,SVR
2025-03-25,96.8,98.7833,FPT,70_30,SVR
2025-03-26,94.12,96.8724,FPT,70_30,SVR
2025-03-27,96.57,94.191,FPT,70_30,SVR
2025-03-28,94.89,96.6422,FPT,70_30,SVR
2025-03-31,92.59,94.9614,FPT,70_30,SVR
2025-04-01,92.21,92.6602,FPT,70_30,SVR
2025-04-02,93.36,92.28,FPT,70_30,SVR
2025-04-03,86.85,93.4306,FPT,70_30,SVR
2025-04-04,86.47,86.9173,FPT,70_30,SVR
2025-04-08,80.42,86.5371,FPT,70_30,SVR
2025-04-09,80.58,80.484,FPT,70_30,SVR
2025-04-10,86.16,80.644,FPT,70_30,SVR
2025-04-11,90.68,86.2269,FPT,70_30,SVR
2025-04-14,90.68,90.7492,FPT,70_30,SVR
2025-04-15,88.76,90.7492,FPT,70_30,SVR
2025-04-16,82.57,88.8282,FPT,70_30,SVR
2025-04-17,83.71,82.6351,FPT,70_30,SVR
2025-04-18,85.4,83.7757,FPT,70_30,SVR
2025-04-21,85.47,85.4665,FPT,70_30,SVR
2025-04-22,84.48,85.5366,FPT,70_30,SVR
2025-04-23,84.48,84.546,FPT,70_30,SVR
2025-04-24,85.7,84.546,FPT,70_30,SVR
2025-04-25,86.01,85.7667,FPT,70_30,SVR
2025-04-28,83.79,86.0768,FPT,70_30,SVR
2025-04-29,83.71,83.8557,FPT,70_30,SVR
2025-05-05,83.1,83.7757,FPT,70_30,SVR
2025-05-06,83.94,83.1653,FPT,70_30,SVR
2025-05-07,83.94,84.0058,FPT,70_30,SVR
2025-05-08,87.46,84.0058,FPT,70_30,SVR
2025-05-09,88.76,87.5276,FPT,70_30,SVR
2025-05-12,90.52,88.8282,FPT,70_30,SVR
2025-05-13,91.44,90.5891,FPT,70_30,SVR
2025-05-14,96.65,91.5096,FPT,70_30,SVR
2025-05-15,95.65,96.7223,FPT,70_30,SVR
2025-05-16,92.59,95.7218,FPT,70_30,SVR
2025-05-19,90.45,92.6602,FPT,70_30,SVR
2025-05-20,91.21,90.5191,FPT,70_30,SVR
2025-05-21,90.52,91.2795,FPT,70_30,SVR
2025-05-22,89.38,90.5891,FPT,70_30,SVR
2025-05-23,89.61,89.4486,FPT,70_30,SVR
2025-05-26,89.76,89.6787,FPT,70_30,SVR
2025-05-27,91.06,89.8288,FPT,70_30,SVR
2025-05-28,90.6,91.1294,FPT,70_30,SVR
2025-05-29,89.61,90.6692,FPT,70_30,SVR
2025-05-30,89.15,89.6787,FPT,70_30,SVR
2025-06-02,88.84,89.2184,FPT,70_30,SVR
2025-06-03,89.84,88.9083,FPT,70_30,SVR
2025-06-04,89.61,89.9088,FPT,70_30,SVR
2025-06-05,89.38,89.6787,FPT,70_30,SVR
2025-06-06,88.0,89.4486,FPT,70_30,SVR
2025-06-09,88.92,88.0679,FPT,70_30,SVR
2025-06-10,88.53,88.9883,FPT,70_30,SVR
2025-06-11,90.22,88.5981,FPT,70_30,SVR
2025-06-12,90.3,90.289,FPT,70_30,SVR
2025-06-13,89.06,90.369,FPT,70_30,SVR
2025-06-16,91.84,89.1284,FPT,70_30,SVR
2025-06-17,91.69,91.9098,FPT,70_30,SVR
2025-06-18,90.3,91.7597,FPT,70_30,SVR
2025-06-19,89.53,90.369,FPT,70_30,SVR
2025-06-20,89.6,89.5986,FPT,70_30,SVR
2025-06-23,89.45,89.6687,FPT,70_30,SVR
2025-06-24,89.91,89.5186,FPT,70_30,SVR
2025-06-25,90.37,89.9788,FPT,70_30,SVR
2025-06-26,90.3,90.4391,FPT,70_30,SVR
2025-06-27,90.53,90.369,FPT,70_30,SVR
2025-06-30,91.22,90.5992,FPT,70_30,SVR
2025-07-01,91.69,91.2895,FPT,70_30,SVR
2025-07-02,91.53,91.7597,FPT,70_30,SVR
2025-07-03,91.07,91.5997,FPT,70_30,SVR
2025-07-04,94.54,91.1394,FPT,70_30,SVR
2025-07-07,95.55,94.6112,FPT,70_30,SVR
2025-07-08,96.09,95.6217,FPT,70_30,SVR
2025-07-09,94.77,96.162,FPT,70_30,SVR
2025-07-10,95.62,94.8413,FPT,70_30,SVR
2025-07-11,97.71,95.6918,FPT,70_30,SVR
2025-07-14,98.09,97.7828,FPT,70_30,SVR
2025-07-15,97.24,98.163,FPT,70_30,SVR
2025-07-16,97.47,97.3126,FPT,70_30,SVR
2025-07-17,98.01,97.5427,FPT,70_30,SVR
2025-07-18,97.24,98.083,FPT,70_30,SVR
2025-07-21,97.89,97.3126,FPT,70_30,SVR
2025-07-22,99.49,97.9629,FPT,70_30,SVR
2025-07-23,99.22,99.5637,FPT,70_30,SVR
2025-07-24,98.6,99.2936,FPT,70_30,SVR
2025-07-25,98.25,98.6733,FPT,70_30,SVR
2025-07-28,98.78,98.3231,FPT,70_30,SVR
2025-07-29,94.07,98.8534,FPT,70_30,SVR
2025-07-30,94.16,94.141,FPT,70_30,SVR
2025-07-31,92.3,94.231,FPT,70_30,SVR
2025-08-01,94.96,92.3701,FPT,70_30,SVR
2025-08-04,94.61,95.0314,FPT,70_30,SVR
2025-08-05,93.9,94.6812,FPT,70_30,SVR
2025-08-06,93.1,93.9709,FPT,70_30,SVR
2025-08-07,94.25,93.1705,FPT,70_30,SVR
2025-08-08,93.72,94.3211,FPT,70_30,SVR
2025-08-11,94.43,93.7908,FPT,70_30,SVR
2025-08-12,95.41,94.5012,FPT,70_30,SVR
2025-08-13,93.28,95.4817,FPT,70_30,SVR
2025-08-14,92.12,93.3506,FPT,70_30,SVR
2025-08-15,89.99,92.19,FPT,70_30,SVR
2025-08-18,89.19,90.0589,FPT,70_30,SVR
2025-08-19,89.02,89.2585,FPT,70_30,SVR
2025-08-20,86.71,89.0884,FPT,70_30,SVR
2025-08-21,90.26,86.7772,FPT,70_30,SVR
2025-08-22,87.86,90.329,FPT,70_30,SVR
2025-08-25,87.68,87.9278,FPT,70_30,SVR
2025-08-26,88.75,87.7477,FPT,70_30,SVR
2025-08-27,93.19,88.8182,FPT,70_30,SVR
2025-08-28,92.74,93.2605,FPT,70_30,SVR
2025-08-29,90.17,92.8103,FPT,70_30,SVR
2025-09-03,91.59,90.239,FPT,70_30,SVR
2025-09-04,93.19,91.6597,FPT,70_30,SVR
2025-09-05,91.77,93.2605,FPT,70_30,SVR
2025-09-08,90.44,91.8398,FPT,70_30,SVR
2025-09-09,90.61,90.5091,FPT,70_30,SVR
2025-09-10,89.81,90.6792,FPT,70_30,SVR
2025-09-11,90.52,89.8788,FPT,70_30,SVR
2025-09-12,90.17,90.5891,FPT,70_30,SVR
2025-09-15,90.44,90.239,FPT,70_30,SVR
2025-09-16,91.86,90.5091,FPT,70_30,SVR
2025-09-17,93.63,91.9298,FPT,70_30,SVR
2025-09-18,91.41,93.7007,FPT,70_30,SVR
2025-09-19,91.41,91.4796,FPT,70_30,SVR
2025-09-22,88.48,91.4796,FPT,70_30,SVR
2025-09-23,86.97,88.5481,FPT,70_30,SVR
2025-09-24,88.31,87.0373,FPT,70_30,SVR
2025-09-25,86.97,88.378,FPT,70_30,SVR
2025-09-26,86.53,87.0373,FPT,70_30,SVR
2025-09-29,84.76,86.5971,FPT,70_30,SVR
2025-09-30,82.54,84.8262,FPT,70_30,SVR
2025-10-01,82.89,82.6051,FPT,70_30,SVR
2025-10-02,81.74,82.9552,FPT,70_30,SVR
2025-10-03,82.89,81.8046,FPT,70_30,SVR
2025-10-06,84.76,82.9552,FPT,70_30,SVR
2025-10-07,84.76,84.8262,FPT,70_30,SVR
2025-10-08,83.87,84.8262,FPT,70_30,SVR
2025-10-09,83.6,83.9357,FPT,70_30,SVR
2025-10-10,85.29,83.6656,FPT,70_30,SVR
2025-10-13,83.42,85.3565,FPT,70_30,SVR
2025-10-14,82.0,83.4855,FPT,70_30,SVR
2025-10-15,79.52,82.0648,FPT,70_30,SVR
2025-10-16,79.7,79.5835,FPT,70_30,SVR
2025-10-17,78.19,79.7636,FPT,70_30,SVR
2025-10-20,77.21,78.2528,FPT,70_30,SVR
2025-10-21,82.54,77.2723,FPT,70_30,SVR
2025-10-22,86.09,82.6051,FPT,70_30,SVR
2025-10-23,84.31,86.1569,FPT,70_30,SVR
2025-10-24,86.71,84.376,FPT,70_30,SVR
2025-10-27,86.97,86.7772,FPT,70_30,SVR
2025-10-28,90.7,87.0373,FPT,70_30,SVR
2025-10-29,90.26,90.7692,FPT,70_30,SVR
2025-10-30,91.15,90.329,FPT,70_30,SVR
2025-10-31,92.21,91.2195,FPT,70_30,SVR
2025-11-03,93.19,92.28,FPT,70_30,SVR
2025-11-04,91.68,93.2605,FPT,70_30,SVR
2025-11-05,89.55,91.7497,FPT,70_30,SVR
2025-11-06,88.93,89.6186,FPT,70_30,SVR
2025-11-07,89.64,88.9983,FPT,70_30,SVR
2025-11-10,85.38,89.7087,FPT,70_30,SVR
2025-11-11,85.29,85.4465,FPT,70_30,SVR
2025-11-12,89.28,85.3565,FPT,70_30,SVR
2025-11-13,87.77,89.3485,FPT,70_30,SVR
2025-11-14,88.75,87.8377,FPT,70_30,SVR
2025-11-17,89.64,88.8182,FPT,70_30,SVR
2025-11-18,88.75,89.7087,FPT,70_30,SVR
2025-11-19,86.97,88.8182,FPT,70_30,SVR
2025-11-20,87.86,87.0373,FPT,70_30,SVR
2025-11-21,89.46,87.9278,FPT,70_30,SVR
2025-11-24,88.93,89.5286,FPT,70_30,SVR
2025-11-25,88.48,88.9983,FPT,70_30,SVR
2025-11-26,87.86,88.5481,FPT,70_30,SVR
2025-11-27,88.31,87.9278,FPT,70_30,SVR
2025-11-28,86.18,88.378,FPT,70_30,SVR
2025-12-01,86.62,86.2469,FPT,70_30,SVR
2025-12-02,86.62,86.6871,FPT,70_30,SVR
2025-12-03,86.62,86.6871,FPT,70_30,SVR
2025-12-04,87.43,86.6871,FPT,70_30,SVR
2025-12-05,86.27,87.4976,FPT,70_30,SVR
2025-12-08,85.64,86.337,FPT,70_30,SVR
2025-12-09,86.89,85.7066,FPT,70_30,SVR
2025-12-10,85.73,86.9573,FPT,70_30,SVR
2025-12-11,86.09,85.7967,FPT,70_30,SVR
2025-12-12,84.02,86.1569,FPT,70_30,SVR
2025-12-15,84.11,84.0858,FPT,70_30,SVR
2025-12-16,85.1,84.1759,FPT,70_30,SVR
2025-12-17,86.0,85.1664,FPT,70_30,SVR
2025-12-18,84.65,86.0668,FPT,70_30,SVR
2025-12-19,84.2,84.7161,FPT,70_30,SVR
2025-12-22,84.02,84.2659,FPT,70_30,SVR
2025-12-23,84.29,84.0858,FPT,70_30,SVR
2025-12-24,83.93,84.356,FPT,70_30,SVR
2025-12-25,83.4,83.9958,FPT,70_30,SVR
2025-12-26,82.95,83.4655,FPT,70_30,SVR
2025-12-29,84.56,83.0153,FPT,70_30,SVR
2025-12-30,86.54,84.6261,FPT,70_30,SVR
2025-12-31,85.91,86.6071,FPT,70_30,SVR
2026-01-05,85.19,85.9768,FPT,70_30,SVR
2026-01-06,84.29,85.2564,FPT,70_30,SVR
2026-01-07,87.43,84.356,FPT,70_30,SVR
2026-01-08,86.54,87.4976,FPT,70_30,SVR
2026-01-09,87.34,86.6071,FPT,70_30,SVR
2026-01-12,89.23,87.4075,FPT,70_30,SVR
2026-01-13,88.69,89.2985,FPT,70_30,SVR
2026-01-14,89.49,88.7582,FPT,70_30,SVR
2026-01-15,88.33,89.5586,FPT,70_30,SVR
2026-01-16,94.43,88.398,FPT,70_30,SVR
2026-01-19,94.87,94.5012,FPT,70_30,SVR
2026-01-20,93.35,94.9414,FPT,70_30,SVR
2026-01-21,94.16,93.4206,FPT,70_30,SVR
2026-01-22,92.81,94.231,FPT,70_30,SVR
2026-01-23,90.57,92.8803,FPT,70_30,SVR
2026-01-26,88.33,90.6392,FPT,70_30,SVR
2026-01-27,91.56,88.398,FPT,70_30,SVR
2026-01-28,93.71,91.6297,FPT,70_30,SVR
2026-01-29,95.14,93.7808,FPT,70_30,SVR
2026-01-30,93.71,95.2115,FPT,70_30,SVR
2026-02-02,93.53,93.7808,FPT,70_30,SVR
2026-02-03,93.17,93.6007,FPT,70_30,SVR
2026-02-04,91.38,93.2405,FPT,70_30,SVR
2026-02-05,88.78,91.4496,FPT,70_30,SVR
2026-02-06,87.52,88.8483,FPT,70_30,SVR
2026-02-09,88.78,87.5876,FPT,70_30,SVR
2026-02-10,87.7,88.8483,FPT,70_30,SVR
2026-02-11,88.42,87.7677,FPT,70_30,SVR
2026-02-12,88.6,88.4881,FPT,70_30,SVR
2026-02-13,86.36,88.6682,FPT,70_30,SVR
2026-02-23,84.74,86.427,FPT,70_30,SVR
2026-02-24,82.95,84.8062,FPT,70_30,SVR
2026-02-25,79.9,83.0153,FPT,70_30,SVR
2026-02-26,81.15,79.9637,FPT,70_30,SVR
2026-02-27,83.31,81.2143,FPT,70_30,SVR
2026-03-02,80.35,83.3754,FPT,70_30,SVR
2026-03-03,78.02,80.4139,FPT,70_30,SVR
2026-03-04,76.31,78.0827,FPT,70_30,SVR
2026-03-05,75.68,76.3719,FPT,70_30,SVR
2026-03-06,73.17,75.7415,FPT,70_30,SVR
2026-03-09,68.06,73.2302,FPT,70_30,SVR
2026-03-10,71.29,68.1176,FPT,70_30,SVR
2026-03-11,71.92,71.3493,FPT,70_30,SVR
2026-03-12,69.68,71.9796,FPT,70_30,SVR
2026-03-13,69.05,69.7385,FPT,70_30,SVR
2026-03-16,70.12,69.1081,FPT,70_30,SVR
2026-03-17,71.2,70.1787,FPT,70_30,SVR
2026-03-18,70.48,71.2592,FPT,70_30,SVR
2026-03-19,68.87,70.5389,FPT,70_30,SVR
2026-03-20,66.9,68.928,FPT,70_30,SVR
2026-03-23,65.55,66.957,FPT,70_30,SVR
2026-03-24,67.61,65.6063,FPT,70_30,SVR
2026-03-25,69.05,67.6674,FPT,70_30,SVR
2026-03-26,66.54,69.1081,FPT,70_30,SVR
2026-03-27,68.24,66.5968,FPT,70_30,SVR
2026-03-30,66.36,68.2977,FPT,70_30,SVR
2026-03-31,66.99,66.4168,FPT,70_30,SVR
2026-04-01,67.52,67.0471,FPT,70_30,SVR
2026-04-02,66.99,67.5773,FPT,70_30,SVR
2026-04-03,66.36,67.0471,FPT,70_30,SVR
2026-04-06,66.27,66.4168,FPT,70_30,SVR
2026-04-07,66.36,66.3267,FPT,70_30,SVR
2026-04-08,70.93,66.4168,FPT,70_30,SVR
2026-04-09,70.21,70.9891,FPT,70_30,SVR
2026-04-10,69.68,70.2687,FPT,70_30,SVR
2026-04-13,68.15,69.7385,FPT,70_30,SVR
2026-04-14,68.33,68.2077,FPT,70_30,SVR
2026-04-15,67.34,68.3878,FPT,70_30,SVR
2026-04-16,66.45,67.3973,FPT,70_30,SVR
2026-04-17,68.15,66.5068,FPT,70_30,SVR
2026-04-20,68.96,68.2077,FPT,70_30,SVR
2026-04-21,67.34,69.0181,FPT,70_30,SVR
2026-04-22,66.9,67.3973,FPT,70_30,SVR
2026-04-23,66.63,66.957,FPT,70_30,SVR
2026-04-24,65.82,66.6869,FPT,70_30,SVR
2026-04-28,66.72,65.8765,FPT,70_30,SVR
2026-04-29,67.7,66.7769,FPT,70_30,SVR
2026-05-04,66.09,67.7574,FPT,70_30,SVR
2026-05-05,66.63,66.1466,FPT,70_30,SVR
2026-05-06,65.73,66.6869,FPT,70_30,SVR
2026-05-07,65.46,65.7864,FPT,70_30,SVR
2026-05-08,64.48,65.5163,FPT,70_30,SVR
2026-05-11,62.77,64.5358,FPT,70_30,SVR
2026-05-12,63.31,62.8249,FPT,70_30,SVR
2026-05-13,63.4,63.3652,FPT,70_30,SVR
2026-05-14,66.27,63.4552,FPT,70_30,SVR
2026-05-15,65.37,66.3267,FPT,70_30,SVR
2026-05-18,67.17,65.4262,FPT,70_30,SVR
2026-05-19,66.81,67.2272,FPT,70_30,SVR
2026-05-20,69.68,66.867,FPT,70_30,SVR
2026-05-21,68.6,69.7385,FPT,70_30,SVR
2026-05-22,67.34,68.6579,FPT,70_30,SVR
2026-05-25,65.91,67.3973,FPT,70_30,SVR
2026-05-26,66.81,65.9665,FPT,70_30,SVR
2026-05-27,66.0,66.867,FPT,70_30,SVR
2026-05-28,64.73,66.0566,FPT,70_30,SVR
2026-05-29,65.09,64.7859,FPT,70_30,SVR
2026-06-01,66.27,65.1461,FPT,70_30,SVR
2026-06-02,68.0,66.3267,FPT,70_30,SVR
2026-06-03,69.55,68.0576,FPT,70_30,SVR
2026-06-04,69.18,69.6084,FPT,70_30,SVR
2026-06-05,68.18,69.2382,FPT,70_30,SVR
2026-06-08,66.27,68.2377,FPT,70_30,SVR
2026-06-09,67.0,66.3267,FPT,70_30,SVR
2026-06-10,67.46,67.0571,FPT,70_30,SVR
2026-06-11,66.46,67.5173,FPT,70_30,SVR
2026-06-12,66.82,66.5168,FPT,70_30,SVR
2026-06-15,66.91,66.877,FPT,70_30,SVR
2026-06-16,66.55,66.967,FPT,70_30,SVR
2026-06-17,65.73,66.6069,FPT,70_30,SVR
2026-06-18,65.09,65.7864,FPT,70_30,SVR
2026-06-19,65.0,65.1461,FPT,70_30,SVR
2026-06-22,64.18,65.0561,FPT,70_30,SVR
2026-06-23,64.36,64.2356,FPT,70_30,SVR
2026-06-24,64.36,64.4157,FPT,70_30,SVR
2026-06-25,64.55,64.4157,FPT,70_30,SVR
2026-06-26,64.36,64.6058,FPT,70_30,SVR
2026-06-29,64.0,64.4157,FPT,70_30,SVR
2026-06-30,63.82,64.0555,FPT,70_30,SVR
2026-07-01,66.27,63.8755,FPT,70_30,SVR
2026-07-02,65.91,66.3267,FPT,70_30,SVR
2026-07-03,65.73,65.9665,FPT,70_30,SVR
2026-07-06,66.36,65.7864,FPT,70_30,SVR
2026-07-07,66.55,66.4168,FPT,70_30,SVR
2026-07-08,65.55,66.6069,FPT,70_30,SVR
2026-07-09,65.55,65.6063,FPT,70_30,SVR
2026-07-10,64.18,65.6063,FPT,70_30,SVR
2026-07-13,64.09,64.2356,FPT,70_30,SVR
2026-07-14,63.91,64.1456,FPT,70_30,SVR
2026-07-15,60.73,63.9655,FPT,70_30,SVR
2026-07-16,61.82,60.7839,FPT,70_30,SVR
2026-07-17,60.91,61.8744,FPT,70_30,SVR
2026-07-20,61.0,60.964,FPT,70_30,SVR
2026-07-21,58.91,61.054,FPT,70_30,SVR
2026-07-22,58.73,58.9629,FPT,70_30,SVR
2026-07-23,58.82,58.7828,FPT,70_30,SVR
2026-07-24,57.18,58.8729,FPT,70_30,SVR
2026-07-27,56.55,57.232,FPT,70_30,SVR
2026-07-28,57.27,56.6017,FPT,70_30,SVR
2026-07-29,59.18,57.3221,FPT,70_30,SVR
2026-07-30,60.91,59.2331,FPT,70_30,SVR
2026-07-31,61.0,60.964,FPT,70_30,SVR
2026-08-03,65.18,61.054,FPT,70_30,SVR
2026-08-04,65.0,65.2361,FPT,70_30,SVR
2026-08-05,63.91,65.0561,FPT,70_30,SVR
2026-08-06,64.27,63.9655,FPT,70_30,SVR
2026-08-07,64.36,64.3257,FPT,70_30,SVR
2026-08-10,65.27,64.4157,FPT,70_30,SVR
2026-08-11,64.73,65.3262,FPT,70_30,SVR
2026-08-12,64.36,64.7859,FPT,70_30,SVR
2026-08-13,62.91,64.4157,FPT,70_30,SVR
2026-08-14,62.09,62.965,FPT,70_30,SVR
2026-08-17,62.55,62.1446,FPT,70_30,SVR
2026-08-18,62.73,62.6048,FPT,70_30,SVR
2026-08-19,62.64,62.7849,FPT,70_30,SVR
2026-08-20,63.46,62.6948,FPT,70_30,SVR
2026-08-21,65.46,63.5153,FPT,70_30,SVR
2026-08-24,64.91,65.5163,FPT,70_30,SVR
2026-08-25,64.27,64.966,FPT,70_30,SVR
2026-08-26,66.0,64.3257,FPT,70_30,SVR
2026-08-27,65.64,66.0566,FPT,70_30,SVR
2026-08-28,66.55,65.6964,FPT,70_30,SVR
2026-09-03,65.64,66.6069,FPT,70_30,SVR
2026-09-04,66.18,65.6964,FPT,70_30,SVR
2026-09-07,65.82,66.2367,FPT,70_30,SVR
2026-09-08,65.64,65.8765,FPT,70_30,SVR
2026-09-09,65.82,65.6964,FPT,70_30,SVR
2026-09-10,67.73,65.8765,FPT,70_30,SVR
2026-09-11,66.09,67.7875,FPT,70_30,SVR
2026-09-14,65.82,66.1466,FPT,70_30,SVR
2026-09-15,66.09,65.8765,FPT,70_30,SVR
2026-09-16,67.09,66.1466,FPT,70_30,SVR
2026-09-17,67.55,67.1471,FPT,70_30,SVR
2026-09-18,65.18,67.6074,FPT,70_30,SVR
2026-09-21,66.4,65.2361,FPT,70_30,SVR
2026-09-22,66.6,66.4568,FPT,70_30,SVR
2026-09-23,66.1,66.6569,FPT,70_30,SVR
2026-09-24,65.3,66.1566,FPT,70_30,SVR
2026-09-25,64.7,65.3562,FPT,70_30,SVR
2026-09-28,63.7,64.7559,FPT,70_30,SVR
2026-09-29,63.2,63.7554,FPT,70_30,SVR
2026-09-30,63.0,63.2551,FPT,70_30,SVR
2026-10-01,62.7,63.055,FPT,70_30,SVR
2026-10-02,62.1,62.7549,FPT,70_30,SVR
2024-05-31,21.28,21.011,HPG,70_30,SVR
2024-06-03,21.57,21.2706,HPG,70_30,SVR
2024-06-04,21.8,21.5602,HPG,70_30,SVR
2024-06-05,21.76,21.7899,HPG,70_30,SVR
2024-06-06,21.8,21.7499,HPG,70_30,SVR
2024-06-07,21.8,21.7899,HPG,70_30,SVR
2024-06-10,21.8,21.7899,HPG,70_30,SVR
2024-06-11,21.65,21.7899,HPG,70_30,SVR
2024-06-12,22.02,21.6401,HPG,70_30,SVR
2024-06-13,21.95,22.0096,HPG,70_30,SVR
2024-06-14,21.65,21.9397,HPG,70_30,SVR
2024-06-17,21.91,21.6401,HPG,70_30,SVR
2024-06-18,21.87,21.8997,HPG,70_30,SVR
2024-06-19,21.83,21.8598,HPG,70_30,SVR
2024-06-20,21.83,21.8198,HPG,70_30,SVR
2024-06-21,21.61,21.8198,HPG,70_30,SVR
2024-06-24,21.35,21.6001,HPG,70_30,SVR
2024-06-25,21.35,21.3405,HPG,70_30,SVR
2024-06-26,21.5,21.3405,HPG,70_30,SVR
2024-06-27,21.46,21.4903,HPG,70_30,SVR
2024-06-28,21.05,21.4504,HPG,70_30,SVR
2024-07-01,21.09,21.0409,HPG,70_30,SVR
2024-07-02,21.35,21.0809,HPG,70_30,SVR
2024-07-03,21.39,21.3405,HPG,70_30,SVR
2024-07-04,21.35,21.3804,HPG,70_30,SVR
2024-07-05,21.31,21.3405,HPG,70_30,SVR
2024-07-08,21.42,21.3006,HPG,70_30,SVR
2024-07-09,21.57,21.4104,HPG,70_30,SVR
2024-07-10,21.54,21.5602,HPG,70_30,SVR
2024-07-11,21.46,21.5302,HPG,70_30,SVR
2024-07-12,21.2,21.4504,HPG,70_30,SVR
2024-07-15,21.16,21.1907,HPG,70_30,SVR
2024-07-16,21.16,21.1508,HPG,70_30,SVR
2024-07-17,20.98,21.1508,HPG,70_30,SVR
2024-07-18,21.13,20.971,HPG,70_30,SVR
2024-07-19,20.98,21.1208,HPG,70_30,SVR
2024-07-22,20.87,20.971,HPG,70_30,SVR
2024-07-23,20.68,20.8612,HPG,70_30,SVR
2024-07-24,20.61,20.6714,HPG,70_30,SVR
2024-07-25,20.35,20.6015,HPG,70_30,SVR
2024-07-26,20.42,20.3419,HPG,70_30,SVR
2024-07-29,20.76,20.4118,HPG,70_30,SVR
2024-07-30,20.76,20.7513,HPG,70_30,SVR
2024-07-31,20.23,20.7513,HPG,70_30,SVR
2024-08-01,19.86,20.2221,HPG,70_30,SVR
2024-08-02,20.27,19.8526,HPG,70_30,SVR
2024-08-05,19.3,20.262,HPG,70_30,SVR
2024-08-06,19.57,19.2933,HPG,70_30,SVR
2024-08-07,19.38,19.563,HPG,70_30,SVR
2024-08-08,19.04,19.3732,HPG,70_30,SVR
2024-08-09,19.38,19.0337,HPG,70_30,SVR
2024-08-12,19.23,19.3732,HPG,70_30,SVR
2024-08-13,18.9,19.2234,HPG,70_30,SVR
2024-08-14,18.93,18.8939,HPG,70_30,SVR
2024-08-15,18.75,18.9239,HPG,70_30,SVR
2024-08-16,19.04,18.7441,HPG,70_30,SVR
2024-08-19,19.23,19.0337,HPG,70_30,SVR
2024-08-20,19.19,19.2234,HPG,70_30,SVR
2024-08-21,19.45,19.1835,HPG,70_30,SVR
2024-08-22,19.16,19.4431,HPG,70_30,SVR
2024-08-23,19.38,19.1535,HPG,70_30,SVR
2024-08-26,19.34,19.3732,HPG,70_30,SVR
2024-08-27,19.16,19.3333,HPG,70_30,SVR
2024-08-28,19.12,19.1535,HPG,70_30,SVR
2024-08-29,19.04,19.1136,HPG,70_30,SVR
2024-08-30,18.97,19.0337,HPG,70_30,SVR
2024-09-04,18.78,18.9638,HPG,70_30,SVR
2024-09-05,18.64,18.7741,HPG,70_30,SVR
2024-09-06,18.9,18.6343,HPG,70_30,SVR
2024-09-09,19.04,18.8939,HPG,70_30,SVR
2024-09-10,18.71,19.0337,HPG,70_30,SVR
2024-09-11,18.86,18.7042,HPG,70_30,SVR
2024-09-12,18.67,18.854,HPG,70_30,SVR
2024-09-13,18.6,18.6642,HPG,70_30,SVR
2024-09-16,18.49,18.5943,HPG,70_30,SVR
2024-09-17,18.78,18.4845,HPG,70_30,SVR
2024-09-18,18.67,18.7741,HPG,70_30,SVR
2024-09-19,18.78,18.6642,HPG,70_30,SVR
2024-09-20,19.08,18.7741,HPG,70_30,SVR
2024-09-23,19.12,19.0737,HPG,70_30,SVR
2024-09-24,19.23,19.1136,HPG,70_30,SVR
2024-09-25,19.49,19.2234,HPG,70_30,SVR
2024-09-26,19.38,19.4831,HPG,70_30,SVR
2024-09-27,19.38,19.3732,HPG,70_30,SVR
2024-09-30,19.6,19.3732,HPG,70_30,SVR
2024-10-01,19.9,19.5929,HPG,70_30,SVR
2024-10-02,19.57,19.8925,HPG,70_30,SVR
2024-10-03,19.49,19.563,HPG,70_30,SVR
2024-10-04,19.49,19.4831,HPG,70_30,SVR
2024-10-07,19.64,19.4831,HPG,70_30,SVR
2024-10-08,20.05,19.6329,HPG,70_30,SVR
2024-10-09,20.46,20.0423,HPG,70_30,SVR
2024-10-10,20.27,20.4517,HPG,70_30,SVR
2024-10-11,20.31,20.262,HPG,70_30,SVR
2024-10-14,20.12,20.3019,HPG,70_30,SVR
2024-10-15,20.2,20.1122,HPG,70_30,SVR
2024-10-16,20.16,20.1921,HPG,70_30,SVR
2024-10-17,20.27,20.1522,HPG,70_30,SVR
2024-10-18,20.05,20.262,HPG,70_30,SVR
2024-10-21,19.9,20.0423,HPG,70_30,SVR
2024-10-22,19.83,19.8925,HPG,70_30,SVR
2024-10-23,19.68,19.8226,HPG,70_30,SVR
2024-10-24,19.68,19.6728,HPG,70_30,SVR
2024-10-25,19.68,19.6728,HPG,70_30,SVR
2024-10-28,19.9,19.6728,HPG,70_30,SVR
2024-10-29,20.12,19.8925,HPG,70_30,SVR
2024-10-30,20.09,20.1122,HPG,70_30,SVR
2024-10-31,20.01,20.0823,HPG,70_30,SVR
2024-11-01,19.75,20.0024,HPG,70_30,SVR
2024-11-04,19.57,19.7427,HPG,70_30,SVR
2024-11-05,19.71,19.563,HPG,70_30,SVR
2024-11-06,20.05,19.7028,HPG,70_30,SVR
2024-11-07,20.05,20.0423,HPG,70_30,SVR
2024-11-08,20.09,20.0423,HPG,70_30,SVR
2024-11-11,20.61,20.0823,HPG,70_30,SVR
2024-11-12,20.46,20.6015,HPG,70_30,SVR
2024-11-13,20.12,20.4517,HPG,70_30,SVR
2024-11-14,19.57,20.1122,HPG,70_30,SVR
2024-11-15,19.27,19.563,HPG,70_30,SVR
2024-11-18,19.19,19.2634,HPG,70_30,SVR
2024-11-19,18.93,19.1835,HPG,70_30,SVR
2024-11-20,19.04,18.9239,HPG,70_30,SVR
2024-11-21,19.23,19.0337,HPG,70_30,SVR
2024-11-22,19.42,19.2234,HPG,70_30,SVR
2024-11-25,19.57,19.4132,HPG,70_30,SVR
2024-11-26,19.6,19.563,HPG,70_30,SVR
2024-11-27,19.57,19.5929,HPG,70_30,SVR
2024-11-28,19.64,19.563,HPG,70_30,SVR
2024-11-29,19.9,19.6329,HPG,70_30,SVR
2024-12-02,20.01,19.8925,HPG,70_30,SVR
2024-12-03,20.09,20.0024,HPG,70_30,SVR
2024-12-04,19.86,20.0823,HPG,70_30,SVR
2024-12-05,20.72,19.8526,HPG,70_30,SVR
2024-12-06,20.53,20.7114,HPG,70_30,SVR
2024-12-09,20.57,20.5216,HPG,70_30,SVR
2024-12-10,20.76,20.5616,HPG,70_30,SVR
2024-12-11,20.64,20.7513,HPG,70_30,SVR
2024-12-12,20.46,20.6315,HPG,70_30,SVR
2024-12-13,20.23,20.4517,HPG,70_30,SVR
2024-12-16,20.09,20.2221,HPG,70_30,SVR
2024-12-17,20.09,20.0823,HPG,70_30,SVR
2024-12-18,20.35,20.0823,HPG,70_30,SVR
2024-12-19,19.97,20.3419,HPG,70_30,SVR
2024-12-20,19.86,19.9624,HPG,70_30,SVR
2024-12-23,20.09,19.8526,HPG,70_30,SVR
2024-12-24,19.86,20.0823,HPG,70_30,SVR
2024-12-25,20.2,19.8526,HPG,70_30,SVR
2024-12-26,20.09,20.1921,HPG,70_30,SVR
2024-12-27,19.97,20.0823,HPG,70_30,SVR
2024-12-30,19.9,19.9624,HPG,70_30,SVR
2024-12-31,19.83,19.8925,HPG,70_30,SVR
2025-01-02,20.09,19.8226,HPG,70_30,SVR
2025-01-03,19.79,20.0823,HPG,70_30,SVR
2025-01-06,19.38,19.7827,HPG,70_30,SVR
2025-01-07,19.38,19.3732,HPG,70_30,SVR
2025-01-08,19.53,19.3732,HPG,70_30,SVR
2025-01-09,19.34,19.523,HPG,70_30,SVR
2025-01-10,19.01,19.3333,HPG,70_30,SVR
2025-01-13,19.27,19.0037,HPG,70_30,SVR
2025-01-14,19.23,19.2634,HPG,70_30,SVR
2025-01-15,19.49,19.2234,HPG,70_30,SVR
2025-01-16,19.57,19.4831,HPG,70_30,SVR
2025-01-17,19.71,19.563,HPG,70_30,SVR
2025-01-20,19.68,19.7028,HPG,70_30,SVR
2025-01-21,19.57,19.6728,HPG,70_30,SVR
2025-01-22,19.45,19.563,HPG,70_30,SVR
2025-01-23,19.83,19.4431,HPG,70_30,SVR
2025-01-24,19.75,19.8226,HPG,70_30,SVR
2025-02-03,19.64,19.7427,HPG,70_30,SVR
2025-02-04,19.97,19.6329,HPG,70_30,SVR
2025-02-05,19.94,19.9624,HPG,70_30,SVR
2025-02-06,19.94,19.9325,HPG,70_30,SVR
2025-02-07,19.83,19.9325,HPG,70_30,SVR
2025-02-10,18.9,19.8226,HPG,70_30,SVR
2025-02-11,19.42,18.8939,HPG,70_30,SVR
2025-02-12,19.23,19.4132,HPG,70_30,SVR
2025-02-13,19.27,19.2234,HPG,70_30,SVR
2025-02-14,19.42,19.2634,HPG,70_30,SVR
2025-02-17,19.45,19.4132,HPG,70_30,SVR
2025-02-18,19.75,19.4431,HPG,70_30,SVR
2025-02-19,19.71,19.7427,HPG,70_30,SVR
2025-02-20,19.75,19.7028,HPG,70_30,SVR
2025-02-21,19.68,19.7427,HPG,70_30,SVR
2025-02-24,20.61,19.6728,HPG,70_30,SVR
2025-02-25,20.46,20.6015,HPG,70_30,SVR
2025-02-26,20.64,20.4517,HPG,70_30,SVR
2025-02-27,21.16,20.6315,HPG,70_30,SVR
2025-02-28,20.83,21.1508,HPG,70_30,SVR
2025-03-03,20.87,20.8212,HPG,70_30,SVR
2025-03-04,20.72,20.8612,HPG,70_30,SVR
2025-03-05,20.49,20.7114,HPG,70_30,SVR
2025-03-06,20.79,20.4817,HPG,70_30,SVR
2025-03-07,20.87,20.7813,HPG,70_30,SVR
2025-03-10,20.79,20.8612,HPG,70_30,SVR
2025-03-11,20.94,20.7813,HPG,70_30,SVR
2025-03-12,20.68,20.9311,HPG,70_30,SVR
2025-03-13,20.61,20.6714,HPG,70_30,SVR
2025-03-14,20.49,20.6015,HPG,70_30,SVR
2025-03-17,20.72,20.4817,HPG,70_30,SVR
2025-03-18,20.53,20.7114,HPG,70_30,SVR
2025-03-19,20.27,20.5216,HPG,70_30,SVR
2025-03-20,20.2,20.262,HPG,70_30,SVR
2025-03-21,20.2,20.1921,HPG,70_30,SVR
2025-03-24,20.2,20.1921,HPG,70_30,SVR
2025-03-25,20.23,20.1921,HPG,70_30,SVR
2025-03-26,20.49,20.2221,HPG,70_30,SVR
2025-03-27,20.46,20.4817,HPG,70_30,SVR
2025-03-28,20.2,20.4517,HPG,70_30,SVR
2025-03-31,19.9,20.1921,HPG,70_30,SVR
2025-04-01,20.09,19.8925,HPG,70_30,SVR
2025-04-02,20.27,20.0823,HPG,70_30,SVR
2025-04-03,18.86,20.262,HPG,70_30,SVR
2025-04-04,18.3,18.854,HPG,70_30,SVR
2025-04-08,17.04,18.2947,HPG,70_30,SVR
2025-04-09,15.85,17.0365,HPG,70_30,SVR
2025-04-10,16.92,15.8481,HPG,70_30,SVR
2025-04-11,18.08,16.9166,HPG,70_30,SVR
2025-04-14,18.86,18.075,HPG,70_30,SVR
2025-04-15,19.23,18.854,HPG,70_30,SVR
2025-04-16,18.97,19.2234,HPG,70_30,SVR
2025-04-17,18.97,18.9638,HPG,70_30,SVR
2025-04-18,18.93,18.9638,HPG,70_30,SVR
2025-04-21,18.56,18.9239,HPG,70_30,SVR
2025-04-22,18.64,18.5544,HPG,70_30,SVR
2025-04-23,19.01,18.6343,HPG,70_30,SVR
2025-04-24,19.04,19.0037,HPG,70_30,SVR
2025-04-25,19.12,19.0337,HPG,70_30,SVR
2025-04-28,19.08,19.1136,HPG,70_30,SVR
2025-04-29,18.97,19.0737,HPG,70_30,SVR
2025-05-05,19.12,18.9638,HPG,70_30,SVR
2025-05-06,18.93,19.1136,HPG,70_30,SVR
2025-05-07,18.9,18.9239,HPG,70_30,SVR
2025-05-08,19.12,18.8939,HPG,70_30,SVR
2025-05-09,19.08,19.1136,HPG,70_30,SVR
2025-05-12,18.9,19.0737,HPG,70_30,SVR
2025-05-13,19.19,18.8939,HPG,70_30,SVR
2025-05-14,19.45,19.1835,HPG,70_30,SVR
2025-05-15,19.45,19.4431,HPG,70_30,SVR
2025-05-16,19.19,19.4431,HPG,70_30,SVR
2025-05-19,19.08,19.1835,HPG,70_30,SVR
2025-05-20,19.08,19.0737,HPG,70_30,SVR
2025-05-21,19.16,19.0737,HPG,70_30,SVR
2025-05-22,19.08,19.1535,HPG,70_30,SVR
2025-05-23,19.04,19.0737,HPG,70_30,SVR
2025-05-26,19.01,19.0337,HPG,70_30,SVR
2025-05-27,19.01,19.0037,HPG,70_30,SVR
2025-05-28,19.04,19.0037,HPG,70_30,SVR
2025-05-29,19.01,19.0337,HPG,70_30,SVR
2025-05-30,19.16,19.0037,HPG,70_30,SVR
2025-06-02,19.01,19.1535,HPG,70_30,SVR
2025-06-03,19.34,19.0037,HPG,70_30,SVR
2025-06-04,19.3,19.3333,HPG,70_30,SVR
2025-06-05,19.16,19.2933,HPG,70_30,SVR
2025-06-06,19.38,19.1535,HPG,70_30,SVR
2025-06-09,19.57,19.3732,HPG,70_30,SVR
2025-06-10,19.49,19.563,HPG,70_30,SVR
2025-06-11,19.42,19.4831,HPG,70_30,SVR
2025-06-12,19.94,19.4132,HPG,70_30,SVR
2025-06-13,19.64,19.9325,HPG,70_30,SVR
2025-06-16,19.9,19.6329,HPG,70_30,SVR
2025-06-17,19.97,19.8925,HPG,70_30,SVR
2025-06-18,20.2,19.9624,HPG,70_30,SVR
2025-06-19,20.01,20.1921,HPG,70_30,SVR
2025-06-20,20.09,20.0024,HPG,70_30,SVR
2025-06-23,19.97,20.0823,HPG,70_30,SVR
2025-06-24,20.09,19.9624,HPG,70_30,SVR
2025-06-25,20.23,20.0823,HPG,70_30,SVR
2025-06-26,20.35,20.2221,HPG,70_30,SVR
2025-06-27,20.4,20.3419,HPG,70_30,SVR
2025-06-30,20.27,20.3918,HPG,70_30,SVR
2025-07-01,20.22,20.262,HPG,70_30,SVR
2025-07-02,20.44,20.2121,HPG,70_30,SVR
2025-07-03,20.62,20.4318,HPG,70_30,SVR
2025-07-04,20.76,20.6115,HPG,70_30,SVR
2025-07-07,21.07,20.7513,HPG,70_30,SVR
2025-07-08,22.05,21.0609,HPG,70_30,SVR
2025-07-09,22.1,22.0395,HPG,70_30,SVR
2025-07-10,22.45,22.0895,HPG,70_30,SVR
2025-07-11,23.21,22.439,HPG,70_30,SVR
2025-07-14,22.99,23.1979,HPG,70_30,SVR
2025-07-15,22.76,22.9782,HPG,70_30,SVR
2025-07-16,23.3,22.7485,HPG,70_30,SVR
2025-07-17,23.21,23.2878,HPG,70_30,SVR
2025-07-18,23.12,23.1979,HPG,70_30,SVR
2025-07-21,23.39,23.1081,HPG,70_30,SVR
2025-07-22,23.61,23.3777,HPG,70_30,SVR
2025-07-23,23.57,23.5974,HPG,70_30,SVR
2025-07-24,23.21,23.5574,HPG,70_30,SVR
2025-07-25,23.26,23.1979,HPG,70_30,SVR
2025-07-28,23.52,23.2479,HPG,70_30,SVR
2025-07-29,22.63,23.5075,HPG,70_30,SVR
2025-07-30,22.68,22.6187,HPG,70_30,SVR
2025-07-31,22.27,22.6687,HPG,70_30,SVR
2025-08-01,22.45,22.2592,HPG,70_30,SVR
2025-08-04,22.59,22.439,HPG,70_30,SVR
2025-08-05,23.57,22.5788,HPG,70_30,SVR
2025-08-06,24.19,23.5574,HPG,70_30,SVR
2025-08-07,25.44,24.1766,HPG,70_30,SVR
2025-08-08,25.0,25.4248,HPG,70_30,SVR
2025-08-11,25.13,24.9854,HPG,70_30,SVR
2025-08-12,25.44,25.1153,HPG,70_30,SVR
2025-08-13,25.09,25.4248,HPG,70_30,SVR
2025-08-14,25.18,25.0753,HPG,70_30,SVR
2025-08-15,25.0,25.1652,HPG,70_30,SVR
2025-08-18,25.35,24.9854,HPG,70_30,SVR
2025-08-19,25.13,25.335,HPG,70_30,SVR
2025-08-20,24.46,25.1153,HPG,70_30,SVR
2025-08-21,24.46,24.4462,HPG,70_30,SVR
2025-08-22,23.21,24.4462,HPG,70_30,SVR
2025-08-25,23.17,23.1979,HPG,70_30,SVR
2025-08-26,24.28,23.158,HPG,70_30,SVR
2025-08-27,23.88,24.2664,HPG,70_30,SVR
2025-08-28,24.19,23.867,HPG,70_30,SVR
2025-08-29,24.55,24.1766,HPG,70_30,SVR
2025-09-03,25.13,24.5361,HPG,70_30,SVR
2025-09-04,26.65,25.1153,HPG,70_30,SVR
2025-09-05,25.71,26.6332,HPG,70_30,SVR
2025-09-08,25.8,25.6945,HPG,70_30,SVR
2025-09-09,25.76,25.7843,HPG,70_30,SVR
2025-09-10,25.76,25.7444,HPG,70_30,SVR
2025-09-11,26.02,25.7444,HPG,70_30,SVR
2025-09-12,26.78,26.004,HPG,70_30,SVR
2025-09-15,27.09,26.763,HPG,70_30,SVR
2025-09-16,26.74,27.0725,HPG,70_30,SVR
2025-09-17,26.07,26.723,HPG,70_30,SVR
2025-09-18,26.02,26.054,HPG,70_30,SVR
2025-09-19,26.11,26.004,HPG,70_30,SVR
2025-09-22,25.35,26.0939,HPG,70_30,SVR
2025-09-23,25.58,25.335,HPG,70_30,SVR
2025-09-24,25.93,25.5646,HPG,70_30,SVR
2025-09-25,25.71,25.9142,HPG,70_30,SVR
2025-09-26,25.49,25.6945,HPG,70_30,SVR
2025-09-29,25.53,25.4748,HPG,70_30,SVR
2025-09-30,25.13,25.5147,HPG,70_30,SVR
2025-10-01,25.26,25.1153,HPG,70_30,SVR
2025-10-02,25.09,25.2451,HPG,70_30,SVR
2025-10-03,24.68,25.0753,HPG,70_30,SVR
2025-10-06,26.07,24.6659,HPG,70_30,SVR
2025-10-07,25.89,26.054,HPG,70_30,SVR
2025-10-08,26.07,25.8742,HPG,70_30,SVR
2025-10-09,25.84,26.054,HPG,70_30,SVR
2025-10-10,26.42,25.8243,HPG,70_30,SVR
2025-10-13,25.89,26.4035,HPG,70_30,SVR
2025-10-14,25.31,25.8742,HPG,70_30,SVR
2025-10-15,25.22,25.295,HPG,70_30,SVR
2025-10-16,25.22,25.2051,HPG,70_30,SVR
2025-10-17,25.0,25.2051,HPG,70_30,SVR
2025-10-20,23.26,24.9854,HPG,70_30,SVR
2025-10-21,23.93,23.2479,HPG,70_30,SVR
2025-10-22,23.84,23.9169,HPG,70_30,SVR
2025-10-23,23.66,23.8271,HPG,70_30,SVR
2025-10-24,23.57,23.6473,HPG,70_30,SVR
2025-10-27,23.43,23.5574,HPG,70_30,SVR
2025-10-28,23.93,23.4176,HPG,70_30,SVR
2025-10-29,24.33,23.9169,HPG,70_30,SVR
2025-10-30,24.01,24.3164,HPG,70_30,SVR
2025-10-31,23.84,23.9968,HPG,70_30,SVR
2025-11-03,23.26,23.8271,HPG,70_30,SVR
2025-11-04,23.88,23.2479,HPG,70_30,SVR
2025-11-05,23.48,23.867,HPG,70_30,SVR
2025-11-06,23.3,23.4676,HPG,70_30,SVR
2025-11-07,23.26,23.2878,HPG,70_30,SVR
2025-11-10,23.61,23.2479,HPG,70_30,SVR
2025-11-11,23.75,23.5974,HPG,70_30,SVR
2025-11-12,24.1,23.7372,HPG,70_30,SVR
2025-11-13,23.7,24.0867,HPG,70_30,SVR
2025-11-14,24.01,23.6872,HPG,70_30,SVR
2025-11-17,24.37,23.9968,HPG,70_30,SVR
2025-11-18,24.55,24.3563,HPG,70_30,SVR
2025-11-19,24.64,24.5361,HPG,70_30,SVR
2025-11-20,24.33,24.6259,HPG,70_30,SVR
2025-11-21,24.46,24.3164,HPG,70_30,SVR
2025-11-24,24.19,24.4462,HPG,70_30,SVR
2025-11-25,24.01,24.1766,HPG,70_30,SVR
2025-11-26,24.19,23.9968,HPG,70_30,SVR
2025-11-27,24.01,24.1766,HPG,70_30,SVR
2025-11-28,23.7,23.9968,HPG,70_30,SVR
2025-12-01,23.66,23.6872,HPG,70_30,SVR
2025-12-02,23.66,23.6473,HPG,70_30,SVR
2025-12-03,23.93,23.6473,HPG,70_30,SVR
2025-12-04,24.37,23.9169,HPG,70_30,SVR
2025-12-05,24.1,24.3563,HPG,70_30,SVR
2025-12-08,23.88,24.0867,HPG,70_30,SVR
2025-12-09,23.57,23.867,HPG,70_30,SVR
2025-12-10,23.79,23.5574,HPG,70_30,SVR
2025-12-11,23.7,23.7771,HPG,70_30,SVR
2025-12-12,23.21,23.6872,HPG,70_30,SVR
2025-12-15,23.43,23.1979,HPG,70_30,SVR
2025-12-16,23.84,23.4176,HPG,70_30,SVR
2025-12-17,23.57,23.8271,HPG,70_30,SVR
2025-12-18,23.57,23.5574,HPG,70_30,SVR
2025-12-19,23.84,23.5574,HPG,70_30,SVR
2025-12-22,24.01,23.8271,HPG,70_30,SVR
2025-12-23,23.88,23.9968,HPG,70_30,SVR
2025-12-24,23.7,23.867,HPG,70_30,SVR
2025-12-25,23.43,23.6872,HPG,70_30,SVR
2025-12-26,24.01,23.4176,HPG,70_30,SVR
2025-12-29,23.84,23.9968,HPG,70_30,SVR
2025-12-30,23.66,23.8271,HPG,70_30,SVR
2025-12-31,23.57,23.6473,HPG,70_30,SVR
2026-01-05,23.17,23.5574,HPG,70_30,SVR
2026-01-06,23.17,23.158,HPG,70_30,SVR
2026-01-07,23.75,23.158,HPG,70_30,SVR
2026-01-08,23.57,23.7372,HPG,70_30,SVR
2026-01-09,23.39,23.5574,HPG,70_30,SVR
2026-01-12,24.55,23.3777,HPG,70_30,SVR
2026-01-13,24.33,24.5361,HPG,70_30,SVR
2026-01-14,24.33,24.3164,HPG,70_30,SVR
2026-01-15,24.64,24.3164,HPG,70_30,SVR
2026-01-16,24.64,24.6259,HPG,70_30,SVR
2026-01-19,24.73,24.6259,HPG,70_30,SVR
2026-01-20,24.33,24.7158,HPG,70_30,SVR
2026-01-21,23.93,24.3164,HPG,70_30,SVR
2026-01-22,23.97,23.9169,HPG,70_30,SVR
2026-01-23,23.88,23.9569,HPG,70_30,SVR
2026-01-26,23.48,23.867,HPG,70_30,SVR
2026-01-27,23.61,23.4676,HPG,70_30,SVR
2026-01-28,23.84,23.5974,HPG,70_30,SVR
2026-01-29,24.19,23.8271,HPG,70_30,SVR
2026-01-30,23.93,24.1766,HPG,70_30,SVR
2026-02-02,23.7,23.9169,HPG,70_30,SVR
2026-02-03,23.88,23.6872,HPG,70_30,SVR
2026-02-04,25.26,23.867,HPG,70_30,SVR
2026-02-05,24.59,25.2451,HPG,70_30,SVR
2026-02-06,23.93,24.576,HPG,70_30,SVR
2026-02-09,23.88,23.9169,HPG,70_30,SVR
2026-02-10,23.7,23.867,HPG,70_30,SVR
2026-02-11,23.97,23.6872,HPG,70_30,SVR
2026-02-12,24.01,23.9569,HPG,70_30,SVR
2026-02-13,23.97,23.9968,HPG,70_30,SVR
2026-02-23,24.55,23.9569,HPG,70_30,SVR
2026-02-24,25.26,24.5361,HPG,70_30,SVR
2026-02-25,26.16,25.2451,HPG,70_30,SVR
2026-02-26,26.25,26.1438,HPG,70_30,SVR
2026-02-27,25.71,26.2337,HPG,70_30,SVR
2026-03-02,25.44,25.6945,HPG,70_30,SVR
2026-03-03,24.73,25.4248,HPG,70_30,SVR
2026-03-04,24.73,24.7158,HPG,70_30,SVR
2026-03-05,24.33,24.7158,HPG,70_30,SVR
2026-03-06,24.33,24.3164,HPG,70_30,SVR
2026-03-09,22.63,24.3164,HPG,70_30,SVR
2026-03-10,24.19,22.6187,HPG,70_30,SVR
2026-03-11,24.46,24.1766,HPG,70_30,SVR
2026-03-12,23.93,24.4462,HPG,70_30,SVR
2026-03-13,23.79,23.9169,HPG,70_30,SVR
2026-03-16,23.88,23.7771,HPG,70_30,SVR
2026-03-17,24.01,23.867,HPG,70_30,SVR
2026-03-18,23.93,23.9968,HPG,70_30,SVR
2026-03-19,23.84,23.9169,HPG,70_30,SVR
2026-03-20,23.12,23.8271,HPG,70_30,SVR
2026-03-23,22.76,23.1081,HPG,70_30,SVR
2026-03-24,23.17,22.7485,HPG,70_30,SVR
2026-03-25,23.52,23.158,HPG,70_30,SVR
2026-03-26,23.12,23.5075,HPG,70_30,SVR
2026-03-27,23.66,23.1081,HPG,70_30,SVR
2026-03-30,24.01,23.6473,HPG,70_30,SVR
2026-03-31,24.01,23.9968,HPG,70_30,SVR
2026-04-01,24.24,23.9968,HPG,70_30,SVR
2026-04-02,24.42,24.2265,HPG,70_30,SVR
2026-04-03,23.79,24.4062,HPG,70_30,SVR
2026-04-06,23.97,23.7771,HPG,70_30,SVR
2026-04-07,23.93,23.9569,HPG,70_30,SVR
2026-04-08,25.0,23.9169,HPG,70_30,SVR
2026-04-09,25.22,24.9854,HPG,70_30,SVR
2026-04-10,25.0,25.2051,HPG,70_30,SVR
2026-04-13,24.82,24.9854,HPG,70_30,SVR
2026-04-14,25.49,24.8057,HPG,70_30,SVR
2026-04-15,25.04,25.4748,HPG,70_30,SVR
2026-04-16,24.95,25.0254,HPG,70_30,SVR
2026-04-17,25.0,24.9355,HPG,70_30,SVR
2026-04-20,25.4,24.9854,HPG,70_30,SVR
2026-04-21,25.49,25.3849,HPG,70_30,SVR
2026-04-22,25.18,25.4748,HPG,70_30,SVR
2026-04-23,24.82,25.1652,HPG,70_30,SVR
2026-04-24,24.91,24.8057,HPG,70_30,SVR
2026-04-28,24.77,24.8956,HPG,70_30,SVR
2026-04-29,24.77,24.7558,HPG,70_30,SVR
2026-05-04,24.64,24.7558,HPG,70_30,SVR
2026-05-05,24.37,24.6259,HPG,70_30,SVR
2026-05-06,24.64,24.3563,HPG,70_30,SVR
2026-05-07,24.77,24.6259,HPG,70_30,SVR
2026-05-08,24.86,24.7558,HPG,70_30,SVR
2026-05-11,24.55,24.8456,HPG,70_30,SVR
2026-05-12,24.45,24.5361,HPG,70_30,SVR
2026-05-13,24.64,24.4362,HPG,70_30,SVR
2026-05-14,24.59,24.6259,HPG,70_30,SVR
2026-05-15,24.14,24.576,HPG,70_30,SVR
2026-05-18,24.05,24.1266,HPG,70_30,SVR
2026-05-19,23.86,24.0368,HPG,70_30,SVR
2026-05-20,23.82,23.847,HPG,70_30,SVR
2026-05-21,24.14,23.8071,HPG,70_30,SVR
2026-05-22,23.95,24.1266,HPG,70_30,SVR
2026-05-25,24.1,23.9369,HPG,70_30,SVR
2026-05-26,24.25,24.0867,HPG,70_30,SVR
2026-05-27,24.15,24.2365,HPG,70_30,SVR
2026-05-28,24.0,24.1366,HPG,70_30,SVR
2026-05-29,24.0,23.9868,HPG,70_30,SVR
2026-06-01,24.05,23.9868,HPG,70_30,SVR
2026-06-02,23.7,24.0368,HPG,70_30,SVR
2026-06-03,24.15,23.6872,HPG,70_30,SVR
2026-06-04,23.95,24.1366,HPG,70_30,SVR
2026-06-05,23.75,23.9369,HPG,70_30,SVR
2026-06-08,23.3,23.7372,HPG,70_30,SVR
2026-06-09,23.55,23.2878,HPG,70_30,SVR
2026-06-10,23.6,23.5375,HPG,70_30,SVR
2026-06-11,23.3,23.5874,HPG,70_30,SVR
2026-06-12,23.2,23.2878,HPG,70_30,SVR
2026-06-15,24.35,23.1879,HPG,70_30,SVR
2026-06-16,24.2,24.3363,HPG,70_30,SVR
2026-06-17,24.0,24.1866,HPG,70_30,SVR
2026-06-18,23.65,23.9868,HPG,70_30,SVR
2026-06-19,23.6,23.6373,HPG,70_30,SVR
2026-06-22,23.6,23.5874,HPG,70_30,SVR
2026-06-23,23.3,23.5874,HPG,70_30,SVR
2026-06-24,23.5,23.2878,HPG,70_30,SVR
2026-06-25,23.4,23.4875,HPG,70_30,SVR
2026-06-26,23.5,23.3877,HPG,70_30,SVR
2026-06-29,23.65,23.4875,HPG,70_30,SVR
2026-06-30,23.3,23.6373,HPG,70_30,SVR
2026-07-01,23.45,23.2878,HPG,70_30,SVR
2026-07-02,23.4,23.4376,HPG,70_30,SVR
2026-07-03,23.25,23.3877,HPG,70_30,SVR
2026-07-06,23.1,23.2379,HPG,70_30,SVR
2026-07-07,23.1,23.0881,HPG,70_30,SVR
2026-07-08,23.2,23.0881,HPG,70_30,SVR
2026-07-09,23.2,23.1879,HPG,70_30,SVR
2026-07-10,22.95,23.1879,HPG,70_30,SVR
2026-07-13,22.4,22.9383,HPG,70_30,SVR
2026-07-14,22.5,22.389,HPG,70_30,SVR
2026-07-15,22.4,22.4889,HPG,70_30,SVR
2026-07-16,22.2,22.389,HPG,70_30,SVR
2026-07-17,21.85,22.1893,HPG,70_30,SVR
2026-07-20,20.6,21.8398,HPG,70_30,SVR
2026-07-21,20.8,20.5915,HPG,70_30,SVR
2026-07-22,20.7,20.7913,HPG,70_30,SVR
2026-07-23,20.8,20.6914,HPG,70_30,SVR
2026-07-24,20.8,20.7913,HPG,70_30,SVR
2026-07-27,20.35,20.7913,HPG,70_30,SVR
2026-07-28,21.0,20.3419,HPG,70_30,SVR
2026-07-29,21.65,20.991,HPG,70_30,SVR
2026-07-30,21.8,21.6401,HPG,70_30,SVR
2026-07-31,21.7,21.7899,HPG,70_30,SVR
2026-08-03,22.55,21.69,HPG,70_30,SVR
2026-08-04,22.15,22.5388,HPG,70_30,SVR
2026-08-05,22.0,22.1394,HPG,70_30,SVR
2026-08-06,21.85,21.9896,HPG,70_30,SVR
2026-08-07,22.0,21.8398,HPG,70_30,SVR
2026-08-10,22.1,21.9896,HPG,70_30,SVR
2026-08-11,22.05,22.0895,HPG,70_30,SVR
2026-08-12,22.1,22.0395,HPG,70_30,SVR
2026-08-13,21.7,22.0895,HPG,70_30,SVR
2026-08-14,21.25,21.69,HPG,70_30,SVR
2026-08-17,21.2,21.2406,HPG,70_30,SVR
2026-08-18,21.0,21.1907,HPG,70_30,SVR
2026-08-19,21.2,20.991,HPG,70_30,SVR
2026-08-20,21.15,21.1907,HPG,70_30,SVR
2026-08-21,21.7,21.1408,HPG,70_30,SVR
2026-08-24,22.25,21.69,HPG,70_30,SVR
2026-08-25,21.8,22.2393,HPG,70_30,SVR
2026-08-26,22.05,21.7899,HPG,70_30,SVR
2026-08-27,22.2,22.0395,HPG,70_30,SVR
2026-08-28,22.1,22.1893,HPG,70_30,SVR
2026-09-03,21.6,22.0895,HPG,70_30,SVR
2026-09-04,21.7,21.5902,HPG,70_30,SVR
2026-09-07,21.55,21.69,HPG,70_30,SVR
2026-09-08,21.85,21.5402,HPG,70_30,SVR
2026-09-09,22.05,21.8398,HPG,70_30,SVR
2026-09-10,21.85,22.0395,HPG,70_30,SVR
2026-09-11,21.3,21.8398,HPG,70_30,SVR
2026-09-14,20.9,21.2906,HPG,70_30,SVR
2026-09-15,21.2,20.8911,HPG,70_30,SVR
2026-09-16,20.95,21.1907,HPG,70_30,SVR
2026-09-17,21.2,20.9411,HPG,70_30,SVR
2026-09-18,21.55,21.1907,HPG,70_30,SVR
2026-09-21,21.1,21.5402,HPG,70_30,SVR
2026-09-22,21.15,21.0909,HPG,70_30,SVR
2026-09-23,21.05,21.1408,HPG,70_30,SVR
2026-09-24,20.8,21.0409,HPG,70_30,SVR
2026-09-25,20.65,20.7913,HPG,70_30,SVR
2026-09-28,20.2,20.6415,HPG,70_30,SVR
2026-09-29,20.3,20.1921,HPG,70_30,SVR
2026-09-30,20.15,20.292,HPG,70_30,SVR
2026-10-01,20.05,20.1422,HPG,70_30,SVR
2026-10-02,20.05,20.0423,HPG,70_30,SVR
2024-05-31,21.78,21.5582,VIC,70_30,SVR
2024-06-03,21.98,21.7579,VIC,70_30,SVR
2024-06-04,22.05,21.9576,VIC,70_30,SVR
2024-06-05,22.1,22.0275,VIC,70_30,SVR
2024-06-06,21.85,22.0775,VIC,70_30,SVR
2024-06-07,21.75,21.8278,VIC,70_30,SVR
2024-06-10,21.72,21.7279,VIC,70_30,SVR
2024-06-11,21.6,21.698,VIC,70_30,SVR
2024-06-12,21.65,21.5781,VIC,70_30,SVR
2024-06-13,21.6,21.6281,VIC,70_30,SVR
2024-06-14,21.0,21.5781,VIC,70_30,SVR
2024-06-17,21.0,20.979,VIC,70_30,SVR
2024-06-18,21.05,20.979,VIC,70_30,SVR
2024-06-19,20.75,21.0289,VIC,70_30,SVR
2024-06-20,20.72,20.7293,VIC,70_30,SVR
2024-06-21,20.82,20.6993,VIC,70_30,SVR
2024-06-24,20.55,20.7992,VIC,70_30,SVR
2024-06-25,20.6,20.5296,VIC,70_30,SVR
2024-06-26,20.6,20.5795,VIC,70_30,SVR
2024-06-27,20.5,20.5795,VIC,70_30,SVR
2024-06-28,20.6,20.4796,VIC,70_30,SVR
2024-07-01,20.68,20.5795,VIC,70_30,SVR
2024-07-02,20.8,20.6594,VIC,70_30,SVR
2024-07-03,20.68,20.7792,VIC,70_30,SVR
2024-07-04,20.7,20.6594,VIC,70_30,SVR
2024-07-05,20.7,20.6794,VIC,70_30,SVR
2024-07-08,20.2,20.6794,VIC,70_30,SVR
2024-07-09,20.4,20.18,VIC,70_30,SVR
2024-07-10,20.3,20.3798,VIC,70_30,SVR
2024-07-11,20.55,20.2799,VIC,70_30,SVR
2024-07-12,20.88,20.5296,VIC,70_30,SVR
2024-07-15,20.68,20.8591,VIC,70_30,SVR
2024-07-16,20.52,20.6594,VIC,70_30,SVR
2024-07-17,20.3,20.4996,VIC,70_30,SVR
2024-07-18,20.27,20.2799,VIC,70_30,SVR
2024-07-19,20.38,20.2499,VIC,70_30,SVR
2024-07-22,20.38,20.3598,VIC,70_30,SVR
2024-07-23,20.42,20.3598,VIC,70_30,SVR
2024-07-24,20.45,20.3997,VIC,70_30,SVR
2024-07-25,20.8,20.4297,VIC,70_30,SVR
2024-07-26,20.8,20.7792,VIC,70_30,SVR
2024-07-29,20.8,20.7792,VIC,70_30,SVR
2024-07-30,21.1,20.7792,VIC,70_30,SVR
2024-07-31,21.15,21.0788,VIC,70_30,SVR
2024-08-01,21.05,21.1288,VIC,70_30,SVR
2024-08-02,21.0,21.0289,VIC,70_30,SVR
2024-08-05,20.65,20.979,VIC,70_30,SVR
2024-08-06,20.65,20.6294,VIC,70_30,SVR
2024-08-07,21.18,20.6294,VIC,70_30,SVR
2024-08-08,20.9,21.1587,VIC,70_30,SVR
2024-08-09,20.6,20.8791,VIC,70_30,SVR
2024-08-12,20.3,20.5795,VIC,70_30,SVR
2024-08-13,20.35,20.2799,VIC,70_30,SVR
2024-08-14,20.4,20.3298,VIC,70_30,SVR
2024-08-15,20.4,20.3798,VIC,70_30,SVR
2024-08-16,20.58,20.3798,VIC,70_30,SVR
2024-08-19,20.58,20.5595,VIC,70_30,SVR
2024-08-20,20.85,20.5595,VIC,70_30,SVR
2024-08-21,20.92,20.8292,VIC,70_30,SVR
2024-08-22,20.78,20.8991,VIC,70_30,SVR
2024-08-23,20.78,20.7593,VIC,70_30,SVR
2024-08-26,21.08,20.7593,VIC,70_30,SVR
2024-08-27,22.55,21.0588,VIC,70_30,SVR
2024-08-28,22.2,22.5268,VIC,70_30,SVR
2024-08-29,22.1,22.1773,VIC,70_30,SVR
2024-08-30,22.1,22.0775,VIC,70_30,SVR
2024-09-04,22.0,22.0775,VIC,70_30,SVR
2024-09-05,22.52,21.9776,VIC,70_30,SVR
2024-09-06,22.32,22.4969,VIC,70_30,SVR
2024-09-09,21.85,22.2972,VIC,70_30,SVR
2024-09-10,21.5,21.8278,VIC,70_30,SVR
2024-09-11,21.5,21.4783,VIC,70_30,SVR
2024-09-12,21.45,21.4783,VIC,70_30,SVR
2024-09-13,21.45,21.4283,VIC,70_30,SVR
2024-09-16,21.02,21.4283,VIC,70_30,SVR
2024-09-17,21.45,20.9989,VIC,70_30,SVR
2024-09-18,21.32,21.4283,VIC,70_30,SVR
2024-09-19,21.45,21.2985,VIC,70_30,SVR
2024-09-20,21.15,21.4283,VIC,70_30,SVR
2024-09-23,21.18,21.1288,VIC,70_30,SVR
2024-09-24,21.28,21.1587,VIC,70_30,SVR
2024-09-25,21.3,21.2586,VIC,70_30,SVR
2024-09-26,21.3,21.2785,VIC,70_30,SVR
2024-09-27,21.25,21.2785,VIC,70_30,SVR
2024-09-30,21.0,21.2286,VIC,70_30,SVR
2024-10-01,21.15,20.979,VIC,70_30,SVR
2024-10-02,21.02,21.1288,VIC,70_30,SVR
2024-10-03,20.68,20.9989,VIC,70_30,SVR
2024-10-04,20.5,20.6594,VIC,70_30,SVR
2024-10-07,20.42,20.4796,VIC,70_30,SVR
2024-10-08,20.45,20.3997,VIC,70_30,SVR
2024-10-09,20.8,20.4297,VIC,70_30,SVR
2024-10-10,20.7,20.7792,VIC,70_30,SVR
2024-10-11,20.9,20.6794,VIC,70_30,SVR
2024-10-14,21.08,20.8791,VIC,70_30,SVR
2024-10-15,20.82,21.0588,VIC,70_30,SVR
2024-10-16,20.75,20.7992,VIC,70_30,SVR
2024-10-17,20.78,20.7293,VIC,70_30,SVR
2024-10-18,20.9,20.7593,VIC,70_30,SVR
2024-10-21,21.12,20.8791,VIC,70_30,SVR
2024-10-22,21.1,21.0988,VIC,70_30,SVR
2024-10-23,21.6,21.0788,VIC,70_30,SVR
2024-10-24,21.02,21.5781,VIC,70_30,SVR
2024-10-25,20.78,20.9989,VIC,70_30,SVR
2024-10-28,20.72,20.7593,VIC,70_30,SVR
2024-10-29,20.68,20.6993,VIC,70_30,SVR
2024-10-30,20.5,20.6594,VIC,70_30,SVR
2024-10-31,20.78,20.4796,VIC,70_30,SVR
2024-11-01,20.6,20.7593,VIC,70_30,SVR
2024-11-04,20.6,20.5795,VIC,70_30,SVR
2024-11-05,20.65,20.5795,VIC,70_30,SVR
2024-11-06,20.9,20.6294,VIC,70_30,SVR
2024-11-07,20.85,20.8791,VIC,70_30,SVR
2024-11-08,20.52,20.8292,VIC,70_30,SVR
2024-11-11,20.4,20.4996,VIC,70_30,SVR
2024-11-12,20.27,20.3798,VIC,70_30,SVR
2024-11-13,20.3,20.2499,VIC,70_30,SVR
2024-11-14,20.35,20.2799,VIC,70_30,SVR
2024-11-15,20.27,20.3298,VIC,70_30,SVR
2024-11-18,20.2,20.2499,VIC,70_30,SVR
2024-11-19,20.18,20.18,VIC,70_30,SVR
2024-11-20,20.18,20.1601,VIC,70_30,SVR
2024-11-21,20.18,20.1601,VIC,70_30,SVR
2024-11-22,20.23,20.1601,VIC,70_30,SVR
2024-11-25,20.5,20.21,VIC,70_30,SVR
2024-11-26,20.52,20.4796,VIC,70_30,SVR
2024-11-27,20.38,20.4996,VIC,70_30,SVR
2024-11-28,20.35,20.3598,VIC,70_30,SVR
2024-11-29,20.25,20.3298,VIC,70_30,SVR
2024-12-02,20.18,20.23,VIC,70_30,SVR
2024-12-03,20.2,20.1601,VIC,70_30,SVR
2024-12-04,20.0,20.18,VIC,70_30,SVR
2024-12-05,20.42,19.9803,VIC,70_30,SVR
2024-12-06,20.92,20.3997,VIC,70_30,SVR
2024-12-09,20.92,20.8991,VIC,70_30,SVR
2024-12-10,20.6,20.8991,VIC,70_30,SVR
2024-12-11,20.65,20.5795,VIC,70_30,SVR
2024-12-12,20.45,20.6294,VIC,70_30,SVR
2024-12-13,20.4,20.4297,VIC,70_30,SVR
2024-12-16,20.35,20.3798,VIC,70_30,SVR
2024-12-17,20.27,20.3298,VIC,70_30,SVR
2024-12-18,20.3,20.2499,VIC,70_30,SVR
2024-12-19,20.15,20.2799,VIC,70_30,SVR
2024-12-20,20.25,20.1301,VIC,70_30,SVR
2024-12-23,20.3,20.23,VIC,70_30,SVR
2024-12-24,20.3,20.2799,VIC,70_30,SVR
2024-12-25,20.32,20.2799,VIC,70_30,SVR
2024-12-26,20.32,20.2999,VIC,70_30,SVR
2024-12-27,20.27,20.2999,VIC,70_30,SVR
2024-12-30,20.27,20.2499,VIC,70_30,SVR
2024-12-31,20.27,20.2499,VIC,70_30,SVR
2025-01-02,20.27,20.2499,VIC,70_30,SVR
2025-01-03,20.25,20.2499,VIC,70_30,SVR
2025-01-06,20.25,20.23,VIC,70_30,SVR
2025-01-07,20.25,20.23,VIC,70_30,SVR
2025-01-08,20.25,20.23,VIC,70_30,SVR
2025-01-09,20.38,20.23,VIC,70_30,SVR
2025-01-10,20.25,20.3598,VIC,70_30,SVR
2025-01-13,20.15,20.23,VIC,70_30,SVR
2025-01-14,20.1,20.1301,VIC,70_30,SVR
2025-01-15,20.12,20.0802,VIC,70_30,SVR
2025-01-16,20.23,20.1002,VIC,70_30,SVR
2025-01-17,20.23,20.21,VIC,70_30,SVR
2025-01-20,20.2,20.21,VIC,70_30,SVR
2025-01-21,20.23,20.18,VIC,70_30,SVR
2025-01-22,20.2,20.21,VIC,70_30,SVR
2025-01-23,20.2,20.18,VIC,70_30,SVR
2025-01-24,20.2,20.18,VIC,70_30,SVR
2025-02-03,20.02,20.18,VIC,70_30,SVR
2025-02-04,20.05,20.0003,VIC,70_30,SVR
2025-02-05,20.02,20.0302,VIC,70_30,SVR
2025-02-06,20.23,20.0003,VIC,70_30,SVR
2025-02-07,20.32,20.21,VIC,70_30,SVR
2025-02-10,20.0,20.2999,VIC,70_30,SVR
2025-02-11,19.98,19.9803,VIC,70_30,SVR
2025-02-12,19.95,19.9603,VIC,70_30,SVR
2025-02-13,20.12,19.9304,VIC,70_30,SVR
2025-02-14,20.12,20.1002,VIC,70_30,SVR
2025-02-17,20.05,20.1002,VIC,70_30,SVR
2025-02-18,20.1,20.0302,VIC,70_30,SVR
2025-02-19,20.2,20.0802,VIC,70_30,SVR
2025-02-20,20.48,20.18,VIC,70_30,SVR
2025-02-21,20.32,20.4597,VIC,70_30,SVR
2025-02-24,20.3,20.2999,VIC,70_30,SVR
2025-02-25,20.35,20.2799,VIC,70_30,SVR
2025-02-26,20.5,20.3298,VIC,70_30,SVR
2025-02-27,20.52,20.4796,VIC,70_30,SVR
2025-02-28,20.6,20.4996,VIC,70_30,SVR
2025-03-03,21.02,20.5795,VIC,70_30,SVR
2025-03-04,20.98,20.9989,VIC,70_30,SVR
2025-03-05,21.12,20.959,VIC,70_30,SVR
2025-03-06,21.18,21.0988,VIC,70_30,SVR
2025-03-07,22.65,21.1587,VIC,70_30,SVR
2025-03-10,23.65,22.6267,VIC,70_30,SVR
2025-03-11,23.65,23.6253,VIC,70_30,SVR
2025-03-12,24.05,23.6253,VIC,70_30,SVR
2025-03-13,25.7,24.0248,VIC,70_30,SVR
2025-03-14,26.1,25.6726,VIC,70_30,SVR
2025-03-17,26.05,26.072,VIC,70_30,SVR
2025-03-18,25.65,26.0221,VIC,70_30,SVR
2025-03-19,25.95,25.6226,VIC,70_30,SVR
2025-03-20,25.75,25.9222,VIC,70_30,SVR
2025-03-21,26.5,25.7225,VIC,70_30,SVR
2025-03-24,28.35,26.4715,VIC,70_30,SVR
2025-03-25,28.45,28.319,VIC,70_30,SVR
2025-03-26,28.5,28.4188,VIC,70_30,SVR
2025-03-27,28.55,28.4687,VIC,70_30,SVR
2025-03-28,29.0,28.5187,VIC,70_30,SVR
2025-03-31,29.0,28.9681,VIC,70_30,SVR
2025-04-01,29.85,28.9681,VIC,70_30,SVR
2025-04-02,30.2,29.8169,VIC,70_30,SVR
2025-04-03,28.1,30.1664,VIC,70_30,SVR
2025-04-04,29.15,28.0693,VIC,70_30,SVR
2025-04-08,27.55,29.1179,VIC,70_30,SVR
2025-04-09,28.5,27.52,VIC,70_30,SVR
2025-04-10,30.45,28.4687,VIC,70_30,SVR
2025-04-11,32.55,30.4161,VIC,70_30,SVR
2025-04-14,34.8,32.5132,VIC,70_30,SVR
2025-04-15,35.25,34.7602,VIC,70_30,SVR
2025-04-16,33.95,35.2096,VIC,70_30,SVR
2025-04-17,35.5,33.9113,VIC,70_30,SVR
2025-04-18,33.05,35.4592,VIC,70_30,SVR
2025-04-21,30.75,33.0126,VIC,70_30,SVR
2025-04-22,29.5,30.7157,VIC,70_30,SVR
2025-04-23,29.3,29.4674,VIC,70_30,SVR
2025-04-24,31.35,29.2677,VIC,70_30,SVR
2025-04-25,33.5,31.3149,VIC,70_30,SVR
2025-04-28,34.0,33.4619,VIC,70_30,SVR
2025-04-29,34.0,33.9613,VIC,70_30,SVR
2025-05-05,35.0,33.9613,VIC,70_30,SVR
2025-05-06,35.25,34.9599,VIC,70_30,SVR
2025-05-07,36.7,35.2096,VIC,70_30,SVR
2025-05-08,39.25,36.6576,VIC,70_30,SVR
2025-05-09,38.25,39.2041,VIC,70_30,SVR
2025-05-12,39.7,38.2055,VIC,70_30,SVR
2025-05-13,39.8,39.6535,VIC,70_30,SVR
2025-05-14,39.9,39.7534,VIC,70_30,SVR
2025-05-15,39.9,39.8532,VIC,70_30,SVR
2025-05-16,40.0,39.8532,VIC,70_30,SVR
2025-05-19,42.8,39.9531,VIC,70_30,SVR
2025-05-20,45.75,42.7493,VIC,70_30,SVR
2025-05-21,46.75,45.6953,VIC,70_30,SVR
2025-05-22,46.25,46.6939,VIC,70_30,SVR
2025-05-23,46.5,46.1946,VIC,70_30,SVR
2025-05-26,47.25,46.4443,VIC,70_30,SVR
2025-05-27,47.25,47.1932,VIC,70_30,SVR
2025-05-28,48.5,47.1932,VIC,70_30,SVR
2025-05-29,48.5,48.4415,VIC,70_30,SVR
2025-05-30,49.2,48.4415,VIC,70_30,SVR
2025-06-02,49.0,49.1406,VIC,70_30,SVR
2025-06-03,49.05,48.9409,VIC,70_30,SVR
2025-06-04,49.05,48.9908,VIC,70_30,SVR
2025-06-05,49.0,48.9908,VIC,70_30,SVR
2025-06-06,48.5,48.9409,VIC,70_30,SVR
2025-06-09,45.15,48.4415,VIC,70_30,SVR
2025-06-10,45.3,45.0961,VIC,70_30,SVR
2025-06-11,45.1,45.2459,VIC,70_30,SVR
2025-06-12,43.4,45.0462,VIC,70_30,SVR
2025-06-13,42.75,43.3485,VIC,70_30,SVR
2025-06-16,42.7,42.6994,VIC,70_30,SVR
2025-06-17,43.85,42.6494,VIC,70_30,SVR
2025-06-18,44.0,43.7979,VIC,70_30,SVR
2025-06-19,44.7,43.9477,VIC,70_30,SVR
2025-06-20,43.4,44.6467,VIC,70_30,SVR
2025-06-23,46.4,43.3485,VIC,70_30,SVR
2025-06-24,47.9,46.3444,VIC,70_30,SVR
2025-06-25,47.9,47.8424,VIC,70_30,SVR
2025-06-26,47.5,47.8424,VIC,70_30,SVR
2025-06-27,47.75,47.4429,VIC,70_30,SVR
2025-06-30,47.8,47.6926,VIC,70_30,SVR
2025-07-01,47.8,47.7425,VIC,70_30,SVR
2025-07-02,47.7,47.7425,VIC,70_30,SVR
2025-07-03,47.25,47.6426,VIC,70_30,SVR
2025-07-04,45.95,47.1932,VIC,70_30,SVR
2025-07-07,46.5,45.895,VIC,70_30,SVR
2025-07-08,46.65,46.4443,VIC,70_30,SVR
2025-07-09,47.5,46.5941,VIC,70_30,SVR
2025-07-10,50.8,47.4429,VIC,70_30,SVR
2025-07-11,54.0,50.7384,VIC,70_30,SVR
2025-07-14,56.5,53.9341,VIC,70_30,SVR
2025-07-15,55.8,56.4306,VIC,70_30,SVR
2025-07-16,58.7,55.7316,VIC,70_30,SVR
2025-07-17,61.0,58.6277,VIC,70_30,SVR
2025-07-18,59.5,60.9245,VIC,70_30,SVR
2025-07-21,56.0,59.4266,VIC,70_30,SVR
2025-07-22,58.75,55.9313,VIC,70_30,SVR
2025-07-23,57.5,58.6776,VIC,70_30,SVR
2025-07-24,58.0,57.4293,VIC,70_30,SVR
2025-07-25,57.05,57.9286,VIC,70_30,SVR
2025-07-28,57.8,56.9799,VIC,70_30,SVR
2025-07-29,56.6,57.7289,VIC,70_30,SVR
2025-07-30,54.75,56.5305,VIC,70_30,SVR
2025-07-31,52.75,54.683,VIC,70_30,SVR
2025-08-01,52.0,52.6858,VIC,70_30,SVR
2025-08-04,55.6,51.9368,VIC,70_30,SVR
2025-08-05,58.75,55.5319,VIC,70_30,SVR
2025-08-06,59.25,58.6776,VIC,70_30,SVR
2025-08-07,57.5,59.1769,VIC,70_30,SVR
2025-08-08,58.5,57.4293,VIC,70_30,SVR
2025-08-11,57.75,58.4279,VIC,70_30,SVR
2025-08-12,57.75,57.6789,VIC,70_30,SVR
2025-08-13,58.0,57.6789,VIC,70_30,SVR
2025-08-14,59.1,57.9286,VIC,70_30,SVR
2025-08-15,59.1,59.0271,VIC,70_30,SVR
2025-08-18,59.1,59.0271,VIC,70_30,SVR
2025-08-19,59.1,59.0271,VIC,70_30,SVR
2025-08-20,62.1,59.0271,VIC,70_30,SVR
2025-08-21,62.5,62.023,VIC,70_30,SVR
2025-08-22,62.05,62.4225,VIC,70_30,SVR
2025-08-25,65.5,61.9731,VIC,70_30,SVR
2025-08-26,67.75,65.4184,VIC,70_30,SVR
2025-08-27,66.0,67.6653,VIC,70_30,SVR
2025-08-28,65.05,65.9177,VIC,70_30,SVR
2025-08-29,64.15,64.969,VIC,70_30,SVR
2025-09-03,62.5,64.0702,VIC,70_30,SVR
2025-09-04,62.5,62.4225,VIC,70_30,SVR
2025-09-05,62.5,62.4225,VIC,70_30,SVR
2025-09-08,62.5,62.4225,VIC,70_30,SVR
2025-09-09,64.6,62.4225,VIC,70_30,SVR
2025-09-10,65.45,64.5196,VIC,70_30,SVR
2025-09-11,68.0,65.3685,VIC,70_30,SVR
2025-09-12,68.9,67.915,VIC,70_30,SVR
2025-09-15,68.9,68.8138,VIC,70_30,SVR
2025-09-16,67.5,68.8138,VIC,70_30,SVR
2025-09-17,71.55,67.4157,VIC,70_30,SVR
2025-09-18,72.5,71.4602,VIC,70_30,SVR
2025-09-19,76.6,72.4089,VIC,70_30,SVR
2025-09-22,74.4,76.5033,VIC,70_30,SVR
2025-09-23,74.6,74.3063,VIC,70_30,SVR
2025-09-24,74.5,74.506,VIC,70_30,SVR
2025-09-25,79.0,74.4062,VIC,70_30,SVR
2025-09-26,82.0,78.9,VIC,70_30,SVR
2025-09-29,86.4,81.896,VIC,70_30,SVR
2025-09-30,87.45,86.29,VIC,70_30,SVR
2025-10-01,85.0,87.3385,VIC,70_30,SVR
2025-10-02,85.5,84.8919,VIC,70_30,SVR
2025-10-03,88.25,85.3912,VIC,70_30,SVR
2025-10-06,89.85,88.1374,VIC,70_30,SVR
2025-10-07,90.0,89.7353,VIC,70_30,SVR
2025-10-08,89.05,89.8851,VIC,70_30,SVR
2025-10-09,89.75,88.9364,VIC,70_30,SVR
2025-10-10,96.0,89.6354,VIC,70_30,SVR
2025-10-13,102.7,95.8769,VIC,70_30,SVR
2025-10-14,105.95,102.5678,VIC,70_30,SVR
2025-10-15,104.75,105.8134,VIC,70_30,SVR
2025-10-16,106.55,104.615,VIC,70_30,SVR
2025-10-17,102.0,106.4125,VIC,70_30,SVR
2025-10-20,97.45,101.8687,VIC,70_30,SVR
2025-10-21,101.7,97.3249,VIC,70_30,SVR
2025-10-22,101.5,101.5691,VIC,70_30,SVR
2025-10-23,107.5,101.3694,VIC,70_30,SVR
2025-10-24,109.5,107.3613,VIC,70_30,SVR
2025-10-27,107.0,109.3585,VIC,70_30,SVR
2025-10-28,110.05,106.8619,VIC,70_30,SVR
2025-10-29,106.0,109.9078,VIC,70_30,SVR
2025-10-30,102.05,105.8633,VIC,70_30,SVR
2025-10-31,95.5,101.9187,VIC,70_30,SVR
2025-11-03,97.7,95.3776,VIC,70_30,SVR
2025-11-04,100.5,97.5746,VIC,70_30,SVR
2025-11-05,103.25,100.3708,VIC,70_30,SVR
2025-11-06,103.9,103.117,VIC,70_30,SVR
2025-11-07,99.85,103.7662,VIC,70_30,SVR
2025-11-10,99.5,99.7217,VIC,70_30,SVR
2025-11-11,100.5,99.3721,VIC,70_30,SVR
2025-11-12,105.6,100.3708,VIC,70_30,SVR
2025-11-13,105.6,105.4638,VIC,70_30,SVR
2025-11-14,105.5,105.4638,VIC,70_30,SVR
2025-11-17,108.5,105.364,VIC,70_30,SVR
2025-11-18,110.0,108.3599,VIC,70_30,SVR
2025-11-19,110.25,109.8579,VIC,70_30,SVR
2025-11-20,114.0,110.1075,VIC,70_30,SVR
2025-11-21,114.85,113.8524,VIC,70_30,SVR
2025-11-24,119.75,114.7013,VIC,70_30,SVR
2025-11-25,121.5,119.5946,VIC,70_30,SVR
2025-11-26,122.5,121.3422,VIC,70_30,SVR
2025-11-27,124.0,122.3408,VIC,70_30,SVR
2025-11-28,130.2,123.8388,VIC,70_30,SVR
2025-12-01,134.95,130.0304,VIC,70_30,SVR
2025-12-02,137.5,134.7739,VIC,70_30,SVR
2025-12-03,134.7,137.3204,VIC,70_30,SVR
2025-12-04,133.5,134.5242,VIC,70_30,SVR
2025-12-05,142.8,133.3259,VIC,70_30,SVR
2025-12-08,152.7,142.6132,VIC,70_30,SVR
2025-12-09,160.0,152.4997,VIC,70_30,SVR
2025-12-10,148.8,159.7898,VIC,70_30,SVR
2025-12-11,146.0,148.6051,VIC,70_30,SVR
2025-12-12,144.0,145.8089,VIC,70_30,SVR
2025-12-15,142.9,143.8116,VIC,70_30,SVR
2025-12-16,142.9,142.7131,VIC,70_30,SVR
2025-12-17,142.9,142.7131,VIC,70_30,SVR
2025-12-18,142.7,142.7131,VIC,70_30,SVR
2025-12-19,148.5,142.5134,VIC,70_30,SVR
2025-12-22,158.8,148.3055,VIC,70_30,SVR
2025-12-23,169.9,158.5914,VIC,70_30,SVR
2025-12-24,169.8,169.6763,VIC,70_30,SVR
2025-12-25,158.0,169.5765,VIC,70_30,SVR
2025-12-26,155.0,157.7925,VIC,70_30,SVR
2025-12-29,159.7,154.7966,VIC,70_30,SVR
2025-12-30,163.0,159.4902,VIC,70_30,SVR
2025-12-31,169.6,162.7857,VIC,70_30,SVR
2026-01-05,173.1,169.3768,VIC,70_30,SVR
2026-01-06,173.1,172.872,VIC,70_30,SVR
2026-01-07,179.0,172.872,VIC,70_30,SVR
2026-01-08,176.6,178.764,VIC,70_30,SVR
2026-01-09,176.0,176.3672,VIC,70_30,SVR
2026-01-12,163.7,175.768,VIC,70_30,SVR
2026-01-13,167.9,163.4848,VIC,70_30,SVR
2026-01-14,160.2,167.6791,VIC,70_30,SVR
2026-01-15,153.0,159.9895,VIC,70_30,SVR
2026-01-16,159.9,152.7993,VIC,70_30,SVR
2026-01-19,162.0,159.69,VIC,70_30,SVR
2026-01-20,161.0,161.7871,VIC,70_30,SVR
2026-01-21,160.5,160.7885,VIC,70_30,SVR
2026-01-22,161.1,160.2891,VIC,70_30,SVR
2026-01-23,165.4,160.8883,VIC,70_30,SVR
2026-01-26,159.9,165.1825,VIC,70_30,SVR
2026-01-27,151.0,159.69,VIC,70_30,SVR
2026-01-28,140.5,150.8021,VIC,70_30,SVR
2026-01-29,140.5,140.3163,VIC,70_30,SVR
2026-01-30,140.5,140.3163,VIC,70_30,SVR
2026-02-02,130.7,140.3163,VIC,70_30,SVR
2026-02-03,130.7,130.5297,VIC,70_30,SVR
2026-02-04,121.6,130.5297,VIC,70_30,SVR
2026-02-05,130.1,121.4421,VIC,70_30,SVR
2026-02-06,131.0,129.9305,VIC,70_30,SVR
2026-02-09,132.3,130.8293,VIC,70_30,SVR
2026-02-10,141.5,132.1275,VIC,70_30,SVR
2026-02-11,150.8,141.315,VIC,70_30,SVR
2026-02-12,159.0,150.6023,VIC,70_30,SVR
2026-02-13,160.0,158.7912,VIC,70_30,SVR
2026-02-23,162.3,159.7898,VIC,70_30,SVR
2026-02-24,162.9,162.0867,VIC,70_30,SVR
2026-02-25,158.0,162.6859,VIC,70_30,SVR
2026-02-26,168.9,157.7925,VIC,70_30,SVR
2026-02-27,172.0,168.6777,VIC,70_30,SVR
2026-03-02,167.2,171.7735,VIC,70_30,SVR
2026-03-03,155.5,166.98,VIC,70_30,SVR
2026-03-04,155.6,155.2959,VIC,70_30,SVR
2026-03-05,164.8,155.3958,VIC,70_30,SVR
2026-03-06,156.5,164.5833,VIC,70_30,SVR
2026-03-09,145.6,156.2946,VIC,70_30,SVR
2026-03-10,141.8,145.4094,VIC,70_30,SVR
2026-03-11,146.0,141.6146,VIC,70_30,SVR
2026-03-12,145.0,145.8089,VIC,70_30,SVR
2026-03-13,144.6,144.8102,VIC,70_30,SVR
2026-03-16,144.7,144.4108,VIC,70_30,SVR
2026-03-17,146.2,144.5106,VIC,70_30,SVR
2026-03-18,146.0,146.0086,VIC,70_30,SVR
2026-03-19,145.0,145.8089,VIC,70_30,SVR
2026-03-20,135.0,144.8102,VIC,70_30,SVR
2026-03-23,125.6,134.8238,VIC,70_30,SVR
2026-03-24,124.0,125.4366,VIC,70_30,SVR
2026-03-25,128.7,123.8388,VIC,70_30,SVR
2026-03-26,130.0,128.5324,VIC,70_30,SVR
2026-03-27,132.6,129.8306,VIC,70_30,SVR
2026-03-30,129.5,132.4271,VIC,70_30,SVR
2026-03-31,135.0,129.3313,VIC,70_30,SVR
2026-04-01,141.0,134.8238,VIC,70_30,SVR
2026-04-02,139.9,140.8157,VIC,70_30,SVR
2026-04-03,141.0,139.7172,VIC,70_30,SVR
2026-04-06,141.6,140.8157,VIC,70_30,SVR
2026-04-07,143.4,141.4149,VIC,70_30,SVR
2026-04-08,153.4,143.2124,VIC,70_30,SVR
2026-04-09,149.2,153.1988,VIC,70_30,SVR
2026-04-10,151.7,149.0045,VIC,70_30,SVR
2026-04-13,160.0,151.5011,VIC,70_30,SVR
2026-04-14,165.5,159.7898,VIC,70_30,SVR
2026-04-15,177.0,165.2823,VIC,70_30,SVR
2026-04-16,189.3,176.7667,VIC,70_30,SVR
2026-04-17,187.9,189.0499,VIC,70_30,SVR
2026-04-20,191.0,187.6519,VIC,70_30,SVR
2026-04-21,193.7,190.7476,VIC,70_30,SVR
2026-04-22,207.2,193.444,VIC,70_30,SVR
2026-04-23,214.5,206.9256,VIC,70_30,SVR
2026-04-24,212.1,214.2157,VIC,70_30,SVR
2026-04-28,225.5,211.8189,VIC,70_30,SVR
2026-04-29,214.0,225.2007,VIC,70_30,SVR
2026-05-04,212.0,213.7163,VIC,70_30,SVR
2026-05-05,219.5,211.7191,VIC,70_30,SVR
2026-05-06,219.5,219.2089,VIC,70_30,SVR
2026-05-07,224.0,219.2089,VIC,70_30,SVR
2026-05-08,226.0,223.7027,VIC,70_30,SVR
2026-05-11,223.0,225.7,VIC,70_30,SVR
2026-05-12,222.0,222.7041,VIC,70_30,SVR
2026-05-13,221.0,221.7055,VIC,70_30,SVR
2026-05-14,229.8,220.7068,VIC,70_30,SVR
2026-05-15,228.0,229.4948,VIC,70_30,SVR
2026-05-18,225.0,227.6973,VIC,70_30,SVR
2026-05-19,225.1,224.7014,VIC,70_30,SVR
2026-05-20,226.7,224.8012,VIC,70_30,SVR
2026-05-21,218.7,226.3991,VIC,70_30,SVR
2026-05-22,216.5,218.4099,VIC,70_30,SVR
2026-05-25,218.8,216.2129,VIC,70_30,SVR
2026-05-26,213.0,218.5098,VIC,70_30,SVR
2026-05-27,210.8,212.7177,VIC,70_30,SVR
2026-05-28,210.8,210.5207,VIC,70_30,SVR
2026-05-29,211.3,210.5207,VIC,70_30,SVR
2026-06-01,204.9,211.02,VIC,70_30,SVR
2026-06-02,204.9,204.6287,VIC,70_30,SVR
2026-06-03,197.6,204.6287,VIC,70_30,SVR
2026-06-04,200.2,197.3387,VIC,70_30,SVR
2026-06-05,207.0,199.9351,VIC,70_30,SVR
2026-06-08,195.0,206.7259,VIC,70_30,SVR
2026-06-09,193.2,194.7422,VIC,70_30,SVR
2026-06-10,196.0,192.9446,VIC,70_30,SVR
2026-06-11,196.0,195.7408,VIC,70_30,SVR
2026-06-12,195.5,195.7408,VIC,70_30,SVR
2026-06-15,192.6,195.2415,VIC,70_30,SVR
2026-06-16,194.0,192.3455,VIC,70_30,SVR
2026-06-17,192.0,193.7436,VIC,70_30,SVR
2026-06-18,205.4,191.7463,VIC,70_30,SVR
2026-06-19,205.5,205.128,VIC,70_30,SVR
2026-06-22,219.8,205.2279,VIC,70_30,SVR
2026-06-23,229.0,219.5084,VIC,70_30,SVR
2026-06-24,230.5,228.6959,VIC,70_30,SVR
2026-06-25,225.0,230.1939,VIC,70_30,SVR
2026-06-26,228.0,224.7014,VIC,70_30,SVR
2026-06-29,217.2,227.6973,VIC,70_30,SVR
2026-06-30,220.0,216.912,VIC,70_30,SVR
2026-07-01,217.1,219.7082,VIC,70_30,SVR
2026-07-02,220.3,216.8121,VIC,70_30,SVR
2026-07-03,220.3,220.0078,VIC,70_30,SVR
2026-07-06,220.3,220.0078,VIC,70_30,SVR
2026-07-07,220.3,220.0078,VIC,70_30,SVR
2026-07-08,220.7,220.0078,VIC,70_30,SVR
2026-07-09,221.0,220.4072,VIC,70_30,SVR
2026-07-10,223.0,220.7068,VIC,70_30,SVR
2026-07-13,221.5,222.7041,VIC,70_30,SVR
2026-07-14,219.0,221.2061,VIC,70_30,SVR
2026-07-15,217.0,218.7095,VIC,70_30,SVR
2026-07-16,223.0,216.7123,VIC,70_30,SVR
2026-07-17,220.0,222.7041,VIC,70_30,SVR
2026-07-20,220.0,219.7082,VIC,70_30,SVR
2026-07-21,217.3,219.7082,VIC,70_30,SVR
2026-07-22,202.1,217.0118,VIC,70_30,SVR
2026-07-23,214.0,201.8325,VIC,70_30,SVR
2026-07-24,213.1,213.7163,VIC,70_30,SVR
2026-07-27,213.5,212.8176,VIC,70_30,SVR
2026-07-28,213.8,213.217,VIC,70_30,SVR
2026-07-29,219.4,213.5166,VIC,70_30,SVR
2026-07-30,220.0,219.109,VIC,70_30,SVR
2026-07-31,214.1,219.7082,VIC,70_30,SVR
2026-08-03,213.0,213.8162,VIC,70_30,SVR
2026-08-04,218.0,212.7177,VIC,70_30,SVR
2026-08-05,220.0,217.7109,VIC,70_30,SVR
2026-08-06,218.8,219.7082,VIC,70_30,SVR
2026-08-07,215.0,218.5098,VIC,70_30,SVR
2026-08-10,208.5,214.715,VIC,70_30,SVR
2026-08-11,208.5,208.2238,VIC,70_30,SVR
2026-08-12,215.5,208.2238,VIC,70_30,SVR
2026-08-13,207.9,215.2143,VIC,70_30,SVR
2026-08-14,200.4,207.6246,VIC,70_30,SVR
2026-08-17,198.0,200.1348,VIC,70_30,SVR
2026-08-18,200.0,197.7381,VIC,70_30,SVR
2026-08-19,200.0,199.7354,VIC,70_30,SVR
2026-08-20,202.0,199.7354,VIC,70_30,SVR
2026-08-21,205.0,201.7327,VIC,70_30,SVR
2026-08-24,214.5,204.7286,VIC,70_30,SVR
2026-08-25,220.5,214.2157,VIC,70_30,SVR
2026-08-26,230.0,220.2075,VIC,70_30,SVR
2026-08-27,236.0,229.6946,VIC,70_30,SVR
2026-08-28,236.0,235.6864,VIC,70_30,SVR
2026-09-03,244.5,235.6864,VIC,70_30,SVR
2026-09-04,256.1,244.1748,VIC,70_30,SVR
2026-09-07,245.0,255.7591,VIC,70_30,SVR
2026-09-08,249.6,244.6742,VIC,70_30,SVR
2026-09-09,247.7,249.2679,VIC,70_30,SVR
2026-09-10,247.7,247.3705,VIC,70_30,SVR
2026-09-11,243.3,247.3705,VIC,70_30,SVR
2026-09-14,241.4,242.9765,VIC,70_30,SVR
2026-09-15,241.3,241.0791,VIC,70_30,SVR
2026-09-16,241.2,240.9792,VIC,70_30,SVR
2026-09-17,241.2,240.8793,VIC,70_30,SVR
2026-09-18,241.2,240.8793,VIC,70_30,SVR
2026-09-21,235.0,240.8793,VIC,70_30,SVR
2026-09-22,243.8,234.6878,VIC,70_30,SVR
2026-09-23,236.0,243.4758,VIC,70_30,SVR
2026-09-24,230.0,235.6864,VIC,70_30,SVR
2026-09-25,232.0,229.6946,VIC,70_30,SVR
2026-09-28,231.9,231.6918,VIC,70_30,SVR
2026-09-29,230.0,231.592,VIC,70_30,SVR
2026-09-30,227.9,229.6946,VIC,70_30,SVR
2026-10-01,220.0,227.5974,VIC,70_30,SVR
2026-10-02,224.0,219.7082,VIC,70_30,SVR
2024-05-31,56.02,56.263,VNM,70_30,SVR
2024-06-03,56.62,56.0134,VNM,70_30,SVR
2024-06-04,56.53,56.6125,VNM,70_30,SVR
2024-06-05,58.67,56.5226,VNM,70_30,SVR
2024-06-06,57.56,58.6592,VNM,70_30,SVR
2024-06-07,58.07,57.551,VNM,70_30,SVR
2024-06-10,57.56,58.0601,VNM,70_30,SVR
2024-06-11,56.96,57.551,VNM,70_30,SVR
2024-06-12,57.39,56.9519,VNM,70_30,SVR
2024-06-13,57.3,57.3812,VNM,70_30,SVR
2024-06-14,56.7,57.2914,VNM,70_30,SVR
2024-06-17,56.53,56.6923,VNM,70_30,SVR
2024-06-18,56.45,56.5226,VNM,70_30,SVR
2024-06-19,55.93,56.4427,VNM,70_30,SVR
2024-06-20,56.53,55.9236,VNM,70_30,SVR
2024-06-21,56.53,56.5226,VNM,70_30,SVR
2024-06-24,56.1,56.5226,VNM,70_30,SVR
2024-06-25,56.1,56.0933,VNM,70_30,SVR
2024-06-26,55.85,56.0933,VNM,70_30,SVR
2024-06-27,55.93,55.8437,VNM,70_30,SVR
2024-06-28,56.1,55.9236,VNM,70_30,SVR
2024-07-01,56.53,56.0933,VNM,70_30,SVR
2024-07-02,56.7,56.5226,VNM,70_30,SVR
2024-07-03,56.7,56.6923,VNM,70_30,SVR
2024-07-04,56.87,56.6923,VNM,70_30,SVR
2024-07-05,57.56,56.8621,VNM,70_30,SVR
2024-07-08,57.9,57.551,VNM,70_30,SVR
2024-07-09,57.82,57.8904,VNM,70_30,SVR
2024-07-10,57.22,57.8105,VNM,70_30,SVR
2024-07-11,56.79,57.2115,VNM,70_30,SVR
2024-07-12,56.79,56.7822,VNM,70_30,SVR
2024-07-15,56.7,56.7822,VNM,70_30,SVR
2024-07-16,56.62,56.6923,VNM,70_30,SVR
2024-07-17,56.27,56.6125,VNM,70_30,SVR
2024-07-18,56.45,56.263,VNM,70_30,SVR
2024-07-19,55.93,56.4427,VNM,70_30,SVR
2024-07-22,56.02,55.9236,VNM,70_30,SVR
2024-07-23,56.45,56.0134,VNM,70_30,SVR
2024-07-24,56.19,56.4427,VNM,70_30,SVR
2024-07-25,56.19,56.1832,VNM,70_30,SVR
2024-07-26,56.36,56.1832,VNM,70_30,SVR
2024-07-29,57.56,56.3529,VNM,70_30,SVR
2024-07-30,57.99,57.551,VNM,70_30,SVR
2024-07-31,61.33,57.9803,VNM,70_30,SVR
2024-08-01,60.21,61.3149,VNM,70_30,SVR
2024-08-02,61.24,60.1967,VNM,70_30,SVR
2024-08-05,59.44,61.2251,VNM,70_30,SVR
2024-08-06,62.27,59.428,VNM,70_30,SVR
2024-08-07,63.21,62.2534,VNM,70_30,SVR
2024-08-08,62.27,63.1919,VNM,70_30,SVR
2024-08-09,62.78,62.2534,VNM,70_30,SVR
2024-08-12,62.53,62.7626,VNM,70_30,SVR
2024-08-13,63.21,62.513,VNM,70_30,SVR
2024-08-14,63.38,63.1919,VNM,70_30,SVR
2024-08-15,63.21,63.3617,VNM,70_30,SVR
2024-08-16,63.21,63.1919,VNM,70_30,SVR
2024-08-19,65.1,63.1919,VNM,70_30,SVR
2024-08-20,64.75,65.0789,VNM,70_30,SVR
2024-08-21,64.5,64.7295,VNM,70_30,SVR
2024-08-22,63.56,64.4799,VNM,70_30,SVR
2024-08-23,64.15,63.5414,VNM,70_30,SVR
2024-08-26,62.87,64.1304,VNM,70_30,SVR
2024-08-27,62.96,62.8525,VNM,70_30,SVR
2024-08-28,63.3,62.9423,VNM,70_30,SVR
2024-08-29,62.96,63.2818,VNM,70_30,SVR
2024-08-30,63.3,62.9423,VNM,70_30,SVR
2024-09-04,63.64,63.2818,VNM,70_30,SVR
2024-09-05,63.98,63.6213,VNM,70_30,SVR
2024-09-06,64.58,63.9607,VNM,70_30,SVR
2024-09-09,64.07,64.5598,VNM,70_30,SVR
2024-09-10,64.15,64.0506,VNM,70_30,SVR
2024-09-11,63.9,64.1304,VNM,70_30,SVR
2024-09-12,63.98,63.8808,VNM,70_30,SVR
2024-09-13,62.44,63.9607,VNM,70_30,SVR
2024-09-16,61.59,62.4232,VNM,70_30,SVR
2024-09-17,62.87,61.5745,VNM,70_30,SVR
2024-09-18,62.78,62.8525,VNM,70_30,SVR
2024-09-19,62.78,62.7626,VNM,70_30,SVR
2024-09-20,62.27,62.7626,VNM,70_30,SVR
2024-09-23,62.44,62.2534,VNM,70_30,SVR
2024-09-24,62.31,62.4232,VNM,70_30,SVR
2024-09-25,61.69,62.2934,VNM,70_30,SVR
2024-09-26,62.66,61.6744,VNM,70_30,SVR
2024-09-27,62.93,62.6428,VNM,70_30,SVR
2024-09-30,62.13,62.9124,VNM,70_30,SVR
2024-10-01,62.13,62.1137,VNM,70_30,SVR
2024-10-02,62.13,62.1137,VNM,70_30,SVR
2024-10-03,62.31,62.1137,VNM,70_30,SVR
2024-10-04,60.71,62.2934,VNM,70_30,SVR
2024-10-07,59.47,60.6959,VNM,70_30,SVR
2024-10-08,60.45,59.4579,VNM,70_30,SVR
2024-10-09,60.09,60.4363,VNM,70_30,SVR
2024-10-10,60.0,60.0769,VNM,70_30,SVR
2024-10-11,60.0,59.9871,VNM,70_30,SVR
2024-10-14,59.56,59.9871,VNM,70_30,SVR
2024-10-15,59.21,59.5478,VNM,70_30,SVR
2024-10-16,59.83,59.1983,VNM,70_30,SVR
2024-10-17,59.92,59.8173,VNM,70_30,SVR
2024-10-18,59.74,59.9072,VNM,70_30,SVR
2024-10-21,59.65,59.7275,VNM,70_30,SVR
2024-10-22,59.65,59.6376,VNM,70_30,SVR
2024-10-23,59.65,59.6376,VNM,70_30,SVR
2024-10-24,60.62,59.6376,VNM,70_30,SVR
2024-10-25,60.27,60.6061,VNM,70_30,SVR
2024-10-28,59.56,60.2566,VNM,70_30,SVR
2024-10-29,59.38,59.5478,VNM,70_30,SVR
2024-10-30,58.76,59.3681,VNM,70_30,SVR
2024-10-31,58.59,58.749,VNM,70_30,SVR
2024-11-01,58.32,58.5793,VNM,70_30,SVR
2024-11-04,58.14,58.3097,VNM,70_30,SVR
2024-11-05,58.05,58.13,VNM,70_30,SVR
2024-11-06,58.32,58.0402,VNM,70_30,SVR
2024-11-07,58.41,58.3097,VNM,70_30,SVR
2024-11-08,58.23,58.3996,VNM,70_30,SVR
2024-11-11,57.79,58.2199,VNM,70_30,SVR
2024-11-12,57.52,57.7806,VNM,70_30,SVR
2024-11-13,57.61,57.511,VNM,70_30,SVR
2024-11-14,57.61,57.6009,VNM,70_30,SVR
2024-11-15,56.46,57.6009,VNM,70_30,SVR
2024-11-18,56.02,56.4527,VNM,70_30,SVR
2024-11-19,55.84,56.0134,VNM,70_30,SVR
2024-11-20,56.37,55.8337,VNM,70_30,SVR
2024-11-21,56.64,56.3629,VNM,70_30,SVR
2024-11-22,56.99,56.6324,VNM,70_30,SVR
2024-11-25,56.99,56.9819,VNM,70_30,SVR
2024-11-26,57.43,56.9819,VNM,70_30,SVR
2024-11-27,57.26,57.4212,VNM,70_30,SVR
2024-11-28,57.17,57.2514,VNM,70_30,SVR
2024-11-29,57.26,57.1616,VNM,70_30,SVR
2024-12-02,57.17,57.2514,VNM,70_30,SVR
2024-12-03,56.64,57.1616,VNM,70_30,SVR
2024-12-04,56.1,56.6324,VNM,70_30,SVR
2024-12-05,56.99,56.0933,VNM,70_30,SVR
2024-12-06,56.81,56.9819,VNM,70_30,SVR
2024-12-09,56.81,56.8022,VNM,70_30,SVR
2024-12-10,56.64,56.8022,VNM,70_30,SVR
2024-12-11,56.9,56.6324,VNM,70_30,SVR
2024-12-12,57.26,56.892,VNM,70_30,SVR
2024-12-13,56.9,57.2514,VNM,70_30,SVR
2024-12-16,57.61,56.892,VNM,70_30,SVR
2024-12-17,57.26,57.6009,VNM,70_30,SVR
2024-12-18,57.34,57.2514,VNM,70_30,SVR
2024-12-19,56.64,57.3313,VNM,70_30,SVR
2024-12-20,57.61,56.6324,VNM,70_30,SVR
2024-12-23,57.08,57.6009,VNM,70_30,SVR
2024-12-24,56.99,57.0717,VNM,70_30,SVR
2024-12-25,57.08,56.9819,VNM,70_30,SVR
2024-12-26,56.99,57.0717,VNM,70_30,SVR
2024-12-27,56.99,56.9819,VNM,70_30,SVR
2024-12-30,56.55,56.9819,VNM,70_30,SVR
2024-12-31,56.63,56.5426,VNM,70_30,SVR
2025-01-02,56.37,56.6224,VNM,70_30,SVR
2025-01-03,56.28,56.3629,VNM,70_30,SVR
2025-01-06,55.83,56.273,VNM,70_30,SVR
2025-01-07,55.12,55.8237,VNM,70_30,SVR
2025-01-08,55.12,55.1149,VNM,70_30,SVR
2025-01-09,55.21,55.1149,VNM,70_30,SVR
2025-01-10,54.76,55.2047,VNM,70_30,SVR
2025-01-13,54.85,54.7554,VNM,70_30,SVR
2025-01-14,55.03,54.8453,VNM,70_30,SVR
2025-01-15,55.12,55.025,VNM,70_30,SVR
2025-01-16,55.29,55.1149,VNM,70_30,SVR
2025-01-17,55.38,55.2846,VNM,70_30,SVR
2025-01-20,55.29,55.3744,VNM,70_30,SVR
2025-01-21,55.21,55.2846,VNM,70_30,SVR
2025-01-22,55.03,55.2047,VNM,70_30,SVR
2025-01-23,55.38,55.025,VNM,70_30,SVR
2025-01-24,55.56,55.3744,VNM,70_30,SVR
2025-02-03,54.04,55.5542,VNM,70_30,SVR
2025-02-04,53.78,54.0366,VNM,70_30,SVR
2025-02-05,54.94,53.777,VNM,70_30,SVR
2025-02-06,54.22,54.9351,VNM,70_30,SVR
2025-02-07,54.31,54.2163,VNM,70_30,SVR
2025-02-10,54.13,54.3062,VNM,70_30,SVR
2025-02-11,53.95,54.1264,VNM,70_30,SVR
2025-02-12,54.49,53.9467,VNM,70_30,SVR
2025-02-13,54.22,54.4859,VNM,70_30,SVR
2025-02-14,53.87,54.2163,VNM,70_30,SVR
2025-02-17,53.6,53.8669,VNM,70_30,SVR
2025-02-18,53.87,53.5973,VNM,70_30,SVR
2025-02-19,54.31,53.8669,VNM,70_30,SVR
2025-02-20,54.22,54.3062,VNM,70_30,SVR
2025-02-21,54.85,54.2163,VNM,70_30,SVR
2025-02-24,56.99,54.8453,VNM,70_30,SVR
2025-02-25,56.19,56.9819,VNM,70_30,SVR
2025-02-26,56.37,56.1832,VNM,70_30,SVR
2025-02-27,55.56,56.3629,VNM,70_30,SVR
2025-02-28,55.56,55.5542,VNM,70_30,SVR
2025-03-03,56.46,55.5542,VNM,70_30,SVR
2025-03-04,56.72,56.4527,VNM,70_30,SVR
2025-03-05,56.01,56.7123,VNM,70_30,SVR
2025-03-06,56.19,56.0034,VNM,70_30,SVR
2025-03-07,56.01,56.1832,VNM,70_30,SVR
2025-03-10,55.83,56.0034,VNM,70_30,SVR
2025-03-11,55.74,55.8237,VNM,70_30,SVR
2025-03-12,55.56,55.7339,VNM,70_30,SVR
2025-03-13,55.38,55.5542,VNM,70_30,SVR
2025-03-14,55.47,55.3744,VNM,70_30,SVR
2025-03-17,56.28,55.4643,VNM,70_30,SVR
2025-03-18,55.83,56.273,VNM,70_30,SVR
2025-03-19,55.65,55.8237,VNM,70_30,SVR
2025-03-20,55.21,55.644,VNM,70_30,SVR
2025-03-21,54.76,55.2047,VNM,70_30,SVR
2025-03-24,54.85,54.7554,VNM,70_30,SVR
2025-03-25,54.85,54.8453,VNM,70_30,SVR
2025-03-26,54.67,54.8453,VNM,70_30,SVR
2025-03-27,54.58,54.6656,VNM,70_30,SVR
2025-03-28,53.87,54.5757,VNM,70_30,SVR
2025-03-31,54.13,53.8669,VNM,70_30,SVR
2025-04-01,54.31,54.1264,VNM,70_30,SVR
2025-04-02,54.04,54.3062,VNM,70_30,SVR
2025-04-03,50.47,54.0366,VNM,70_30,SVR
2025-04-04,52.26,50.4723,VNM,70_30,SVR
2025-04-08,48.68,52.2594,VNM,70_30,SVR
2025-04-09,46.45,48.6851,VNM,70_30,SVR
2025-04-10,49.67,46.4587,VNM,70_30,SVR
2025-04-11,51.36,49.6736,VNM,70_30,SVR
2025-04-14,50.83,51.3609,VNM,70_30,SVR
2025-04-15,50.29,50.8317,VNM,70_30,SVR
2025-04-16,50.02,50.2926,VNM,70_30,SVR
2025-04-17,50.02,50.023,VNM,70_30,SVR
2025-04-18,50.56,50.023,VNM,70_30,SVR
2025-04-21,50.65,50.5621,VNM,70_30,SVR
2025-04-22,50.02,50.652,VNM,70_30,SVR
2025-04-23,50.38,50.023,VNM,70_30,SVR
2025-04-24,50.29,50.3824,VNM,70_30,SVR
2025-04-25,52.08,50.2926,VNM,70_30,SVR
2025-04-28,51.36,52.0797,VNM,70_30,SVR
2025-04-29,51.45,51.3609,VNM,70_30,SVR
2025-05-05,50.83,51.4507,VNM,70_30,SVR
2025-05-06,50.83,50.8317,VNM,70_30,SVR
2025-05-07,51.1,50.8317,VNM,70_30,SVR
2025-05-08,51.27,51.1013,VNM,70_30,SVR
2025-05-09,51.54,51.271,VNM,70_30,SVR
2025-05-12,52.35,51.5406,VNM,70_30,SVR
2025-05-13,52.26,52.3493,VNM,70_30,SVR
2025-05-14,51.98,52.2594,VNM,70_30,SVR
2025-05-15,52.54,51.9799,VNM,70_30,SVR
2025-05-16,51.98,52.539,VNM,70_30,SVR
2025-05-19,51.8,51.9799,VNM,70_30,SVR
2025-05-20,51.7,51.8002,VNM,70_30,SVR
2025-05-21,51.24,51.7003,VNM,70_30,SVR
2025-05-22,50.87,51.2411,VNM,70_30,SVR
2025-05-23,51.15,50.8716,VNM,70_30,SVR
2025-05-26,51.52,51.1512,VNM,70_30,SVR
2025-05-27,51.24,51.5206,VNM,70_30,SVR
2025-05-28,51.06,51.2411,VNM,70_30,SVR
2025-05-29,50.96,51.0613,VNM,70_30,SVR
2025-05-30,50.78,50.9615,VNM,70_30,SVR
2025-06-02,50.5,50.7818,VNM,70_30,SVR
2025-06-03,51.33,50.5022,VNM,70_30,SVR
2025-06-04,52.63,51.3309,VNM,70_30,SVR
2025-06-05,52.07,52.6288,VNM,70_30,SVR
2025-06-06,51.15,52.0697,VNM,70_30,SVR
2025-06-09,51.15,51.1512,VNM,70_30,SVR
2025-06-10,51.15,51.1512,VNM,70_30,SVR
2025-06-11,51.06,51.1512,VNM,70_30,SVR
2025-06-12,51.7,51.0613,VNM,70_30,SVR
2025-06-13,51.33,51.7003,VNM,70_30,SVR
2025-06-16,52.07,51.3309,VNM,70_30,SVR
2025-06-17,51.98,52.0697,VNM,70_30,SVR
2025-06-18,51.8,51.9799,VNM,70_30,SVR
2025-06-19,51.89,51.8002,VNM,70_30,SVR
2025-06-20,52.35,51.89,VNM,70_30,SVR
2025-06-23,51.7,52.3493,VNM,70_30,SVR
2025-06-24,52.17,51.7003,VNM,70_30,SVR
2025-06-25,52.54,52.1696,VNM,70_30,SVR
2025-06-26,52.17,52.539,VNM,70_30,SVR
2025-06-27,53.46,52.1696,VNM,70_30,SVR
2025-06-30,53.65,53.4575,VNM,70_30,SVR
2025-07-01,53.18,53.6472,VNM,70_30,SVR
2025-07-02,53.37,53.178,VNM,70_30,SVR
2025-07-03,53.18,53.3677,VNM,70_30,SVR
2025-07-04,53.46,53.178,VNM,70_30,SVR
2025-07-07,53.55,53.4575,VNM,70_30,SVR
2025-07-08,54.57,53.5474,VNM,70_30,SVR
2025-07-09,55.68,54.5657,VNM,70_30,SVR
2025-07-10,55.22,55.674,VNM,70_30,SVR
2025-07-11,55.31,55.2147,VNM,70_30,SVR
2025-07-14,55.77,55.3046,VNM,70_30,SVR
2025-07-15,55.59,55.7638,VNM,70_30,SVR
2025-07-16,55.59,55.5841,VNM,70_30,SVR
2025-07-17,55.59,55.5841,VNM,70_30,SVR
2025-07-18,55.68,55.5841,VNM,70_30,SVR
2025-07-21,55.5,55.674,VNM,70_30,SVR
2025-07-22,55.68,55.4943,VNM,70_30,SVR
2025-07-23,57.07,55.674,VNM,70_30,SVR
2025-07-24,58.92,57.0617,VNM,70_30,SVR
2025-07-25,58.45,58.9088,VNM,70_30,SVR
2025-07-28,58.55,58.4395,VNM,70_30,SVR
2025-07-29,58.45,58.5394,VNM,70_30,SVR
2025-07-30,58.18,58.4395,VNM,70_30,SVR
2025-07-31,56.61,58.17,VNM,70_30,SVR
2025-08-01,55.5,56.6025,VNM,70_30,SVR
2025-08-04,55.87,55.4943,VNM,70_30,SVR
2025-08-05,55.59,55.8637,VNM,70_30,SVR
2025-08-06,56.7,55.5841,VNM,70_30,SVR
2025-08-07,56.33,56.6923,VNM,70_30,SVR
2025-08-08,56.24,56.3229,VNM,70_30,SVR
2025-08-11,56.88,56.2331,VNM,70_30,SVR
2025-08-12,57.16,56.872,VNM,70_30,SVR
2025-08-13,56.51,57.1516,VNM,70_30,SVR
2025-08-14,57.07,56.5026,VNM,70_30,SVR
2025-08-15,56.42,57.0617,VNM,70_30,SVR
2025-08-18,56.14,56.4128,VNM,70_30,SVR
2025-08-19,55.96,56.1332,VNM,70_30,SVR
2025-08-20,55.5,55.9535,VNM,70_30,SVR
2025-08-21,55.59,55.4943,VNM,70_30,SVR
2025-08-22,54.29,55.5841,VNM,70_30,SVR
2025-08-25,54.29,54.2862,VNM,70_30,SVR
2025-08-26,55.22,54.2862,VNM,70_30,SVR
2025-08-27,55.96,55.2147,VNM,70_30,SVR
2025-08-28,56.42,55.9535,VNM,70_30,SVR
2025-08-29,55.77,56.4128,VNM,70_30,SVR
2025-09-03,56.88,55.7638,VNM,70_30,SVR
2025-09-04,57.16,56.872,VNM,70_30,SVR
2025-09-05,56.33,57.1516,VNM,70_30,SVR
2025-09-08,56.05,56.3229,VNM,70_30,SVR
2025-09-09,55.77,56.0434,VNM,70_30,SVR
2025-09-10,55.31,55.7638,VNM,70_30,SVR
2025-09-11,56.61,55.3046,VNM,70_30,SVR
2025-09-12,58.45,56.6025,VNM,70_30,SVR
2025-09-15,58.36,58.4395,VNM,70_30,SVR
2025-09-16,59.84,58.3497,VNM,70_30,SVR
2025-09-17,60.21,59.8273,VNM,70_30,SVR
2025-09-18,58.82,60.1967,VNM,70_30,SVR
2025-09-19,57.35,58.809,VNM,70_30,SVR
2025-09-22,56.79,57.3413,VNM,70_30,SVR
2025-09-23,56.98,56.7822,VNM,70_30,SVR
2025-09-24,57.35,56.9719,VNM,70_30,SVR
2025-09-25,56.88,57.3413,VNM,70_30,SVR
2025-09-26,56.51,56.872,VNM,70_30,SVR
2025-09-29,55.77,56.5026,VNM,70_30,SVR
2025-09-30,55.5,55.7638,VNM,70_30,SVR
2025-10-01,57.44,55.4943,VNM,70_30,SVR
2025-10-02,56.61,57.4312,VNM,70_30,SVR
2025-10-03,56.7,56.6025,VNM,70_30,SVR
2025-10-06,57.72,56.6923,VNM,70_30,SVR
2025-10-07,56.79,57.7107,VNM,70_30,SVR
2025-10-08,58.64,56.7822,VNM,70_30,SVR
2025-10-09,58.18,58.6292,VNM,70_30,SVR
2025-10-10,57.72,58.17,VNM,70_30,SVR
2025-10-13,59.19,57.7107,VNM,70_30,SVR
2025-10-14,58.73,59.1784,VNM,70_30,SVR
2025-10-15,58.82,58.7191,VNM,70_30,SVR
2025-10-16,59.26,58.809,VNM,70_30,SVR
2025-10-17,56.94,59.2482,VNM,70_30,SVR
2025-10-20,53.26,56.932,VNM,70_30,SVR
2025-10-21,54.71,53.2578,VNM,70_30,SVR
2025-10-22,54.52,54.7055,VNM,70_30,SVR
2025-10-23,54.81,54.5158,VNM,70_30,SVR
2025-10-24,56.26,54.8054,VNM,70_30,SVR
2025-10-27,55.19,56.253,VNM,70_30,SVR
2025-10-28,55.58,55.1847,VNM,70_30,SVR
2025-10-29,55.68,55.5741,VNM,70_30,SVR
2025-10-30,55.29,55.674,VNM,70_30,SVR
2025-10-31,55.77,55.2846,VNM,70_30,SVR
2025-11-03,55.48,55.7638,VNM,70_30,SVR
2025-11-04,55.48,55.4743,VNM,70_30,SVR
2025-11-05,56.16,55.4743,VNM,70_30,SVR
2025-11-06,56.16,56.1532,VNM,70_30,SVR
2025-11-07,55.77,56.1532,VNM,70_30,SVR
2025-11-10,55.19,55.7638,VNM,70_30,SVR
2025-11-11,57.03,55.1847,VNM,70_30,SVR
2025-11-12,57.9,57.0218,VNM,70_30,SVR
2025-11-13,59.84,57.8904,VNM,70_30,SVR
2025-11-14,60.81,59.8273,VNM,70_30,SVR
2025-11-17,60.13,60.7958,VNM,70_30,SVR
2025-11-18,58.78,60.1169,VNM,70_30,SVR
2025-11-19,58.97,58.769,VNM,70_30,SVR
2025-11-20,58.78,58.9587,VNM,70_30,SVR
2025-11-21,58.0,58.769,VNM,70_30,SVR
2025-11-24,61.0,57.9903,VNM,70_30,SVR
2025-11-25,59.94,60.9855,VNM,70_30,SVR
2025-11-26,60.81,59.9272,VNM,70_30,SVR
2025-11-27,60.03,60.7958,VNM,70_30,SVR
2025-11-28,61.97,60.017,VNM,70_30,SVR
2025-12-01,62.84,61.9539,VNM,70_30,SVR
2025-12-02,62.94,62.8225,VNM,70_30,SVR
2025-12-03,62.55,62.9224,VNM,70_30,SVR
2025-12-04,61.39,62.533,VNM,70_30,SVR
2025-12-05,61.39,61.3748,VNM,70_30,SVR
2025-12-08,61.49,61.3748,VNM,70_30,SVR
2025-12-09,60.52,61.4747,VNM,70_30,SVR
2025-12-10,61.1,60.5062,VNM,70_30,SVR
2025-12-11,59.55,61.0853,VNM,70_30,SVR
2025-12-12,58.29,59.5378,VNM,70_30,SVR
2025-12-15,60.03,58.2798,VNM,70_30,SVR
2025-12-16,62.16,60.017,VNM,70_30,SVR
2025-12-17,60.91,62.1436,VNM,70_30,SVR
2025-12-18,61.87,60.8956,VNM,70_30,SVR
2025-12-19,61.97,61.8541,VNM,70_30,SVR
2025-12-22,61.2,61.9539,VNM,70_30,SVR
2025-12-23,60.62,61.1851,VNM,70_30,SVR
2025-12-24,59.55,60.6061,VNM,70_30,SVR
2025-12-25,59.36,59.5378,VNM,70_30,SVR
2025-12-26,59.55,59.3481,VNM,70_30,SVR
2025-12-29,60.13,59.5378,VNM,70_30,SVR
2025-12-30,59.84,60.1169,VNM,70_30,SVR
2025-12-31,59.26,59.8273,VNM,70_30,SVR
2026-01-05,58.39,59.2482,VNM,70_30,SVR
2026-01-06,58.87,58.3796,VNM,70_30,SVR
2026-01-07,58.97,58.8589,VNM,70_30,SVR
2026-01-08,60.23,58.9587,VNM,70_30,SVR
2026-01-09,59.07,60.2167,VNM,70_30,SVR
2026-01-12,60.71,59.0586,VNM,70_30,SVR
2026-01-13,61.29,60.6959,VNM,70_30,SVR
2026-01-14,65.55,61.275,VNM,70_30,SVR
2026-01-15,68.75,65.5282,VNM,70_30,SVR
2026-01-16,67.39,68.7231,VNM,70_30,SVR
2026-01-19,68.36,67.3653,VNM,70_30,SVR
2026-01-20,71.07,68.3337,VNM,70_30,SVR
2026-01-21,68.07,71.0394,VNM,70_30,SVR
2026-01-22,68.65,68.0442,VNM,70_30,SVR
2026-01-23,65.07,68.6233,VNM,70_30,SVR
2026-01-26,66.72,65.049,VNM,70_30,SVR
2026-01-27,65.55,66.6963,VNM,70_30,SVR
2026-01-28,65.55,65.5282,VNM,70_30,SVR
2026-01-29,68.85,65.5282,VNM,70_30,SVR
2026-01-30,68.36,68.8229,VNM,70_30,SVR
2026-02-02,70.3,68.3337,VNM,70_30,SVR
2026-02-03,69.33,70.2706,VNM,70_30,SVR
2026-02-04,69.72,69.3022,VNM,70_30,SVR
2026-02-05,66.91,69.6915,VNM,70_30,SVR
2026-02-06,66.91,66.886,VNM,70_30,SVR
2026-02-09,67.39,66.886,VNM,70_30,SVR
2026-02-10,66.23,67.3653,VNM,70_30,SVR
2026-02-11,66.91,66.2071,VNM,70_30,SVR
2026-02-12,66.81,66.886,VNM,70_30,SVR
2026-02-13,67.3,66.7862,VNM,70_30,SVR
2026-02-23,68.36,67.2754,VNM,70_30,SVR
2026-02-24,67.97,68.3337,VNM,70_30,SVR
2026-02-25,70.01,67.9443,VNM,70_30,SVR
2026-02-26,68.36,69.9811,VNM,70_30,SVR
2026-02-27,66.04,68.3337,VNM,70_30,SVR
2026-03-02,64.49,66.0174,VNM,70_30,SVR
2026-03-03,61.39,64.4699,VNM,70_30,SVR
2026-03-04,62.84,61.3748,VNM,70_30,SVR
2026-03-05,61.2,62.8225,VNM,70_30,SVR
2026-03-06,60.42,61.1851,VNM,70_30,SVR
2026-03-09,56.26,60.4064,VNM,70_30,SVR
2026-03-10,60.13,56.253,VNM,70_30,SVR
2026-03-11,61.0,60.1169,VNM,70_30,SVR
2026-03-12,59.65,60.9855,VNM,70_30,SVR
2026-03-13,61.1,59.6376,VNM,70_30,SVR
2026-03-16,59.84,61.0853,VNM,70_30,SVR
2026-03-17,59.55,59.8273,VNM,70_30,SVR
2026-03-18,59.74,59.5378,VNM,70_30,SVR
2026-03-19,59.07,59.7275,VNM,70_30,SVR
2026-03-20,58.1,59.0586,VNM,70_30,SVR
2026-03-23,58.87,58.0901,VNM,70_30,SVR
2026-03-24,59.26,58.8589,VNM,70_30,SVR
2026-03-25,60.13,59.2482,VNM,70_30,SVR
2026-03-26,59.07,60.1169,VNM,70_30,SVR
2026-03-27,59.55,59.0586,VNM,70_30,SVR
2026-03-30,58.68,59.5378,VNM,70_30,SVR
2026-03-31,58.58,58.6692,VNM,70_30,SVR
2026-04-01,59.36,58.5693,VNM,70_30,SVR
2026-04-02,58.87,59.3481,VNM,70_30,SVR
2026-04-03,58.1,58.8589,VNM,70_30,SVR
2026-04-06,58.97,58.0901,VNM,70_30,SVR
2026-04-07,59.07,58.9587,VNM,70_30,SVR
2026-04-08,60.62,59.0586,VNM,70_30,SVR
2026-04-09,59.84,60.6061,VNM,70_30,SVR
2026-04-10,60.81,59.8273,VNM,70_30,SVR
2026-04-13,60.81,60.7958,VNM,70_30,SVR
2026-04-14,60.03,60.7958,VNM,70_30,SVR
2026-04-15,59.36,60.017,VNM,70_30,SVR
2026-04-16,59.16,59.3481,VNM,70_30,SVR
2026-04-17,59.36,59.1484,VNM,70_30,SVR
2026-04-20,59.55,59.3481,VNM,70_30,SVR
2026-04-21,59.65,59.5378,VNM,70_30,SVR
2026-04-22,59.84,59.6376,VNM,70_30,SVR
2026-04-23,60.03,59.8273,VNM,70_30,SVR
2026-04-24,59.45,60.017,VNM,70_30,SVR
2026-04-28,59.26,59.4379,VNM,70_30,SVR
2026-04-29,58.97,59.2482,VNM,70_30,SVR
2026-05-04,58.97,58.9587,VNM,70_30,SVR
2026-05-05,59.16,58.9587,VNM,70_30,SVR
2026-05-06,59.55,59.1484,VNM,70_30,SVR
2026-05-07,59.55,59.5378,VNM,70_30,SVR
2026-05-08,58.97,59.5378,VNM,70_30,SVR
2026-05-11,58.68,58.9587,VNM,70_30,SVR
2026-05-12,58.19,58.6692,VNM,70_30,SVR
2026-05-13,57.42,58.18,VNM,70_30,SVR
2026-05-14,58.19,57.4112,VNM,70_30,SVR
2026-05-15,57.9,58.18,VNM,70_30,SVR
2026-05-18,58.58,57.8904,VNM,70_30,SVR
2026-05-19,57.9,58.5693,VNM,70_30,SVR
2026-05-20,57.23,57.8904,VNM,70_30,SVR
2026-05-21,57.13,57.2215,VNM,70_30,SVR
2026-05-22,57.61,57.1216,VNM,70_30,SVR
2026-05-25,57.23,57.6009,VNM,70_30,SVR
2026-05-26,57.23,57.2215,VNM,70_30,SVR
2026-05-27,56.94,57.2215,VNM,70_30,SVR
2026-05-28,57.13,56.932,VNM,70_30,SVR
2026-05-29,57.32,57.1216,VNM,70_30,SVR
2026-06-01,57.23,57.3113,VNM,70_30,SVR
2026-06-02,56.74,57.2215,VNM,70_30,SVR
2026-06-03,56.45,56.7323,VNM,70_30,SVR
2026-06-04,56.74,56.4427,VNM,70_30,SVR
2026-06-05,56.55,56.7323,VNM,70_30,SVR
2026-06-08,56.16,56.5426,VNM,70_30,SVR
2026-06-09,56.45,56.1532,VNM,70_30,SVR
2026-06-10,57.03,56.4427,VNM,70_30,SVR
2026-06-11,57.32,57.0218,VNM,70_30,SVR
2026-06-12,57.13,57.3113,VNM,70_30,SVR
2026-06-15,57.81,57.1216,VNM,70_30,SVR
2026-06-16,57.23,57.8006,VNM,70_30,SVR
2026-06-17,57.13,57.2215,VNM,70_30,SVR
2026-06-18,57.32,57.1216,VNM,70_30,SVR
2026-06-19,57.13,57.3113,VNM,70_30,SVR
2026-06-22,56.74,57.1216,VNM,70_30,SVR
2026-06-23,56.55,56.7323,VNM,70_30,SVR
2026-06-24,56.45,56.5426,VNM,70_30,SVR
2026-06-25,56.45,56.4427,VNM,70_30,SVR
2026-06-26,56.3,56.4427,VNM,70_30,SVR
2026-06-29,56.1,56.293,VNM,70_30,SVR
2026-06-30,54.8,56.0933,VNM,70_30,SVR
2026-07-01,55.2,54.7954,VNM,70_30,SVR
2026-07-02,55.5,55.1947,VNM,70_30,SVR
2026-07-03,54.9,55.4943,VNM,70_30,SVR
2026-07-06,55.3,54.8952,VNM,70_30,SVR
2026-07-07,55.1,55.2946,VNM,70_30,SVR
2026-07-08,55.7,55.0949,VNM,70_30,SVR
2026-07-09,55.7,55.6939,VNM,70_30,SVR
2026-07-10,56.6,55.6939,VNM,70_30,SVR
2026-07-13,55.4,56.5925,VNM,70_30,SVR
2026-07-14,56.0,55.3944,VNM,70_30,SVR
2026-07-15,56.2,55.9935,VNM,70_30,SVR
2026-07-16,56.2,56.1931,VNM,70_30,SVR
2026-07-17,59.0,56.1931,VNM,70_30,SVR
2026-07-20,58.5,58.9887,VNM,70_30,SVR
2026-07-21,58.4,58.4895,VNM,70_30,SVR
2026-07-22,59.1,58.3896,VNM,70_30,SVR
2026-07-23,57.8,59.0885,VNM,70_30,SVR
2026-07-24,58.9,57.7906,VNM,70_30,SVR
2026-07-27,57.9,58.8888,VNM,70_30,SVR
2026-07-28,59.6,57.8904,VNM,70_30,SVR
2026-07-29,60.0,59.5877,VNM,70_30,SVR
2026-07-30,61.2,59.9871,VNM,70_30,SVR
2026-07-31,60.9,61.1851,VNM,70_30,SVR
2026-08-03,60.3,60.8856,VNM,70_30,SVR
2026-08-04,59.5,60.2866,VNM,70_30,SVR
2026-08-05,58.6,59.4879,VNM,70_30,SVR
2026-08-06,59.0,58.5893,VNM,70_30,SVR
2026-08-07,62.0,58.9887,VNM,70_30,SVR
2026-08-10,62.1,61.9839,VNM,70_30,SVR
2026-08-11,62.0,62.0837,VNM,70_30,SVR
2026-08-12,61.8,61.9839,VNM,70_30,SVR
2026-08-13,61.6,61.7842,VNM,70_30,SVR
2026-08-14,61.6,61.5845,VNM,70_30,SVR
2026-08-17,62.2,61.5845,VNM,70_30,SVR
2026-08-18,62.1,62.1836,VNM,70_30,SVR
2026-08-19,63.1,62.0837,VNM,70_30,SVR
2026-08-20,64.0,63.0821,VNM,70_30,SVR
2026-08-21,63.8,63.9807,VNM,70_30,SVR
2026-08-24,63.2,63.781,VNM,70_30,SVR
2026-08-25,62.6,63.182,VNM,70_30,SVR
2026-08-26,62.8,62.5829,VNM,70_30,SVR
2026-08-27,62.5,62.7826,VNM,70_30,SVR
2026-08-28,62.3,62.4831,VNM,70_30,SVR
2026-09-03,61.2,62.2834,VNM,70_30,SVR
2026-09-04,61.9,61.1851,VNM,70_30,SVR
2026-09-07,60.7,61.884,VNM,70_30,SVR
2026-09-08,61.0,60.6859,VNM,70_30,SVR
2026-09-09,61.3,60.9855,VNM,70_30,SVR
2026-09-10,61.6,61.285,VNM,70_30,SVR
2026-09-11,59.9,61.5845,VNM,70_30,SVR
2026-09-14,59.3,59.8872,VNM,70_30,SVR
2026-09-15,59.7,59.2882,VNM,70_30,SVR
2026-09-16,59.6,59.6875,VNM,70_30,SVR
2026-09-17,60.2,59.5877,VNM,70_30,SVR
2026-09-18,61.2,60.1867,VNM,70_30,SVR
2026-09-21,60.3,61.1851,VNM,70_30,SVR
2026-09-22,61.2,60.2866,VNM,70_30,SVR
2026-09-23,60.5,61.1851,VNM,70_30,SVR
2026-09-24,60.6,60.4863,VNM,70_30,SVR
2026-09-25,59.8,60.5861,VNM,70_30,SVR
2026-09-28,60.3,59.7874,VNM,70_30,SVR
2026-09-29,60.3,60.2866,VNM,70_30,SVR
2026-09-30,59.4,60.2866,VNM,70_30,SVR
2026-10-01,58.6,59.388,VNM,70_30,SVR
2026-10-02,57.3,58.5893,VNM,70_30,SVR
2025-03-12,65.67,63.7071,VCB,80_20,SVR
2025-03-13,64.49,65.6215,VCB,80_20,SVR
2025-03-14,64.98,64.4449,VCB,80_20,SVR
2025-03-17,66.26,64.9335,VCB,80_20,SVR
2025-03-18,65.77,66.2098,VCB,80_20,SVR
2025-03-19,65.47,65.7212,VCB,80_20,SVR
2025-03-20,65.77,65.4221,VCB,80_20,SVR
2025-03-21,64.98,65.7212,VCB,80_20,SVR
2025-03-24,65.47,64.9335,VCB,80_20,SVR
2025-03-25,65.18,65.4221,VCB,80_20,SVR
2025-03-26,64.78,65.1329,VCB,80_20,SVR
2025-03-27,64.49,64.7341,VCB,80_20,SVR
2025-03-28,63.8,64.4449,VCB,80_20,SVR
2025-03-31,63.01,63.7569,VCB,80_20,SVR
2025-04-01,63.5,62.9692,VCB,80_20,SVR
2025-04-02,63.8,63.4578,VCB,80_20,SVR
2025-04-03,59.37,63.7569,VCB,80_20,SVR
2025-04-04,59.07,59.3397,VCB,80_20,SVR
2025-04-08,54.94,59.0406,VCB,80_20,SVR
2025-04-09,51.69,54.9225,VCB,80_20,SVR
2025-04-10,55.23,51.6819,VCB,80_20,SVR
2025-04-11,58.88,55.2116,VCB,80_20,SVR
2025-04-14,58.38,58.8511,VCB,80_20,SVR
2025-04-15,59.07,58.3526,VCB,80_20,SVR
2025-04-16,58.38,59.0406,VCB,80_20,SVR
2025-04-17,57.2,58.3526,VCB,80_20,SVR
2025-04-18,57.2,57.176,VCB,80_20,SVR
2025-04-21,57.3,57.176,VCB,80_20,SVR
2025-04-22,57.6,57.2757,VCB,80_20,SVR
2025-04-23,57.1,57.5748,VCB,80_20,SVR
2025-04-24,57.3,57.0763,VCB,80_20,SVR
2025-04-25,56.61,57.2757,VCB,80_20,SVR
2025-04-28,56.61,56.5877,VCB,80_20,SVR
2025-04-29,56.42,56.5877,VCB,80_20,SVR
2025-05-05,56.22,56.3982,VCB,80_20,SVR
2025-05-06,56.12,56.1988,VCB,80_20,SVR
2025-05-07,56.12,56.0991,VCB,80_20,SVR
2025-05-08,56.22,56.0991,VCB,80_20,SVR
2025-05-09,55.73,56.1988,VCB,80_20,SVR
2025-05-12,55.73,55.7102,VCB,80_20,SVR
2025-05-13,55.92,55.7102,VCB,80_20,SVR
2025-05-14,57.79,55.8997,VCB,80_20,SVR
2025-05-15,57.79,57.7643,VCB,80_20,SVR
2025-05-16,56.61,57.7643,VCB,80_20,SVR
2025-05-19,56.12,56.5877,VCB,80_20,SVR
2025-05-20,56.22,56.0991,VCB,80_20,SVR
2025-05-21,56.22,56.1988,VCB,80_20,SVR
2025-05-22,56.02,56.1988,VCB,80_20,SVR
2025-05-23,55.92,55.9994,VCB,80_20,SVR
2025-05-26,56.12,55.8997,VCB,80_20,SVR
2025-05-27,55.92,56.0991,VCB,80_20,SVR
2025-05-28,55.92,55.8997,VCB,80_20,SVR
2025-05-29,55.82,55.8997,VCB,80_20,SVR
2025-05-30,55.53,55.7999,VCB,80_20,SVR
2025-06-02,55.33,55.5108,VCB,80_20,SVR
2025-06-03,55.92,55.3114,VCB,80_20,SVR
2025-06-04,55.73,55.8997,VCB,80_20,SVR
2025-06-05,55.43,55.7102,VCB,80_20,SVR
2025-06-06,55.23,55.4111,VCB,80_20,SVR
2025-06-09,55.04,55.2116,VCB,80_20,SVR
2025-06-10,55.04,55.0222,VCB,80_20,SVR
2025-06-11,54.84,55.0222,VCB,80_20,SVR
2025-06-12,55.14,54.8228,VCB,80_20,SVR
2025-06-13,55.33,55.1219,VCB,80_20,SVR
2025-06-16,55.73,55.3114,VCB,80_20,SVR
2025-06-17,56.32,55.7102,VCB,80_20,SVR
2025-06-18,55.82,56.2985,VCB,80_20,SVR
2025-06-19,55.73,55.7999,VCB,80_20,SVR
2025-06-20,56.22,55.7102,VCB,80_20,SVR
2025-06-23,55.73,56.1988,VCB,80_20,SVR
2025-06-24,55.73,55.7102,VCB,80_20,SVR
2025-06-25,55.73,55.7102,VCB,80_20,SVR
2025-06-26,55.53,55.7102,VCB,80_20,SVR
2025-06-27,55.82,55.5108,VCB,80_20,SVR
2025-06-30,56.12,55.7999,VCB,80_20,SVR
2025-07-01,57.3,56.0991,VCB,80_20,SVR
2025-07-02,57.1,57.2757,VCB,80_20,SVR
2025-07-03,57.01,57.0763,VCB,80_20,SVR
2025-07-04,57.5,56.9865,VCB,80_20,SVR
2025-07-07,57.7,57.4751,VCB,80_20,SVR
2025-07-08,58.09,57.6745,VCB,80_20,SVR
2025-07-09,60.55,58.0634,VCB,80_20,SVR
2025-07-10,60.45,60.5163,VCB,80_20,SVR
2025-07-11,61.73,60.4166,VCB,80_20,SVR
2025-07-14,61.44,61.6929,VCB,80_20,SVR
2025-07-15,60.45,61.4037,VCB,80_20,SVR
2025-07-16,60.85,60.4166,VCB,80_20,SVR
2025-07-17,61.24,60.8154,VCB,80_20,SVR
2025-07-18,60.94,61.2043,VCB,80_20,SVR
2025-07-21,60.35,60.9052,VCB,80_20,SVR
2025-07-22,61.24,60.3169,VCB,80_20,SVR
2025-07-23,61.14,61.2043,VCB,80_20,SVR
2025-07-24,61.14,61.1046,VCB,80_20,SVR
2025-07-25,61.04,61.1046,VCB,80_20,SVR
2025-07-28,61.83,61.0049,VCB,80_20,SVR
2025-07-29,60.06,61.7926,VCB,80_20,SVR
2025-07-30,59.96,60.0277,VCB,80_20,SVR
2025-07-31,59.27,59.928,VCB,80_20,SVR
2025-08-01,59.27,59.24,VCB,80_20,SVR
2025-08-04,60.16,59.24,VCB,80_20,SVR
2025-08-05,60.55,60.1274,VCB,80_20,SVR
2025-08-06,61.34,60.5163,VCB,80_20,SVR
2025-08-07,60.75,61.304,VCB,80_20,SVR
2025-08-08,60.94,60.7157,VCB,80_20,SVR
2025-08-11,61.53,60.9052,VCB,80_20,SVR
2025-08-12,62.03,61.4935,VCB,80_20,SVR
2025-08-13,61.53,61.992,VCB,80_20,SVR
2025-08-14,64.19,61.4935,VCB,80_20,SVR
2025-08-15,63.31,64.1458,VCB,80_20,SVR
2025-08-18,63.5,63.2683,VCB,80_20,SVR
2025-08-19,63.21,63.4578,VCB,80_20,SVR
2025-08-20,62.03,63.1686,VCB,80_20,SVR
2025-08-21,63.21,61.992,VCB,80_20,SVR
2025-08-22,63.6,63.1686,VCB,80_20,SVR
2025-08-25,62.62,63.5575,VCB,80_20,SVR
2025-08-26,63.6,62.5803,VCB,80_20,SVR
2025-08-27,68.03,63.5575,VCB,80_20,SVR
2025-08-28,67.93,67.9747,VCB,80_20,SVR
2025-08-29,67.54,67.875,VCB,80_20,SVR
2025-09-03,65.97,67.4861,VCB,80_20,SVR
2025-09-04,67.84,65.9207,VCB,80_20,SVR
2025-09-05,66.46,67.7853,VCB,80_20,SVR
2025-09-08,64.29,66.4092,VCB,80_20,SVR
2025-09-09,63.9,64.2455,VCB,80_20,SVR
2025-09-10,64.78,63.8566,VCB,80_20,SVR
2025-09-11,64.69,64.7341,VCB,80_20,SVR
2025-09-12,64.78,64.6444,VCB,80_20,SVR
2025-09-15,64.78,64.7341,VCB,80_20,SVR
2025-09-16,64.59,64.7341,VCB,80_20,SVR
2025-09-17,63.8,64.5446,VCB,80_20,SVR
2025-09-18,62.91,63.7569,VCB,80_20,SVR
2025-09-19,62.03,62.8695,VCB,80_20,SVR
2025-09-22,61.04,61.992,VCB,80_20,SVR
2025-09-23,61.24,61.0049,VCB,80_20,SVR
2025-09-24,61.73,61.2043,VCB,80_20,SVR
2025-09-25,62.03,61.6929,VCB,80_20,SVR
2025-09-26,62.03,61.992,VCB,80_20,SVR
2025-09-29,61.63,61.992,VCB,80_20,SVR
2025-09-30,61.04,61.5932,VCB,80_20,SVR
2025-10-01,61.44,61.0049,VCB,80_20,SVR
2025-10-02,61.14,61.4037,VCB,80_20,SVR
2025-10-03,61.19,61.1046,VCB,80_20,SVR
2025-10-06,63.47,61.1545,VCB,80_20,SVR
2025-10-07,63.17,63.4279,VCB,80_20,SVR
2025-10-08,64.06,63.1287,VCB,80_20,SVR
2025-10-09,63.27,64.0162,VCB,80_20,SVR
2025-10-10,63.67,63.2285,VCB,80_20,SVR
2025-10-13,62.58,63.6273,VCB,80_20,SVR
2025-10-14,62.58,62.5404,VCB,80_20,SVR
2025-10-15,61.98,62.5404,VCB,80_20,SVR
2025-10-16,62.38,61.9422,VCB,80_20,SVR
2025-10-17,61.39,62.341,VCB,80_20,SVR
2025-10-20,58.91,61.3539,VCB,80_20,SVR
2025-10-21,58.81,58.881,VCB,80_20,SVR
2025-10-22,59.11,58.7813,VCB,80_20,SVR
2025-10-23,59.3,59.0805,VCB,80_20,SVR
2025-10-24,59.01,59.2699,VCB,80_20,SVR
2025-10-27,58.71,58.9807,VCB,80_20,SVR
2025-10-28,59.5,58.6816,VCB,80_20,SVR
2025-10-29,60.2,59.4693,VCB,80_20,SVR
2025-10-30,60.1,60.1673,VCB,80_20,SVR
2025-10-31,59.11,60.0676,VCB,80_20,SVR
2025-11-03,58.81,59.0805,VCB,80_20,SVR
2025-11-04,59.6,58.7813,VCB,80_20,SVR
2025-11-05,60.3,59.569,VCB,80_20,SVR
2025-11-06,59.8,60.267,VCB,80_20,SVR
2025-11-07,58.81,59.7685,VCB,80_20,SVR
2025-11-10,58.31,58.7813,VCB,80_20,SVR
2025-11-11,58.41,58.2828,VCB,80_20,SVR
2025-11-12,59.01,58.3825,VCB,80_20,SVR
2025-11-13,59.3,58.9807,VCB,80_20,SVR
2025-11-14,59.5,59.2699,VCB,80_20,SVR
2025-11-17,59.7,59.4693,VCB,80_20,SVR
2025-11-18,59.4,59.6688,VCB,80_20,SVR
2025-11-19,58.91,59.3696,VCB,80_20,SVR
2025-11-20,58.91,58.881,VCB,80_20,SVR
2025-11-21,58.51,58.881,VCB,80_20,SVR
2025-11-24,58.31,58.4822,VCB,80_20,SVR
2025-11-25,57.72,58.2828,VCB,80_20,SVR
2025-11-26,57.62,57.6945,VCB,80_20,SVR
2025-11-27,57.42,57.5948,VCB,80_20,SVR
2025-11-28,56.92,57.3953,VCB,80_20,SVR
2025-12-01,57.02,56.8968,VCB,80_20,SVR
2025-12-02,57.12,56.9965,VCB,80_20,SVR
2025-12-03,58.41,57.0962,VCB,80_20,SVR
2025-12-04,58.41,58.3825,VCB,80_20,SVR
2025-12-05,57.82,58.3825,VCB,80_20,SVR
2025-12-08,57.42,57.7942,VCB,80_20,SVR
2025-12-09,57.52,57.3953,VCB,80_20,SVR
2025-12-10,57.72,57.495,VCB,80_20,SVR
2025-12-11,57.12,57.6945,VCB,80_20,SVR
2025-12-12,56.33,57.0962,VCB,80_20,SVR
2025-12-15,56.33,56.3085,VCB,80_20,SVR
2025-12-16,56.43,56.3085,VCB,80_20,SVR
2025-12-17,56.23,56.4082,VCB,80_20,SVR
2025-12-18,56.33,56.2088,VCB,80_20,SVR
2025-12-19,57.02,56.3085,VCB,80_20,SVR
2025-12-22,57.32,56.9965,VCB,80_20,SVR
2025-12-23,56.73,57.2956,VCB,80_20,SVR
2025-12-24,56.53,56.7073,VCB,80_20,SVR
2025-12-25,56.63,56.5079,VCB,80_20,SVR
2025-12-26,56.63,56.6076,VCB,80_20,SVR
2025-12-29,56.63,56.6076,VCB,80_20,SVR
2025-12-30,56.82,56.6076,VCB,80_20,SVR
2025-12-31,57.02,56.7971,VCB,80_20,SVR
2026-01-05,56.63,56.9965,VCB,80_20,SVR
2026-01-06,56.82,56.6076,VCB,80_20,SVR
2026-01-07,59.11,56.7971,VCB,80_20,SVR
2026-01-08,63.17,59.0805,VCB,80_20,SVR
2026-01-09,67.44,63.1287,VCB,80_20,SVR
2026-01-12,72.1,67.3864,VCB,80_20,SVR
2026-01-13,73.39,72.033,VCB,80_20,SVR
2026-01-14,75.37,73.3193,VCB,80_20,SVR
2026-01-15,71.3,75.2935,VCB,80_20,SVR
2026-01-16,72.39,71.2353,VCB,80_20,SVR
2026-01-19,72.1,72.3221,VCB,80_20,SVR
2026-01-20,72.89,72.033,VCB,80_20,SVR
2026-01-21,72.2,72.8207,VCB,80_20,SVR
2026-01-22,70.41,72.1327,VCB,80_20,SVR
2026-01-23,68.03,70.3479,VCB,80_20,SVR
2026-01-26,69.02,67.9747,VCB,80_20,SVR
2026-01-27,70.01,68.9619,VCB,80_20,SVR
2026-01-28,69.02,69.949,VCB,80_20,SVR
2026-01-29,69.22,68.9619,VCB,80_20,SVR
2026-01-30,69.91,69.1613,VCB,80_20,SVR
2026-02-02,70.91,69.8493,VCB,80_20,SVR
2026-02-03,71.2,70.8464,VCB,80_20,SVR
2026-02-04,70.21,71.1356,VCB,80_20,SVR
2026-02-05,67.83,70.1484,VCB,80_20,SVR
2026-02-06,64.56,67.7753,VCB,80_20,SVR
2026-02-09,64.46,64.5147,VCB,80_20,SVR
2026-02-10,62.58,64.415,VCB,80_20,SVR
2026-02-11,64.16,62.5404,VCB,80_20,SVR
2026-02-12,63.67,64.1159,VCB,80_20,SVR
2026-02-13,63.87,63.6273,VCB,80_20,SVR
2026-02-23,65.85,63.8267,VCB,80_20,SVR
2026-02-24,64.46,65.801,VCB,80_20,SVR
2026-02-25,64.56,64.415,VCB,80_20,SVR
2026-02-26,64.86,64.5147,VCB,80_20,SVR
2026-02-27,64.36,64.8139,VCB,80_20,SVR
2026-03-02,62.38,64.3153,VCB,80_20,SVR
2026-03-03,61.09,62.341,VCB,80_20,SVR
2026-03-04,62.48,61.0547,VCB,80_20,SVR
2026-03-05,61.98,62.4407,VCB,80_20,SVR
2026-03-06,61.09,61.9422,VCB,80_20,SVR
2026-03-09,56.82,61.0547,VCB,80_20,SVR
2026-03-10,59.9,56.7971,VCB,80_20,SVR
2026-03-11,59.9,59.8682,VCB,80_20,SVR
2026-03-12,59.3,59.8682,VCB,80_20,SVR
2026-03-13,58.51,59.2699,VCB,80_20,SVR
2026-03-16,58.31,58.4822,VCB,80_20,SVR
2026-03-17,60.0,58.2828,VCB,80_20,SVR
2026-03-18,60.0,59.9679,VCB,80_20,SVR
2026-03-19,59.3,59.9679,VCB,80_20,SVR
2026-03-20,57.52,59.2699,VCB,80_20,SVR
2026-03-23,57.12,57.495,VCB,80_20,SVR
2026-03-24,57.72,57.0962,VCB,80_20,SVR
2026-03-25,57.92,57.6945,VCB,80_20,SVR
2026-03-26,57.42,57.8939,VCB,80_20,SVR
2026-03-27,58.31,57.3953,VCB,80_20,SVR
2026-03-30,57.52,58.2828,VCB,80_20,SVR
2026-03-31,57.62,57.495,VCB,80_20,SVR
2026-04-01,58.51,57.5948,VCB,80_20,SVR
2026-04-02,57.72,58.4822,VCB,80_20,SVR
2026-04-03,57.22,57.6945,VCB,80_20,SVR
2026-04-06,57.52,57.1959,VCB,80_20,SVR
2026-04-07,57.52,57.495,VCB,80_20,SVR
2026-04-08,59.7,57.495,VCB,80_20,SVR
2026-04-09,58.91,59.6688,VCB,80_20,SVR
2026-04-10,59.3,58.881,VCB,80_20,SVR
2026-04-13,58.71,59.2699,VCB,80_20,SVR
2026-04-14,58.81,58.6816,VCB,80_20,SVR
2026-04-15,59.4,58.7813,VCB,80_20,SVR
2026-04-16,58.91,59.3696,VCB,80_20,SVR
2026-04-17,59.01,58.881,VCB,80_20,SVR
2026-04-20,59.6,58.9807,VCB,80_20,SVR
2026-04-21,59.11,59.569,VCB,80_20,SVR
2026-04-22,58.91,59.0805,VCB,80_20,SVR
2026-04-23,62.28,58.881,VCB,80_20,SVR
2026-04-24,60.1,62.2413,VCB,80_20,SVR
2026-04-28,59.3,60.0676,VCB,80_20,SVR
2026-04-29,59.3,59.2699,VCB,80_20,SVR
2026-05-04,60.2,59.2699,VCB,80_20,SVR
2026-05-05,59.4,60.1673,VCB,80_20,SVR
2026-05-06,60.0,59.3696,VCB,80_20,SVR
2026-05-07,59.8,59.9679,VCB,80_20,SVR
2026-05-08,60.2,59.7685,VCB,80_20,SVR
2026-05-11,59.8,60.1673,VCB,80_20,SVR
2026-05-12,59.4,59.7685,VCB,80_20,SVR
2026-05-13,59.6,59.3696,VCB,80_20,SVR
2026-05-14,60.49,59.569,VCB,80_20,SVR
2026-05-15,60.2,60.4565,VCB,80_20,SVR
2026-05-18,62.68,60.1673,VCB,80_20,SVR
2026-05-19,63.87,62.6402,VCB,80_20,SVR
2026-05-20,64.06,63.8267,VCB,80_20,SVR
2026-05-21,64.36,64.0162,VCB,80_20,SVR
2026-05-22,62.97,64.3153,VCB,80_20,SVR
2026-05-25,63.17,62.9293,VCB,80_20,SVR
2026-05-26,63.87,63.1287,VCB,80_20,SVR
2026-05-27,63.67,63.8267,VCB,80_20,SVR
2026-05-28,62.28,63.6273,VCB,80_20,SVR
2026-05-29,61.49,62.2413,VCB,80_20,SVR
2026-06-01,61.68,61.4536,VCB,80_20,SVR
2026-06-02,61.09,61.643,VCB,80_20,SVR
2026-06-03,61.39,61.0547,VCB,80_20,SVR
2026-06-04,61.68,61.3539,VCB,80_20,SVR
2026-06-05,61.19,61.643,VCB,80_20,SVR
2026-06-08,60.79,61.1545,VCB,80_20,SVR
2026-06-09,60.99,60.7556,VCB,80_20,SVR
2026-06-10,61.19,60.955,VCB,80_20,SVR
2026-06-11,61.09,61.1545,VCB,80_20,SVR
2026-06-12,61.09,61.0547,VCB,80_20,SVR
2026-06-15,61.09,61.0547,VCB,80_20,SVR
2026-06-16,61.29,61.0547,VCB,80_20,SVR
2026-06-17,61.68,61.2542,VCB,80_20,SVR
2026-06-18,61.09,61.643,VCB,80_20,SVR
2026-06-19,61.19,61.0547,VCB,80_20,SVR
2026-06-22,60.79,61.1545,VCB,80_20,SVR
2026-06-23,60.79,60.7556,VCB,80_20,SVR
2026-06-24,60.49,60.7556,VCB,80_20,SVR
2026-06-25,60.3,60.4565,VCB,80_20,SVR
2026-06-26,60.89,60.267,VCB,80_20,SVR
2026-06-29,61.49,60.8553,VCB,80_20,SVR
2026-06-30,61.68,61.4536,VCB,80_20,SVR
2026-07-01,62.48,61.643,VCB,80_20,SVR
2026-07-02,61.58,62.4407,VCB,80_20,SVR
2026-07-03,61.49,61.5433,VCB,80_20,SVR
2026-07-06,60.69,61.4536,VCB,80_20,SVR
2026-07-07,60.79,60.6559,VCB,80_20,SVR
2026-07-08,61.09,60.7556,VCB,80_20,SVR
2026-07-09,60.59,61.0547,VCB,80_20,SVR
2026-07-10,60.0,60.5562,VCB,80_20,SVR
2026-07-13,58.41,59.9679,VCB,80_20,SVR
2026-07-14,58.71,58.3825,VCB,80_20,SVR
2026-07-15,58.71,58.6816,VCB,80_20,SVR
2026-07-16,58.91,58.6816,VCB,80_20,SVR
2026-07-17,58.01,58.881,VCB,80_20,SVR
2026-07-20,56.23,57.9836,VCB,80_20,SVR
2026-07-21,56.23,56.2088,VCB,80_20,SVR
2026-07-22,54.05,56.2088,VCB,80_20,SVR
2026-07-23,54.0,54.0351,VCB,80_20,SVR
2026-07-24,54.1,53.9852,VCB,80_20,SVR
2026-07-27,54.0,54.0849,VCB,80_20,SVR
2026-07-28,54.1,53.9852,VCB,80_20,SVR
2026-07-29,54.6,54.0849,VCB,80_20,SVR
2026-07-30,56.5,54.5835,VCB,80_20,SVR
2026-07-31,59.3,56.478,VCB,80_20,SVR
2026-08-03,60.8,59.2699,VCB,80_20,SVR
2026-08-04,60.0,60.7656,VCB,80_20,SVR
2026-08-05,59.3,59.9679,VCB,80_20,SVR
2026-08-06,59.0,59.2699,VCB,80_20,SVR
2026-08-07,59.7,58.9708,VCB,80_20,SVR
2026-08-10,60.3,59.6688,VCB,80_20,SVR
2026-08-11,59.8,60.267,VCB,80_20,SVR
2026-08-12,59.7,59.7685,VCB,80_20,SVR
2026-08-13,59.5,59.6688,VCB,80_20,SVR
2026-08-14,58.5,59.4693,VCB,80_20,SVR
2026-08-17,58.2,58.4722,VCB,80_20,SVR
2026-08-18,58.0,58.1731,VCB,80_20,SVR
2026-08-19,57.4,57.9737,VCB,80_20,SVR
2026-08-20,57.8,57.3754,VCB,80_20,SVR
2026-08-21,59.1,57.7742,VCB,80_20,SVR
2026-08-24,59.2,59.0705,VCB,80_20,SVR
2026-08-25,59.4,59.1702,VCB,80_20,SVR
2026-08-26,60.3,59.3696,VCB,80_20,SVR
2026-08-27,60.1,60.267,VCB,80_20,SVR
2026-08-28,60.1,60.0676,VCB,80_20,SVR
2026-09-03,58.7,60.0676,VCB,80_20,SVR
2026-09-04,58.9,58.6716,VCB,80_20,SVR
2026-09-07,58.0,58.8711,VCB,80_20,SVR
2026-09-08,58.1,57.9737,VCB,80_20,SVR
2026-09-09,58.7,58.0734,VCB,80_20,SVR
2026-09-10,59.0,58.6716,VCB,80_20,SVR
2026-09-11,58.2,58.9708,VCB,80_20,SVR
2026-09-14,58.5,58.1731,VCB,80_20,SVR
2026-09-15,60.0,58.4722,VCB,80_20,SVR
2026-09-16,59.3,59.9679,VCB,80_20,SVR
2026-09-17,59.6,59.2699,VCB,80_20,SVR
2026-09-18,59.9,59.569,VCB,80_20,SVR
2026-09-21,58.9,59.8682,VCB,80_20,SVR
2026-09-22,58.9,58.8711,VCB,80_20,SVR
2026-09-23,58.5,58.8711,VCB,80_20,SVR
2026-09-24,58.1,58.4722,VCB,80_20,SVR
2026-09-25,58.0,58.0734,VCB,80_20,SVR
2026-09-28,58.3,57.9737,VCB,80_20,SVR
2026-09-29,58.0,58.2728,VCB,80_20,SVR
2026-09-30,58.0,57.9737,VCB,80_20,SVR
2026-10-01,57.6,57.9737,VCB,80_20,SVR
2026-10-02,57.1,57.5748,VCB,80_20,SVR
2025-03-12,103.99,105.2811,FPT,80_20,SVR
2025-03-13,104.45,104.0508,FPT,80_20,SVR
2025-03-14,100.55,104.5109,FPT,80_20,SVR
2025-03-17,99.48,100.6101,FPT,80_20,SVR
2025-03-18,99.48,99.5399,FPT,80_20,SVR
2025-03-19,95.35,99.5399,FPT,80_20,SVR
2025-03-20,95.65,95.4091,FPT,80_20,SVR
2025-03-21,97.95,95.7092,FPT,80_20,SVR
2025-03-24,98.71,98.0096,FPT,80_20,SVR
2025-03-25,96.8,98.7698,FPT,80_20,SVR
2025-03-26,94.12,96.8594,FPT,80_20,SVR
2025-03-27,96.57,94.1789,FPT,80_20,SVR
2025-03-28,94.89,96.6293,FPT,80_20,SVR
2025-03-31,92.59,94.949,FPT,80_20,SVR
2025-04-01,92.21,92.6485,FPT,80_20,SVR
2025-04-02,93.36,92.2685,FPT,80_20,SVR
2025-04-03,86.85,93.4187,FPT,80_20,SVR
2025-04-04,86.47,86.9074,FPT,80_20,SVR
2025-04-08,80.42,86.5273,FPT,80_20,SVR
2025-04-09,80.58,80.4761,FPT,80_20,SVR
2025-04-10,86.16,80.6361,FPT,80_20,SVR
2025-04-11,90.68,86.2173,FPT,80_20,SVR
2025-04-14,90.68,90.7382,FPT,80_20,SVR
2025-04-15,88.76,90.7382,FPT,80_20,SVR
2025-04-16,82.57,88.8178,FPT,80_20,SVR
2025-04-17,83.71,82.6265,FPT,80_20,SVR
2025-04-18,85.4,83.7668,FPT,80_20,SVR
2025-04-21,85.47,85.4571,FPT,80_20,SVR
2025-04-22,84.48,85.5271,FPT,80_20,SVR
2025-04-23,84.48,84.5369,FPT,80_20,SVR
2025-04-24,85.7,84.5369,FPT,80_20,SVR
2025-04-25,86.01,85.7572,FPT,80_20,SVR
2025-04-28,83.79,86.0672,FPT,80_20,SVR
2025-04-29,83.71,83.8468,FPT,80_20,SVR
2025-05-05,83.1,83.7668,FPT,80_20,SVR
2025-05-06,83.94,83.1566,FPT,80_20,SVR
2025-05-07,83.94,83.9968,FPT,80_20,SVR
2025-05-08,87.46,83.9968,FPT,80_20,SVR
2025-05-09,88.76,87.5175,FPT,80_20,SVR
2025-05-12,90.52,88.8178,FPT,80_20,SVR
2025-05-13,91.44,90.5781,FPT,80_20,SVR
2025-05-14,96.65,91.4983,FPT,80_20,SVR
2025-05-15,95.65,96.7094,FPT,80_20,SVR
2025-05-16,92.59,95.7092,FPT,80_20,SVR
2025-05-19,90.45,92.6485,FPT,80_20,SVR
2025-05-20,91.21,90.5081,FPT,80_20,SVR
2025-05-21,90.52,91.2683,FPT,80_20,SVR
2025-05-22,89.38,90.5781,FPT,80_20,SVR
2025-05-23,89.61,89.4379,FPT,80_20,SVR
2025-05-26,89.76,89.6679,FPT,80_20,SVR
2025-05-27,91.06,89.818,FPT,80_20,SVR
2025-05-28,90.6,91.1182,FPT,80_20,SVR
2025-05-29,89.61,90.6581,FPT,80_20,SVR
2025-05-30,89.15,89.6679,FPT,80_20,SVR
2025-06-02,88.84,89.2079,FPT,80_20,SVR
2025-06-03,89.84,88.8978,FPT,80_20,SVR
2025-06-04,89.61,89.898,FPT,80_20,SVR
2025-06-05,89.38,89.6679,FPT,80_20,SVR
2025-06-06,88.0,89.4379,FPT,80_20,SVR
2025-06-09,88.92,88.0576,FPT,80_20,SVR
2025-06-10,88.53,88.9778,FPT,80_20,SVR
2025-06-11,90.22,88.5877,FPT,80_20,SVR
2025-06-12,90.3,90.2781,FPT,80_20,SVR
2025-06-13,89.06,90.3581,FPT,80_20,SVR
2025-06-16,91.84,89.1178,FPT,80_20,SVR
2025-06-17,91.69,91.8984,FPT,80_20,SVR
2025-06-18,90.3,91.7484,FPT,80_20,SVR
2025-06-19,89.53,90.3581,FPT,80_20,SVR
2025-06-20,89.6,89.5879,FPT,80_20,SVR
2025-06-23,89.45,89.6579,FPT,80_20,SVR
2025-06-24,89.91,89.5079,FPT,80_20,SVR
2025-06-25,90.37,89.968,FPT,80_20,SVR
2025-06-26,90.3,90.4281,FPT,80_20,SVR
2025-06-27,90.53,90.3581,FPT,80_20,SVR
2025-06-30,91.22,90.5881,FPT,80_20,SVR
2025-07-01,91.69,91.2783,FPT,80_20,SVR
2025-07-02,91.53,91.7484,FPT,80_20,SVR
2025-07-03,91.07,91.5883,FPT,80_20,SVR
2025-07-04,94.54,91.1282,FPT,80_20,SVR
2025-07-07,95.55,94.5989,FPT,80_20,SVR
2025-07-08,96.09,95.6091,FPT,80_20,SVR
2025-07-09,94.77,96.1492,FPT,80_20,SVR
2025-07-10,95.62,94.829,FPT,80_20,SVR
2025-07-11,97.71,95.6792,FPT,80_20,SVR
2025-07-14,98.09,97.7696,FPT,80_20,SVR
2025-07-15,97.24,98.1496,FPT,80_20,SVR
2025-07-16,97.47,97.2995,FPT,80_20,SVR
2025-07-17,98.01,97.5295,FPT,80_20,SVR
2025-07-18,97.24,98.0696,FPT,80_20,SVR
2025-07-21,97.89,97.2995,FPT,80_20,SVR
2025-07-22,99.49,97.9496,FPT,80_20,SVR
2025-07-23,99.22,99.5499,FPT,80_20,SVR
2025-07-24,98.6,99.2799,FPT,80_20,SVR
2025-07-25,98.25,98.6597,FPT,80_20,SVR
2025-07-28,98.78,98.3097,FPT,80_20,SVR
2025-07-29,94.07,98.8398,FPT,80_20,SVR
2025-07-30,94.16,94.1288,FPT,80_20,SVR
2025-07-31,92.3,94.2189,FPT,80_20,SVR
2025-08-01,94.96,92.3585,FPT,80_20,SVR
2025-08-04,94.61,95.019,FPT,80_20,SVR
2025-08-05,93.9,94.6689,FPT,80_20,SVR
2025-08-06,93.1,93.9588,FPT,80_20,SVR
2025-08-07,94.25,93.1586,FPT,80_20,SVR
2025-08-08,93.72,94.3089,FPT,80_20,SVR
2025-08-11,94.43,93.7788,FPT,80_20,SVR
2025-08-12,95.41,94.4889,FPT,80_20,SVR
2025-08-13,93.28,95.4691,FPT,80_20,SVR
2025-08-14,92.12,93.3387,FPT,80_20,SVR
2025-08-15,89.99,92.1785,FPT,80_20,SVR
2025-08-18,89.19,90.048,FPT,80_20,SVR
2025-08-19,89.02,89.2479,FPT,80_20,SVR
2025-08-20,86.71,89.0778,FPT,80_20,SVR
2025-08-21,90.26,86.7674,FPT,80_20,SVR
2025-08-22,87.86,90.3181,FPT,80_20,SVR
2025-08-25,87.68,87.9176,FPT,80_20,SVR
2025-08-26,88.75,87.7376,FPT,80_20,SVR
2025-08-27,93.19,88.8078,FPT,80_20,SVR
2025-08-28,92.74,93.2487,FPT,80_20,SVR
2025-08-29,90.17,92.7986,FPT,80_20,SVR
2025-09-03,91.59,90.2281,FPT,80_20,SVR
2025-09-04,93.19,91.6483,FPT,80_20,SVR
2025-09-05,91.77,93.2487,FPT,80_20,SVR
2025-09-08,90.44,91.8284,FPT,80_20,SVR
2025-09-09,90.61,90.4981,FPT,80_20,SVR
2025-09-10,89.81,90.6681,FPT,80_20,SVR
2025-09-11,90.52,89.868,FPT,80_20,SVR
2025-09-12,90.17,90.5781,FPT,80_20,SVR
2025-09-15,90.44,90.2281,FPT,80_20,SVR
2025-09-16,91.86,90.4981,FPT,80_20,SVR
2025-09-17,93.63,91.9184,FPT,80_20,SVR
2025-09-18,91.41,93.6888,FPT,80_20,SVR
2025-09-19,91.41,91.4683,FPT,80_20,SVR
2025-09-22,88.48,91.4683,FPT,80_20,SVR
2025-09-23,86.97,88.5377,FPT,80_20,SVR
2025-09-24,88.31,87.0274,FPT,80_20,SVR
2025-09-25,86.97,88.3677,FPT,80_20,SVR
2025-09-26,86.53,87.0274,FPT,80_20,SVR
2025-09-29,84.76,86.5873,FPT,80_20,SVR
2025-09-30,82.54,84.817,FPT,80_20,SVR
2025-10-01,82.89,82.5965,FPT,80_20,SVR
2025-10-02,81.74,82.9466,FPT,80_20,SVR
2025-10-03,82.89,81.7964,FPT,80_20,SVR
2025-10-06,84.76,82.9466,FPT,80_20,SVR
2025-10-07,84.76,84.817,FPT,80_20,SVR
2025-10-08,83.87,84.817,FPT,80_20,SVR
2025-10-09,83.6,83.9268,FPT,80_20,SVR
2025-10-10,85.29,83.6567,FPT,80_20,SVR
2025-10-13,83.42,85.3471,FPT,80_20,SVR
2025-10-14,82.0,83.4767,FPT,80_20,SVR
2025-10-15,79.52,82.0564,FPT,80_20,SVR
2025-10-16,79.7,79.5759,FPT,80_20,SVR
2025-10-17,78.19,79.756,FPT,80_20,SVR
2025-10-20,77.21,78.2457,FPT,80_20,SVR
2025-10-21,82.54,77.2655,FPT,80_20,SVR
2025-10-22,86.09,82.5965,FPT,80_20,SVR
2025-10-23,84.31,86.1472,FPT,80_20,SVR
2025-10-24,86.71,84.3669,FPT,80_20,SVR
2025-10-27,86.97,86.7674,FPT,80_20,SVR
2025-10-28,90.7,87.0274,FPT,80_20,SVR
2025-10-29,90.26,90.7582,FPT,80_20,SVR
2025-10-30,91.15,90.3181,FPT,80_20,SVR
2025-10-31,92.21,91.2083,FPT,80_20,SVR
2025-11-03,93.19,92.2685,FPT,80_20,SVR
2025-11-04,91.68,93.2487,FPT,80_20,SVR
2025-11-05,89.55,91.7384,FPT,80_20,SVR
2025-11-06,88.93,89.6079,FPT,80_20,SVR
2025-11-07,89.64,88.9878,FPT,80_20,SVR
2025-11-10,85.38,89.698,FPT,80_20,SVR
2025-11-11,85.29,85.4371,FPT,80_20,SVR
2025-11-12,89.28,85.3471,FPT,80_20,SVR
2025-11-13,87.77,89.3379,FPT,80_20,SVR
2025-11-14,88.75,87.8276,FPT,80_20,SVR
2025-11-17,89.64,88.8078,FPT,80_20,SVR
2025-11-18,88.75,89.698,FPT,80_20,SVR
2025-11-19,86.97,88.8078,FPT,80_20,SVR
2025-11-20,87.86,87.0274,FPT,80_20,SVR
2025-11-21,89.46,87.9176,FPT,80_20,SVR
2025-11-24,88.93,89.5179,FPT,80_20,SVR
2025-11-25,88.48,88.9878,FPT,80_20,SVR
2025-11-26,87.86,88.5377,FPT,80_20,SVR
2025-11-27,88.31,87.9176,FPT,80_20,SVR
2025-11-28,86.18,88.3677,FPT,80_20,SVR
2025-12-01,86.62,86.2373,FPT,80_20,SVR
2025-12-02,86.62,86.6773,FPT,80_20,SVR
2025-12-03,86.62,86.6773,FPT,80_20,SVR
2025-12-04,87.43,86.6773,FPT,80_20,SVR
2025-12-05,86.27,87.4875,FPT,80_20,SVR
2025-12-08,85.64,86.3273,FPT,80_20,SVR
2025-12-09,86.89,85.6972,FPT,80_20,SVR
2025-12-10,85.73,86.9474,FPT,80_20,SVR
2025-12-11,86.09,85.7872,FPT,80_20,SVR
2025-12-12,84.02,86.1472,FPT,80_20,SVR
2025-12-15,84.11,84.0768,FPT,80_20,SVR
2025-12-16,85.1,84.1668,FPT,80_20,SVR
2025-12-17,86.0,85.157,FPT,80_20,SVR
2025-12-18,84.65,86.0572,FPT,80_20,SVR
2025-12-19,84.2,84.707,FPT,80_20,SVR
2025-12-22,84.02,84.2569,FPT,80_20,SVR
2025-12-23,84.29,84.0768,FPT,80_20,SVR
2025-12-24,83.93,84.3469,FPT,80_20,SVR
2025-12-25,83.4,83.9868,FPT,80_20,SVR
2025-12-26,82.95,83.4567,FPT,80_20,SVR
2025-12-29,84.56,83.0066,FPT,80_20,SVR
2025-12-30,86.54,84.6169,FPT,80_20,SVR
2025-12-31,85.91,86.5973,FPT,80_20,SVR
2026-01-05,85.19,85.9672,FPT,80_20,SVR
2026-01-06,84.29,85.2471,FPT,80_20,SVR
2026-01-07,87.43,84.3469,FPT,80_20,SVR
2026-01-08,86.54,87.4875,FPT,80_20,SVR
2026-01-09,87.34,86.5973,FPT,80_20,SVR
2026-01-12,89.23,87.3975,FPT,80_20,SVR
2026-01-13,88.69,89.2879,FPT,80_20,SVR
2026-01-14,89.49,88.7478,FPT,80_20,SVR
2026-01-15,88.33,89.5479,FPT,80_20,SVR
2026-01-16,94.43,88.3877,FPT,80_20,SVR
2026-01-19,94.87,94.4889,FPT,80_20,SVR
2026-01-20,93.35,94.929,FPT,80_20,SVR
2026-01-21,94.16,93.4087,FPT,80_20,SVR
2026-01-22,92.81,94.2189,FPT,80_20,SVR
2026-01-23,90.57,92.8686,FPT,80_20,SVR
2026-01-26,88.33,90.6281,FPT,80_20,SVR
2026-01-27,91.56,88.3877,FPT,80_20,SVR
2026-01-28,93.71,91.6183,FPT,80_20,SVR
2026-01-29,95.14,93.7688,FPT,80_20,SVR
2026-01-30,93.71,95.1991,FPT,80_20,SVR
2026-02-02,93.53,93.7688,FPT,80_20,SVR
2026-02-03,93.17,93.5887,FPT,80_20,SVR
2026-02-04,91.38,93.2287,FPT,80_20,SVR
2026-02-05,88.78,91.4383,FPT,80_20,SVR
2026-02-06,87.52,88.8378,FPT,80_20,SVR
2026-02-09,88.78,87.5775,FPT,80_20,SVR
2026-02-10,87.7,88.8378,FPT,80_20,SVR
2026-02-11,88.42,87.7576,FPT,80_20,SVR
2026-02-12,88.6,88.4777,FPT,80_20,SVR
2026-02-13,86.36,88.6577,FPT,80_20,SVR
2026-02-23,84.74,86.4173,FPT,80_20,SVR
2026-02-24,82.95,84.797,FPT,80_20,SVR
2026-02-25,79.9,83.0066,FPT,80_20,SVR
2026-02-26,81.15,79.956,FPT,80_20,SVR
2026-02-27,83.31,81.2063,FPT,80_20,SVR
2026-03-02,80.35,83.3667,FPT,80_20,SVR
2026-03-03,78.02,80.4061,FPT,80_20,SVR
2026-03-04,76.31,78.0756,FPT,80_20,SVR
2026-03-05,75.68,76.3653,FPT,80_20,SVR
2026-03-06,73.17,75.7352,FPT,80_20,SVR
2026-03-09,68.06,73.2247,FPT,80_20,SVR
2026-03-10,71.29,68.1136,FPT,80_20,SVR
2026-03-11,71.92,71.3443,FPT,80_20,SVR
2026-03-12,69.68,71.9744,FPT,80_20,SVR
2026-03-13,69.05,69.734,FPT,80_20,SVR
2026-03-16,70.12,69.1038,FPT,80_20,SVR
2026-03-17,71.2,70.174,FPT,80_20,SVR
2026-03-18,70.48,71.2543,FPT,80_20,SVR
2026-03-19,68.87,70.5341,FPT,80_20,SVR
2026-03-20,66.9,68.9238,FPT,80_20,SVR
2026-03-23,65.55,66.9534,FPT,80_20,SVR
2026-03-24,67.61,65.6031,FPT,80_20,SVR
2026-03-25,69.05,67.6635,FPT,80_20,SVR
2026-03-26,66.54,69.1038,FPT,80_20,SVR
2026-03-27,68.24,66.5933,FPT,80_20,SVR
2026-03-30,66.36,68.2937,FPT,80_20,SVR
2026-03-31,66.99,66.4133,FPT,80_20,SVR
2026-04-01,67.52,67.0434,FPT,80_20,SVR
2026-04-02,66.99,67.5735,FPT,80_20,SVR
2026-04-03,66.36,67.0434,FPT,80_20,SVR
2026-04-06,66.27,66.4133,FPT,80_20,SVR
2026-04-07,66.36,66.3233,FPT,80_20,SVR
2026-04-08,70.93,66.4133,FPT,80_20,SVR
2026-04-09,70.21,70.9842,FPT,80_20,SVR
2026-04-10,69.68,70.2641,FPT,80_20,SVR
2026-04-13,68.15,69.734,FPT,80_20,SVR
2026-04-14,68.33,68.2037,FPT,80_20,SVR
2026-04-15,67.34,68.3837,FPT,80_20,SVR
2026-04-16,66.45,67.3935,FPT,80_20,SVR
2026-04-17,68.15,66.5033,FPT,80_20,SVR
2026-04-20,68.96,68.2037,FPT,80_20,SVR
2026-04-21,67.34,69.0138,FPT,80_20,SVR
2026-04-22,66.9,67.3935,FPT,80_20,SVR
2026-04-23,66.63,66.9534,FPT,80_20,SVR
2026-04-24,65.82,66.6833,FPT,80_20,SVR
2026-04-28,66.72,65.8732,FPT,80_20,SVR
2026-04-29,67.7,66.7734,FPT,80_20,SVR
2026-05-04,66.09,67.7536,FPT,80_20,SVR
2026-05-05,66.63,66.1432,FPT,80_20,SVR
2026-05-06,65.73,66.6833,FPT,80_20,SVR
2026-05-07,65.46,65.7832,FPT,80_20,SVR
2026-05-08,64.48,65.5131,FPT,80_20,SVR
2026-05-11,62.77,64.5329,FPT,80_20,SVR
2026-05-12,63.31,62.8226,FPT,80_20,SVR
2026-05-13,63.4,63.3627,FPT,80_20,SVR
2026-05-14,66.27,63.4527,FPT,80_20,SVR
2026-05-15,65.37,66.3233,FPT,80_20,SVR
2026-05-18,67.17,65.4231,FPT,80_20,SVR
2026-05-19,66.81,67.2235,FPT,80_20,SVR
2026-05-20,69.68,66.8634,FPT,80_20,SVR
2026-05-21,68.6,69.734,FPT,80_20,SVR
2026-05-22,67.34,68.6537,FPT,80_20,SVR
2026-05-25,65.91,67.3935,FPT,80_20,SVR
2026-05-26,66.81,65.9632,FPT,80_20,SVR
2026-05-27,66.0,66.8634,FPT,80_20,SVR
2026-05-28,64.73,66.0532,FPT,80_20,SVR
2026-05-29,65.09,64.783,FPT,80_20,SVR
2026-06-01,66.27,65.143,FPT,80_20,SVR
2026-06-02,68.0,66.3233,FPT,80_20,SVR
2026-06-03,69.55,68.0536,FPT,80_20,SVR
2026-06-04,69.18,69.6039,FPT,80_20,SVR
2026-06-05,68.18,69.2339,FPT,80_20,SVR
2026-06-08,66.27,68.2337,FPT,80_20,SVR
2026-06-09,67.0,66.3233,FPT,80_20,SVR
2026-06-10,67.46,67.0534,FPT,80_20,SVR
2026-06-11,66.46,67.5135,FPT,80_20,SVR
2026-06-12,66.82,66.5133,FPT,80_20,SVR
2026-06-15,66.91,66.8734,FPT,80_20,SVR
2026-06-16,66.55,66.9634,FPT,80_20,SVR
2026-06-17,65.73,66.6033,FPT,80_20,SVR
2026-06-18,65.09,65.7832,FPT,80_20,SVR
2026-06-19,65.0,65.143,FPT,80_20,SVR
2026-06-22,64.18,65.053,FPT,80_20,SVR
2026-06-23,64.36,64.2329,FPT,80_20,SVR
2026-06-24,64.36,64.4129,FPT,80_20,SVR
2026-06-25,64.55,64.4129,FPT,80_20,SVR
2026-06-26,64.36,64.6029,FPT,80_20,SVR
2026-06-29,64.0,64.4129,FPT,80_20,SVR
2026-06-30,63.82,64.0528,FPT,80_20,SVR
2026-07-01,66.27,63.8728,FPT,80_20,SVR
2026-07-02,65.91,66.3233,FPT,80_20,SVR
2026-07-03,65.73,65.9632,FPT,80_20,SVR
2026-07-06,66.36,65.7832,FPT,80_20,SVR
2026-07-07,66.55,66.4133,FPT,80_20,SVR
2026-07-08,65.55,66.6033,FPT,80_20,SVR
2026-07-09,65.55,65.6031,FPT,80_20,SVR
2026-07-10,64.18,65.6031,FPT,80_20,SVR
2026-07-13,64.09,64.2329,FPT,80_20,SVR
2026-07-14,63.91,64.1428,FPT,80_20,SVR
2026-07-15,60.73,63.9628,FPT,80_20,SVR
2026-07-16,61.82,60.7822,FPT,80_20,SVR
2026-07-17,60.91,61.8724,FPT,80_20,SVR
2026-07-20,61.0,60.9622,FPT,80_20,SVR
2026-07-21,58.91,61.0522,FPT,80_20,SVR
2026-07-22,58.73,58.9618,FPT,80_20,SVR
2026-07-23,58.82,58.7818,FPT,80_20,SVR
2026-07-24,57.18,58.8718,FPT,80_20,SVR
2026-07-27,56.55,57.2315,FPT,80_20,SVR
2026-07-28,57.27,56.6013,FPT,80_20,SVR
2026-07-29,59.18,57.3215,FPT,80_20,SVR
2026-07-30,60.91,59.2319,FPT,80_20,SVR
2026-07-31,61.0,60.9622,FPT,80_20,SVR
2026-08-03,65.18,61.0522,FPT,80_20,SVR
2026-08-04,65.0,65.2331,FPT,80_20,SVR
2026-08-05,63.91,65.053,FPT,80_20,SVR
2026-08-06,64.27,63.9628,FPT,80_20,SVR
2026-08-07,64.36,64.3229,FPT,80_20,SVR
2026-08-10,65.27,64.4129,FPT,80_20,SVR
2026-08-11,64.73,65.3231,FPT,80_20,SVR
2026-08-12,64.36,64.783,FPT,80_20,SVR
2026-08-13,62.91,64.4129,FPT,80_20,SVR
2026-08-14,62.09,62.9626,FPT,80_20,SVR
2026-08-17,62.55,62.1424,FPT,80_20,SVR
2026-08-18,62.73,62.6025,FPT,80_20,SVR
2026-08-19,62.64,62.7826,FPT,80_20,SVR
2026-08-20,63.46,62.6925,FPT,80_20,SVR
2026-08-21,65.46,63.5127,FPT,80_20,SVR
2026-08-24,64.91,65.5131,FPT,80_20,SVR
2026-08-25,64.27,64.963,FPT,80_20,SVR
2026-08-26,66.0,64.3229,FPT,80_20,SVR
2026-08-27,65.64,66.0532,FPT,80_20,SVR
2026-08-28,66.55,65.6931,FPT,80_20,SVR
2026-09-03,65.64,66.6033,FPT,80_20,SVR
2026-09-04,66.18,65.6931,FPT,80_20,SVR
2026-09-07,65.82,66.2333,FPT,80_20,SVR
2026-09-08,65.64,65.8732,FPT,80_20,SVR
2026-09-09,65.82,65.6931,FPT,80_20,SVR
2026-09-10,67.73,65.8732,FPT,80_20,SVR
2026-09-11,66.09,67.7836,FPT,80_20,SVR
2026-09-14,65.82,66.1432,FPT,80_20,SVR
2026-09-15,66.09,65.8732,FPT,80_20,SVR
2026-09-16,67.09,66.1432,FPT,80_20,SVR
2026-09-17,67.55,67.1434,FPT,80_20,SVR
2026-09-18,65.18,67.6035,FPT,80_20,SVR
2026-09-21,66.4,65.2331,FPT,80_20,SVR
2026-09-22,66.6,66.4533,FPT,80_20,SVR
2026-09-23,66.1,66.6533,FPT,80_20,SVR
2026-09-24,65.3,66.1532,FPT,80_20,SVR
2026-09-25,64.7,65.3531,FPT,80_20,SVR
2026-09-28,63.7,64.753,FPT,80_20,SVR
2026-09-29,63.2,63.7528,FPT,80_20,SVR
2026-09-30,63.0,63.2527,FPT,80_20,SVR
2026-10-01,62.7,63.0526,FPT,80_20,SVR
2026-10-02,62.1,62.7526,FPT,80_20,SVR
2025-03-12,20.68,20.9307,HPG,80_20,SVR
2025-03-13,20.61,20.6711,HPG,80_20,SVR
2025-03-14,20.49,20.6012,HPG,80_20,SVR
2025-03-17,20.72,20.4814,HPG,80_20,SVR
2025-03-18,20.53,20.711,HPG,80_20,SVR
2025-03-19,20.27,20.5213,HPG,80_20,SVR
2025-03-20,20.2,20.2617,HPG,80_20,SVR
2025-03-21,20.2,20.1918,HPG,80_20,SVR
2025-03-24,20.2,20.1918,HPG,80_20,SVR
2025-03-25,20.23,20.1918,HPG,80_20,SVR
2025-03-26,20.49,20.2218,HPG,80_20,SVR
2025-03-27,20.46,20.4814,HPG,80_20,SVR
2025-03-28,20.2,20.4514,HPG,80_20,SVR
2025-03-31,19.9,20.1918,HPG,80_20,SVR
2025-04-01,20.09,19.8923,HPG,80_20,SVR
2025-04-02,20.27,20.082,HPG,80_20,SVR
2025-04-03,18.86,20.2617,HPG,80_20,SVR
2025-04-04,18.3,18.8539,HPG,80_20,SVR
2025-04-08,17.04,18.2948,HPG,80_20,SVR
2025-04-09,15.85,17.0367,HPG,80_20,SVR
2025-04-10,16.92,15.8485,HPG,80_20,SVR
2025-04-11,18.08,16.9169,HPG,80_20,SVR
2025-04-14,18.86,18.0751,HPG,80_20,SVR
2025-04-15,19.23,18.8539,HPG,80_20,SVR
2025-04-16,18.97,19.2233,HPG,80_20,SVR
2025-04-17,18.97,18.9637,HPG,80_20,SVR
2025-04-18,18.93,18.9637,HPG,80_20,SVR
2025-04-21,18.56,18.9238,HPG,80_20,SVR
2025-04-22,18.64,18.5544,HPG,80_20,SVR
2025-04-23,19.01,18.6342,HPG,80_20,SVR
2025-04-24,19.04,19.0037,HPG,80_20,SVR
2025-04-25,19.12,19.0336,HPG,80_20,SVR
2025-04-28,19.08,19.1135,HPG,80_20,SVR
2025-04-29,18.97,19.0736,HPG,80_20,SVR
2025-05-05,19.12,18.9637,HPG,80_20,SVR
2025-05-06,18.93,19.1135,HPG,80_20,SVR
2025-05-07,18.9,18.9238,HPG,80_20,SVR
2025-05-08,19.12,18.8938,HPG,80_20,SVR
2025-05-09,19.08,19.1135,HPG,80_20,SVR
2025-05-12,18.9,19.0736,HPG,80_20,SVR
2025-05-13,19.19,18.8938,HPG,80_20,SVR
2025-05-14,19.45,19.1834,HPG,80_20,SVR
2025-05-15,19.45,19.443,HPG,80_20,SVR
2025-05-16,19.19,19.443,HPG,80_20,SVR
2025-05-19,19.08,19.1834,HPG,80_20,SVR
2025-05-20,19.08,19.0736,HPG,80_20,SVR
2025-05-21,19.16,19.0736,HPG,80_20,SVR
2025-05-22,19.08,19.1534,HPG,80_20,SVR
2025-05-23,19.04,19.0736,HPG,80_20,SVR
2025-05-26,19.01,19.0336,HPG,80_20,SVR
2025-05-27,19.01,19.0037,HPG,80_20,SVR
2025-05-28,19.04,19.0037,HPG,80_20,SVR
2025-05-29,19.01,19.0336,HPG,80_20,SVR
2025-05-30,19.16,19.0037,HPG,80_20,SVR
2025-06-02,19.01,19.1534,HPG,80_20,SVR
2025-06-03,19.34,19.0037,HPG,80_20,SVR
2025-06-04,19.3,19.3332,HPG,80_20,SVR
2025-06-05,19.16,19.2932,HPG,80_20,SVR
2025-06-06,19.38,19.1534,HPG,80_20,SVR
2025-06-09,19.57,19.3731,HPG,80_20,SVR
2025-06-10,19.49,19.5628,HPG,80_20,SVR
2025-06-11,19.42,19.4829,HPG,80_20,SVR
2025-06-12,19.94,19.413,HPG,80_20,SVR
2025-06-13,19.64,19.9322,HPG,80_20,SVR
2025-06-16,19.9,19.6327,HPG,80_20,SVR
2025-06-17,19.97,19.8923,HPG,80_20,SVR
2025-06-18,20.2,19.9622,HPG,80_20,SVR
2025-06-19,20.01,20.1918,HPG,80_20,SVR
2025-06-20,20.09,20.0021,HPG,80_20,SVR
2025-06-23,19.97,20.082,HPG,80_20,SVR
2025-06-24,20.09,19.9622,HPG,80_20,SVR
2025-06-25,20.23,20.082,HPG,80_20,SVR
2025-06-26,20.35,20.2218,HPG,80_20,SVR
2025-06-27,20.4,20.3416,HPG,80_20,SVR
2025-06-30,20.27,20.3915,HPG,80_20,SVR
2025-07-01,20.22,20.2617,HPG,80_20,SVR
2025-07-02,20.44,20.2118,HPG,80_20,SVR
2025-07-03,20.62,20.4315,HPG,80_20,SVR
2025-07-04,20.76,20.6112,HPG,80_20,SVR
2025-07-07,21.07,20.751,HPG,80_20,SVR
2025-07-08,22.05,21.0605,HPG,80_20,SVR
2025-07-09,22.1,22.039,HPG,80_20,SVR
2025-07-10,22.45,22.0889,HPG,80_20,SVR
2025-07-11,23.21,22.4384,HPG,80_20,SVR
2025-07-14,22.99,23.1972,HPG,80_20,SVR
2025-07-15,22.76,22.9776,HPG,80_20,SVR
2025-07-16,23.3,22.7479,HPG,80_20,SVR
2025-07-17,23.21,23.2871,HPG,80_20,SVR
2025-07-18,23.12,23.1972,HPG,80_20,SVR
2025-07-21,23.39,23.1074,HPG,80_20,SVR
2025-07-22,23.61,23.3769,HPG,80_20,SVR
2025-07-23,23.57,23.5966,HPG,80_20,SVR
2025-07-24,23.21,23.5567,HPG,80_20,SVR
2025-07-25,23.26,23.1972,HPG,80_20,SVR
2025-07-28,23.52,23.2471,HPG,80_20,SVR
2025-07-29,22.63,23.5067,HPG,80_20,SVR
2025-07-30,22.68,22.6181,HPG,80_20,SVR
2025-07-31,22.27,22.668,HPG,80_20,SVR
2025-08-01,22.45,22.2587,HPG,80_20,SVR
2025-08-04,22.59,22.4384,HPG,80_20,SVR
2025-08-05,23.57,22.5782,HPG,80_20,SVR
2025-08-06,24.19,23.5567,HPG,80_20,SVR
2025-08-07,25.44,24.1757,HPG,80_20,SVR
2025-08-08,25.0,25.4238,HPG,80_20,SVR
2025-08-11,25.13,24.9845,HPG,80_20,SVR
2025-08-12,25.44,25.1143,HPG,80_20,SVR
2025-08-13,25.09,25.4238,HPG,80_20,SVR
2025-08-14,25.18,25.0743,HPG,80_20,SVR
2025-08-15,25.0,25.1642,HPG,80_20,SVR
2025-08-18,25.35,24.9845,HPG,80_20,SVR
2025-08-19,25.13,25.3339,HPG,80_20,SVR
2025-08-20,24.46,25.1143,HPG,80_20,SVR
2025-08-21,24.46,24.4453,HPG,80_20,SVR
2025-08-22,23.21,24.4453,HPG,80_20,SVR
2025-08-25,23.17,23.1972,HPG,80_20,SVR
2025-08-26,24.28,23.1573,HPG,80_20,SVR
2025-08-27,23.88,24.2656,HPG,80_20,SVR
2025-08-28,24.19,23.8662,HPG,80_20,SVR
2025-08-29,24.55,24.1757,HPG,80_20,SVR
2025-09-03,25.13,24.5352,HPG,80_20,SVR
2025-09-04,26.65,25.1143,HPG,80_20,SVR
2025-09-05,25.71,26.6319,HPG,80_20,SVR
2025-09-08,25.8,25.6934,HPG,80_20,SVR
2025-09-09,25.76,25.7833,HPG,80_20,SVR
2025-09-10,25.76,25.7433,HPG,80_20,SVR
2025-09-11,26.02,25.7433,HPG,80_20,SVR
2025-09-12,26.78,26.0029,HPG,80_20,SVR
2025-09-15,27.09,26.7617,HPG,80_20,SVR
2025-09-16,26.74,27.0713,HPG,80_20,SVR
2025-09-17,26.07,26.7218,HPG,80_20,SVR
2025-09-18,26.02,26.0528,HPG,80_20,SVR
2025-09-19,26.11,26.0029,HPG,80_20,SVR
2025-09-22,25.35,26.0928,HPG,80_20,SVR
2025-09-23,25.58,25.3339,HPG,80_20,SVR
2025-09-24,25.93,25.5636,HPG,80_20,SVR
2025-09-25,25.71,25.9131,HPG,80_20,SVR
2025-09-26,25.49,25.6934,HPG,80_20,SVR
2025-09-29,25.53,25.4737,HPG,80_20,SVR
2025-09-30,25.13,25.5137,HPG,80_20,SVR
2025-10-01,25.26,25.1143,HPG,80_20,SVR
2025-10-02,25.09,25.2441,HPG,80_20,SVR
2025-10-03,24.68,25.0743,HPG,80_20,SVR
2025-10-06,26.07,24.665,HPG,80_20,SVR
2025-10-07,25.89,26.0528,HPG,80_20,SVR
2025-10-08,26.07,25.8731,HPG,80_20,SVR
2025-10-09,25.84,26.0528,HPG,80_20,SVR
2025-10-10,26.42,25.8232,HPG,80_20,SVR
2025-10-13,25.89,26.4023,HPG,80_20,SVR
2025-10-14,25.31,25.8731,HPG,80_20,SVR
2025-10-15,25.22,25.294,HPG,80_20,SVR
2025-10-16,25.22,25.2041,HPG,80_20,SVR
2025-10-17,25.0,25.2041,HPG,80_20,SVR
2025-10-20,23.26,24.9845,HPG,80_20,SVR
2025-10-21,23.93,23.2471,HPG,80_20,SVR
2025-10-22,23.84,23.9161,HPG,80_20,SVR
2025-10-23,23.66,23.8263,HPG,80_20,SVR
2025-10-24,23.57,23.6465,HPG,80_20,SVR
2025-10-27,23.43,23.5567,HPG,80_20,SVR
2025-10-28,23.93,23.4169,HPG,80_20,SVR
2025-10-29,24.33,23.9161,HPG,80_20,SVR
2025-10-30,24.01,24.3155,HPG,80_20,SVR
2025-10-31,23.84,23.996,HPG,80_20,SVR
2025-11-03,23.26,23.8263,HPG,80_20,SVR
2025-11-04,23.88,23.2471,HPG,80_20,SVR
2025-11-05,23.48,23.8662,HPG,80_20,SVR
2025-11-06,23.3,23.4668,HPG,80_20,SVR
2025-11-07,23.26,23.2871,HPG,80_20,SVR
2025-11-10,23.61,23.2471,HPG,80_20,SVR
2025-11-11,23.75,23.5966,HPG,80_20,SVR
2025-11-12,24.1,23.7364,HPG,80_20,SVR
2025-11-13,23.7,24.0859,HPG,80_20,SVR
2025-11-14,24.01,23.6865,HPG,80_20,SVR
2025-11-17,24.37,23.996,HPG,80_20,SVR
2025-11-18,24.55,24.3554,HPG,80_20,SVR
2025-11-19,24.64,24.5352,HPG,80_20,SVR
2025-11-20,24.33,24.625,HPG,80_20,SVR
2025-11-21,24.46,24.3155,HPG,80_20,SVR
2025-11-24,24.19,24.4453,HPG,80_20,SVR
2025-11-25,24.01,24.1757,HPG,80_20,SVR
2025-11-26,24.19,23.996,HPG,80_20,SVR
2025-11-27,24.01,24.1757,HPG,80_20,SVR
2025-11-28,23.7,23.996,HPG,80_20,SVR
2025-12-01,23.66,23.6865,HPG,80_20,SVR
2025-12-02,23.66,23.6465,HPG,80_20,SVR
2025-12-03,23.93,23.6465,HPG,80_20,SVR
2025-12-04,24.37,23.9161,HPG,80_20,SVR
2025-12-05,24.1,24.3554,HPG,80_20,SVR
2025-12-08,23.88,24.0859,HPG,80_20,SVR
2025-12-09,23.57,23.8662,HPG,80_20,SVR
2025-12-10,23.79,23.5567,HPG,80_20,SVR
2025-12-11,23.7,23.7763,HPG,80_20,SVR
2025-12-12,23.21,23.6865,HPG,80_20,SVR
2025-12-15,23.43,23.1972,HPG,80_20,SVR
2025-12-16,23.84,23.4169,HPG,80_20,SVR
2025-12-17,23.57,23.8263,HPG,80_20,SVR
2025-12-18,23.57,23.5567,HPG,80_20,SVR
2025-12-19,23.84,23.5567,HPG,80_20,SVR
2025-12-22,24.01,23.8263,HPG,80_20,SVR
2025-12-23,23.88,23.996,HPG,80_20,SVR
2025-12-24,23.7,23.8662,HPG,80_20,SVR
2025-12-25,23.43,23.6865,HPG,80_20,SVR
2025-12-26,24.01,23.4169,HPG,80_20,SVR
2025-12-29,23.84,23.996,HPG,80_20,SVR
2025-12-30,23.66,23.8263,HPG,80_20,SVR
2025-12-31,23.57,23.6465,HPG,80_20,SVR
2026-01-05,23.17,23.5567,HPG,80_20,SVR
2026-01-06,23.17,23.1573,HPG,80_20,SVR
2026-01-07,23.75,23.1573,HPG,80_20,SVR
2026-01-08,23.57,23.7364,HPG,80_20,SVR
2026-01-09,23.39,23.5567,HPG,80_20,SVR
2026-01-12,24.55,23.3769,HPG,80_20,SVR
2026-01-13,24.33,24.5352,HPG,80_20,SVR
2026-01-14,24.33,24.3155,HPG,80_20,SVR
2026-01-15,24.64,24.3155,HPG,80_20,SVR
2026-01-16,24.64,24.625,HPG,80_20,SVR
2026-01-19,24.73,24.625,HPG,80_20,SVR
2026-01-20,24.33,24.7149,HPG,80_20,SVR
2026-01-21,23.93,24.3155,HPG,80_20,SVR
2026-01-22,23.97,23.9161,HPG,80_20,SVR
2026-01-23,23.88,23.9561,HPG,80_20,SVR
2026-01-26,23.48,23.8662,HPG,80_20,SVR
2026-01-27,23.61,23.4668,HPG,80_20,SVR
2026-01-28,23.84,23.5966,HPG,80_20,SVR
2026-01-29,24.19,23.8263,HPG,80_20,SVR
2026-01-30,23.93,24.1757,HPG,80_20,SVR
2026-02-02,23.7,23.9161,HPG,80_20,SVR
2026-02-03,23.88,23.6865,HPG,80_20,SVR
2026-02-04,25.26,23.8662,HPG,80_20,SVR
2026-02-05,24.59,25.2441,HPG,80_20,SVR
2026-02-06,23.93,24.5751,HPG,80_20,SVR
2026-02-09,23.88,23.9161,HPG,80_20,SVR
2026-02-10,23.7,23.8662,HPG,80_20,SVR
2026-02-11,23.97,23.6865,HPG,80_20,SVR
2026-02-12,24.01,23.9561,HPG,80_20,SVR
2026-02-13,23.97,23.996,HPG,80_20,SVR
2026-02-23,24.55,23.9561,HPG,80_20,SVR
2026-02-24,25.26,24.5352,HPG,80_20,SVR
2026-02-25,26.16,25.2441,HPG,80_20,SVR
2026-02-26,26.25,26.1427,HPG,80_20,SVR
2026-02-27,25.71,26.2326,HPG,80_20,SVR
2026-03-02,25.44,25.6934,HPG,80_20,SVR
2026-03-03,24.73,25.4238,HPG,80_20,SVR
2026-03-04,24.73,24.7149,HPG,80_20,SVR
2026-03-05,24.33,24.7149,HPG,80_20,SVR
2026-03-06,24.33,24.3155,HPG,80_20,SVR
2026-03-09,22.63,24.3155,HPG,80_20,SVR
2026-03-10,24.19,22.6181,HPG,80_20,SVR
2026-03-11,24.46,24.1757,HPG,80_20,SVR
2026-03-12,23.93,24.4453,HPG,80_20,SVR
2026-03-13,23.79,23.9161,HPG,80_20,SVR
2026-03-16,23.88,23.7763,HPG,80_20,SVR
2026-03-17,24.01,23.8662,HPG,80_20,SVR
2026-03-18,23.93,23.996,HPG,80_20,SVR
2026-03-19,23.84,23.9161,HPG,80_20,SVR
2026-03-20,23.12,23.8263,HPG,80_20,SVR
2026-03-23,22.76,23.1074,HPG,80_20,SVR
2026-03-24,23.17,22.7479,HPG,80_20,SVR
2026-03-25,23.52,23.1573,HPG,80_20,SVR
2026-03-26,23.12,23.5067,HPG,80_20,SVR
2026-03-27,23.66,23.1074,HPG,80_20,SVR
2026-03-30,24.01,23.6465,HPG,80_20,SVR
2026-03-31,24.01,23.996,HPG,80_20,SVR
2026-04-01,24.24,23.996,HPG,80_20,SVR
2026-04-02,24.42,24.2256,HPG,80_20,SVR
2026-04-03,23.79,24.4054,HPG,80_20,SVR
2026-04-06,23.97,23.7763,HPG,80_20,SVR
2026-04-07,23.93,23.9561,HPG,80_20,SVR
2026-04-08,25.0,23.9161,HPG,80_20,SVR
2026-04-09,25.22,24.9845,HPG,80_20,SVR
2026-04-10,25.0,25.2041,HPG,80_20,SVR
2026-04-13,24.82,24.9845,HPG,80_20,SVR
2026-04-14,25.49,24.8048,HPG,80_20,SVR
2026-04-15,25.04,25.4737,HPG,80_20,SVR
2026-04-16,24.95,25.0244,HPG,80_20,SVR
2026-04-17,25.0,24.9346,HPG,80_20,SVR
2026-04-20,25.4,24.9845,HPG,80_20,SVR
2026-04-21,25.49,25.3839,HPG,80_20,SVR
2026-04-22,25.18,25.4737,HPG,80_20,SVR
2026-04-23,24.82,25.1642,HPG,80_20,SVR
2026-04-24,24.91,24.8048,HPG,80_20,SVR
2026-04-28,24.77,24.8946,HPG,80_20,SVR
2026-04-29,24.77,24.7548,HPG,80_20,SVR
2026-05-04,24.64,24.7548,HPG,80_20,SVR
2026-05-05,24.37,24.625,HPG,80_20,SVR
2026-05-06,24.64,24.3554,HPG,80_20,SVR
2026-05-07,24.77,24.625,HPG,80_20,SVR
2026-05-08,24.86,24.7548,HPG,80_20,SVR
2026-05-11,24.55,24.8447,HPG,80_20,SVR
2026-05-12,24.45,24.5352,HPG,80_20,SVR
2026-05-13,24.64,24.4353,HPG,80_20,SVR
2026-05-14,24.59,24.625,HPG,80_20,SVR
2026-05-15,24.14,24.5751,HPG,80_20,SVR
2026-05-18,24.05,24.1258,HPG,80_20,SVR
2026-05-19,23.86,24.0359,HPG,80_20,SVR
2026-05-20,23.82,23.8462,HPG,80_20,SVR
2026-05-21,24.14,23.8063,HPG,80_20,SVR
2026-05-22,23.95,24.1258,HPG,80_20,SVR
2026-05-25,24.1,23.9361,HPG,80_20,SVR
2026-05-26,24.25,24.0859,HPG,80_20,SVR
2026-05-27,24.15,24.2356,HPG,80_20,SVR
2026-05-28,24.0,24.1358,HPG,80_20,SVR
2026-05-29,24.0,23.986,HPG,80_20,SVR
2026-06-01,24.05,23.986,HPG,80_20,SVR
2026-06-02,23.7,24.0359,HPG,80_20,SVR
2026-06-03,24.15,23.6865,HPG,80_20,SVR
2026-06-04,23.95,24.1358,HPG,80_20,SVR
2026-06-05,23.75,23.9361,HPG,80_20,SVR
2026-06-08,23.3,23.7364,HPG,80_20,SVR
2026-06-09,23.55,23.2871,HPG,80_20,SVR
2026-06-10,23.6,23.5367,HPG,80_20,SVR
2026-06-11,23.3,23.5866,HPG,80_20,SVR
2026-06-12,23.2,23.2871,HPG,80_20,SVR
2026-06-15,24.35,23.1872,HPG,80_20,SVR
2026-06-16,24.2,24.3355,HPG,80_20,SVR
2026-06-17,24.0,24.1857,HPG,80_20,SVR
2026-06-18,23.65,23.986,HPG,80_20,SVR
2026-06-19,23.6,23.6365,HPG,80_20,SVR
2026-06-22,23.6,23.5866,HPG,80_20,SVR
2026-06-23,23.3,23.5866,HPG,80_20,SVR
2026-06-24,23.5,23.2871,HPG,80_20,SVR
2026-06-25,23.4,23.4868,HPG,80_20,SVR
2026-06-26,23.5,23.3869,HPG,80_20,SVR
2026-06-29,23.65,23.4868,HPG,80_20,SVR
2026-06-30,23.3,23.6365,HPG,80_20,SVR
2026-07-01,23.45,23.2871,HPG,80_20,SVR
2026-07-02,23.4,23.4369,HPG,80_20,SVR
2026-07-03,23.25,23.3869,HPG,80_20,SVR
2026-07-06,23.1,23.2372,HPG,80_20,SVR
2026-07-07,23.1,23.0874,HPG,80_20,SVR
2026-07-08,23.2,23.0874,HPG,80_20,SVR
2026-07-09,23.2,23.1872,HPG,80_20,SVR
2026-07-10,22.95,23.1872,HPG,80_20,SVR
2026-07-13,22.4,22.9376,HPG,80_20,SVR
2026-07-14,22.5,22.3885,HPG,80_20,SVR
2026-07-15,22.4,22.4883,HPG,80_20,SVR
2026-07-16,22.2,22.3885,HPG,80_20,SVR
2026-07-17,21.85,22.1888,HPG,80_20,SVR
2026-07-20,20.6,21.8393,HPG,80_20,SVR
2026-07-21,20.8,20.5912,HPG,80_20,SVR
2026-07-22,20.7,20.7909,HPG,80_20,SVR
2026-07-23,20.8,20.6911,HPG,80_20,SVR
2026-07-24,20.8,20.7909,HPG,80_20,SVR
2026-07-27,20.35,20.7909,HPG,80_20,SVR
2026-07-28,21.0,20.3416,HPG,80_20,SVR
2026-07-29,21.65,20.9906,HPG,80_20,SVR
2026-07-30,21.8,21.6396,HPG,80_20,SVR
2026-07-31,21.7,21.7894,HPG,80_20,SVR
2026-08-03,22.55,21.6895,HPG,80_20,SVR
2026-08-04,22.15,22.5382,HPG,80_20,SVR
2026-08-05,22.0,22.1389,HPG,80_20,SVR
2026-08-06,21.85,21.9891,HPG,80_20,SVR
2026-08-07,22.0,21.8393,HPG,80_20,SVR
2026-08-10,22.1,21.9891,HPG,80_20,SVR
2026-08-11,22.05,22.0889,HPG,80_20,SVR
2026-08-12,22.1,22.039,HPG,80_20,SVR
2026-08-13,21.7,22.0889,HPG,80_20,SVR
2026-08-14,21.25,21.6895,HPG,80_20,SVR
2026-08-17,21.2,21.2402,HPG,80_20,SVR
2026-08-18,21.0,21.1903,HPG,80_20,SVR
2026-08-19,21.2,20.9906,HPG,80_20,SVR
2026-08-20,21.15,21.1903,HPG,80_20,SVR
2026-08-21,21.7,21.1404,HPG,80_20,SVR
2026-08-24,22.25,21.6895,HPG,80_20,SVR
2026-08-25,21.8,22.2387,HPG,80_20,SVR
2026-08-26,22.05,21.7894,HPG,80_20,SVR
2026-08-27,22.2,22.039,HPG,80_20,SVR
2026-08-28,22.1,22.1888,HPG,80_20,SVR
2026-09-03,21.6,22.0889,HPG,80_20,SVR
2026-09-04,21.7,21.5897,HPG,80_20,SVR
2026-09-07,21.55,21.6895,HPG,80_20,SVR
2026-09-08,21.85,21.5398,HPG,80_20,SVR
2026-09-09,22.05,21.8393,HPG,80_20,SVR
2026-09-10,21.85,22.039,HPG,80_20,SVR
2026-09-11,21.3,21.8393,HPG,80_20,SVR
2026-09-14,20.9,21.2902,HPG,80_20,SVR
2026-09-15,21.2,20.8908,HPG,80_20,SVR
2026-09-16,20.95,21.1903,HPG,80_20,SVR
2026-09-17,21.2,20.9407,HPG,80_20,SVR
2026-09-18,21.55,21.1903,HPG,80_20,SVR
2026-09-21,21.1,21.5398,HPG,80_20,SVR
2026-09-22,21.15,21.0905,HPG,80_20,SVR
2026-09-23,21.05,21.1404,HPG,80_20,SVR
2026-09-24,20.8,21.0405,HPG,80_20,SVR
2026-09-25,20.65,20.7909,HPG,80_20,SVR
2026-09-28,20.2,20.6412,HPG,80_20,SVR
2026-09-29,20.3,20.1918,HPG,80_20,SVR
2026-09-30,20.15,20.2917,HPG,80_20,SVR
2026-10-01,20.05,20.1419,HPG,80_20,SVR
2026-10-02,20.05,20.0421,HPG,80_20,SVR
2025-03-12,24.05,23.6303,VIC,80_20,SVR
2025-03-13,25.7,24.0296,VIC,80_20,SVR
2025-03-14,26.1,25.6771,VIC,80_20,SVR
2025-03-17,26.05,26.0765,VIC,80_20,SVR
2025-03-18,25.65,26.0265,VIC,80_20,SVR
2025-03-19,25.95,25.6272,VIC,80_20,SVR
2025-03-20,25.75,25.9267,VIC,80_20,SVR
2025-03-21,26.5,25.727,VIC,80_20,SVR
2025-03-24,28.35,26.4758,VIC,80_20,SVR
2025-03-25,28.45,28.323,VIC,80_20,SVR
2025-03-26,28.5,28.4228,VIC,80_20,SVR
2025-03-27,28.55,28.4727,VIC,80_20,SVR
2025-03-28,29.0,28.5227,VIC,80_20,SVR
2025-03-31,29.0,28.972,VIC,80_20,SVR
2025-04-01,29.85,28.972,VIC,80_20,SVR
2025-04-02,30.2,29.8207,VIC,80_20,SVR
2025-04-03,28.1,30.1701,VIC,80_20,SVR
2025-04-04,29.15,28.0734,VIC,80_20,SVR
2025-04-08,27.55,29.1217,VIC,80_20,SVR
2025-04-09,28.5,27.5242,VIC,80_20,SVR
2025-04-10,30.45,28.4727,VIC,80_20,SVR
2025-04-11,32.55,30.4197,VIC,80_20,SVR
2025-04-14,34.8,32.5165,VIC,80_20,SVR
2025-04-15,35.25,34.763,VIC,80_20,SVR
2025-04-16,33.95,35.2123,VIC,80_20,SVR
2025-04-17,35.5,33.9143,VIC,80_20,SVR
2025-04-18,33.05,35.4619,VIC,80_20,SVR
2025-04-21,30.75,33.0157,VIC,80_20,SVR
2025-04-22,29.5,30.7193,VIC,80_20,SVR
2025-04-23,29.3,29.4712,VIC,80_20,SVR
2025-04-24,31.35,29.2715,VIC,80_20,SVR
2025-04-25,33.5,31.3183,VIC,80_20,SVR
2025-04-28,34.0,33.465,VIC,80_20,SVR
2025-04-29,34.0,33.9642,VIC,80_20,SVR
2025-05-05,35.0,33.9642,VIC,80_20,SVR
2025-05-06,35.25,34.9627,VIC,80_20,SVR
2025-05-07,36.7,35.2123,VIC,80_20,SVR
2025-05-08,39.25,36.66,VIC,80_20,SVR
2025-05-09,38.25,39.2061,VIC,80_20,SVR
2025-05-12,39.7,38.2076,VIC,80_20,SVR
2025-05-13,39.8,39.6554,VIC,80_20,SVR
2025-05-14,39.9,39.7552,VIC,80_20,SVR
2025-05-15,39.9,39.8551,VIC,80_20,SVR
2025-05-16,40.0,39.8551,VIC,80_20,SVR
2025-05-19,42.8,39.9549,VIC,80_20,SVR
2025-05-20,45.75,42.7506,VIC,80_20,SVR
2025-05-21,46.75,45.696,VIC,80_20,SVR
2025-05-22,46.25,46.6945,VIC,80_20,SVR
2025-05-23,46.5,46.1952,VIC,80_20,SVR
2025-05-26,47.25,46.4448,VIC,80_20,SVR
2025-05-27,47.25,47.1937,VIC,80_20,SVR
2025-05-28,48.5,47.1937,VIC,80_20,SVR
2025-05-29,48.5,48.4417,VIC,80_20,SVR
2025-05-30,49.2,48.4417,VIC,80_20,SVR
2025-06-02,49.0,49.1407,VIC,80_20,SVR
2025-06-03,49.05,48.941,VIC,80_20,SVR
2025-06-04,49.05,48.9909,VIC,80_20,SVR
2025-06-05,49.0,48.9909,VIC,80_20,SVR
2025-06-06,48.5,48.941,VIC,80_20,SVR
2025-06-09,45.15,48.4417,VIC,80_20,SVR
2025-06-10,45.3,45.0969,VIC,80_20,SVR
2025-06-11,45.1,45.2467,VIC,80_20,SVR
2025-06-12,43.4,45.047,VIC,80_20,SVR
2025-06-13,42.75,43.3496,VIC,80_20,SVR
2025-06-16,42.7,42.7007,VIC,80_20,SVR
2025-06-17,43.85,42.6507,VIC,80_20,SVR
2025-06-18,44.0,43.799,VIC,80_20,SVR
2025-06-19,44.7,43.9487,VIC,80_20,SVR
2025-06-20,43.4,44.6476,VIC,80_20,SVR
2025-06-23,46.4,43.3496,VIC,80_20,SVR
2025-06-24,47.9,46.345,VIC,80_20,SVR
2025-06-25,47.9,47.8427,VIC,80_20,SVR
2025-06-26,47.5,47.8427,VIC,80_20,SVR
2025-06-27,47.75,47.4433,VIC,80_20,SVR
2025-06-30,47.8,47.6929,VIC,80_20,SVR
2025-07-01,47.8,47.7428,VIC,80_20,SVR
2025-07-02,47.7,47.7428,VIC,80_20,SVR
2025-07-03,47.25,47.643,VIC,80_20,SVR
2025-07-04,45.95,47.1937,VIC,80_20,SVR
2025-07-07,46.5,45.8957,VIC,80_20,SVR
2025-07-08,46.65,46.4448,VIC,80_20,SVR
2025-07-09,47.5,46.5946,VIC,80_20,SVR
2025-07-10,50.8,47.4433,VIC,80_20,SVR
2025-07-11,54.0,50.7382,VIC,80_20,SVR
2025-07-14,56.5,53.9332,VIC,80_20,SVR
2025-07-15,55.8,56.4293,VIC,80_20,SVR
2025-07-16,58.7,55.7304,VIC,80_20,SVR
2025-07-17,61.0,58.6259,VIC,80_20,SVR
2025-07-18,59.5,60.9224,VIC,80_20,SVR
2025-07-21,56.0,59.4247,VIC,80_20,SVR
2025-07-22,58.75,55.9301,VIC,80_20,SVR
2025-07-23,57.5,58.6759,VIC,80_20,SVR
2025-07-24,58.0,57.4278,VIC,80_20,SVR
2025-07-25,57.05,57.927,VIC,80_20,SVR
2025-07-28,57.8,56.9785,VIC,80_20,SVR
2025-07-29,56.6,57.7273,VIC,80_20,SVR
2025-07-30,54.75,56.5292,VIC,80_20,SVR
2025-07-31,52.75,54.6821,VIC,80_20,SVR
2025-08-01,52.0,52.6852,VIC,80_20,SVR
2025-08-04,55.6,51.9363,VIC,80_20,SVR
2025-08-05,58.75,55.5307,VIC,80_20,SVR
2025-08-06,59.25,58.6759,VIC,80_20,SVR
2025-08-07,57.5,59.1751,VIC,80_20,SVR
2025-08-08,58.5,57.4278,VIC,80_20,SVR
2025-08-11,57.75,58.4262,VIC,80_20,SVR
2025-08-12,57.75,57.6774,VIC,80_20,SVR
2025-08-13,58.0,57.6774,VIC,80_20,SVR
2025-08-14,59.1,57.927,VIC,80_20,SVR
2025-08-15,59.1,59.0253,VIC,80_20,SVR
2025-08-18,59.1,59.0253,VIC,80_20,SVR
2025-08-19,59.1,59.0253,VIC,80_20,SVR
2025-08-20,62.1,59.0253,VIC,80_20,SVR
2025-08-21,62.5,62.0207,VIC,80_20,SVR
2025-08-22,62.05,62.42,VIC,80_20,SVR
2025-08-25,65.5,61.9707,VIC,80_20,SVR
2025-08-26,67.75,65.4154,VIC,80_20,SVR
2025-08-27,66.0,67.6619,VIC,80_20,SVR
2025-08-28,65.05,65.9146,VIC,80_20,SVR
2025-08-29,64.15,64.9661,VIC,80_20,SVR
2025-09-03,62.5,64.0675,VIC,80_20,SVR
2025-09-04,62.5,62.42,VIC,80_20,SVR
2025-09-05,62.5,62.42,VIC,80_20,SVR
2025-09-08,62.5,62.42,VIC,80_20,SVR
2025-09-09,64.6,62.42,VIC,80_20,SVR
2025-09-10,65.45,64.5168,VIC,80_20,SVR
2025-09-11,68.0,65.3655,VIC,80_20,SVR
2025-09-12,68.9,67.9115,VIC,80_20,SVR
2025-09-15,68.9,68.8101,VIC,80_20,SVR
2025-09-16,67.5,68.8101,VIC,80_20,SVR
2025-09-17,71.55,67.4123,VIC,80_20,SVR
2025-09-18,72.5,71.456,VIC,80_20,SVR
2025-09-19,76.6,72.4045,VIC,80_20,SVR
2025-09-22,74.4,76.4982,VIC,80_20,SVR
2025-09-23,74.6,74.3016,VIC,80_20,SVR
2025-09-24,74.5,74.5013,VIC,80_20,SVR
2025-09-25,79.0,74.4014,VIC,80_20,SVR
2025-09-26,82.0,78.8945,VIC,80_20,SVR
2025-09-29,86.4,81.8898,VIC,80_20,SVR
2025-09-30,87.45,86.283,VIC,80_20,SVR
2025-10-01,85.0,87.3314,VIC,80_20,SVR
2025-10-02,85.5,84.8852,VIC,80_20,SVR
2025-10-03,88.25,85.3844,VIC,80_20,SVR
2025-10-06,89.85,88.1301,VIC,80_20,SVR
2025-10-07,90.0,89.7276,VIC,80_20,SVR
2025-10-08,89.05,89.8774,VIC,80_20,SVR
2025-10-09,89.75,88.9289,VIC,80_20,SVR
2025-10-10,96.0,89.6278,VIC,80_20,SVR
2025-10-13,102.7,95.8681,VIC,80_20,SVR
2025-10-14,105.95,102.5577,VIC,80_20,SVR
2025-10-15,104.75,105.8027,VIC,80_20,SVR
2025-10-16,106.55,104.6046,VIC,80_20,SVR
2025-10-17,102.0,106.4018,VIC,80_20,SVR
2025-10-20,97.45,101.8588,VIC,80_20,SVR
2025-10-21,101.7,97.3159,VIC,80_20,SVR
2025-10-22,101.5,101.5593,VIC,80_20,SVR
2025-10-23,107.5,101.3596,VIC,80_20,SVR
2025-10-24,109.5,107.3503,VIC,80_20,SVR
2025-10-27,107.0,109.3472,VIC,80_20,SVR
2025-10-28,110.05,106.8511,VIC,80_20,SVR
2025-10-29,106.0,109.8963,VIC,80_20,SVR
2025-10-30,102.05,105.8526,VIC,80_20,SVR
2025-10-31,95.5,101.9087,VIC,80_20,SVR
2025-11-03,97.7,95.3689,VIC,80_20,SVR
2025-11-04,100.5,97.5655,VIC,80_20,SVR
2025-11-05,103.25,100.3611,VIC,80_20,SVR
2025-11-06,103.9,103.1069,VIC,80_20,SVR
2025-11-07,99.85,103.7559,VIC,80_20,SVR
2025-11-10,99.5,99.7121,VIC,80_20,SVR
2025-11-11,100.5,99.3627,VIC,80_20,SVR
2025-11-12,105.6,100.3611,VIC,80_20,SVR
2025-11-13,105.6,105.4532,VIC,80_20,SVR
2025-11-14,105.5,105.4532,VIC,80_20,SVR
2025-11-17,108.5,105.3534,VIC,80_20,SVR
2025-11-18,110.0,108.3487,VIC,80_20,SVR
2025-11-19,110.25,109.8464,VIC,80_20,SVR
2025-11-20,114.0,110.096,VIC,80_20,SVR
2025-11-21,114.85,113.8402,VIC,80_20,SVR
2025-11-24,119.75,114.6889,VIC,80_20,SVR
2025-11-25,121.5,119.5813,VIC,80_20,SVR
2025-11-26,122.5,121.3286,VIC,80_20,SVR
2025-11-27,124.0,122.327,VIC,80_20,SVR
2025-11-28,130.2,123.8247,VIC,80_20,SVR
2025-12-01,134.95,130.0151,VIC,80_20,SVR
2025-12-02,137.5,134.7577,VIC,80_20,SVR
2025-12-03,134.7,137.3038,VIC,80_20,SVR
2025-12-04,133.5,134.5081,VIC,80_20,SVR
2025-12-05,142.8,133.31,VIC,80_20,SVR
2025-12-08,152.7,142.5956,VIC,80_20,SVR
2025-12-09,160.0,152.4802,VIC,80_20,SVR
2025-12-10,148.8,159.7689,VIC,80_20,SVR
2025-12-11,146.0,148.5863,VIC,80_20,SVR
2025-12-12,144.0,145.7906,VIC,80_20,SVR
2025-12-15,142.9,143.7937,VIC,80_20,SVR
2025-12-16,142.9,142.6954,VIC,80_20,SVR
2025-12-17,142.9,142.6954,VIC,80_20,SVR
2025-12-18,142.7,142.6954,VIC,80_20,SVR
2025-12-19,148.5,142.4957,VIC,80_20,SVR
2025-12-22,158.8,148.2867,VIC,80_20,SVR
2025-12-23,169.9,158.5708,VIC,80_20,SVR
2025-12-24,169.8,169.6536,VIC,80_20,SVR
2025-12-25,158.0,169.5537,VIC,80_20,SVR
2025-12-26,155.0,157.772,VIC,80_20,SVR
2025-12-29,159.7,154.7767,VIC,80_20,SVR
2025-12-30,163.0,159.4694,VIC,80_20,SVR
2025-12-31,169.6,162.7643,VIC,80_20,SVR
2026-01-05,173.1,169.354,VIC,80_20,SVR
2026-01-06,173.1,172.8486,VIC,80_20,SVR
2026-01-07,179.0,172.8486,VIC,80_20,SVR
2026-01-08,176.6,178.7395,VIC,80_20,SVR
2026-01-09,176.0,176.3432,VIC,80_20,SVR
2026-01-12,163.7,175.7441,VIC,80_20,SVR
2026-01-13,167.9,163.4632,VIC,80_20,SVR
2026-01-14,160.2,167.6567,VIC,80_20,SVR
2026-01-15,153.0,159.9686,VIC,80_20,SVR
2026-01-16,159.9,152.7798,VIC,80_20,SVR
2026-01-19,162.0,159.6691,VIC,80_20,SVR
2026-01-20,161.0,161.7658,VIC,80_20,SVR
2026-01-21,160.5,160.7674,VIC,80_20,SVR
2026-01-22,161.1,160.2681,VIC,80_20,SVR
2026-01-23,165.4,160.8672,VIC,80_20,SVR
2026-01-26,159.9,165.1605,VIC,80_20,SVR
2026-01-27,151.0,159.6691,VIC,80_20,SVR
2026-01-28,140.5,150.7829,VIC,80_20,SVR
2026-01-29,140.5,140.2991,VIC,80_20,SVR
2026-01-30,140.5,140.2991,VIC,80_20,SVR
2026-02-02,130.7,140.2991,VIC,80_20,SVR
2026-02-03,130.7,130.5143,VIC,80_20,SVR
2026-02-04,121.6,130.5143,VIC,80_20,SVR
2026-02-05,130.1,121.4284,VIC,80_20,SVR
2026-02-06,131.0,129.9153,VIC,80_20,SVR
2026-02-09,132.3,130.8139,VIC,80_20,SVR
2026-02-10,141.5,132.1118,VIC,80_20,SVR
2026-02-11,150.8,141.2976,VIC,80_20,SVR
2026-02-12,159.0,150.5832,VIC,80_20,SVR
2026-02-13,160.0,158.7705,VIC,80_20,SVR
2026-02-23,162.3,159.7689,VIC,80_20,SVR
2026-02-24,162.9,162.0653,VIC,80_20,SVR
2026-02-25,158.0,162.6644,VIC,80_20,SVR
2026-02-26,168.9,157.772,VIC,80_20,SVR
2026-02-27,172.0,168.6551,VIC,80_20,SVR
2026-03-02,167.2,171.7503,VIC,80_20,SVR
2026-03-03,155.5,166.9577,VIC,80_20,SVR
2026-03-04,155.6,155.2759,VIC,80_20,SVR
2026-03-05,164.8,155.3757,VIC,80_20,SVR
2026-03-06,156.5,164.5615,VIC,80_20,SVR
2026-03-09,145.6,156.2743,VIC,80_20,SVR
2026-03-10,141.8,145.3912,VIC,80_20,SVR
2026-03-11,146.0,141.5971,VIC,80_20,SVR
2026-03-12,145.0,145.7906,VIC,80_20,SVR
2026-03-13,144.6,144.7922,VIC,80_20,SVR
2026-03-16,144.7,144.3928,VIC,80_20,SVR
2026-03-17,146.2,144.4926,VIC,80_20,SVR
2026-03-18,146.0,145.9903,VIC,80_20,SVR
2026-03-19,145.0,145.7906,VIC,80_20,SVR
2026-03-20,135.0,144.7922,VIC,80_20,SVR
2026-03-23,125.6,134.8077,VIC,80_20,SVR
2026-03-24,124.0,125.4222,VIC,80_20,SVR
2026-03-25,128.7,123.8247,VIC,80_20,SVR
2026-03-26,130.0,128.5174,VIC,80_20,SVR
2026-03-27,132.6,129.8154,VIC,80_20,SVR
2026-03-30,129.5,132.4114,VIC,80_20,SVR
2026-03-31,135.0,129.3162,VIC,80_20,SVR
2026-04-01,141.0,134.8077,VIC,80_20,SVR
2026-04-02,139.9,140.7984,VIC,80_20,SVR
2026-04-03,141.0,139.7001,VIC,80_20,SVR
2026-04-06,141.6,140.7984,VIC,80_20,SVR
2026-04-07,143.4,141.3974,VIC,80_20,SVR
2026-04-08,153.4,143.1946,VIC,80_20,SVR
2026-04-09,149.2,153.1791,VIC,80_20,SVR
2026-04-10,151.7,148.9856,VIC,80_20,SVR
2026-04-13,160.0,151.4818,VIC,80_20,SVR
2026-04-14,165.5,159.7689,VIC,80_20,SVR
2026-04-15,177.0,165.2604,VIC,80_20,SVR
2026-04-16,189.3,176.7426,VIC,80_20,SVR
2026-04-17,187.9,189.0235,VIC,80_20,SVR
2026-04-20,191.0,187.6257,VIC,80_20,SVR
2026-04-21,193.7,190.7209,VIC,80_20,SVR
2026-04-22,207.2,193.4167,VIC,80_20,SVR
2026-04-23,214.5,206.8957,VIC,80_20,SVR
2026-04-24,212.1,214.1844,VIC,80_20,SVR
2026-04-28,225.5,211.7881,VIC,80_20,SVR
2026-04-29,214.0,225.1674,VIC,80_20,SVR
2026-05-04,212.0,213.6852,VIC,80_20,SVR
2026-05-05,219.5,211.6883,VIC,80_20,SVR
2026-05-06,219.5,219.1767,VIC,80_20,SVR
2026-05-07,224.0,219.1767,VIC,80_20,SVR
2026-05-08,226.0,223.6697,VIC,80_20,SVR
2026-05-11,223.0,225.6666,VIC,80_20,SVR
2026-05-12,222.0,222.6713,VIC,80_20,SVR
2026-05-13,221.0,221.6728,VIC,80_20,SVR
2026-05-14,229.8,220.6744,VIC,80_20,SVR
2026-05-15,228.0,229.4607,VIC,80_20,SVR
2026-05-18,225.0,227.6635,VIC,80_20,SVR
2026-05-19,225.1,224.6682,VIC,80_20,SVR
2026-05-20,226.7,224.768,VIC,80_20,SVR
2026-05-21,218.7,226.3655,VIC,80_20,SVR
2026-05-22,216.5,218.3779,VIC,80_20,SVR
2026-05-25,218.8,216.1813,VIC,80_20,SVR
2026-05-26,213.0,218.4778,VIC,80_20,SVR
2026-05-27,210.8,212.6868,VIC,80_20,SVR
2026-05-28,210.8,210.4902,VIC,80_20,SVR
2026-05-29,211.3,210.4902,VIC,80_20,SVR
2026-06-01,204.9,210.9894,VIC,80_20,SVR
2026-06-02,204.9,204.5993,VIC,80_20,SVR
2026-06-03,197.6,204.5993,VIC,80_20,SVR
2026-06-04,200.2,197.3106,VIC,80_20,SVR
2026-06-05,207.0,199.9066,VIC,80_20,SVR
2026-06-08,195.0,206.6961,VIC,80_20,SVR
2026-06-09,193.2,194.7147,VIC,80_20,SVR
2026-06-10,196.0,192.9174,VIC,80_20,SVR
2026-06-11,196.0,195.7131,VIC,80_20,SVR
2026-06-12,195.5,195.7131,VIC,80_20,SVR
2026-06-15,192.6,195.2139,VIC,80_20,SVR
2026-06-16,194.0,192.3184,VIC,80_20,SVR
2026-06-17,192.0,193.7162,VIC,80_20,SVR
2026-06-18,205.4,191.7193,VIC,80_20,SVR
2026-06-19,205.5,205.0985,VIC,80_20,SVR
2026-06-22,219.8,205.1984,VIC,80_20,SVR
2026-06-23,229.0,219.4762,VIC,80_20,SVR
2026-06-24,230.5,228.662,VIC,80_20,SVR
2026-06-25,225.0,230.1596,VIC,80_20,SVR
2026-06-26,228.0,224.6682,VIC,80_20,SVR
2026-06-29,217.2,227.6635,VIC,80_20,SVR
2026-06-30,220.0,216.8802,VIC,80_20,SVR
2026-07-01,217.1,219.6759,VIC,80_20,SVR
2026-07-02,220.3,216.7804,VIC,80_20,SVR
2026-07-03,220.3,219.9754,VIC,80_20,SVR
2026-07-06,220.3,219.9754,VIC,80_20,SVR
2026-07-07,220.3,219.9754,VIC,80_20,SVR
2026-07-08,220.7,219.9754,VIC,80_20,SVR
2026-07-09,221.0,220.3748,VIC,80_20,SVR
2026-07-10,223.0,220.6744,VIC,80_20,SVR
2026-07-13,221.5,222.6713,VIC,80_20,SVR
2026-07-14,219.0,221.1736,VIC,80_20,SVR
2026-07-15,217.0,218.6775,VIC,80_20,SVR
2026-07-16,223.0,216.6806,VIC,80_20,SVR
2026-07-17,220.0,222.6713,VIC,80_20,SVR
2026-07-20,220.0,219.6759,VIC,80_20,SVR
2026-07-21,217.3,219.6759,VIC,80_20,SVR
2026-07-22,202.1,216.9801,VIC,80_20,SVR
2026-07-23,214.0,201.8036,VIC,80_20,SVR
2026-07-24,213.1,213.6852,VIC,80_20,SVR
2026-07-27,213.5,212.7866,VIC,80_20,SVR
2026-07-28,213.8,213.186,VIC,80_20,SVR
2026-07-29,219.4,213.4855,VIC,80_20,SVR
2026-07-30,220.0,219.0768,VIC,80_20,SVR
2026-07-31,214.1,219.6759,VIC,80_20,SVR
2026-08-03,213.0,213.785,VIC,80_20,SVR
2026-08-04,218.0,212.6868,VIC,80_20,SVR
2026-08-05,220.0,217.679,VIC,80_20,SVR
2026-08-06,218.8,219.6759,VIC,80_20,SVR
2026-08-07,215.0,218.4778,VIC,80_20,SVR
2026-08-10,208.5,214.6837,VIC,80_20,SVR
2026-08-11,208.5,208.1937,VIC,80_20,SVR
2026-08-12,215.5,208.1937,VIC,80_20,SVR
2026-08-13,207.9,215.1829,VIC,80_20,SVR
2026-08-14,200.4,207.5947,VIC,80_20,SVR
2026-08-17,198.0,200.1063,VIC,80_20,SVR
2026-08-18,200.0,197.71,VIC,80_20,SVR
2026-08-19,200.0,199.7069,VIC,80_20,SVR
2026-08-20,202.0,199.7069,VIC,80_20,SVR
2026-08-21,205.0,201.7038,VIC,80_20,SVR
2026-08-24,214.5,204.6992,VIC,80_20,SVR
2026-08-25,220.5,214.1844,VIC,80_20,SVR
2026-08-26,230.0,220.1751,VIC,80_20,SVR
2026-08-27,236.0,229.6604,VIC,80_20,SVR
2026-08-28,236.0,235.6511,VIC,80_20,SVR
2026-09-03,244.5,235.6511,VIC,80_20,SVR
2026-09-04,256.1,244.1379,VIC,80_20,SVR
2026-09-07,245.0,255.7199,VIC,80_20,SVR
2026-09-08,249.6,244.6372,VIC,80_20,SVR
2026-09-09,247.7,249.23,VIC,80_20,SVR
2026-09-10,247.7,247.333,VIC,80_20,SVR
2026-09-11,243.3,247.333,VIC,80_20,SVR
2026-09-14,241.4,242.9398,VIC,80_20,SVR
2026-09-15,241.3,241.0427,VIC,80_20,SVR
2026-09-16,241.2,240.9429,VIC,80_20,SVR
2026-09-17,241.2,240.843,VIC,80_20,SVR
2026-09-18,241.2,240.843,VIC,80_20,SVR
2026-09-21,235.0,240.843,VIC,80_20,SVR
2026-09-22,243.8,234.6527,VIC,80_20,SVR
2026-09-23,236.0,243.439,VIC,80_20,SVR
2026-09-24,230.0,235.6511,VIC,80_20,SVR
2026-09-25,232.0,229.6604,VIC,80_20,SVR
2026-09-28,231.9,231.6573,VIC,80_20,SVR
2026-09-29,230.0,231.5575,VIC,80_20,SVR
2026-09-30,227.9,229.6604,VIC,80_20,SVR
2026-10-01,220.0,227.5637,VIC,80_20,SVR
2026-10-02,224.0,219.6759,VIC,80_20,SVR
2025-03-12,55.56,55.7314,VNM,80_20,SVR
2025-03-13,55.38,55.5518,VNM,80_20,SVR
2025-03-14,55.47,55.3721,VNM,80_20,SVR
2025-03-17,56.28,55.462,VNM,80_20,SVR
2025-03-18,55.83,56.2703,VNM,80_20,SVR
2025-03-19,55.65,55.8212,VNM,80_20,SVR
2025-03-20,55.21,55.6416,VNM,80_20,SVR
2025-03-21,54.76,55.2025,VNM,80_20,SVR
2025-03-24,54.85,54.7534,VNM,80_20,SVR
2025-03-25,54.85,54.8432,VNM,80_20,SVR
2025-03-26,54.67,54.8432,VNM,80_20,SVR
2025-03-27,54.58,54.6636,VNM,80_20,SVR
2025-03-28,53.87,54.5738,VNM,80_20,SVR
2025-03-31,54.13,53.8652,VNM,80_20,SVR
2025-04-01,54.31,54.1247,VNM,80_20,SVR
2025-04-02,54.04,54.3043,VNM,80_20,SVR
2025-04-03,50.47,54.0349,VNM,80_20,SVR
2025-04-04,52.26,50.4722,VNM,80_20,SVR
2025-04-08,48.68,52.2585,VNM,80_20,SVR
2025-04-09,46.45,48.6858,VNM,80_20,SVR
2025-04-10,49.67,46.4604,VNM,80_20,SVR
2025-04-11,51.36,49.6738,VNM,80_20,SVR
2025-04-14,50.83,51.3604,VNM,80_20,SVR
2025-04-15,50.29,50.8314,VNM,80_20,SVR
2025-04-16,50.02,50.2925,VNM,80_20,SVR
2025-04-17,50.02,50.0231,VNM,80_20,SVR
2025-04-18,50.56,50.0231,VNM,80_20,SVR
2025-04-21,50.65,50.562,VNM,80_20,SVR
2025-04-22,50.02,50.6518,VNM,80_20,SVR
2025-04-23,50.38,50.0231,VNM,80_20,SVR
2025-04-24,50.29,50.3824,VNM,80_20,SVR
2025-04-25,52.08,50.2925,VNM,80_20,SVR
2025-04-28,51.36,52.0789,VNM,80_20,SVR
2025-04-29,51.45,51.3604,VNM,80_20,SVR
2025-05-05,50.83,51.4502,VNM,80_20,SVR
2025-05-06,50.83,50.8314,VNM,80_20,SVR
2025-05-07,51.1,50.8314,VNM,80_20,SVR
2025-05-08,51.27,51.1009,VNM,80_20,SVR
2025-05-09,51.54,51.2705,VNM,80_20,SVR
2025-05-12,52.35,51.54,VNM,80_20,SVR
2025-05-13,52.26,52.3483,VNM,80_20,SVR
2025-05-14,51.98,52.2585,VNM,80_20,SVR
2025-05-15,52.54,51.9791,VNM,80_20,SVR
2025-05-16,51.98,52.5379,VNM,80_20,SVR
2025-05-19,51.8,51.9791,VNM,80_20,SVR
2025-05-20,51.7,51.7995,VNM,80_20,SVR
2025-05-21,51.24,51.6997,VNM,80_20,SVR
2025-05-22,50.87,51.2406,VNM,80_20,SVR
2025-05-23,51.15,50.8714,VNM,80_20,SVR
2025-05-26,51.52,51.1508,VNM,80_20,SVR
2025-05-27,51.24,51.52,VNM,80_20,SVR
2025-05-28,51.06,51.2406,VNM,80_20,SVR
2025-05-29,50.96,51.061,VNM,80_20,SVR
2025-05-30,50.78,50.9612,VNM,80_20,SVR
2025-06-02,50.5,50.7815,VNM,80_20,SVR
2025-06-03,51.33,50.5021,VNM,80_20,SVR
2025-06-04,52.63,51.3304,VNM,80_20,SVR
2025-06-05,52.07,52.6278,VNM,80_20,SVR
2025-06-06,51.15,52.0689,VNM,80_20,SVR
2025-06-09,51.15,51.1508,VNM,80_20,SVR
2025-06-10,51.15,51.1508,VNM,80_20,SVR
2025-06-11,51.06,51.1508,VNM,80_20,SVR
2025-06-12,51.7,51.061,VNM,80_20,SVR
2025-06-13,51.33,51.6997,VNM,80_20,SVR
2025-06-16,52.07,51.3304,VNM,80_20,SVR
2025-06-17,51.98,52.0689,VNM,80_20,SVR
2025-06-18,51.8,51.9791,VNM,80_20,SVR
2025-06-19,51.89,51.7995,VNM,80_20,SVR
2025-06-20,52.35,51.8893,VNM,80_20,SVR
2025-06-23,51.7,52.3483,VNM,80_20,SVR
2025-06-24,52.17,51.6997,VNM,80_20,SVR
2025-06-25,52.54,52.1687,VNM,80_20,SVR
2025-06-26,52.17,52.5379,VNM,80_20,SVR
2025-06-27,53.46,52.1687,VNM,80_20,SVR
2025-06-30,53.65,53.4561,VNM,80_20,SVR
2025-07-01,53.18,53.6457,VNM,80_20,SVR
2025-07-02,53.37,53.1766,VNM,80_20,SVR
2025-07-03,53.18,53.3662,VNM,80_20,SVR
2025-07-04,53.46,53.1766,VNM,80_20,SVR
2025-07-07,53.55,53.4561,VNM,80_20,SVR
2025-07-08,54.57,53.5459,VNM,80_20,SVR
2025-07-09,55.68,54.5638,VNM,80_20,SVR
2025-07-10,55.22,55.6715,VNM,80_20,SVR
2025-07-11,55.31,55.2125,VNM,80_20,SVR
2025-07-14,55.77,55.3023,VNM,80_20,SVR
2025-07-15,55.59,55.7613,VNM,80_20,SVR
2025-07-16,55.59,55.5817,VNM,80_20,SVR
2025-07-17,55.59,55.5817,VNM,80_20,SVR
2025-07-18,55.68,55.5817,VNM,80_20,SVR
2025-07-21,55.5,55.6715,VNM,80_20,SVR
2025-07-22,55.68,55.4919,VNM,80_20,SVR
2025-07-23,57.07,55.6715,VNM,80_20,SVR
2025-07-24,58.92,57.0587,VNM,80_20,SVR
2025-07-25,58.45,58.9049,VNM,80_20,SVR
2025-07-28,58.55,58.4359,VNM,80_20,SVR
2025-07-29,58.45,58.5357,VNM,80_20,SVR
2025-07-30,58.18,58.4359,VNM,80_20,SVR
2025-07-31,56.61,58.1664,VNM,80_20,SVR
2025-08-01,55.5,56.5996,VNM,80_20,SVR
2025-08-04,55.87,55.4919,VNM,80_20,SVR
2025-08-05,55.59,55.8611,VNM,80_20,SVR
2025-08-06,56.7,55.5817,VNM,80_20,SVR
2025-08-07,56.33,56.6894,VNM,80_20,SVR
2025-08-08,56.24,56.3202,VNM,80_20,SVR
2025-08-11,56.88,56.2304,VNM,80_20,SVR
2025-08-12,57.16,56.8691,VNM,80_20,SVR
2025-08-13,56.51,57.1485,VNM,80_20,SVR
2025-08-14,57.07,56.4998,VNM,80_20,SVR
2025-08-15,56.42,57.0587,VNM,80_20,SVR
2025-08-18,56.14,56.41,VNM,80_20,SVR
2025-08-19,55.96,56.1306,VNM,80_20,SVR
2025-08-20,55.5,55.951,VNM,80_20,SVR
2025-08-21,55.59,55.4919,VNM,80_20,SVR
2025-08-22,54.29,55.5817,VNM,80_20,SVR
2025-08-25,54.29,54.2844,VNM,80_20,SVR
2025-08-26,55.22,54.2844,VNM,80_20,SVR
2025-08-27,55.96,55.2125,VNM,80_20,SVR
2025-08-28,56.42,55.951,VNM,80_20,SVR
2025-08-29,55.77,56.41,VNM,80_20,SVR
2025-09-03,56.88,55.7613,VNM,80_20,SVR
2025-09-04,57.16,56.8691,VNM,80_20,SVR
2025-09-05,56.33,57.1485,VNM,80_20,SVR
2025-09-08,56.05,56.3202,VNM,80_20,SVR
2025-09-09,55.77,56.0408,VNM,80_20,SVR
2025-09-10,55.31,55.7613,VNM,80_20,SVR
2025-09-11,56.61,55.3023,VNM,80_20,SVR
2025-09-12,58.45,56.5996,VNM,80_20,SVR
2025-09-15,58.36,58.4359,VNM,80_20,SVR
2025-09-16,59.84,58.3461,VNM,80_20,SVR
2025-09-17,60.21,59.823,VNM,80_20,SVR
2025-09-18,58.82,60.1923,VNM,80_20,SVR
2025-09-19,57.35,58.8051,VNM,80_20,SVR
2025-09-22,56.79,57.3381,VNM,80_20,SVR
2025-09-23,56.98,56.7793,VNM,80_20,SVR
2025-09-24,57.35,56.9689,VNM,80_20,SVR
2025-09-25,56.88,57.3381,VNM,80_20,SVR
2025-09-26,56.51,56.8691,VNM,80_20,SVR
2025-09-29,55.77,56.4998,VNM,80_20,SVR
2025-09-30,55.5,55.7613,VNM,80_20,SVR
2025-10-01,57.44,55.4919,VNM,80_20,SVR
2025-10-02,56.61,57.4279,VNM,80_20,SVR
2025-10-03,56.7,56.5996,VNM,80_20,SVR
2025-10-06,57.72,56.6894,VNM,80_20,SVR
2025-10-07,56.79,57.7074,VNM,80_20,SVR
2025-10-08,58.64,56.7793,VNM,80_20,SVR
2025-10-09,58.18,58.6255,VNM,80_20,SVR
2025-10-10,57.72,58.1664,VNM,80_20,SVR
2025-10-13,59.19,57.7074,VNM,80_20,SVR
2025-10-14,58.73,59.1744,VNM,80_20,SVR
2025-10-15,58.82,58.7153,VNM,80_20,SVR
2025-10-16,59.26,58.8051,VNM,80_20,SVR
2025-10-17,56.94,59.2442,VNM,80_20,SVR
2025-10-20,53.26,56.929,VNM,80_20,SVR
2025-10-21,54.71,53.2565,VNM,80_20,SVR
2025-10-22,54.52,54.7035,VNM,80_20,SVR
2025-10-23,54.81,54.5139,VNM,80_20,SVR
2025-10-24,56.26,54.8033,VNM,80_20,SVR
2025-10-27,55.19,56.2503,VNM,80_20,SVR
2025-10-28,55.58,55.1825,VNM,80_20,SVR
2025-10-29,55.68,55.5717,VNM,80_20,SVR
2025-10-30,55.29,55.6715,VNM,80_20,SVR
2025-10-31,55.77,55.2823,VNM,80_20,SVR
2025-11-03,55.48,55.7613,VNM,80_20,SVR
2025-11-04,55.48,55.4719,VNM,80_20,SVR
2025-11-05,56.16,55.4719,VNM,80_20,SVR
2025-11-06,56.16,56.1505,VNM,80_20,SVR
2025-11-07,55.77,56.1505,VNM,80_20,SVR
2025-11-10,55.19,55.7613,VNM,80_20,SVR
2025-11-11,57.03,55.1825,VNM,80_20,SVR
2025-11-12,57.9,57.0188,VNM,80_20,SVR
2025-11-13,59.84,57.887,VNM,80_20,SVR
2025-11-14,60.81,59.823,VNM,80_20,SVR
2025-11-17,60.13,60.791,VNM,80_20,SVR
2025-11-18,58.78,60.1124,VNM,80_20,SVR
2025-11-19,58.97,58.7652,VNM,80_20,SVR
2025-11-20,58.78,58.9548,VNM,80_20,SVR
2025-11-21,58.0,58.7652,VNM,80_20,SVR
2025-11-24,61.0,57.9868,VNM,80_20,SVR
2025-11-25,59.94,60.9807,VNM,80_20,SVR
2025-11-26,60.81,59.9228,VNM,80_20,SVR
2025-11-27,60.03,60.791,VNM,80_20,SVR
2025-11-28,61.97,60.0126,VNM,80_20,SVR
2025-12-01,62.84,61.9487,VNM,80_20,SVR
2025-12-02,62.94,62.8169,VNM,80_20,SVR
2025-12-03,62.55,62.9167,VNM,80_20,SVR
2025-12-04,61.39,62.5275,VNM,80_20,SVR
2025-12-05,61.39,61.3699,VNM,80_20,SVR
2025-12-08,61.49,61.3699,VNM,80_20,SVR
2025-12-09,60.52,61.4697,VNM,80_20,SVR
2025-12-10,61.1,60.5016,VNM,80_20,SVR
2025-12-11,59.55,61.0805,VNM,80_20,SVR
2025-12-12,58.29,59.5336,VNM,80_20,SVR
2025-12-15,60.03,58.2762,VNM,80_20,SVR
2025-12-16,62.16,60.0126,VNM,80_20,SVR
2025-12-17,60.91,62.1383,VNM,80_20,SVR
2025-12-18,61.87,60.8908,VNM,80_20,SVR
2025-12-19,61.97,61.8489,VNM,80_20,SVR
2025-12-22,61.2,61.9487,VNM,80_20,SVR
2025-12-23,60.62,61.1803,VNM,80_20,SVR
2025-12-24,59.55,60.6014,VNM,80_20,SVR
2025-12-25,59.36,59.5336,VNM,80_20,SVR
2025-12-26,59.55,59.344,VNM,80_20,SVR
2025-12-29,60.13,59.5336,VNM,80_20,SVR
2025-12-30,59.84,60.1124,VNM,80_20,SVR
2025-12-31,59.26,59.823,VNM,80_20,SVR
2026-01-05,58.39,59.2442,VNM,80_20,SVR
2026-01-06,58.87,58.376,VNM,80_20,SVR
2026-01-07,58.97,58.855,VNM,80_20,SVR
2026-01-08,60.23,58.9548,VNM,80_20,SVR
2026-01-09,59.07,60.2122,VNM,80_20,SVR
2026-01-12,60.71,59.0546,VNM,80_20,SVR
2026-01-13,61.29,60.6913,VNM,80_20,SVR
2026-01-14,65.55,61.2701,VNM,80_20,SVR
2026-01-15,68.75,65.5214,VNM,80_20,SVR
2026-01-16,67.39,68.7148,VNM,80_20,SVR
2026-01-19,68.36,67.3576,VNM,80_20,SVR
2026-01-20,71.07,68.3256,VNM,80_20,SVR
2026-01-21,68.07,71.0301,VNM,80_20,SVR
2026-01-22,68.65,68.0362,VNM,80_20,SVR
2026-01-23,65.07,68.615,VNM,80_20,SVR
2026-01-26,66.72,65.0423,VNM,80_20,SVR
2026-01-27,65.55,66.689,VNM,80_20,SVR
2026-01-28,65.55,65.5214,VNM,80_20,SVR
2026-01-29,68.85,65.5214,VNM,80_20,SVR
2026-01-30,68.36,68.8146,VNM,80_20,SVR
2026-02-02,70.3,68.3256,VNM,80_20,SVR
2026-02-03,69.33,70.2617,VNM,80_20,SVR
2026-02-04,69.72,69.2936,VNM,80_20,SVR
2026-02-05,66.91,69.6828,VNM,80_20,SVR
2026-02-06,66.91,66.8786,VNM,80_20,SVR
2026-02-09,67.39,66.8786,VNM,80_20,SVR
2026-02-10,66.23,67.3576,VNM,80_20,SVR
2026-02-11,66.91,66.2,VNM,80_20,SVR
2026-02-12,66.81,66.8786,VNM,80_20,SVR
2026-02-13,67.3,66.7788,VNM,80_20,SVR
2026-02-23,68.36,67.2678,VNM,80_20,SVR
2026-02-24,67.97,68.3256,VNM,80_20,SVR
2026-02-25,70.01,67.9364,VNM,80_20,SVR
2026-02-26,68.36,69.9723,VNM,80_20,SVR
2026-02-27,66.04,68.3256,VNM,80_20,SVR
2026-03-02,64.49,66.0104,VNM,80_20,SVR
2026-03-03,61.39,64.4635,VNM,80_20,SVR
2026-03-04,62.84,61.3699,VNM,80_20,SVR
2026-03-05,61.2,62.8169,VNM,80_20,SVR
2026-03-06,60.42,61.1803,VNM,80_20,SVR
2026-03-09,56.26,60.4018,VNM,80_20,SVR
2026-03-10,60.13,56.2503,VNM,80_20,SVR
2026-03-11,61.0,60.1124,VNM,80_20,SVR
2026-03-12,59.65,60.9807,VNM,80_20,SVR
2026-03-13,61.1,59.6334,VNM,80_20,SVR
2026-03-16,59.84,61.0805,VNM,80_20,SVR
2026-03-17,59.55,59.823,VNM,80_20,SVR
2026-03-18,59.74,59.5336,VNM,80_20,SVR
2026-03-19,59.07,59.7232,VNM,80_20,SVR
2026-03-20,58.1,59.0546,VNM,80_20,SVR
2026-03-23,58.87,58.0866,VNM,80_20,SVR
2026-03-24,59.26,58.855,VNM,80_20,SVR
2026-03-25,60.13,59.2442,VNM,80_20,SVR
2026-03-26,59.07,60.1124,VNM,80_20,SVR
2026-03-27,59.55,59.0546,VNM,80_20,SVR
2026-03-30,58.68,59.5336,VNM,80_20,SVR
2026-03-31,58.58,58.6654,VNM,80_20,SVR
2026-04-01,59.36,58.5656,VNM,80_20,SVR
2026-04-02,58.87,59.344,VNM,80_20,SVR
2026-04-03,58.1,58.855,VNM,80_20,SVR
2026-04-06,58.97,58.0866,VNM,80_20,SVR
2026-04-07,59.07,58.9548,VNM,80_20,SVR
2026-04-08,60.62,59.0546,VNM,80_20,SVR
2026-04-09,59.84,60.6014,VNM,80_20,SVR
2026-04-10,60.81,59.823,VNM,80_20,SVR
2026-04-13,60.81,60.791,VNM,80_20,SVR
2026-04-14,60.03,60.791,VNM,80_20,SVR
2026-04-15,59.36,60.0126,VNM,80_20,SVR
2026-04-16,59.16,59.344,VNM,80_20,SVR
2026-04-17,59.36,59.1444,VNM,80_20,SVR
2026-04-20,59.55,59.344,VNM,80_20,SVR
2026-04-21,59.65,59.5336,VNM,80_20,SVR
2026-04-22,59.84,59.6334,VNM,80_20,SVR
2026-04-23,60.03,59.823,VNM,80_20,SVR
2026-04-24,59.45,60.0126,VNM,80_20,SVR
2026-04-28,59.26,59.4338,VNM,80_20,SVR
2026-04-29,58.97,59.2442,VNM,80_20,SVR
2026-05-04,58.97,58.9548,VNM,80_20,SVR
2026-05-05,59.16,58.9548,VNM,80_20,SVR
2026-05-06,59.55,59.1444,VNM,80_20,SVR
2026-05-07,59.55,59.5336,VNM,80_20,SVR
2026-05-08,58.97,59.5336,VNM,80_20,SVR
2026-05-11,58.68,58.9548,VNM,80_20,SVR
2026-05-12,58.19,58.6654,VNM,80_20,SVR
2026-05-13,57.42,58.1764,VNM,80_20,SVR
2026-05-14,58.19,57.408,VNM,80_20,SVR
2026-05-15,57.9,58.1764,VNM,80_20,SVR
2026-05-18,58.58,57.887,VNM,80_20,SVR
2026-05-19,57.9,58.5656,VNM,80_20,SVR
2026-05-20,57.23,57.887,VNM,80_20,SVR
2026-05-21,57.13,57.2184,VNM,80_20,SVR
2026-05-22,57.61,57.1186,VNM,80_20,SVR
2026-05-25,57.23,57.5976,VNM,80_20,SVR
2026-05-26,57.23,57.2184,VNM,80_20,SVR
2026-05-27,56.94,57.2184,VNM,80_20,SVR
2026-05-28,57.13,56.929,VNM,80_20,SVR
2026-05-29,57.32,57.1186,VNM,80_20,SVR
2026-06-01,57.23,57.3082,VNM,80_20,SVR
2026-06-02,56.74,57.2184,VNM,80_20,SVR
2026-06-03,56.45,56.7294,VNM,80_20,SVR
2026-06-04,56.74,56.44,VNM,80_20,SVR
2026-06-05,56.55,56.7294,VNM,80_20,SVR
2026-06-08,56.16,56.5398,VNM,80_20,SVR
2026-06-09,56.45,56.1505,VNM,80_20,SVR
2026-06-10,57.03,56.44,VNM,80_20,SVR
2026-06-11,57.32,57.0188,VNM,80_20,SVR
2026-06-12,57.13,57.3082,VNM,80_20,SVR
2026-06-15,57.81,57.1186,VNM,80_20,SVR
2026-06-16,57.23,57.7972,VNM,80_20,SVR
2026-06-17,57.13,57.2184,VNM,80_20,SVR
2026-06-18,57.32,57.1186,VNM,80_20,SVR
2026-06-19,57.13,57.3082,VNM,80_20,SVR
2026-06-22,56.74,57.1186,VNM,80_20,SVR
2026-06-23,56.55,56.7294,VNM,80_20,SVR
2026-06-24,56.45,56.5398,VNM,80_20,SVR
2026-06-25,56.45,56.44,VNM,80_20,SVR
2026-06-26,56.3,56.44,VNM,80_20,SVR
2026-06-29,56.1,56.2903,VNM,80_20,SVR
2026-06-30,54.8,56.0907,VNM,80_20,SVR
2026-07-01,55.2,54.7933,VNM,80_20,SVR
2026-07-02,55.5,55.1925,VNM,80_20,SVR
2026-07-03,54.9,55.4919,VNM,80_20,SVR
2026-07-06,55.3,54.8931,VNM,80_20,SVR
2026-07-07,55.1,55.2923,VNM,80_20,SVR
2026-07-08,55.7,55.0927,VNM,80_20,SVR
2026-07-09,55.7,55.6915,VNM,80_20,SVR
2026-07-10,56.6,55.6915,VNM,80_20,SVR
2026-07-13,55.4,56.5896,VNM,80_20,SVR
2026-07-14,56.0,55.3921,VNM,80_20,SVR
2026-07-15,56.2,55.9909,VNM,80_20,SVR
2026-07-16,56.2,56.1905,VNM,80_20,SVR
2026-07-17,59.0,56.1905,VNM,80_20,SVR
2026-07-20,58.5,58.9847,VNM,80_20,SVR
2026-07-21,58.4,58.4858,VNM,80_20,SVR
2026-07-22,59.1,58.386,VNM,80_20,SVR
2026-07-23,57.8,59.0845,VNM,80_20,SVR
2026-07-24,58.9,57.7872,VNM,80_20,SVR
2026-07-27,57.9,58.885,VNM,80_20,SVR
2026-07-28,59.6,57.887,VNM,80_20,SVR
2026-07-29,60.0,59.5835,VNM,80_20,SVR
2026-07-30,61.2,59.9827,VNM,80_20,SVR
2026-07-31,60.9,61.1803,VNM,80_20,SVR
2026-08-03,60.3,60.8809,VNM,80_20,SVR
2026-08-04,59.5,60.2821,VNM,80_20,SVR
2026-08-05,58.6,59.4837,VNM,80_20,SVR
2026-08-06,59.0,58.5856,VNM,80_20,SVR
2026-08-07,62.0,58.9847,VNM,80_20,SVR
2026-08-10,62.1,61.9786,VNM,80_20,SVR
2026-08-11,62.0,62.0784,VNM,80_20,SVR
2026-08-12,61.8,61.9786,VNM,80_20,SVR
2026-08-13,61.6,61.779,VNM,80_20,SVR
2026-08-14,61.6,61.5794,VNM,80_20,SVR
2026-08-17,62.2,61.5794,VNM,80_20,SVR
2026-08-18,62.1,62.1782,VNM,80_20,SVR
2026-08-19,63.1,62.0784,VNM,80_20,SVR
2026-08-20,64.0,63.0764,VNM,80_20,SVR
2026-08-21,63.8,63.9745,VNM,80_20,SVR
2026-08-24,63.2,63.7749,VNM,80_20,SVR
2026-08-25,62.6,63.1762,VNM,80_20,SVR
2026-08-26,62.8,62.5774,VNM,80_20,SVR
2026-08-27,62.5,62.777,VNM,80_20,SVR
2026-08-28,62.3,62.4776,VNM,80_20,SVR
2026-09-03,61.2,62.278,VNM,80_20,SVR
2026-09-04,61.9,61.1803,VNM,80_20,SVR
2026-09-07,60.7,61.8788,VNM,80_20,SVR
2026-09-08,61.0,60.6813,VNM,80_20,SVR
2026-09-09,61.3,60.9807,VNM,80_20,SVR
2026-09-10,61.6,61.28,VNM,80_20,SVR
2026-09-11,59.9,61.5794,VNM,80_20,SVR
2026-09-14,59.3,59.8829,VNM,80_20,SVR
2026-09-15,59.7,59.2841,VNM,80_20,SVR
2026-09-16,59.6,59.6833,VNM,80_20,SVR
2026-09-17,60.2,59.5835,VNM,80_20,SVR
2026-09-18,61.2,60.1823,VNM,80_20,SVR
2026-09-21,60.3,61.1803,VNM,80_20,SVR
2026-09-22,61.2,60.2821,VNM,80_20,SVR
2026-09-23,60.5,61.1803,VNM,80_20,SVR
2026-09-24,60.6,60.4817,VNM,80_20,SVR
2026-09-25,59.8,60.5815,VNM,80_20,SVR
2026-09-28,60.3,59.7831,VNM,80_20,SVR
2026-09-29,60.3,60.2821,VNM,80_20,SVR
2026-09-30,59.4,60.2821,VNM,80_20,SVR
2026-10-01,58.6,59.3839,VNM,80_20,SVR
2026-10-02,57.3,58.5856,VNM,80_20,SVR
